{"f1": 0.7253299811439347, "f1_macro": 0.6571514576059075, "precision": 0.7276166456494325, "recall": 0.7230576441102757, "accuracy": 0.5144230769230769, "threshold": 0.44999999999999996, "label_scores": {"MT": {"precision": 0.6190476190476191, "recall": 0.5909090909090909, "f1-score": 0.6046511627906977, "support": 22.0}, "LY": {"precision": 1.0, "recall": 0.5, "f1-score": 0.6666666666666666, "support": 4.0}, "SP": {"precision": 0.8, "recall": 0.6666666666666666, "f1-score": 0.7272727272727272, "support": 6.0}, "ID": {"precision": 0.7777777777777778, "recall": 0.7567567567567568, "f1-score": 0.7671232876712328, "support": 37.0}, "NA": {"precision": 0.7327586206896551, "recall": 0.8018867924528302, "f1-score": 0.7657657657657657, "support": 106.0}, "HI": {"precision": 0.6190476190476191, "recall": 0.5, "f1-score": 0.5531914893617021, "support": 26.0}, "IN": {"precision": 0.7272727272727273, "recall": 0.8, "f1-score": 0.761904761904762, "support": 100.0}, "OP": {"precision": 0.6888888888888889, "recall": 0.5740740740740741, "f1-score": 0.6262626262626262, "support": 54.0}, "IP": {"precision": 0.8181818181818182, "recall": 0.8120300751879699, "f1-score": 0.8150943396226416, "support": 133.0}, "it": {"precision": 0.5, "recall": 0.6666666666666666, "f1-score": 0.5714285714285715, "support": 3.0}, "ne": {"precision": 0.6521739130434783, "recall": 0.7894736842105263, "f1-score": 0.7142857142857143, "support": 38.0}, "sr": {"precision": 0.6666666666666666, "recall": 0.8, "f1-score": 0.7272727272727272, "support": 5.0}, "nb": {"precision": 0.8571428571428571, "recall": 0.6521739130434783, "f1-score": 0.7407407407407407, "support": 46.0}, "re": {"precision": 1.0, "recall": 0.6666666666666666, "f1-score": 0.8, "support": 6.0}, "en": {"precision": 0.5625, "recall": 0.75, "f1-score": 0.6428571428571429, "support": 12.0}, "ra": {"precision": 0.3333333333333333, "recall": 0.25, "f1-score": 0.28571428571428575, "support": 4.0}, "dtp": {"precision": 0.525, "recall": 0.5, "f1-score": 0.5121951219512195, "support": 42.0}, "fi": {"precision": 1.0, "recall": 0.6, "f1-score": 0.7499999999999999, "support": 5.0}, "lt": {"precision": 0.9, "recall": 0.8181818181818182, "f1-score": 0.8571428571428572, "support": 11.0}, "rv": {"precision": 0.8333333333333334, "recall": 0.7142857142857143, "f1-score": 0.7692307692307692, "support": 21.0}, "ob": {"precision": 0.5, "recall": 0.25, "f1-score": 0.3333333333333333, "support": 12.0}, "rs": {"precision": 0.8333333333333334, "recall": 0.8333333333333334, "f1-score": 0.8333333333333334, "support": 6.0}, "av": {"precision": 0.2, "recall": 0.1, "f1-score": 0.13333333333333333, "support": 10.0}, "ds": {"precision": 0.7378640776699029, "recall": 0.9047619047619048, "f1-score": 0.8128342245989305, "support": 84.0}, "ed": {"precision": 0.0, "recall": 0.0, "f1-score": 0.0, "support": 5.0}}}