{"f1": 0.7012382262673299, "f1_macro": 0.6258069201542245, "precision": 0.6797291752154289, "recall": 0.7241530054644809, "accuracy": 0.4495701404906689, "threshold": 0.39999999999999997, "label_scores": {"MT": {"precision": 0.0, "recall": 0.0, "f1-score": 0.0, "support": 0.0}, "LY": {"precision": 0.9090909090909091, "recall": 0.7352941176470589, "f1-score": 0.8130081300813008, "support": 68.0}, "SP": {"precision": 0.7301587301587301, "recall": 0.6216216216216216, "f1-score": 0.6715328467153284, "support": 74.0}, "ID": {"precision": 0.8664495114006515, "recall": 0.7710144927536232, "f1-score": 0.8159509202453988, "support": 345.0}, "NA": {"precision": 0.762192664248287, "recall": 0.887793427230047, "f1-score": 0.8202125352418131, "support": 2130.0}, "HI": {"precision": 0.7338709677419355, "recall": 0.44607843137254904, "f1-score": 0.5548780487804879, "support": 204.0}, "IN": {"precision": 0.546, "recall": 0.8412942989214176, "f1-score": 0.6622195269860522, "support": 1298.0}, "OP": {"precision": 0.6543654365436543, "recall": 0.684557438794727, "f1-score": 0.6691210308329498, "support": 1062.0}, "IP": {"precision": 0.7096774193548387, "recall": 0.3283582089552239, "f1-score": 0.4489795918367347, "support": 201.0}, "it": {"precision": 0.6981132075471698, "recall": 0.6607142857142857, "f1-score": 0.6788990825688073, "support": 56.0}, "ne": {"precision": 0.7281976744186046, "recall": 0.8377926421404682, "f1-score": 0.7791601866251944, "support": 1196.0}, "sr": {"precision": 0.8275862068965517, "recall": 0.9290322580645162, "f1-score": 0.8753799392097265, "support": 310.0}, "nb": {"precision": 0.7708333333333334, "recall": 0.5316091954022989, "f1-score": 0.6292517006802721, "support": 348.0}, "re": {"precision": 0.8095238095238095, "recall": 0.6538461538461539, "f1-score": 0.7234042553191489, "support": 26.0}, "en": {"precision": 0.8775510204081632, "recall": 0.7678571428571429, "f1-score": 0.819047619047619, "support": 56.0}, "ra": {"precision": 0.6515151515151515, "recall": 0.5, "f1-score": 0.5657894736842106, "support": 86.0}, "dtp": {"precision": 0.5, "recall": 0.5300353356890459, "f1-score": 0.5145797598627787, "support": 566.0}, "fi": {"precision": 0.6, "recall": 0.125, "f1-score": 0.20689655172413793, "support": 24.0}, "lt": {"precision": 0.7777777777777778, "recall": 0.3684210526315789, "f1-score": 0.5, "support": 19.0}, "rv": {"precision": 0.6580310880829016, "recall": 0.635, "f1-score": 0.6463104325699746, "support": 200.0}, "ob": {"precision": 0.6190476190476191, "recall": 0.37681159420289856, "f1-score": 0.4684684684684685, "support": 552.0}, "rs": {"precision": 0.6444444444444445, "recall": 0.7532467532467533, "f1-score": 0.6946107784431139, "support": 77.0}, "av": {"precision": 0.49019607843137253, "recall": 0.21739130434782608, "f1-score": 0.3012048192771084, "support": 115.0}, "ds": {"precision": 0.75, "recall": 0.4153846153846154, "f1-score": 0.5346534653465346, "support": 130.0}, "ed": {"precision": 0.0, "recall": 0.0, "f1-score": 0.0, "support": 7.0}}}