{"f1": 0.8123527872284741, "f1_macro": 0.7467168695602663, "precision": 0.7954894925679139, "recall": 0.8299465240641711, "accuracy": 0.6792097836312324, "threshold": 0.39999999999999997, "label_scores": {"MT": {"precision": 0.9926470588235294, "recall": 0.9712230215827338, "f1-score": 0.9818181818181818, "support": 139.0}, "LY": {"precision": 0.6666666666666666, "recall": 1.0, "f1-score": 0.8, "support": 2.0}, "SP": {"precision": 0.8333333333333334, "recall": 0.625, "f1-score": 0.7142857142857143, "support": 8.0}, "ID": {"precision": 0.883495145631068, "recall": 0.8425925925925926, "f1-score": 0.8625592417061612, "support": 108.0}, "NA": {"precision": 0.8537170263788969, "recall": 0.9012658227848102, "f1-score": 0.8768472906403941, "support": 395.0}, "HI": {"precision": 0.74, "recall": 0.6851851851851852, "f1-score": 0.7115384615384615, "support": 54.0}, "IN": {"precision": 0.6682464454976303, "recall": 0.8197674418604651, "f1-score": 0.7362924281984333, "support": 172.0}, "OP": {"precision": 0.7621951219512195, "recall": 0.8928571428571429, "f1-score": 0.8223684210526316, "support": 140.0}, "IP": {"precision": 0.7716535433070866, "recall": 0.7368421052631579, "f1-score": 0.7538461538461538, "support": 133.0}, "it": {"precision": 1.0, "recall": 0.4, "f1-score": 0.5714285714285715, "support": 5.0}, "ne": {"precision": 0.7485380116959064, "recall": 0.8648648648648649, "f1-score": 0.8025078369905956, "support": 148.0}, "sr": {"precision": 0.9722222222222222, "recall": 0.9459459459459459, "f1-score": 0.9589041095890412, "support": 37.0}, "nb": {"precision": 0.852112676056338, "recall": 0.7960526315789473, "f1-score": 0.8231292517006803, "support": 152.0}, "re": {"precision": 0.0, "recall": 0.0, "f1-score": 0.0, "support": 0.0}, "en": {"precision": 0.6538461538461539, "recall": 0.7083333333333334, "f1-score": 0.68, "support": 24.0}, "ra": {"precision": 0.4444444444444444, "recall": 0.5714285714285714, "f1-score": 0.5, "support": 7.0}, "dtp": {"precision": 0.6375, "recall": 0.68, "f1-score": 0.6580645161290323, "support": 75.0}, "fi": {"precision": 0.0, "recall": 0.0, "f1-score": 0.0, "support": 2.0}, "lt": {"precision": 0.6, "recall": 0.75, "f1-score": 0.6666666666666665, "support": 12.0}, "rv": {"precision": 0.9166666666666666, "recall": 0.873015873015873, "f1-score": 0.894308943089431, "support": 63.0}, "ob": {"precision": 0.55, "recall": 0.6470588235294118, "f1-score": 0.5945945945945946, "support": 34.0}, "rs": {"precision": 0.8048780487804879, "recall": 0.9166666666666666, "f1-score": 0.8571428571428571, "support": 36.0}, "av": {"precision": 0.2857142857142857, "recall": 0.6666666666666666, "f1-score": 0.4, "support": 3.0}, "ds": {"precision": 0.7904761904761904, "recall": 0.7345132743362832, "f1-score": 0.7614678899082569, "support": 113.0}, "ed": {"precision": 0.0, "recall": 0.0, "f1-score": 0.0, "support": 8.0}}}