{"f1": 0.6963755199049317, "f1_macro": 0.6680802580809081, "precision": 0.6643990929705216, "recall": 0.731585518102372, "accuracy": 0.4101531023368251, "threshold": 0.35, "label_scores": {"MT": {"precision": 0.8035714285714286, "recall": 0.703125, "f1-score": 0.75, "support": 64.0}, "LY": {"precision": 0.0, "recall": 0.0, "f1-score": 0.0, "support": 13.0}, "SP": {"precision": 0.0, "recall": 0.0, "f1-score": 0.0, "support": 15.0}, "ID": {"precision": 0.8859649122807017, "recall": 0.8416666666666667, "f1-score": 0.8632478632478633, "support": 120.0}, "NA": {"precision": 0.6826196473551638, "recall": 0.8338461538461538, "f1-score": 0.7506925207756233, "support": 325.0}, "HI": {"precision": 0.6896551724137931, "recall": 0.5555555555555556, "f1-score": 0.6153846153846154, "support": 72.0}, "IN": {"precision": 0.7439024390243902, "recall": 0.7625, "f1-score": 0.7530864197530863, "support": 320.0}, "OP": {"precision": 0.5023696682464455, "recall": 0.7066666666666667, "f1-score": 0.5872576177285318, "support": 150.0}, "IP": {"precision": 0.738255033557047, "recall": 0.8483290488431876, "f1-score": 0.7894736842105263, "support": 389.0}, "it": {"precision": 0.0, "recall": 0.0, "f1-score": 0.0, "support": 8.0}, "ne": {"precision": 0.6047904191616766, "recall": 0.8145161290322581, "f1-score": 0.6941580756013745, "support": 124.0}, "sr": {"precision": 0.95, "recall": 0.8260869565217391, "f1-score": 0.8837209302325583, "support": 23.0}, "nb": {"precision": 0.6408450704225352, "recall": 0.7109375, "f1-score": 0.674074074074074, "support": 128.0}, "re": {"precision": 1.0, "recall": 0.7619047619047619, "f1-score": 0.8648648648648648, "support": 21.0}, "en": {"precision": 0.6578947368421053, "recall": 0.7352941176470589, "f1-score": 0.6944444444444445, "support": 34.0}, "ra": {"precision": 0.0, "recall": 0.0, "f1-score": 0.0, "support": 10.0}, "dtp": {"precision": 0.4604651162790698, "recall": 0.6644295302013423, "f1-score": 0.5439560439560439, "support": 149.0}, "fi": {"precision": 0.0, "recall": 0.0, "f1-score": 0.0, "support": 6.0}, "lt": {"precision": 0.5, "recall": 0.02631578947368421, "f1-score": 0.05, "support": 38.0}, "rv": {"precision": 0.675, "recall": 0.7105263157894737, "f1-score": 0.6923076923076923, "support": 76.0}, "ob": {"precision": 0.40625, "recall": 0.48148148148148145, "f1-score": 0.4406779661016949, "support": 27.0}, "rs": {"precision": 0.0, "recall": 0.0, "f1-score": 0.0, "support": 7.0}, "av": {"precision": 0.0, "recall": 0.0, "f1-score": 0.0, "support": 28.0}, "ds": {"precision": 0.6253869969040248, "recall": 0.8211382113821138, "f1-score": 0.710017574692443, "support": 246.0}, "ed": {"precision": 0.0, "recall": 0.0, "f1-score": 0.0, "support": 10.0}}}