{"f1": 0.7136312186708349, "precision": 0.7031332979288369, "recall": 0.7244473626614139, "accuracy": 0.47883791409760684, "pr_auc": 0.7848816689379605, "threshold": 0.39999999999999997, "label_scores": {"MT": {"precision": 0.0, "recall": 0.0, "f1-score": 0.0, "support": 0.0}, "LY": {"precision": 0.970873786407767, "recall": 0.7407407407407407, "f1-score": 0.8403361344537814, "support": 135.0}, "SP": {"precision": 0.7424242424242424, "recall": 0.6712328767123288, "f1-score": 0.7050359712230216, "support": 146.0}, "ID": {"precision": 0.8399390243902439, "recall": 0.8032069970845481, "f1-score": 0.8211624441132639, "support": 686.0}, "NA": {"precision": 0.7686401293190543, "recall": 0.8921200750469043, "f1-score": 0.8257896450667536, "support": 4264.0}, "HI": {"precision": 0.6239316239316239, "recall": 0.5328467153284672, "f1-score": 0.5748031496062991, "support": 411.0}, "IN": {"precision": 0.6874051593323217, "recall": 0.6979969183359014, "f1-score": 0.6926605504587157, "support": 2596.0}, "OP": {"precision": 0.6084267491302667, "recall": 0.7393142320338187, "f1-score": 0.6675148430873622, "support": 2129.0}, "IP": {"precision": 0.49191685912240185, "recall": 0.5298507462686567, "f1-score": 0.5101796407185629, "support": 402.0}, "it": {"precision": 0.7346938775510204, "recall": 0.6923076923076923, "f1-score": 0.7128712871287128, "support": 104.0}, "ne": {"precision": 0.7845213849287169, "recall": 0.8164476473081814, "f1-score": 0.8001661819692564, "support": 2359.0}, "sr": {"precision": 0.866965620328849, "recall": 0.9133858267716536, "f1-score": 0.8895705521472392, "support": 635.0}, "nb": {"precision": 0.6435897435897436, "recall": 0.6952908587257618, "f1-score": 0.6684420772303595, "support": 722.0}, "re": {"precision": 0.8787878787878788, "recall": 0.7837837837837838, "f1-score": 0.8285714285714285, "support": 37.0}, "en": {"precision": 0.6311475409836066, "recall": 0.7129629629629629, "f1-score": 0.6695652173913044, "support": 108.0}, "ra": {"precision": 0.8913043478260869, "recall": 0.43386243386243384, "f1-score": 0.5836298932384341, "support": 189.0}, "dtp": {"precision": 0.5676429567642957, "recall": 0.37339449541284403, "f1-score": 0.45047039291643615, "support": 1090.0}, "fi": {"precision": 0.0, "recall": 0.0, "f1-score": 0.0, "support": 69.0}, "lt": {"precision": 0.6857142857142857, "recall": 0.6, "f1-score": 0.64, "support": 40.0}, "rv": {"precision": 0.6746987951807228, "recall": 0.681265206812652, "f1-score": 0.6779661016949151, "support": 411.0}, "ob": {"precision": 0.5659163987138264, "recall": 0.5023786869647955, "f1-score": 0.532258064516129, "support": 1051.0}, "rs": {"precision": 0.7315436241610739, "recall": 0.6942675159235668, "f1-score": 0.7124183006535948, "support": 157.0}, "av": {"precision": 0.4232558139534884, "recall": 0.3855932203389831, "f1-score": 0.4035476718403548, "support": 236.0}, "ds": {"precision": 0.6377952755905512, "recall": 0.5785714285714286, "f1-score": 0.6067415730337079, "support": 280.0}, "ed": {"precision": 0.0, "recall": 0.0, "f1-score": 0.0, "support": 19.0}}}