{"f1": 0.6810897435897437, "precision": 0.7013201320132013, "recall": 0.661993769470405, "accuracy": 0.5, "pr_auc": 0.7540973852055827, "threshold": 0.44999999999999996, "label_scores": {"MT": {"precision": 0.0, "recall": 0.0, "f1-score": 0.0, "support": 0.0}, "LY": {"precision": 0.0, "recall": 0.0, "f1-score": 0.0, "support": 4.0}, "SP": {"precision": 0.0, "recall": 0.0, "f1-score": 0.0, "support": 0.0}, "ID": {"precision": 0.42857142857142855, "recall": 0.17647058823529413, "f1-score": 0.25, "support": 17.0}, "NA": {"precision": 0.8095238095238095, "recall": 0.9026548672566371, "f1-score": 0.8535564853556487, "support": 113.0}, "HI": {"precision": 0.8333333333333334, "recall": 0.3125, "f1-score": 0.45454545454545453, "support": 32.0}, "IN": {"precision": 0.5254237288135594, "recall": 0.5636363636363636, "f1-score": 0.543859649122807, "support": 55.0}, "OP": {"precision": 0.5294117647058824, "recall": 0.6, "f1-score": 0.5625, "support": 30.0}, "IP": {"precision": 0.8130841121495327, "recall": 0.7699115044247787, "f1-score": 0.7909090909090909, "support": 113.0}, "it": {"precision": 0.0, "recall": 0.0, "f1-score": 0.0, "support": 0.0}, "ne": {"precision": 0.7142857142857143, "recall": 0.8666666666666667, "f1-score": 0.7831325301204819, "support": 75.0}, "sr": {"precision": 0.75, "recall": 0.5, "f1-score": 0.6, "support": 6.0}, "nb": {"precision": 0.3888888888888889, "recall": 0.3684210526315789, "f1-score": 0.37837837837837834, "support": 19.0}, "re": {"precision": 1.0, "recall": 0.8333333333333334, "f1-score": 0.9090909090909091, "support": 6.0}, "en": {"precision": 0.0, "recall": 0.0, "f1-score": 0.0, "support": 3.0}, "ra": {"precision": 0.0, "recall": 0.0, "f1-score": 0.0, "support": 2.0}, "dtp": {"precision": 0.26666666666666666, "recall": 0.21052631578947367, "f1-score": 0.23529411764705882, "support": 19.0}, "fi": {"precision": 0.0, "recall": 0.0, "f1-score": 0.0, "support": 1.0}, "lt": {"precision": 0.45454545454545453, "recall": 0.625, "f1-score": 0.5263157894736842, "support": 8.0}, "rv": {"precision": 1.0, "recall": 0.2222222222222222, "f1-score": 0.3636363636363636, "support": 9.0}, "ob": {"precision": 0.3333333333333333, "recall": 0.4, "f1-score": 0.3636363636363636, "support": 5.0}, "rs": {"precision": 0.8571428571428571, "recall": 0.6666666666666666, "f1-score": 0.75, "support": 9.0}, "av": {"precision": 0.1, "recall": 0.16666666666666666, "f1-score": 0.125, "support": 6.0}, "ds": {"precision": 0.8809523809523809, "recall": 0.6981132075471698, "f1-score": 0.7789473684210525, "support": 106.0}, "ed": {"precision": 0.0, "recall": 0.0, "f1-score": 0.0, "support": 4.0}}}