{"f1": 0.7795585122467494, "precision": 0.8011187072715973, "recall": 0.7591283863368669, "accuracy": 0.6353711790393013, "pr_auc": 0.8249114238416531, "threshold": 0.44999999999999996, "label_scores": {"MT": {"precision": 0.9367088607594937, "recall": 0.6727272727272727, "f1-score": 0.7830687830687831, "support": 110.0}, "LY": {"precision": 0.75, "recall": 0.42857142857142855, "f1-score": 0.5454545454545454, "support": 7.0}, "SP": {"precision": 1.0, "recall": 0.38461538461538464, "f1-score": 0.5555555555555556, "support": 13.0}, "ID": {"precision": 0.6, "recall": 0.2608695652173913, "f1-score": 0.36363636363636365, "support": 23.0}, "NA": {"precision": 0.875, "recall": 0.9170305676855895, "f1-score": 0.8955223880597014, "support": 229.0}, "HI": {"precision": 0.8387096774193549, "recall": 0.7878787878787878, "f1-score": 0.8125, "support": 33.0}, "IN": {"precision": 0.7692307692307693, "recall": 0.6486486486486487, "f1-score": 0.7038123167155426, "support": 185.0}, "OP": {"precision": 0.7142857142857143, "recall": 0.4891304347826087, "f1-score": 0.5806451612903226, "support": 92.0}, "IP": {"precision": 0.7407407407407407, "recall": 0.9154929577464789, "f1-score": 0.8188976377952756, "support": 284.0}, "it": {"precision": 1.0, "recall": 0.5714285714285714, "f1-score": 0.7272727272727273, "support": 7.0}, "ne": {"precision": 0.8708133971291866, "recall": 0.9528795811518325, "f1-score": 0.91, "support": 191.0}, "sr": {"precision": 0.7692307692307693, "recall": 0.7142857142857143, "f1-score": 0.7407407407407408, "support": 14.0}, "nb": {"precision": 0.6842105263157895, "recall": 0.5652173913043478, "f1-score": 0.6190476190476191, "support": 23.0}, "re": {"precision": 1.0, "recall": 0.9523809523809523, "f1-score": 0.975609756097561, "support": 21.0}, "en": {"precision": 0.4, "recall": 0.5, "f1-score": 0.4444444444444445, "support": 4.0}, "ra": {"precision": 0.0, "recall": 0.0, "f1-score": 0.0, "support": 0.0}, "dtp": {"precision": 0.7037037037037037, "recall": 0.41304347826086957, "f1-score": 0.5205479452054794, "support": 46.0}, "fi": {"precision": 0.0, "recall": 0.0, "f1-score": 0.0, "support": 3.0}, "lt": {"precision": 0.8095238095238095, "recall": 0.6415094339622641, "f1-score": 0.7157894736842104, "support": 53.0}, "rv": {"precision": 0.6428571428571429, "recall": 0.2903225806451613, "f1-score": 0.4, "support": 31.0}, "ob": {"precision": 1.0, "recall": 0.045454545454545456, "f1-score": 0.08695652173913045, "support": 22.0}, "rs": {"precision": 0.9, "recall": 0.9, "f1-score": 0.9, "support": 10.0}, "av": {"precision": 0.6428571428571429, "recall": 0.45, "f1-score": 0.5294117647058824, "support": 20.0}, "ds": {"precision": 0.7765567765567766, "recall": 0.8688524590163934, "f1-score": 0.8201160541586073, "support": 244.0}, "ed": {"precision": 0.8421052631578947, "recall": 0.48484848484848486, "f1-score": 0.6153846153846154, "support": 33.0}}}