{"f1": 0.7586206896551725, "precision": 0.7799263351749539, "recall": 0.7384481255448997, "accuracy": 0.7108321710832171, "threshold": 0.49999999999999994, "label_scores": {"Forum": {"precision": 0.9055555555555556, "recall": 0.7056277056277056, "f1-score": 0.7931873479318734, "support": 231.0}, "Information/Explanation": {"precision": 0.7027027027027027, "recall": 0.6246246246246246, "f1-score": 0.6613672496025438, "support": 333.0}, "Instruction": {"precision": 0.8059701492537313, "recall": 0.4462809917355372, "f1-score": 0.5744680851063829, "support": 121.0}, "Legal": {"precision": 0.65, "recall": 0.5, "f1-score": 0.5652173913043479, "support": 26.0}, "News": {"precision": 0.713091922005571, "recall": 0.8648648648648649, "f1-score": 0.7816793893129772, "support": 296.0}, "Opinion/Argumentation": {"precision": 0.844311377245509, "recall": 0.7775735294117647, "f1-score": 0.8095693779904306, "support": 544.0}, "Other": {"precision": 0.9783393501805054, "recall": 0.9217687074829932, "f1-score": 0.9492119089316988, "support": 294.0}, "Promotion": {"precision": 0.7245283018867924, "recall": 0.8311688311688312, "f1-score": 0.7741935483870968, "support": 231.0}, "Prose/Lyrical": {"precision": 0.5507246376811594, "recall": 0.5229357798165137, "f1-score": 0.5364705882352941, "support": 218.0}}}