{"f1": 0.6390041493775933, "f1_macro": 0.6279282931680192, "precision": 0.5968992248062015, "recall": 0.6875, "accuracy": 0.5504587155963303, "threshold": 0.44999999999999996, "label_scores": {"MT": {"precision": 0.0, "recall": 0.0, "f1-score": 0.0, "support": 3.0}, "LY": {"precision": 1.0, "recall": 0.5, "f1-score": 0.6666666666666666, "support": 2.0}, "SP": {"precision": 1.0, "recall": 0.5, "f1-score": 0.6666666666666666, "support": 2.0}, "ID": {"precision": 1.0, "recall": 0.5, "f1-score": 0.6666666666666666, "support": 2.0}, "NA": {"precision": 0.6818181818181818, "recall": 0.8823529411764706, "f1-score": 0.7692307692307693, "support": 34.0}, "HI": {"precision": 0.5, "recall": 1.0, "f1-score": 0.6666666666666666, "support": 2.0}, "IN": {"precision": 0.8333333333333334, "recall": 0.5813953488372093, "f1-score": 0.684931506849315, "support": 43.0}, "OP": {"precision": 0.3125, "recall": 0.4166666666666667, "f1-score": 0.35714285714285715, "support": 12.0}, "IP": {"precision": 0.375, "recall": 1.0, "f1-score": 0.5454545454545454, "support": 12.0}}}