{"f1": 0.7367281544990041, "precision": 0.6902231237322515, "recall": 0.7899526418423252, "accuracy": 0.5728916292193542, "threshold": 0.39999999999999997, "label_scores": {"MT": {"precision": 0.0, "recall": 0.0, "f1-score": 0.0, "support": 0.0}, "LY": {"precision": 0.9553571428571429, "recall": 0.7925925925925926, "f1-score": 0.8663967611336033, "support": 135.0}, "SP": {"precision": 0.684931506849315, "recall": 0.684931506849315, "f1-score": 0.684931506849315, "support": 146.0}, "ID": {"precision": 0.8725806451612903, "recall": 0.7886297376093294, "f1-score": 0.8284839203675344, "support": 686.0}, "NA": {"precision": 0.7672712451599756, "recall": 0.8829737335834896, "f1-score": 0.821066404972195, "support": 4264.0}, "HI": {"precision": 0.6512261580381471, "recall": 0.5815085158150851, "f1-score": 0.6143958868894601, "support": 411.0}, "IN": {"precision": 0.6269612552033301, "recall": 0.7542372881355932, "f1-score": 0.684735093547823, "support": 2596.0}, "OP": {"precision": 0.6182246661429693, "recall": 0.7393142320338187, "f1-score": 0.6733689839572193, "support": 2129.0}, "IP": {"precision": 0.45790554414784396, "recall": 0.554726368159204, "f1-score": 0.5016872890888638, "support": 402.0}}}