{"f1": 0.7991239048811013, "f1_macro": 0.7514940917661822, "precision": 0.78875849289685, "recall": 0.8097653772986684, "accuracy": 0.6674400618716164, "threshold": 0.39999999999999997, "label_scores": {"Forum": {"precision": 0.85, "recall": 0.6666666666666666, "f1-score": 0.7472527472527473, "support": 51.0}, "Information/Explanation": {"precision": 0.7048192771084337, "recall": 0.8634686346863468, "f1-score": 0.7761194029850746, "support": 271.0}, "Instruction": {"precision": 0.788235294117647, "recall": 0.6261682242990654, "f1-score": 0.6979166666666667, "support": 107.0}, "Legal": {"precision": 0.8157894736842105, "recall": 0.8157894736842105, "f1-score": 0.8157894736842104, "support": 38.0}, "News": {"precision": 0.81, "recall": 0.7431192660550459, "f1-score": 0.7751196172248804, "support": 109.0}, "Opinion/Argumentation": {"precision": 0.8607594936708861, "recall": 0.8629441624365483, "f1-score": 0.861850443599493, "support": 394.0}, "Other": {"precision": 0.9074074074074074, "recall": 0.7967479674796748, "f1-score": 0.8484848484848484, "support": 123.0}, "Promotion": {"precision": 0.7956521739130434, "recall": 0.8776978417266187, "f1-score": 0.8346636259977195, "support": 417.0}, "Prose/Lyrical": {"precision": 0.4262295081967213, "recall": 0.3880597014925373, "f1-score": 0.40624999999999994, "support": 67.0}}}