{"f1": 0.606359649122807, "precision": 0.6650631389055923, "recall": 0.5571788413098236, "accuracy": 0.35834738617200673, "threshold": 0.3, "label_scores": {"Forum": {"precision": 0.6, "recall": 0.13636363636363635, "f1-score": 0.22222222222222218, "support": 44.0}, "Information/Explanation": {"precision": 0.6537396121883656, "recall": 0.44360902255639095, "f1-score": 0.528555431131019, "support": 532.0}, "Instruction": {"precision": 0.5671641791044776, "recall": 0.59375, "f1-score": 0.5801526717557253, "support": 128.0}, "Legal": {"precision": 0.2727272727272727, "recall": 0.23076923076923078, "f1-score": 0.24999999999999994, "support": 13.0}, "News": {"precision": 0.8459530026109661, "recall": 0.9473684210526315, "f1-score": 0.8937931034482758, "support": 342.0}, "Opinion/Argumentation": {"precision": 0.6735537190082644, "recall": 0.4565826330532213, "f1-score": 0.5442404006677796, "support": 357.0}, "Other": {"precision": 0.21568627450980393, "recall": 0.16541353383458646, "f1-score": 0.18723404255319148, "support": 133.0}, "Promotion": {"precision": 0.6666666666666666, "recall": 0.7828947368421053, "f1-score": 0.7201210287443268, "support": 304.0}, "Prose/Lyrical": {"precision": 0.6031746031746031, "recall": 0.2878787878787879, "f1-score": 0.38974358974358975, "support": 132.0}}}