{"f1": 0.625, "f1_macro": 0.5472530996340521, "precision": 0.6302521008403361, "recall": 0.6198347107438017, "accuracy": 0.5, "threshold": 0.3, "label_scores": {"Forum": {"precision": 1.0, "recall": 0.5, "f1-score": 0.6666666666666666, "support": 8.0}, "Information/Explanation": {"precision": 0.6956521739130435, "recall": 0.6153846153846154, "f1-score": 0.6530612244897959, "support": 26.0}, "Instruction": {"precision": 1.0, "recall": 0.3, "f1-score": 0.4615384615384615, "support": 10.0}, "Legal": {"precision": 0.4, "recall": 1.0, "f1-score": 0.5714285714285715, "support": 2.0}, "News": {"precision": 0.8823529411764706, "recall": 0.9375, "f1-score": 0.9090909090909091, "support": 32.0}, "Opinion/Argumentation": {"precision": 0.5454545454545454, "recall": 0.35294117647058826, "f1-score": 0.42857142857142855, "support": 17.0}, "Other": {"precision": 0.2222222222222222, "recall": 0.6666666666666666, "f1-score": 0.3333333333333333, "support": 3.0}, "Promotion": {"precision": 0.36363636363636365, "recall": 0.6153846153846154, "f1-score": 0.4571428571428572, "support": 13.0}, "Prose/Lyrical": {"precision": 0.5, "recall": 0.4, "f1-score": 0.4444444444444445, "support": 10.0}}}