{"f1": 0.6819672131147543, "f1_macro": 0.6584171460012177, "precision": 0.6709677419354839, "recall": 0.6933333333333334, "accuracy": 0.5639097744360902, "threshold": 0.44999999999999996, "label_scores": {"MT": {"precision": 0.8235294117647058, "recall": 0.8235294117647058, "f1-score": 0.8235294117647058, "support": 17.0}, "LY": {"precision": 0.0, "recall": 0.0, "f1-score": 0.0, "support": 0.0}, "SP": {"precision": 0.0, "recall": 0.0, "f1-score": 0.0, "support": 0.0}, "ID": {"precision": 1.0, "recall": 0.5, "f1-score": 0.6666666666666666, "support": 4.0}, "NA": {"precision": 0.6774193548387096, "recall": 0.7777777777777778, "f1-score": 0.7241379310344828, "support": 27.0}, "HI": {"precision": 0.7142857142857143, "recall": 0.5, "f1-score": 0.588235294117647, "support": 10.0}, "IN": {"precision": 0.7575757575757576, "recall": 0.5555555555555556, "f1-score": 0.6410256410256411, "support": 45.0}, "OP": {"precision": 0.5, "recall": 0.4444444444444444, "f1-score": 0.47058823529411764, "support": 9.0}, "IP": {"precision": 0.5789473684210527, "recall": 0.868421052631579, "f1-score": 0.6947368421052632, "support": 38.0}}}