{"f1": 0.6950732356857523, "f1_macro": 0.5970693154483996, "precision": 0.6744186046511628, "recall": 0.717032967032967, "accuracy": 0.6054216867469879, "threshold": 0.39999999999999997, "label_scores": {"MT": {"precision": 0.0, "recall": 0.0, "f1-score": 0.0, "support": 0.0}, "LY": {"precision": 0.0, "recall": 0.0, "f1-score": 0.0, "support": 4.0}, "SP": {"precision": 0.0, "recall": 0.0, "f1-score": 0.0, "support": 0.0}, "ID": {"precision": 0.5, "recall": 0.23529411764705882, "f1-score": 0.31999999999999995, "support": 17.0}, "NA": {"precision": 0.7573529411764706, "recall": 0.911504424778761, "f1-score": 0.8273092369477912, "support": 113.0}, "HI": {"precision": 0.8571428571428571, "recall": 0.375, "f1-score": 0.5217391304347825, "support": 32.0}, "IN": {"precision": 0.4810126582278481, "recall": 0.6909090909090909, "f1-score": 0.5671641791044777, "support": 55.0}, "OP": {"precision": 0.5454545454545454, "recall": 0.6, "f1-score": 0.5714285714285713, "support": 30.0}, "IP": {"precision": 0.7889908256880734, "recall": 0.7610619469026548, "f1-score": 0.7747747747747747, "support": 113.0}}}