{"f1": 0.6896551724137931, "f1_macro": 0.6559142609651332, "precision": 0.7058823529411765, "recall": 0.6741573033707865, "accuracy": 0.5, "threshold": 0.35, "label_scores": {"Forum": {"precision": 0.0, "recall": 0.0, "f1-score": 0.0, "support": 0.0}, "Information/Explanation": {"precision": 0.6470588235294118, "recall": 0.7333333333333333, "f1-score": 0.6875, "support": 15.0}, "Instruction": {"precision": 0.6, "recall": 0.5, "f1-score": 0.5454545454545454, "support": 6.0}, "Legal": {"precision": 1.0, "recall": 1.0, "f1-score": 1.0, "support": 1.0}, "News": {"precision": 0.8695652173913043, "recall": 1.0, "f1-score": 0.9302325581395349, "support": 20.0}, "Opinion/Argumentation": {"precision": 0.8571428571428571, "recall": 0.2857142857142857, "f1-score": 0.42857142857142855, "support": 21.0}, "Other": {"precision": 1.0, "recall": 0.3333333333333333, "f1-score": 0.5, "support": 3.0}, "Promotion": {"precision": 0.64, "recall": 0.8, "f1-score": 0.7111111111111111, "support": 20.0}, "Prose/Lyrical": {"precision": 0.3333333333333333, "recall": 0.6666666666666666, "f1-score": 0.4444444444444444, "support": 3.0}}}