{"f1": 0.7738095238095237, "f1_macro": 0.6537447106642554, "precision": 0.7975460122699386, "recall": 0.7514450867052023, "accuracy": 0.69375, "threshold": 0.44999999999999996, "label_scores": {"Forum": {"precision": 0.0, "recall": 0.0, "f1-score": 0.0, "support": 1.0}, "Information/Explanation": {"precision": 0.6923076923076923, "recall": 0.8181818181818182, "f1-score": 0.7500000000000001, "support": 33.0}, "Instruction": {"precision": 0.5, "recall": 0.1111111111111111, "f1-score": 0.1818181818181818, "support": 9.0}, "Legal": {"precision": 1.0, "recall": 1.0, "f1-score": 1.0, "support": 1.0}, "News": {"precision": 0.918918918918919, "recall": 0.9444444444444444, "f1-score": 0.9315068493150684, "support": 72.0}, "Opinion/Argumentation": {"precision": 0.8, "recall": 0.5, "f1-score": 0.6153846153846154, "support": 16.0}, "Other": {"precision": 0.4166666666666667, "recall": 0.7142857142857143, "f1-score": 0.5263157894736842, "support": 7.0}, "Promotion": {"precision": 0.6666666666666666, "recall": 0.3333333333333333, "f1-score": 0.4444444444444444, "support": 12.0}, "Prose/Lyrical": {"precision": 0.8421052631578947, "recall": 0.7272727272727273, "f1-score": 0.7804878048780488, "support": 22.0}}}