{"f1": 0.6201991465149359, "f1_macro": 0.5054665218555938, "precision": 0.6411764705882353, "recall": 0.6005509641873278, "accuracy": 0.5632530120481928, "threshold": 0.49999999999999994, "label_scores": {"Forum": {"precision": 0.4, "recall": 0.11764705882352941, "f1-score": 0.1818181818181818, "support": 17.0}, "Information/Explanation": {"precision": 0.4528301886792453, "recall": 0.5106382978723404, "f1-score": 0.48, "support": 47.0}, "Instruction": {"precision": 0.9, "recall": 0.28125, "f1-score": 0.4285714285714286, "support": 32.0}, "Legal": {"precision": 0.5, "recall": 0.625, "f1-score": 0.5555555555555556, "support": 8.0}, "News": {"precision": 0.7070707070707071, "recall": 0.875, "f1-score": 0.7821229050279329, "support": 80.0}, "Opinion/Argumentation": {"precision": 0.5483870967741935, "recall": 0.3953488372093023, "f1-score": 0.45945945945945943, "support": 43.0}, "Other": {"precision": 0.0, "recall": 0.0, "f1-score": 0.0, "support": 0.0}, "Promotion": {"precision": 0.8181818181818182, "recall": 0.7431192660550459, "f1-score": 0.778846153846154, "support": 109.0}, "Prose/Lyrical": {"precision": 0.38461538461538464, "recall": 0.37037037037037035, "f1-score": 0.3773584905660377, "support": 27.0}}}