{"f1": 0.6229244777718266, "precision": 0.6881656804733728, "recall": 0.5689823874755382, "accuracy": 0.3617200674536256, "threshold": 0.3, "label_scores": {"MT": {"precision": 0.2079207920792079, "recall": 0.7241379310344828, "f1-score": 0.3230769230769231, "support": 29.0}, "LY": {"precision": 1.0, "recall": 0.6666666666666666, "f1-score": 0.8, "support": 12.0}, "SP": {"precision": 1.0, "recall": 0.009615384615384616, "f1-score": 0.01904761904761905, "support": 104.0}, "ID": {"precision": 0.6, "recall": 0.13636363636363635, "f1-score": 0.22222222222222218, "support": 44.0}, "NA": {"precision": 0.8649193548387096, "recall": 0.7409326424870466, "f1-score": 0.7981395348837209, "support": 579.0}, "HI": {"precision": 0.5639097744360902, "recall": 0.5905511811023622, "f1-score": 0.5769230769230769, "support": 127.0}, "IN": {"precision": 0.6702702702702703, "recall": 0.4575645756457565, "f1-score": 0.543859649122807, "support": 542.0}, "OP": {"precision": 0.642512077294686, "recall": 0.4539249146757679, "f1-score": 0.5319999999999999, "support": 293.0}, "IP": {"precision": 0.6648351648351648, "recall": 0.7707006369426752, "f1-score": 0.7138643067846608, "support": 314.0}}}