{"f1": 0.6923076923076923, "precision": 0.7105263157894737, "recall": 0.675, "accuracy": 0.4264705882352941, "threshold": 0.35, "label_scores": {"MT": {"precision": 1.0, "recall": 0.5, "f1-score": 0.6666666666666666, "support": 2.0}, "LY": {"precision": 1.0, "recall": 0.6666666666666666, "f1-score": 0.8, "support": 3.0}, "SP": {"precision": 0.0, "recall": 0.0, "f1-score": 0.0, "support": 1.0}, "ID": {"precision": 0.0, "recall": 0.0, "f1-score": 0.0, "support": 0.0}, "NA": {"precision": 0.7692307692307693, "recall": 1.0, "f1-score": 0.8695652173913044, "support": 20.0}, "HI": {"precision": 0.6, "recall": 0.5, "f1-score": 0.5454545454545454, "support": 6.0}, "IN": {"precision": 0.6666666666666666, "recall": 0.75, "f1-score": 0.7058823529411765, "support": 16.0}, "OP": {"precision": 0.75, "recall": 0.3157894736842105, "f1-score": 0.44444444444444436, "support": 19.0}, "IP": {"precision": 0.6538461538461539, "recall": 0.7391304347826086, "f1-score": 0.693877551020408, "support": 23.0}, "it": {"precision": 0.0, "recall": 0.0, "f1-score": 0.0, "support": 0.0}, "ne": {"precision": 0.9444444444444444, "recall": 1.0, "f1-score": 0.9714285714285714, "support": 17.0}, "sr": {"precision": 0.6666666666666666, "recall": 0.8, "f1-score": 0.7272727272727272, "support": 5.0}, "nb": {"precision": 0.0, "recall": 0.0, "f1-score": 0.0, "support": 0.0}, "re": {"precision": 0.0, "recall": 0.0, "f1-score": 0.0, "support": 0.0}, "en": {"precision": 0.0, "recall": 0.0, "f1-score": 0.0, "support": 1.0}, "ra": {"precision": 0.0, "recall": 0.0, "f1-score": 0.0, "support": 0.0}, "dtp": {"precision": 0.5, "recall": 0.38461538461538464, "f1-score": 0.4347826086956522, "support": 13.0}, "fi": {"precision": 0.0, "recall": 0.0, "f1-score": 0.0, "support": 0.0}, "lt": {"precision": 1.0, "recall": 1.0, "f1-score": 1.0, "support": 1.0}, "rv": {"precision": 0.0, "recall": 0.0, "f1-score": 0.0, "support": 1.0}, "ob": {"precision": 0.5, "recall": 1.0, "f1-score": 0.6666666666666666, "support": 1.0}, "rs": {"precision": 0.0, "recall": 0.0, "f1-score": 0.0, "support": 0.0}, "av": {"precision": 1.0, "recall": 0.5, "f1-score": 0.6666666666666666, "support": 8.0}, "ds": {"precision": 0.75, "recall": 0.75, "f1-score": 0.75, "support": 20.0}, "ed": {"precision": 0.0, "recall": 0.0, "f1-score": 0.0, "support": 3.0}}}