{"f1": 0.698224852071006, "f1_macro": 0.679740241837016, "precision": 0.7468354430379747, "recall": 0.6555555555555556, "accuracy": 0.5294117647058824, "threshold": 0.39999999999999997, "label_scores": {"MT": {"precision": 1.0, "recall": 0.5, "f1-score": 0.6666666666666666, "support": 2.0}, "LY": {"precision": 1.0, "recall": 0.6666666666666666, "f1-score": 0.8, "support": 3.0}, "SP": {"precision": 0.0, "recall": 0.0, "f1-score": 0.0, "support": 1.0}, "ID": {"precision": 0.0, "recall": 0.0, "f1-score": 0.0, "support": 0.0}, "NA": {"precision": 0.8, "recall": 1.0, "f1-score": 0.888888888888889, "support": 20.0}, "HI": {"precision": 0.75, "recall": 0.5, "f1-score": 0.6, "support": 6.0}, "IN": {"precision": 0.7333333333333333, "recall": 0.6875, "f1-score": 0.7096774193548386, "support": 16.0}, "OP": {"precision": 0.7142857142857143, "recall": 0.2631578947368421, "f1-score": 0.3846153846153846, "support": 19.0}, "IP": {"precision": 0.68, "recall": 0.7391304347826086, "f1-score": 0.7083333333333334, "support": 23.0}}}