{"f1": 0.7009750338857068, "precision": 0.6567800081933634, "recall": 0.7515469716857304, "accuracy": 0.5648448113700492, "threshold": 0.39999999999999997, "label_scores": {"Forum": {"precision": 0.8725806451612903, "recall": 0.7886297376093294, "f1-score": 0.8284839203675344, "support": 686.0}, "Information/Explanation": {"precision": 0.5992873339812115, "recall": 0.7423756019261637, "f1-score": 0.6632012905538627, "support": 2492.0}, "Instruction": {"precision": 0.6648501362397821, "recall": 0.5224839400428265, "f1-score": 0.5851318944844125, "support": 467.0}, "Legal": {"precision": 0.6666666666666666, "recall": 0.6, "f1-score": 0.631578947368421, "support": 40.0}, "News": {"precision": 0.8216039279869067, "recall": 0.848833276969902, "f1-score": 0.8349966733200267, "support": 2957.0}, "Opinion/Argumentation": {"precision": 0.6825236167341431, "recall": 0.773022544898739, "f1-score": 0.7249596846443289, "support": 2617.0}, "Other": {"precision": 0.6134969325153374, "recall": 0.684931506849315, "f1-score": 0.6472491909385112, "support": 146.0}, "Promotion": {"precision": 0.45790554414784396, "recall": 0.5822454308093995, "f1-score": 0.5126436781609195, "support": 383.0}, "Prose/Lyrical": {"precision": 0.35133239831697055, "recall": 0.570615034168565, "f1-score": 0.43489583333333337, "support": 878.0}}}