{"f1": 0.8125, "precision": 0.7986618004866181, "recall": 0.8268261964735516, "accuracy": 0.6728538283062645, "threshold": 0.39999999999999997, "label_scores": {"MT": {"precision": 0.912621359223301, "recall": 0.8103448275862069, "f1-score": 0.8584474885844748, "support": 116.0}, "LY": {"precision": 1.0, "recall": 0.6666666666666666, "f1-score": 0.8, "support": 15.0}, "SP": {"precision": 0.8, "recall": 0.5714285714285714, "f1-score": 0.6666666666666666, "support": 7.0}, "ID": {"precision": 0.85, "recall": 0.6666666666666666, "f1-score": 0.7472527472527473, "support": 51.0}, "NA": {"precision": 0.8417085427135679, "recall": 0.8524173027989822, "f1-score": 0.8470290771175727, "support": 393.0}, "HI": {"precision": 0.7205882352941176, "recall": 0.6282051282051282, "f1-score": 0.6712328767123287, "support": 78.0}, "IN": {"precision": 0.7616580310880829, "recall": 0.8698224852071006, "f1-score": 0.8121546961325967, "support": 338.0}, "OP": {"precision": 0.7068965517241379, "recall": 0.75, "f1-score": 0.7278106508875739, "support": 164.0}, "IP": {"precision": 0.8043478260869565, "recall": 0.8685446009389671, "f1-score": 0.8352144469525961, "support": 426.0}}}