{"f1": 0.5073942928556551, "precision": 0.44178454842219805, "recall": 0.5958904109589042, "accuracy": 0.06913996627318718, "threshold": 0.3, "label_scores": {"MT": {"precision": 0.01282051282051282, "recall": 0.034482758620689655, "f1-score": 0.01869158878504673, "support": 29.0}, "LY": {"precision": 0.0, "recall": 0.0, "f1-score": 0.0, "support": 12.0}, "SP": {"precision": 0.0, "recall": 0.0, "f1-score": 0.0, "support": 104.0}, "ID": {"precision": 0.14814814814814814, "recall": 0.09090909090909091, "f1-score": 0.11267605633802817, "support": 44.0}, "NA": {"precision": 0.5417607223476298, "recall": 0.8290155440414507, "f1-score": 0.6552901023890786, "support": 579.0}, "HI": {"precision": 0.0, "recall": 0.0, "f1-score": 0.0, "support": 127.0}, "IN": {"precision": 0.4724770642201835, "recall": 0.7601476014760148, "f1-score": 0.5827439886845828, "support": 542.0}, "OP": {"precision": 0.4008810572687225, "recall": 0.310580204778157, "f1-score": 0.35000000000000003, "support": 293.0}, "IP": {"precision": 0.34534534534534533, "recall": 0.732484076433121, "f1-score": 0.46938775510204084, "support": 314.0}}}