{"f1": 0.48153803986060534, "precision": 0.41631685849695327, "recall": 0.5709908069458631, "accuracy": 0.2363883373393249, "threshold": 0.35, "label_scores": {"MT": {"precision": 0.0, "recall": 0.0, "f1-score": 0.0, "support": 0.0}, "LY": {"precision": 1.0, "recall": 0.014814814814814815, "f1-score": 0.029197080291970802, "support": 135.0}, "SP": {"precision": 0.0, "recall": 0.0, "f1-score": 0.0, "support": 146.0}, "ID": {"precision": 0.22948328267477203, "recall": 0.22011661807580174, "f1-score": 0.22470238095238096, "support": 686.0}, "NA": {"precision": 0.4892547442503456, "recall": 0.9129924953095685, "f1-score": 0.637100073643728, "support": 4264.0}, "HI": {"precision": 0.0, "recall": 0.0, "f1-score": 0.0, "support": 411.0}, "IN": {"precision": 0.40744535519125685, "recall": 0.45955315870570107, "f1-score": 0.4319333816075308, "support": 2596.0}, "OP": {"precision": 0.34813278008298754, "recall": 0.39408172851103807, "f1-score": 0.3696849526327385, "support": 2129.0}, "IP": {"precision": 0.08798017348203221, "recall": 0.17661691542288557, "f1-score": 0.11745244003308519, "support": 402.0}}}