{"f1": 0.41371681415929196, "precision": 0.34629629629629627, "recall": 0.5137362637362637, "accuracy": 0.1355421686746988, "threshold": 0.35, "label_scores": {"MT": {"precision": 0.0, "recall": 0.0, "f1-score": 0.0, "support": 0.0}, "LY": {"precision": 0.0, "recall": 0.0, "f1-score": 0.0, "support": 4.0}, "SP": {"precision": 0.0, "recall": 0.0, "f1-score": 0.0, "support": 0.0}, "ID": {"precision": 0.0, "recall": 0.0, "f1-score": 0.0, "support": 17.0}, "NA": {"precision": 0.4029126213592233, "recall": 0.7345132743362832, "f1-score": 0.5203761755485893, "support": 113.0}, "HI": {"precision": 0.0, "recall": 0.0, "f1-score": 0.0, "support": 32.0}, "IN": {"precision": 0.17880794701986755, "recall": 0.4909090909090909, "f1-score": 0.2621359223300971, "support": 55.0}, "OP": {"precision": 0.2, "recall": 0.1, "f1-score": 0.13333333333333333, "support": 30.0}, "IP": {"precision": 0.4625, "recall": 0.6548672566371682, "f1-score": 0.5421245421245422, "support": 113.0}}}