{"f1": 0.4769874476987448, "precision": 0.3667456823569252, "recall": 0.6819899244332494, "accuracy": 0.09358081979891725, "threshold": 0.3, "label_scores": {"MT": {"precision": 0.6304347826086957, "recall": 0.25, "f1-score": 0.35802469135802467, "support": 116.0}, "LY": {"precision": 0.0, "recall": 0.0, "f1-score": 0.0, "support": 15.0}, "SP": {"precision": 0.0, "recall": 0.0, "f1-score": 0.0, "support": 7.0}, "ID": {"precision": 0.1282051282051282, "recall": 0.09803921568627451, "f1-score": 0.11111111111111112, "support": 51.0}, "NA": {"precision": 0.3605236656596173, "recall": 0.910941475826972, "f1-score": 0.5165945165945166, "support": 393.0}, "HI": {"precision": 0.0, "recall": 0.0, "f1-score": 0.0, "support": 78.0}, "IN": {"precision": 0.3653366583541147, "recall": 0.8668639053254438, "f1-score": 0.5140350877192982, "support": 338.0}, "OP": {"precision": 0.2457627118644068, "recall": 0.17682926829268292, "f1-score": 0.20567375886524822, "support": 164.0}, "IP": {"precision": 0.38924050632911394, "recall": 0.8661971830985915, "f1-score": 0.537117903930131, "support": 426.0}}}