{"f1": 0.7404505386875612, "f1_macro": 0.7217291162357267, "precision": 0.7039106145251397, "recall": 0.78099173553719, "accuracy": 0.5898468976631749, "threshold": 0.35, "label_scores": {"Forum": {"precision": 0.9439252336448598, "recall": 0.8416666666666667, "f1-score": 0.8898678414096917, "support": 120.0}, "Information/Explanation": {"precision": 0.696078431372549, "recall": 0.7661870503597122, "f1-score": 0.7294520547945207, "support": 278.0}, "Instruction": {"precision": 0.746031746031746, "recall": 0.6025641025641025, "f1-score": 0.6666666666666666, "support": 78.0}, "Legal": {"precision": 0.8620689655172413, "recall": 0.6578947368421053, "f1-score": 0.746268656716418, "support": 38.0}, "News": {"precision": 0.8214285714285714, "recall": 0.782312925170068, "f1-score": 0.8013937282229965, "support": 147.0}, "Opinion/Argumentation": {"precision": 0.65814696485623, "recall": 0.7862595419847328, "f1-score": 0.7165217391304347, "support": 262.0}, "Other": {"precision": 0.8253968253968254, "recall": 0.6582278481012658, "f1-score": 0.732394366197183, "support": 79.0}, "Promotion": {"precision": 0.682092555331992, "recall": 0.8944591029023746, "f1-score": 0.773972602739726, "support": 379.0}, "Prose/Lyrical": {"precision": 0.3870967741935484, "recall": 0.5070422535211268, "f1-score": 0.4390243902439024, "support": 71.0}}}