{"f1": 0.726846057571965, "f1_macro": 0.6966828627757775, "precision": 0.6959257040143799, "recall": 0.760641781270465, "accuracy": 0.5069806209627006, "threshold": 0.39999999999999997, "label_scores": {"MT": {"precision": 0.0, "recall": 0.0, "f1-score": 0.0, "support": 0.0}, "LY": {"precision": 0.8857142857142857, "recall": 0.9117647058823529, "f1-score": 0.8985507246376812, "support": 68.0}, "SP": {"precision": 0.5612244897959183, "recall": 0.7432432432432432, "f1-score": 0.6395348837209301, "support": 74.0}, "ID": {"precision": 0.8626865671641791, "recall": 0.8376811594202899, "f1-score": 0.85, "support": 345.0}, "NA": {"precision": 0.791025641025641, "recall": 0.8690140845070422, "f1-score": 0.8281879194630873, "support": 2130.0}, "HI": {"precision": 0.6072874493927125, "recall": 0.7317073170731707, "f1-score": 0.663716814159292, "support": 205.0}, "IN": {"precision": 0.6564625850340136, "recall": 0.7434514637904468, "f1-score": 0.6972543352601156, "support": 1298.0}, "OP": {"precision": 0.6147058823529412, "recall": 0.7871939736346516, "f1-score": 0.6903385631709331, "support": 1062.0}, "IP": {"precision": 0.6788321167883211, "recall": 0.4626865671641791, "f1-score": 0.5502958579881656, "support": 201.0}, "it": {"precision": 0.5526315789473685, "recall": 0.8076923076923077, "f1-score": 0.6562500000000001, "support": 52.0}, "ne": {"precision": 0.791701244813278, "recall": 0.8043844856661045, "f1-score": 0.7979924717691342, "support": 1186.0}, "sr": {"precision": 0.867816091954023, "recall": 0.94375, "f1-score": 0.904191616766467, "support": 320.0}, "nb": {"precision": 0.6934097421203438, "recall": 0.659400544959128, "f1-score": 0.6759776536312849, "support": 367.0}, "re": {"precision": 0.8, "recall": 0.8695652173913043, "f1-score": 0.8333333333333333, "support": 23.0}, "en": {"precision": 0.803030303030303, "recall": 0.7571428571428571, "f1-score": 0.7794117647058824, "support": 70.0}, "ra": {"precision": 0.6428571428571429, "recall": 0.5421686746987951, "f1-score": 0.5882352941176471, "support": 83.0}, "dtp": {"precision": 0.516994633273703, "recall": 0.5411985018726592, "f1-score": 0.5288197621225983, "support": 534.0}, "fi": {"precision": 0.7058823529411765, "recall": 0.5454545454545454, "f1-score": 0.6153846153846153, "support": 44.0}, "lt": {"precision": 0.75, "recall": 0.631578947368421, "f1-score": 0.6857142857142857, "support": 19.0}, "rv": {"precision": 0.6872246696035242, "recall": 0.6753246753246753, "f1-score": 0.6812227074235808, "support": 231.0}, "ob": {"precision": 0.4937106918238994, "recall": 0.6242544731610338, "f1-score": 0.5513608428446005, "support": 503.0}, "rs": {"precision": 0.7102803738317757, "recall": 0.8941176470588236, "f1-score": 0.7916666666666666, "support": 85.0}, "av": {"precision": 0.4818181818181818, "recall": 0.5096153846153846, "f1-score": 0.4953271028037383, "support": 104.0}, "ds": {"precision": 0.6666666666666666, "recall": 0.581081081081081, "f1-score": 0.6209386281588447, "support": 148.0}, "ed": {"precision": 0.0, "recall": 0.0, "f1-score": 0.0, "support": 10.0}}}