{"f1": 0.7784810126582279, "precision": 0.8045058139534884, "recall": 0.7540871934604905, "accuracy": 0.6623690572119258, "pr_auc": 0.8681413553383268, "threshold": 0.49999999999999994, "label_scores": {"MT": {"precision": 0.9, "recall": 0.703125, "f1-score": 0.7894736842105263, "support": 64.0}, "LY": {"precision": 0.9285714285714286, "recall": 1.0, "f1-score": 0.962962962962963, "support": 13.0}, "SP": {"precision": 0.7692307692307693, "recall": 0.6666666666666666, "f1-score": 0.7142857142857142, "support": 15.0}, "ID": {"precision": 0.9238095238095239, "recall": 0.8083333333333333, "f1-score": 0.8622222222222223, "support": 120.0}, "NA": {"precision": 0.7833827893175074, "recall": 0.8123076923076923, "f1-score": 0.797583081570997, "support": 325.0}, "HI": {"precision": 0.5483870967741935, "recall": 0.7083333333333334, "f1-score": 0.6181818181818182, "support": 72.0}, "IN": {"precision": 0.8060200668896321, "recall": 0.753125, "f1-score": 0.7786752827140551, "support": 320.0}, "OP": {"precision": 0.7642276422764228, "recall": 0.6266666666666667, "f1-score": 0.6886446886446886, "support": 150.0}, "IP": {"precision": 0.8538011695906432, "recall": 0.7506426735218509, "f1-score": 0.79890560875513, "support": 389.0}}}