{"f1": 0.8106723585912488, "precision": 0.7958927074601844, "recall": 0.8260113092648977, "accuracy": 0.7461645746164575, "pr_auc": 0.8947458639859216, "threshold": 0.44999999999999996, "label_scores": {"MT": {"precision": 0.9853479853479854, "recall": 0.9746376811594203, "f1-score": 0.9799635701275045, "support": 276.0}, "LY": {"precision": 0.4444444444444444, "recall": 0.8, "f1-score": 0.5714285714285714, "support": 5.0}, "SP": {"precision": 0.9166666666666666, "recall": 0.6111111111111112, "f1-score": 0.7333333333333334, "support": 18.0}, "ID": {"precision": 0.9184782608695652, "recall": 0.7316017316017316, "f1-score": 0.8144578313253013, "support": 231.0}, "NA": {"precision": 0.7897142857142857, "recall": 0.916445623342175, "f1-score": 0.8483732351135667, "support": 754.0}, "HI": {"precision": 0.5818181818181818, "recall": 0.8205128205128205, "f1-score": 0.6808510638297872, "support": 117.0}, "IN": {"precision": 0.7323529411764705, "recall": 0.6878453038674033, "f1-score": 0.7094017094017093, "support": 362.0}, "OP": {"precision": 0.7655172413793103, "recall": 0.7816901408450704, "f1-score": 0.7735191637630661, "support": 284.0}, "IP": {"precision": 0.7899159663865546, "recall": 0.746031746031746, "f1-score": 0.7673469387755103, "support": 252.0}}}