{"f1": 0.8358537255980203, "f1_macro": 0.8077423416910791, "precision": 0.8558558558558559, "recall": 0.8167651800107469, "accuracy": 0.735239852398524, "threshold": 0.49999999999999994, "label_scores": {"MT": {"precision": 0.9927007299270073, "recall": 0.9784172661870504, "f1-score": 0.9855072463768116, "support": 139.0}, "LY": {"precision": 1.0, "recall": 1.0, "f1-score": 1.0, "support": 2.0}, "SP": {"precision": 1.0, "recall": 0.5714285714285714, "f1-score": 0.7272727272727273, "support": 7.0}, "ID": {"precision": 0.9130434782608695, "recall": 0.7850467289719626, "f1-score": 0.8442211055276382, "support": 107.0}, "NA": {"precision": 0.8810126582278481, "recall": 0.8787878787878788, "f1-score": 0.8798988621997472, "support": 396.0}, "HI": {"precision": 0.7647058823529411, "recall": 0.7090909090909091, "f1-score": 0.7358490566037736, "support": 55.0}, "IN": {"precision": 0.7540983606557377, "recall": 0.8023255813953488, "f1-score": 0.7774647887323942, "support": 172.0}, "OP": {"precision": 0.8382352941176471, "recall": 0.8085106382978723, "f1-score": 0.8231046931407943, "support": 141.0}, "IP": {"precision": 0.8706896551724138, "recall": 0.753731343283582, "f1-score": 0.8079999999999999, "support": 134.0}, "it": {"precision": 1.0, "recall": 0.3333333333333333, "f1-score": 0.5, "support": 3.0}, "ne": {"precision": 0.808, "recall": 0.808, "f1-score": 0.808, "support": 125.0}, "sr": {"precision": 0.9285714285714286, "recall": 1.0, "f1-score": 0.962962962962963, "support": 39.0}, "nb": {"precision": 0.8734177215189873, "recall": 0.8313253012048193, "f1-score": 0.8518518518518519, "support": 166.0}, "re": {"precision": 0.5, "recall": 1.0, "f1-score": 0.6666666666666666, "support": 2.0}, "en": {"precision": 0.7391304347826086, "recall": 0.8095238095238095, "f1-score": 0.7727272727272727, "support": 21.0}, "ra": {"precision": 0.7, "recall": 0.875, "f1-score": 0.7777777777777777, "support": 8.0}, "dtp": {"precision": 0.7333333333333333, "recall": 0.6285714285714286, "f1-score": 0.6769230769230768, "support": 70.0}, "fi": {"precision": 1.0, "recall": 1.0, "f1-score": 1.0, "support": 3.0}, "lt": {"precision": 0.875, "recall": 0.875, "f1-score": 0.875, "support": 8.0}, "rv": {"precision": 0.8846153846153846, "recall": 0.7931034482758621, "f1-score": 0.8363636363636363, "support": 58.0}, "ob": {"precision": 0.5769230769230769, "recall": 0.4838709677419355, "f1-score": 0.5263157894736842, "support": 31.0}, "rs": {"precision": 0.9148936170212766, "recall": 0.9148936170212766, "f1-score": 0.9148936170212766, "support": 47.0}, "av": {"precision": 0.0, "recall": 0.0, "f1-score": 0.0, "support": 1.0}, "ds": {"precision": 0.91, "recall": 0.7583333333333333, "f1-score": 0.8272727272727273, "support": 120.0}, "ed": {"precision": 0.0, "recall": 0.0, "f1-score": 0.0, "support": 6.0}}}