{"f1": 0.8283378746594005, "f1_macro": 0.6117541028436467, "precision": 0.8085106382978723, "recall": 0.8491620111731844, "accuracy": 0.71875, "threshold": 0.3, "label_scores": {"Forum": {"precision": 0.16666666666666666, "recall": 1.0, "f1-score": 0.2857142857142857, "support": 1.0}, "Information/Explanation": {"precision": 0.6666666666666666, "recall": 0.7777777777777778, "f1-score": 0.717948717948718, "support": 18.0}, "Instruction": {"precision": 1.0, "recall": 0.14285714285714285, "f1-score": 0.25, "support": 7.0}, "Legal": {"precision": 1.0, "recall": 1.0, "f1-score": 1.0, "support": 1.0}, "News": {"precision": 0.946236559139785, "recall": 1.0, "f1-score": 0.9723756906077349, "support": 88.0}, "Opinion/Argumentation": {"precision": 0.8695652173913043, "recall": 0.7692307692307693, "f1-score": 0.8163265306122449, "support": 26.0}, "Other": {"precision": 0.125, "recall": 1.0, "f1-score": 0.2222222222222222, "support": 1.0}, "Promotion": {"precision": 0.5, "recall": 0.42857142857142855, "f1-score": 0.4615384615384615, "support": 7.0}, "Prose/Lyrical": {"precision": 0.7931034482758621, "recall": 0.7666666666666667, "f1-score": 0.7796610169491527, "support": 30.0}}}