{"f1": 0.7542030219195575, "f1_macro": 0.7055721283124085, "precision": 0.7717770034843205, "recall": 0.737411568872243, "accuracy": 0.5535858178887993, "threshold": 0.44999999999999996, "label_scores": {"MT": {"precision": 0.8545454545454545, "recall": 0.734375, "f1-score": 0.7899159663865547, "support": 64.0}, "LY": {"precision": 0.9, "recall": 0.6923076923076923, "f1-score": 0.7826086956521738, "support": 13.0}, "SP": {"precision": 1.0, "recall": 0.26666666666666666, "f1-score": 0.4210526315789474, "support": 15.0}, "ID": {"precision": 0.9196428571428571, "recall": 0.8583333333333333, "f1-score": 0.8879310344827586, "support": 120.0}, "NA": {"precision": 0.8064516129032258, "recall": 0.7692307692307693, "f1-score": 0.7874015748031495, "support": 325.0}, "HI": {"precision": 0.8695652173913043, "recall": 0.5555555555555556, "f1-score": 0.6779661016949152, "support": 72.0}, "IN": {"precision": 0.7850467289719626, "recall": 0.7875, "f1-score": 0.7862714508580343, "support": 320.0}, "OP": {"precision": 0.7230769230769231, "recall": 0.6266666666666667, "f1-score": 0.6714285714285715, "support": 150.0}, "IP": {"precision": 0.8020304568527918, "recall": 0.8123393316195373, "f1-score": 0.8071519795657727, "support": 389.0}, "it": {"precision": 1.0, "recall": 0.375, "f1-score": 0.5454545454545454, "support": 8.0}, "ne": {"precision": 0.7575757575757576, "recall": 0.8064516129032258, "f1-score": 0.7812499999999999, "support": 124.0}, "sr": {"precision": 0.9545454545454546, "recall": 0.9130434782608695, "f1-score": 0.9333333333333332, "support": 23.0}, "nb": {"precision": 0.7767857142857143, "recall": 0.6796875, "f1-score": 0.7249999999999999, "support": 128.0}, "re": {"precision": 0.9375, "recall": 0.7142857142857143, "f1-score": 0.8108108108108109, "support": 21.0}, "en": {"precision": 0.7837837837837838, "recall": 0.8529411764705882, "f1-score": 0.8169014084507041, "support": 34.0}, "ra": {"precision": 0.6666666666666666, "recall": 0.4, "f1-score": 0.5, "support": 10.0}, "dtp": {"precision": 0.5821917808219178, "recall": 0.5704697986577181, "f1-score": 0.5762711864406779, "support": 149.0}, "fi": {"precision": 1.0, "recall": 0.8333333333333334, "f1-score": 0.9090909090909091, "support": 6.0}, "lt": {"precision": 0.7222222222222222, "recall": 0.6842105263157895, "f1-score": 0.7027027027027027, "support": 38.0}, "rv": {"precision": 0.8666666666666667, "recall": 0.6842105263157895, "f1-score": 0.7647058823529413, "support": 76.0}, "ob": {"precision": 0.5833333333333334, "recall": 0.5185185185185185, "f1-score": 0.5490196078431373, "support": 27.0}, "rs": {"precision": 0.46153846153846156, "recall": 0.8571428571428571, "f1-score": 0.6, "support": 7.0}, "av": {"precision": 0.5833333333333334, "recall": 0.25, "f1-score": 0.35000000000000003, "support": 28.0}, "ds": {"precision": 0.7, "recall": 0.8252032520325203, "f1-score": 0.7574626865671642, "support": 246.0}, "ed": {"precision": 0.0, "recall": 0.0, "f1-score": 0.0, "support": 10.0}}}