{"f1": 0.6906906906906908, "f1_macro": 0.6609616579252008, "precision": 0.6284153005464481, "recall": 0.7666666666666667, "accuracy": 0.48872180451127817, "threshold": 0.35, "label_scores": {"MT": {"precision": 0.7, "recall": 0.8235294117647058, "f1-score": 0.7567567567567567, "support": 17.0}, "LY": {"precision": 0.0, "recall": 0.0, "f1-score": 0.0, "support": 0.0}, "SP": {"precision": 0.0, "recall": 0.0, "f1-score": 0.0, "support": 0.0}, "ID": {"precision": 1.0, "recall": 0.5, "f1-score": 0.6666666666666666, "support": 4.0}, "NA": {"precision": 0.6764705882352942, "recall": 0.8518518518518519, "f1-score": 0.7540983606557378, "support": 27.0}, "HI": {"precision": 0.6666666666666666, "recall": 0.6, "f1-score": 0.631578947368421, "support": 10.0}, "IN": {"precision": 0.6818181818181818, "recall": 0.6666666666666666, "f1-score": 0.6741573033707865, "support": 45.0}, "OP": {"precision": 0.4444444444444444, "recall": 0.4444444444444444, "f1-score": 0.4444444444444444, "support": 9.0}, "IP": {"precision": 0.5538461538461539, "recall": 0.9473684210526315, "f1-score": 0.6990291262135921, "support": 38.0}}}