{"f1": 0.6376306620209059, "f1_macro": 0.6217539063797906, "precision": 0.5884244372990354, "recall": 0.6958174904942965, "accuracy": 0.38345864661654133, "threshold": 0.35, "label_scores": {"MT": {"precision": 0.7, "recall": 0.8235294117647058, "f1-score": 0.7567567567567567, "support": 17.0}, "LY": {"precision": 0.0, "recall": 0.0, "f1-score": 0.0, "support": 0.0}, "SP": {"precision": 0.0, "recall": 0.0, "f1-score": 0.0, "support": 0.0}, "ID": {"precision": 1.0, "recall": 0.5, "f1-score": 0.6666666666666666, "support": 4.0}, "NA": {"precision": 0.6764705882352942, "recall": 0.8518518518518519, "f1-score": 0.7540983606557378, "support": 27.0}, "HI": {"precision": 0.6666666666666666, "recall": 0.6, "f1-score": 0.631578947368421, "support": 10.0}, "IN": {"precision": 0.6818181818181818, "recall": 0.6666666666666666, "f1-score": 0.6741573033707865, "support": 45.0}, "OP": {"precision": 0.4444444444444444, "recall": 0.4444444444444444, "f1-score": 0.4444444444444444, "support": 9.0}, "IP": {"precision": 0.5538461538461539, "recall": 0.9473684210526315, "f1-score": 0.6990291262135921, "support": 38.0}, "it": {"precision": 0.0, "recall": 0.0, "f1-score": 0.0, "support": 0.0}, "ne": {"precision": 0.5714285714285714, "recall": 0.7272727272727273, "f1-score": 0.64, "support": 11.0}, "sr": {"precision": 1.0, "recall": 0.8, "f1-score": 0.888888888888889, "support": 5.0}, "nb": {"precision": 0.375, "recall": 0.75, "f1-score": 0.5, "support": 8.0}, "re": {"precision": 1.0, "recall": 0.6666666666666666, "f1-score": 0.8, "support": 6.0}, "en": {"precision": 0.42857142857142855, "recall": 1.0, "f1-score": 0.6, "support": 3.0}, "ra": {"precision": 0.0, "recall": 0.0, "f1-score": 0.0, "support": 0.0}, "dtp": {"precision": 0.42857142857142855, "recall": 0.36, "f1-score": 0.391304347826087, "support": 25.0}, "fi": {"precision": 0.0, "recall": 0.0, "f1-score": 0.0, "support": 6.0}, "lt": {"precision": 0.25, "recall": 1.0, "f1-score": 0.4, "support": 1.0}, "rv": {"precision": 0.4, "recall": 0.6666666666666666, "f1-score": 0.5, "support": 3.0}, "ob": {"precision": 0.0, "recall": 0.0, "f1-score": 0.0, "support": 2.0}, "rs": {"precision": 0.0, "recall": 0.0, "f1-score": 0.0, "support": 1.0}, "av": {"precision": 1.0, "recall": 0.3333333333333333, "f1-score": 0.5, "support": 3.0}, "ds": {"precision": 0.6122448979591837, "recall": 0.8823529411764706, "f1-score": 0.7228915662650602, "support": 34.0}, "ed": {"precision": 0.0, "recall": 0.0, "f1-score": 0.0, "support": 5.0}}}