{"f1": 0.8076339188896117, "f1_macro": 0.7768959026726394, "precision": 0.8053633217993079, "recall": 0.8099173553719008, "accuracy": 0.7387261738726174, "threshold": 0.44999999999999996, "label_scores": {"MT": {"precision": 0.9473684210526315, "recall": 0.9782608695652174, "f1-score": 0.9625668449197862, "support": 276.0}, "LY": {"precision": 0.0, "recall": 0.0, "f1-score": 0.0, "support": 5.0}, "SP": {"precision": 1.0, "recall": 0.5555555555555556, "f1-score": 0.7142857142857143, "support": 18.0}, "ID": {"precision": 0.8311688311688312, "recall": 0.8311688311688312, "f1-score": 0.8311688311688312, "support": 231.0}, "NA": {"precision": 0.8228004956629492, "recall": 0.8806366047745358, "f1-score": 0.8507367072389493, "support": 754.0}, "HI": {"precision": 0.7469879518072289, "recall": 0.5299145299145299, "f1-score": 0.62, "support": 117.0}, "IN": {"precision": 0.711864406779661, "recall": 0.6961325966850829, "f1-score": 0.7039106145251396, "support": 362.0}, "OP": {"precision": 0.7854545454545454, "recall": 0.7605633802816901, "f1-score": 0.772808586762075, "support": 284.0}, "IP": {"precision": 0.7424242424242424, "recall": 0.7777777777777778, "f1-score": 0.7596899224806201, "support": 252.0}}}