{"f1": 0.7900552486187846, "precision": 0.7566137566137566, "recall": 0.8265895953757225, "accuracy": 0.73125, "threshold": 0.35, "label_scores": {"MT": {"precision": 0.42857142857142855, "recall": 0.6, "f1-score": 0.5, "support": 5.0}, "LY": {"precision": 0.9166666666666666, "recall": 0.9166666666666666, "f1-score": 0.9166666666666666, "support": 12.0}, "SP": {"precision": 0.0, "recall": 0.0, "f1-score": 0.0, "support": 2.0}, "ID": {"precision": 1.0, "recall": 1.0, "f1-score": 1.0, "support": 1.0}, "NA": {"precision": 0.9166666666666666, "recall": 0.9058823529411765, "f1-score": 0.9112426035502958, "support": 85.0}, "HI": {"precision": 0.75, "recall": 0.6666666666666666, "f1-score": 0.7058823529411765, "support": 9.0}, "IN": {"precision": 0.673469387755102, "recall": 0.9705882352941176, "f1-score": 0.7951807228915663, "support": 34.0}, "OP": {"precision": 0.34782608695652173, "recall": 0.7272727272727273, "f1-score": 0.4705882352941176, "support": 11.0}, "IP": {"precision": 0.8, "recall": 0.2857142857142857, "f1-score": 0.4210526315789473, "support": 14.0}}}