{"f1": 0.7693121693121693, "f1_macro": 0.6001857168796385, "precision": 0.7954048140043763, "recall": 0.7448770491803278, "accuracy": 0.6943231441048034, "threshold": 0.49999999999999994, "label_scores": {"MT": {"precision": 0.8674698795180723, "recall": 0.6545454545454545, "f1-score": 0.7461139896373057, "support": 110.0}, "LY": {"precision": 0.5, "recall": 0.14285714285714285, "f1-score": 0.22222222222222224, "support": 7.0}, "SP": {"precision": 1.0, "recall": 0.23076923076923078, "f1-score": 0.375, "support": 13.0}, "ID": {"precision": 0.8, "recall": 0.17391304347826086, "f1-score": 0.2857142857142857, "support": 23.0}, "NA": {"precision": 0.8947368421052632, "recall": 0.8908296943231441, "f1-score": 0.8927789934354485, "support": 229.0}, "HI": {"precision": 0.78125, "recall": 0.7575757575757576, "f1-score": 0.7692307692307692, "support": 33.0}, "IN": {"precision": 0.7471910112359551, "recall": 0.7189189189189189, "f1-score": 0.7327823691460056, "support": 185.0}, "OP": {"precision": 0.6282051282051282, "recall": 0.532608695652174, "f1-score": 0.5764705882352942, "support": 92.0}, "IP": {"precision": 0.7737704918032787, "recall": 0.8309859154929577, "f1-score": 0.8013582342954161, "support": 284.0}}}