{"f1": 0.6132075471698113, "f1_macro": 0.6371384805099404, "precision": 0.6565656565656566, "recall": 0.5752212389380531, "accuracy": 0.5779816513761468, "threshold": 0.5999999999999999, "label_scores": {"Forum": {"precision": 1.0, "recall": 0.5, "f1-score": 0.6666666666666666, "support": 2.0}, "Information/Explanation": {"precision": 0.8333333333333334, "recall": 0.375, "f1-score": 0.5172413793103448, "support": 40.0}, "Instruction": {"precision": 1.0, "recall": 0.5, "f1-score": 0.6666666666666666, "support": 2.0}, "Legal": {"precision": 1.0, "recall": 1.0, "f1-score": 1.0, "support": 3.0}, "News": {"precision": 0.782608695652174, "recall": 0.9, "f1-score": 0.8372093023255814, "support": 20.0}, "Opinion/Argumentation": {"precision": 0.7058823529411765, "recall": 0.48, "f1-score": 0.5714285714285713, "support": 25.0}, "Other": {"precision": 1.0, "recall": 0.2, "f1-score": 0.33333333333333337, "support": 5.0}, "Promotion": {"precision": 0.37037037037037035, "recall": 0.9090909090909091, "f1-score": 0.5263157894736842, "support": 11.0}, "Prose/Lyrical": {"precision": 0.5, "recall": 0.8, "f1-score": 0.6153846153846154, "support": 5.0}}}