{"f1": 0.7085525729064479, "f1_macro": 0.6554097537238258, "precision": 0.6755952380952381, "recall": 0.7448903056441027, "accuracy": 0.5789528686383112, "threshold": 0.39999999999999997, "label_scores": {"Forum": {"precision": 0.7862068965517242, "recall": 0.8309037900874635, "f1-score": 0.8079376328844792, "support": 686.0}, "Information/Explanation": {"precision": 0.6425731839537405, "recall": 0.7134831460674157, "f1-score": 0.6761741776003042, "support": 2492.0}, "Instruction": {"precision": 0.7035830618892508, "recall": 0.4625267665952891, "f1-score": 0.5581395348837209, "support": 467.0}, "Legal": {"precision": 0.6046511627906976, "recall": 0.65, "f1-score": 0.6265060240963854, "support": 40.0}, "News": {"precision": 0.825885468387951, "recall": 0.8437605681433886, "f1-score": 0.8347273335563734, "support": 2957.0}, "Opinion/Argumentation": {"precision": 0.6656986124556309, "recall": 0.7883072220099351, "f1-score": 0.7218334499650106, "support": 2617.0}, "Other": {"precision": 0.6369047619047619, "recall": 0.7328767123287672, "f1-score": 0.6815286624203822, "support": 146.0}, "Promotion": {"precision": 0.5549295774647888, "recall": 0.5143603133159269, "f1-score": 0.5338753387533876, "support": 383.0}, "Prose/Lyrical": {"precision": 0.38666666666666666, "recall": 0.5615034168564921, "f1-score": 0.45796562935438917, "support": 878.0}}}