{"f1": 0.7600208224882873, "f1_macro": 0.6892352832999646, "precision": 0.7708553326293559, "recall": 0.7494866529774127, "accuracy": 0.6899563318777293, "threshold": 0.44999999999999996, "label_scores": {"Forum": {"precision": 0.7142857142857143, "recall": 0.21739130434782608, "f1-score": 0.3333333333333333, "support": 23.0}, "Information/Explanation": {"precision": 0.5906040268456376, "recall": 0.6821705426356589, "f1-score": 0.6330935251798562, "support": 129.0}, "Instruction": {"precision": 0.7575757575757576, "recall": 0.6944444444444444, "f1-score": 0.7246376811594203, "support": 36.0}, "Legal": {"precision": 0.7906976744186046, "recall": 0.6415094339622641, "f1-score": 0.7083333333333334, "support": 53.0}, "News": {"precision": 0.8773584905660378, "recall": 0.9117647058823529, "f1-score": 0.8942307692307693, "support": 204.0}, "Opinion/Argumentation": {"precision": 0.8137254901960784, "recall": 0.6102941176470589, "f1-score": 0.6974789915966387, "support": 136.0}, "Other": {"precision": 0.8297872340425532, "recall": 0.6341463414634146, "f1-score": 0.71889400921659, "support": 123.0}, "Promotion": {"precision": 0.7569444444444444, "recall": 0.8685258964143426, "f1-score": 0.8089053803339519, "support": 251.0}, "Prose/Lyrical": {"precision": 0.6842105263157895, "recall": 0.6842105263157895, "f1-score": 0.6842105263157895, "support": 19.0}}}