{"f1": 0.5926544240400669, "f1_macro": 0.4871111609557053, "precision": 0.6619018023617154, "recall": 0.5365239294710328, "accuracy": 0.35160202360876897, "threshold": 0.3, "label_scores": {"Forum": {"precision": 0.47058823529411764, "recall": 0.18181818181818182, "f1-score": 0.26229508196721313, "support": 44.0}, "Information/Explanation": {"precision": 0.7121771217712177, "recall": 0.36278195488721804, "f1-score": 0.4806973848069738, "support": 532.0}, "Instruction": {"precision": 0.6015625, "recall": 0.6015625, "f1-score": 0.6015625, "support": 128.0}, "Legal": {"precision": 0.3076923076923077, "recall": 0.3076923076923077, "f1-score": 0.3076923076923077, "support": 13.0}, "News": {"precision": 0.8708791208791209, "recall": 0.9269005847953217, "f1-score": 0.8980169971671388, "support": 342.0}, "Opinion/Argumentation": {"precision": 0.64, "recall": 0.4481792717086835, "f1-score": 0.5271828665568369, "support": 357.0}, "Other": {"precision": 0.1875, "recall": 0.15789473684210525, "f1-score": 0.17142857142857143, "support": 133.0}, "Promotion": {"precision": 0.6459459459459459, "recall": 0.7861842105263158, "f1-score": 0.7091988130563798, "support": 304.0}, "Prose/Lyrical": {"precision": 0.5476190476190477, "recall": 0.3484848484848485, "f1-score": 0.42592592592592593, "support": 132.0}}}