{"f1": 0.7739938080495357, "f1_macro": 0.6480956897937484, "precision": 0.8333333333333334, "recall": 0.7225433526011561, "accuracy": 0.71875, "threshold": 0.49999999999999994, "label_scores": {"Forum": {"precision": 1.0, "recall": 1.0, "f1-score": 1.0, "support": 1.0}, "Information/Explanation": {"precision": 0.7428571428571429, "recall": 0.7878787878787878, "f1-score": 0.7647058823529412, "support": 33.0}, "Instruction": {"precision": 0.8, "recall": 0.4444444444444444, "f1-score": 0.5714285714285714, "support": 9.0}, "Legal": {"precision": 0.5, "recall": 1.0, "f1-score": 0.6666666666666666, "support": 1.0}, "News": {"precision": 0.92, "recall": 0.9583333333333334, "f1-score": 0.9387755102040817, "support": 72.0}, "Opinion/Argumentation": {"precision": 0.6153846153846154, "recall": 0.5, "f1-score": 0.5517241379310345, "support": 16.0}, "Other": {"precision": 0.6, "recall": 0.42857142857142855, "f1-score": 0.5, "support": 7.0}, "Promotion": {"precision": 1.0, "recall": 0.08333333333333333, "f1-score": 0.15384615384615385, "support": 12.0}, "Prose/Lyrical": {"precision": 0.9230769230769231, "recall": 0.5454545454545454, "f1-score": 0.6857142857142856, "support": 22.0}}}