{"f1": 0.6218487394957983, "f1_macro": 0.5424947064187571, "precision": 0.5522388059701493, "recall": 0.7115384615384616, "accuracy": 0.44, "threshold": 0.3, "label_scores": {"Forum": {"precision": 0.4, "recall": 1.0, "f1-score": 0.5714285714285715, "support": 4.0}, "Information/Explanation": {"precision": 0.3333333333333333, "recall": 0.6923076923076923, "f1-score": 0.45, "support": 13.0}, "Instruction": {"precision": 0.6666666666666666, "recall": 0.2, "f1-score": 0.30769230769230765, "support": 10.0}, "Legal": {"precision": 0.4, "recall": 1.0, "f1-score": 0.5714285714285715, "support": 2.0}, "News": {"precision": 0.16666666666666666, "recall": 0.3333333333333333, "f1-score": 0.2222222222222222, "support": 3.0}, "Opinion/Argumentation": {"precision": 0.7419354838709677, "recall": 0.6764705882352942, "f1-score": 0.7076923076923077, "support": 34.0}, "Other": {"precision": 1.0, "recall": 0.6, "f1-score": 0.7499999999999999, "support": 5.0}, "Promotion": {"precision": 0.6521739130434783, "recall": 0.9090909090909091, "f1-score": 0.759493670886076, "support": 33.0}, "Prose/Lyrical": {"precision": 0.0, "recall": 0.0, "f1-score": 0.0, "support": 0.0}}}