{"f1": 0.6212319790301442, "f1_macro": 0.5437597768576029, "precision": 0.5925, "recall": 0.6528925619834711, "accuracy": 0.5301204819277109, "threshold": 0.35, "label_scores": {"Forum": {"precision": 0.5, "recall": 0.23529411764705882, "f1-score": 0.31999999999999995, "support": 17.0}, "Information/Explanation": {"precision": 0.36065573770491804, "recall": 0.46808510638297873, "f1-score": 0.40740740740740744, "support": 47.0}, "Instruction": {"precision": 0.75, "recall": 0.375, "f1-score": 0.5, "support": 32.0}, "Legal": {"precision": 0.4666666666666667, "recall": 0.875, "f1-score": 0.608695652173913, "support": 8.0}, "News": {"precision": 0.6826923076923077, "recall": 0.8875, "f1-score": 0.7717391304347826, "support": 80.0}, "Opinion/Argumentation": {"precision": 0.4489795918367347, "recall": 0.5116279069767442, "f1-score": 0.47826086956521735, "support": 43.0}, "Other": {"precision": 0.0, "recall": 0.0, "f1-score": 0.0, "support": 0.0}, "Promotion": {"precision": 0.7652173913043478, "recall": 0.8073394495412844, "f1-score": 0.7857142857142858, "support": 109.0}, "Prose/Lyrical": {"precision": 0.5789473684210527, "recall": 0.4074074074074074, "f1-score": 0.47826086956521735, "support": 27.0}}}