{"f1": 0.656093489148581, "precision": 0.6131045241809673, "recall": 0.7055655296229802, "accuracy": 0.41324921135646686, "threshold": 0.3, "label_scores": {"MT": {"precision": 0.09090909090909091, "recall": 0.2, "f1-score": 0.12500000000000003, "support": 5.0}, "LY": {"precision": 0.5, "recall": 0.6666666666666666, "f1-score": 0.5714285714285715, "support": 3.0}, "SP": {"precision": 0.0, "recall": 0.0, "f1-score": 0.0, "support": 1.0}, "ID": {"precision": 0.3333333333333333, "recall": 0.875, "f1-score": 0.48275862068965514, "support": 8.0}, "NA": {"precision": 0.8387096774193549, "recall": 0.8041237113402062, "f1-score": 0.8210526315789475, "support": 97.0}, "HI": {"precision": 0.42857142857142855, "recall": 0.5, "f1-score": 0.4615384615384615, "support": 12.0}, "IN": {"precision": 0.5980392156862745, "recall": 0.8970588235294118, "f1-score": 0.7176470588235294, "support": 68.0}, "OP": {"precision": 0.37777777777777777, "recall": 0.4594594594594595, "f1-score": 0.41463414634146345, "support": 37.0}, "IP": {"precision": 0.7542372881355932, "recall": 0.7739130434782608, "f1-score": 0.7639484978540771, "support": 115.0}, "it": {"precision": 0.0, "recall": 0.0, "f1-score": 0.0, "support": 0.0}, "ne": {"precision": 0.4666666666666667, "recall": 0.875, "f1-score": 0.608695652173913, "support": 24.0}, "sr": {"precision": 1.0, "recall": 0.8571428571428571, "f1-score": 0.923076923076923, "support": 7.0}, "nb": {"precision": 0.15384615384615385, "recall": 0.2, "f1-score": 0.17391304347826086, "support": 10.0}, "re": {"precision": 0.0, "recall": 0.0, "f1-score": 0.0, "support": 0.0}, "en": {"precision": 1.0, "recall": 1.0, "f1-score": 1.0, "support": 1.0}, "ra": {"precision": 0.8, "recall": 0.6666666666666666, "f1-score": 0.7272727272727272, "support": 6.0}, "dtp": {"precision": 0.18181818181818182, "recall": 0.2857142857142857, "f1-score": 0.2222222222222222, "support": 14.0}, "fi": {"precision": 0.0, "recall": 0.0, "f1-score": 0.0, "support": 5.0}, "lt": {"precision": 0.6666666666666666, "recall": 0.7058823529411765, "f1-score": 0.6857142857142857, "support": 17.0}, "rv": {"precision": 0.35294117647058826, "recall": 0.4, "f1-score": 0.37500000000000006, "support": 15.0}, "ob": {"precision": 0.4, "recall": 0.4, "f1-score": 0.4000000000000001, "support": 5.0}, "rs": {"precision": 0.0, "recall": 0.0, "f1-score": 0.0, "support": 0.0}, "av": {"precision": 0.3333333333333333, "recall": 0.2222222222222222, "f1-score": 0.26666666666666666, "support": 9.0}, "ds": {"precision": 0.7741935483870968, "recall": 0.75, "f1-score": 0.7619047619047619, "support": 96.0}, "ed": {"precision": 0.0, "recall": 0.0, "f1-score": 0.0, "support": 2.0}}}