{"f1": 0.7023809523809523, "f1_macro": 0.676565065681445, "precision": 0.7468354430379747, "recall": 0.6629213483146067, "accuracy": 0.5147058823529411, "threshold": 0.39999999999999997, "label_scores": {"Forum": {"precision": 0.0, "recall": 0.0, "f1-score": 0.0, "support": 0.0}, "Information/Explanation": {"precision": 0.5882352941176471, "recall": 0.6666666666666666, "f1-score": 0.625, "support": 15.0}, "Instruction": {"precision": 1.0, "recall": 0.5, "f1-score": 0.6666666666666666, "support": 6.0}, "Legal": {"precision": 1.0, "recall": 1.0, "f1-score": 1.0, "support": 1.0}, "News": {"precision": 0.8636363636363636, "recall": 0.95, "f1-score": 0.9047619047619048, "support": 20.0}, "Opinion/Argumentation": {"precision": 0.875, "recall": 0.3333333333333333, "f1-score": 0.48275862068965514, "support": 21.0}, "Other": {"precision": 0.5, "recall": 0.3333333333333333, "f1-score": 0.4, "support": 3.0}, "Promotion": {"precision": 0.7272727272727273, "recall": 0.8, "f1-score": 0.761904761904762, "support": 20.0}, "Prose/Lyrical": {"precision": 0.5, "recall": 0.6666666666666666, "f1-score": 0.5714285714285715, "support": 3.0}}}