{"f1": 0.6513761467889908, "f1_macro": 0.5151674340512757, "precision": 0.6173913043478261, "recall": 0.6893203883495146, "accuracy": 0.58, "threshold": 0.39999999999999997, "label_scores": {"MT": {"precision": 0.2, "recall": 1.0, "f1-score": 0.33333333333333337, "support": 1.0}, "LY": {"precision": 0.0, "recall": 0.0, "f1-score": 0.0, "support": 0.0}, "SP": {"precision": 0.0, "recall": 0.0, "f1-score": 0.0, "support": 0.0}, "ID": {"precision": 0.4, "recall": 0.5, "f1-score": 0.4444444444444445, "support": 4.0}, "NA": {"precision": 0.7297297297297297, "recall": 0.84375, "f1-score": 0.7826086956521738, "support": 32.0}, "HI": {"precision": 1.0, "recall": 0.2857142857142857, "f1-score": 0.4444444444444445, "support": 7.0}, "IN": {"precision": 0.5714285714285714, "recall": 0.48, "f1-score": 0.5217391304347826, "support": 25.0}, "OP": {"precision": 0.2857142857142857, "recall": 0.4, "f1-score": 0.3333333333333333, "support": 5.0}, "IP": {"precision": 0.6578947368421053, "recall": 0.8620689655172413, "f1-score": 0.746268656716418, "support": 29.0}}}