{"f1": 0.6637879553493501, "precision": 0.6568181818181819, "recall": 0.670907233726437, "accuracy": 0.5451980353223952, "threshold": 0.44999999999999996, "label_scores": {"MT": {"precision": 0.0, "recall": 0.0, "f1-score": 0.0, "support": 0.0}, "LY": {"precision": 0.9702970297029703, "recall": 0.725925925925926, "f1-score": 0.8305084745762712, "support": 135.0}, "SP": {"precision": 0.7078651685393258, "recall": 0.4315068493150685, "f1-score": 0.5361702127659576, "support": 146.0}, "ID": {"precision": 0.8438538205980066, "recall": 0.7405247813411079, "f1-score": 0.7888198757763975, "support": 686.0}, "NA": {"precision": 0.742671009771987, "recall": 0.8020637898686679, "f1-score": 0.7712256173187507, "support": 4264.0}, "HI": {"precision": 0.5833333333333334, "recall": 0.5620437956204379, "f1-score": 0.5724907063197027, "support": 411.0}, "IN": {"precision": 0.8128044537230341, "recall": 0.44992295839753466, "f1-score": 0.5792214232581205, "support": 2596.0}, "OP": {"precision": 0.5568657284138455, "recall": 0.687646782527008, "f1-score": 0.6153846153846153, "support": 2129.0}, "IP": {"precision": 0.24572457245724572, "recall": 0.6791044776119403, "f1-score": 0.3608724388631857, "support": 402.0}}}