{"f1": 0.6400611871397743, "f1_macro": 0.4832368734706034, "precision": 0.6390661648393607, "recall": 0.6410593127599037, "accuracy": 0.3771553976382067, "threshold": 0.35, "label_scores": {"MT": {"precision": 0.0, "recall": 0.0, "f1-score": 0.0, "support": 0.0}, "LY": {"precision": 0.0, "recall": 0.0, "f1-score": 0.0, "support": 135.0}, "SP": {"precision": 0.0, "recall": 0.0, "f1-score": 0.0, "support": 146.0}, "ID": {"precision": 0.7649769585253456, "recall": 0.7259475218658892, "f1-score": 0.744951383694839, "support": 686.0}, "NA": {"precision": 0.7054134223210975, "recall": 0.8923545966228893, "f1-score": 0.7879478152826673, "support": 4264.0}, "HI": {"precision": 0.6183206106870229, "recall": 0.39416058394160586, "f1-score": 0.4814264487369986, "support": 411.0}, "IN": {"precision": 0.6017110266159695, "recall": 0.7315100154083205, "f1-score": 0.6602920723226704, "support": 2596.0}, "OP": {"precision": 0.5681818181818182, "recall": 0.5871301080319399, "f1-score": 0.5775005775005776, "support": 2129.0}, "IP": {"precision": 0.7391304347826086, "recall": 0.0845771144278607, "f1-score": 0.15178571428571427, "support": 402.0}, "it": {"precision": 0.0, "recall": 0.0, "f1-score": 0.0, "support": 104.0}, "ne": {"precision": 0.7294117647058823, "recall": 0.7884696905468419, "f1-score": 0.7577918109594621, "support": 2359.0}, "sr": {"precision": 0.7602996254681648, "recall": 0.9590551181102362, "f1-score": 0.8481894150417827, "support": 635.0}, "nb": {"precision": 0.6160714285714286, "recall": 0.5734072022160664, "f1-score": 0.5939741750358681, "support": 722.0}, "re": {"precision": 1.0, "recall": 0.10810810810810811, "f1-score": 0.1951219512195122, "support": 37.0}, "en": {"precision": 0.0, "recall": 0.0, "f1-score": 0.0, "support": 108.0}, "ra": {"precision": 0.0, "recall": 0.0, "f1-score": 0.0, "support": 189.0}, "dtp": {"precision": 0.42638623326959846, "recall": 0.4091743119266055, "f1-score": 0.4176029962546816, "support": 1090.0}, "fi": {"precision": 0.0, "recall": 0.0, "f1-score": 0.0, "support": 69.0}, "lt": {"precision": 0.0, "recall": 0.0, "f1-score": 0.0, "support": 40.0}, "rv": {"precision": 0.6428571428571429, "recall": 0.41605839416058393, "f1-score": 0.5051698670605613, "support": 411.0}, "ob": {"precision": 0.43661971830985913, "recall": 0.5309229305423406, "f1-score": 0.4791756118505796, "support": 1051.0}, "rs": {"precision": 1.0, "recall": 0.006369426751592357, "f1-score": 0.012658227848101266, "support": 157.0}, "av": {"precision": 0.0, "recall": 0.0, "f1-score": 0.0, "support": 236.0}, "ds": {"precision": 0.8333333333333334, "recall": 0.017857142857142856, "f1-score": 0.03496503496503496, "support": 280.0}, "ed": {"precision": 0.0, "recall": 0.0, "f1-score": 0.0, "support": 19.0}}}