{"f1": 0.805144694533762, "f1_macro": 0.7073367668158186, "precision": 0.8226018396846255, "recall": 0.7884130982367759, "accuracy": 0.6883217324052591, "threshold": 0.44999999999999996, "label_scores": {"MT": {"precision": 0.9090909090909091, "recall": 0.8620689655172413, "f1-score": 0.8849557522123893, "support": 116.0}, "LY": {"precision": 0.0, "recall": 0.0, "f1-score": 0.0, "support": 15.0}, "SP": {"precision": 1.0, "recall": 0.14285714285714285, "f1-score": 0.25, "support": 7.0}, "ID": {"precision": 0.875, "recall": 0.5490196078431373, "f1-score": 0.674698795180723, "support": 51.0}, "NA": {"precision": 0.8668407310704961, "recall": 0.8447837150127226, "f1-score": 0.8556701030927835, "support": 393.0}, "HI": {"precision": 0.7333333333333333, "recall": 0.5641025641025641, "f1-score": 0.6376811594202899, "support": 78.0}, "IN": {"precision": 0.7634408602150538, "recall": 0.8402366863905325, "f1-score": 0.7999999999999998, "support": 338.0}, "OP": {"precision": 0.7724137931034483, "recall": 0.6829268292682927, "f1-score": 0.7249190938511327, "support": 164.0}, "IP": {"precision": 0.837708830548926, "recall": 0.823943661971831, "f1-score": 0.8307692307692308, "support": 426.0}}}