{"f1": 0.7454892804075568, "precision": 0.7608318890814558, "recall": 0.7307532251352477, "accuracy": 0.5527800161160354, "threshold": 0.44999999999999996, "label_scores": {"MT": {"precision": 0.975609756097561, "recall": 0.625, "f1-score": 0.7619047619047619, "support": 64.0}, "LY": {"precision": 0.9230769230769231, "recall": 0.9230769230769231, "f1-score": 0.9230769230769231, "support": 13.0}, "SP": {"precision": 0.8, "recall": 0.26666666666666666, "f1-score": 0.4, "support": 15.0}, "ID": {"precision": 0.9196428571428571, "recall": 0.8583333333333333, "f1-score": 0.8879310344827586, "support": 120.0}, "NA": {"precision": 0.8064516129032258, "recall": 0.7692307692307693, "f1-score": 0.7874015748031495, "support": 325.0}, "HI": {"precision": 0.7272727272727273, "recall": 0.5555555555555556, "f1-score": 0.6299212598425198, "support": 72.0}, "IN": {"precision": 0.8032258064516129, "recall": 0.778125, "f1-score": 0.7904761904761904, "support": 320.0}, "OP": {"precision": 0.6618705035971223, "recall": 0.6133333333333333, "f1-score": 0.6366782006920415, "support": 150.0}, "IP": {"precision": 0.7844611528822055, "recall": 0.8046272493573264, "f1-score": 0.7944162436548224, "support": 389.0}, "it": {"precision": 0.8, "recall": 0.5, "f1-score": 0.6153846153846154, "support": 8.0}, "ne": {"precision": 0.7642276422764228, "recall": 0.7580645161290323, "f1-score": 0.7611336032388664, "support": 124.0}, "sr": {"precision": 0.9090909090909091, "recall": 0.8695652173913043, "f1-score": 0.888888888888889, "support": 23.0}, "nb": {"precision": 0.7452830188679245, "recall": 0.6171875, "f1-score": 0.6752136752136751, "support": 128.0}, "re": {"precision": 1.0, "recall": 0.7619047619047619, "f1-score": 0.8648648648648648, "support": 21.0}, "en": {"precision": 0.7941176470588235, "recall": 0.7941176470588235, "f1-score": 0.7941176470588235, "support": 34.0}, "ra": {"precision": 1.0, "recall": 0.1, "f1-score": 0.18181818181818182, "support": 10.0}, "dtp": {"precision": 0.5660377358490566, "recall": 0.6040268456375839, "f1-score": 0.5844155844155844, "support": 149.0}, "fi": {"precision": 1.0, "recall": 0.8333333333333334, "f1-score": 0.9090909090909091, "support": 6.0}, "lt": {"precision": 0.7878787878787878, "recall": 0.6842105263157895, "f1-score": 0.732394366197183, "support": 38.0}, "rv": {"precision": 0.8307692307692308, "recall": 0.7105263157894737, "f1-score": 0.7659574468085107, "support": 76.0}, "ob": {"precision": 0.5357142857142857, "recall": 0.5555555555555556, "f1-score": 0.5454545454545454, "support": 27.0}, "rs": {"precision": 0.7142857142857143, "recall": 0.7142857142857143, "f1-score": 0.7142857142857143, "support": 7.0}, "av": {"precision": 0.45454545454545453, "recall": 0.17857142857142858, "f1-score": 0.25641025641025644, "support": 28.0}, "ds": {"precision": 0.686084142394822, "recall": 0.8617886178861789, "f1-score": 0.763963963963964, "support": 246.0}, "ed": {"precision": 0.0, "recall": 0.0, "f1-score": 0.0, "support": 10.0}}}