{"f1": 0.5992239467849224, "precision": 0.6660505237215034, "recall": 0.5445843828715365, "accuracy": 0.3608768971332209, "threshold": 0.3, "label_scores": {"Forum": {"precision": 0.47058823529411764, "recall": 0.18181818181818182, "f1-score": 0.26229508196721313, "support": 44.0}, "Information/Explanation": {"precision": 0.6687116564417178, "recall": 0.40977443609022557, "f1-score": 0.5081585081585083, "support": 532.0}, "Instruction": {"precision": 0.5151515151515151, "recall": 0.6640625, "f1-score": 0.5802047781569966, "support": 128.0}, "Legal": {"precision": 0.2631578947368421, "recall": 0.38461538461538464, "f1-score": 0.3125, "support": 13.0}, "News": {"precision": 0.8522427440633246, "recall": 0.9444444444444444, "f1-score": 0.895977808599168, "support": 342.0}, "Opinion/Argumentation": {"precision": 0.6638655462184874, "recall": 0.4425770308123249, "f1-score": 0.5310924369747898, "support": 357.0}, "Other": {"precision": 0.21649484536082475, "recall": 0.15789473684210525, "f1-score": 0.1826086956521739, "support": 133.0}, "Promotion": {"precision": 0.6990595611285266, "recall": 0.7335526315789473, "f1-score": 0.7158908507223113, "support": 304.0}, "Prose/Lyrical": {"precision": 0.6349206349206349, "recall": 0.30303030303030304, "f1-score": 0.4102564102564103, "support": 132.0}}}