{"f1": 0.6153846153846154, "f1_macro": 0.6260704693488568, "precision": 0.6736842105263158, "recall": 0.5663716814159292, "accuracy": 0.5688073394495413, "threshold": 0.5999999999999999, "label_scores": {"Forum": {"precision": 1.0, "recall": 0.5, "f1-score": 0.6666666666666666, "support": 2.0}, "Information/Explanation": {"precision": 0.8333333333333334, "recall": 0.375, "f1-score": 0.5172413793103448, "support": 40.0}, "Instruction": {"precision": 1.0, "recall": 0.5, "f1-score": 0.6666666666666666, "support": 2.0}, "Legal": {"precision": 1.0, "recall": 1.0, "f1-score": 1.0, "support": 3.0}, "News": {"precision": 0.8095238095238095, "recall": 0.85, "f1-score": 0.8292682926829269, "support": 20.0}, "Opinion/Argumentation": {"precision": 0.7222222222222222, "recall": 0.52, "f1-score": 0.6046511627906976, "support": 25.0}, "Other": {"precision": 1.0, "recall": 0.2, "f1-score": 0.33333333333333337, "support": 5.0}, "Promotion": {"precision": 0.43478260869565216, "recall": 0.9090909090909091, "f1-score": 0.5882352941176471, "support": 11.0}, "Prose/Lyrical": {"precision": 0.3333333333333333, "recall": 0.6, "f1-score": 0.42857142857142855, "support": 5.0}}}