{"f1": 0.8068006182380217, "f1_macro": 0.6238654663591799, "precision": 0.8392282958199357, "recall": 0.7767857142857143, "accuracy": 0.68125, "threshold": 0.39999999999999997, "label_scores": {"MT": {"precision": 0.16666666666666666, "recall": 1.0, "f1-score": 0.2857142857142857, "support": 1.0}, "LY": {"precision": 1.0, "recall": 1.0, "f1-score": 1.0, "support": 3.0}, "SP": {"precision": 0.0, "recall": 0.0, "f1-score": 0.0, "support": 0.0}, "ID": {"precision": 0.25, "recall": 1.0, "f1-score": 0.4, "support": 1.0}, "NA": {"precision": 0.9595959595959596, "recall": 0.95, "f1-score": 0.9547738693467336, "support": 100.0}, "HI": {"precision": 0.6666666666666666, "recall": 1.0, "f1-score": 0.8, "support": 2.0}, "IN": {"precision": 0.631578947368421, "recall": 0.5, "f1-score": 0.5581395348837209, "support": 24.0}, "OP": {"precision": 0.7941176470588235, "recall": 0.7714285714285715, "f1-score": 0.782608695652174, "support": 35.0}, "IP": {"precision": 0.5714285714285714, "recall": 0.3333333333333333, "f1-score": 0.4210526315789474, "support": 12.0}, "it": {"precision": 0.0, "recall": 0.0, "f1-score": 0.0, "support": 0.0}, "ne": {"precision": 0.9647058823529412, "recall": 0.9879518072289156, "f1-score": 0.9761904761904762, "support": 83.0}, "sr": {"precision": 0.7142857142857143, "recall": 1.0, "f1-score": 0.8333333333333333, "support": 5.0}, "nb": {"precision": 0.5, "recall": 0.25, "f1-score": 0.3333333333333333, "support": 4.0}, "re": {"precision": 0.0, "recall": 0.0, "f1-score": 0.0, "support": 0.0}, "en": {"precision": 0.75, "recall": 1.0, "f1-score": 0.8571428571428571, "support": 6.0}, "ra": {"precision": 0.0, "recall": 0.0, "f1-score": 0.0, "support": 0.0}, "dtp": {"precision": 0.5, "recall": 0.375, "f1-score": 0.42857142857142855, "support": 8.0}, "fi": {"precision": 0.0, "recall": 0.0, "f1-score": 0.0, "support": 5.0}, "lt": {"precision": 0.0, "recall": 0.0, "f1-score": 0.0, "support": 1.0}, "rv": {"precision": 1.0, "recall": 0.5, "f1-score": 0.6666666666666666, "support": 2.0}, "ob": {"precision": 0.5, "recall": 0.8, "f1-score": 0.6153846153846154, "support": 5.0}, "rs": {"precision": 0.8461538461538461, "recall": 0.55, "f1-score": 0.6666666666666667, "support": 20.0}, "av": {"precision": 1.0, "recall": 0.25, "f1-score": 0.4, "support": 8.0}, "ds": {"precision": 0.5, "recall": 0.16666666666666666, "f1-score": 0.25, "support": 6.0}, "ed": {"precision": 0.0, "recall": 0.0, "f1-score": 0.0, "support": 5.0}}}