{"f1": 0.7068273092369478, "f1_macro": 0.6163453396086592, "precision": 0.6892950391644909, "recall": 0.7252747252747253, "accuracy": 0.6114457831325302, "threshold": 0.39999999999999997, "label_scores": {"MT": {"precision": 0.0, "recall": 0.0, "f1-score": 0.0, "support": 0.0}, "LY": {"precision": 0.0, "recall": 0.0, "f1-score": 0.0, "support": 4.0}, "SP": {"precision": 0.0, "recall": 0.0, "f1-score": 0.0, "support": 0.0}, "ID": {"precision": 0.5, "recall": 0.23529411764705882, "f1-score": 0.31999999999999995, "support": 17.0}, "NA": {"precision": 0.7786259541984732, "recall": 0.9026548672566371, "f1-score": 0.8360655737704918, "support": 113.0}, "HI": {"precision": 0.75, "recall": 0.46875, "f1-score": 0.5769230769230769, "support": 32.0}, "IN": {"precision": 0.5068493150684932, "recall": 0.6727272727272727, "f1-score": 0.578125, "support": 55.0}, "OP": {"precision": 0.5757575757575758, "recall": 0.6333333333333333, "f1-score": 0.6031746031746033, "support": 30.0}, "IP": {"precision": 0.7981651376146789, "recall": 0.7699115044247787, "f1-score": 0.7837837837837838, "support": 113.0}}}