{"f1": 0.686976389946687, "f1_macro": 0.5874861369823237, "precision": 0.6721311475409836, "recall": 0.7024922118380063, "accuracy": 0.5060240963855421, "threshold": 0.39999999999999997, "label_scores": {"MT": {"precision": 0.0, "recall": 0.0, "f1-score": 0.0, "support": 0.0}, "LY": {"precision": 0.0, "recall": 0.0, "f1-score": 0.0, "support": 4.0}, "SP": {"precision": 0.0, "recall": 0.0, "f1-score": 0.0, "support": 0.0}, "ID": {"precision": 0.5, "recall": 0.23529411764705882, "f1-score": 0.31999999999999995, "support": 17.0}, "NA": {"precision": 0.7786259541984732, "recall": 0.9026548672566371, "f1-score": 0.8360655737704918, "support": 113.0}, "HI": {"precision": 0.75, "recall": 0.46875, "f1-score": 0.5769230769230769, "support": 32.0}, "IN": {"precision": 0.5068493150684932, "recall": 0.6727272727272727, "f1-score": 0.578125, "support": 55.0}, "OP": {"precision": 0.5757575757575758, "recall": 0.6333333333333333, "f1-score": 0.6031746031746033, "support": 30.0}, "IP": {"precision": 0.7981651376146789, "recall": 0.7699115044247787, "f1-score": 0.7837837837837838, "support": 113.0}, "it": {"precision": 0.0, "recall": 0.0, "f1-score": 0.0, "support": 0.0}, "ne": {"precision": 0.6571428571428571, "recall": 0.92, "f1-score": 0.7666666666666667, "support": 75.0}, "sr": {"precision": 0.6, "recall": 0.5, "f1-score": 0.5454545454545454, "support": 6.0}, "nb": {"precision": 0.4166666666666667, "recall": 0.2631578947368421, "f1-score": 0.3225806451612903, "support": 19.0}, "re": {"precision": 1.0, "recall": 0.8333333333333334, "f1-score": 0.9090909090909091, "support": 6.0}, "en": {"precision": 0.0, "recall": 0.0, "f1-score": 0.0, "support": 3.0}, "ra": {"precision": 0.0, "recall": 0.0, "f1-score": 0.0, "support": 2.0}, "dtp": {"precision": 0.22857142857142856, "recall": 0.42105263157894735, "f1-score": 0.2962962962962963, "support": 19.0}, "fi": {"precision": 0.0, "recall": 0.0, "f1-score": 0.0, "support": 1.0}, "lt": {"precision": 0.5, "recall": 0.75, "f1-score": 0.6, "support": 8.0}, "rv": {"precision": 0.75, "recall": 0.3333333333333333, "f1-score": 0.46153846153846156, "support": 9.0}, "ob": {"precision": 0.5, "recall": 0.4, "f1-score": 0.4444444444444445, "support": 5.0}, "rs": {"precision": 0.8888888888888888, "recall": 0.8888888888888888, "f1-score": 0.8888888888888888, "support": 9.0}, "av": {"precision": 0.2222222222222222, "recall": 0.3333333333333333, "f1-score": 0.26666666666666666, "support": 6.0}, "ds": {"precision": 0.8735632183908046, "recall": 0.7169811320754716, "f1-score": 0.7875647668393783, "support": 106.0}, "ed": {"precision": 0.0, "recall": 0.0, "f1-score": 0.0, "support": 4.0}}}