{"f1": 0.758137205808713, "precision": 0.739980449657869, "recall": 0.7772073921971252, "accuracy": 0.6779475982532751, "threshold": 0.39999999999999997, "label_scores": {"Forum": {"precision": 0.6666666666666666, "recall": 0.17391304347826086, "f1-score": 0.27586206896551724, "support": 23.0}, "Information/Explanation": {"precision": 0.5786163522012578, "recall": 0.7131782945736435, "f1-score": 0.638888888888889, "support": 129.0}, "Instruction": {"precision": 0.6666666666666666, "recall": 0.7222222222222222, "f1-score": 0.6933333333333334, "support": 36.0}, "Legal": {"precision": 0.7906976744186046, "recall": 0.6415094339622641, "f1-score": 0.7083333333333334, "support": 53.0}, "News": {"precision": 0.8326180257510729, "recall": 0.9509803921568627, "f1-score": 0.8878718535469108, "support": 204.0}, "Opinion/Argumentation": {"precision": 0.7714285714285715, "recall": 0.5955882352941176, "f1-score": 0.6721991701244814, "support": 136.0}, "Other": {"precision": 0.8631578947368421, "recall": 0.6666666666666666, "f1-score": 0.7522935779816514, "support": 123.0}, "Promotion": {"precision": 0.717391304347826, "recall": 0.9203187250996016, "f1-score": 0.806282722513089, "support": 251.0}, "Prose/Lyrical": {"precision": 0.6190476190476191, "recall": 0.6842105263157895, "f1-score": 0.6500000000000001, "support": 19.0}}}