{"f1": 0.7621407333994054, "f1_macro": 0.6479521835045147, "precision": 0.738003838771593, "recall": 0.7879098360655737, "accuracy": 0.6779475982532751, "threshold": 0.39999999999999997, "label_scores": {"MT": {"precision": 0.8941176470588236, "recall": 0.6909090909090909, "f1-score": 0.7794871794871796, "support": 110.0}, "LY": {"precision": 1.0, "recall": 0.42857142857142855, "f1-score": 0.6, "support": 7.0}, "SP": {"precision": 0.6, "recall": 0.46153846153846156, "f1-score": 0.5217391304347826, "support": 13.0}, "ID": {"precision": 0.6666666666666666, "recall": 0.17391304347826086, "f1-score": 0.27586206896551724, "support": 23.0}, "NA": {"precision": 0.8192307692307692, "recall": 0.9301310043668122, "f1-score": 0.8711656441717791, "support": 229.0}, "HI": {"precision": 0.6578947368421053, "recall": 0.7575757575757576, "f1-score": 0.704225352112676, "support": 33.0}, "IN": {"precision": 0.698019801980198, "recall": 0.7621621621621621, "f1-score": 0.7286821705426356, "support": 185.0}, "OP": {"precision": 0.5473684210526316, "recall": 0.5652173913043478, "f1-score": 0.5561497326203209, "support": 92.0}, "IP": {"precision": 0.7259475218658892, "recall": 0.8767605633802817, "f1-score": 0.7942583732057417, "support": 284.0}}}