{"f1": 0.7982373308152345, "f1_macro": 0.7468975629161235, "precision": 0.7925, "recall": 0.8040583386176284, "accuracy": 0.6790409899458624, "threshold": 0.39999999999999997, "label_scores": {"Forum": {"precision": 0.7954545454545454, "recall": 0.6862745098039216, "f1-score": 0.736842105263158, "support": 51.0}, "Information/Explanation": {"precision": 0.7037037037037037, "recall": 0.8413284132841329, "f1-score": 0.7663865546218488, "support": 271.0}, "Instruction": {"precision": 0.7368421052631579, "recall": 0.6542056074766355, "f1-score": 0.693069306930693, "support": 107.0}, "Legal": {"precision": 0.7631578947368421, "recall": 0.7631578947368421, "f1-score": 0.7631578947368421, "support": 38.0}, "News": {"precision": 0.7685185185185185, "recall": 0.7614678899082569, "f1-score": 0.7649769585253455, "support": 109.0}, "Opinion/Argumentation": {"precision": 0.865979381443299, "recall": 0.8527918781725888, "f1-score": 0.8593350383631715, "support": 394.0}, "Other": {"precision": 0.9166666666666666, "recall": 0.8048780487804879, "f1-score": 0.8571428571428571, "support": 123.0}, "Promotion": {"precision": 0.8314087759815243, "recall": 0.8633093525179856, "f1-score": 0.8470588235294118, "support": 417.0}, "Prose/Lyrical": {"precision": 0.45161290322580644, "recall": 0.417910447761194, "f1-score": 0.43410852713178294, "support": 67.0}}}