{"f1": 0.821529745042493, "f1_macro": 0.6502861271469828, "precision": 0.8285714285714286, "recall": 0.8146067415730337, "accuracy": 0.75, "threshold": 0.39999999999999997, "label_scores": {"MT": {"precision": 0.16666666666666666, "recall": 1.0, "f1-score": 0.2857142857142857, "support": 1.0}, "LY": {"precision": 1.0, "recall": 1.0, "f1-score": 1.0, "support": 3.0}, "SP": {"precision": 0.0, "recall": 0.0, "f1-score": 0.0, "support": 0.0}, "ID": {"precision": 0.25, "recall": 1.0, "f1-score": 0.4, "support": 1.0}, "NA": {"precision": 0.9595959595959596, "recall": 0.95, "f1-score": 0.9547738693467336, "support": 100.0}, "HI": {"precision": 0.6666666666666666, "recall": 1.0, "f1-score": 0.8, "support": 2.0}, "IN": {"precision": 0.631578947368421, "recall": 0.5, "f1-score": 0.5581395348837209, "support": 24.0}, "OP": {"precision": 0.7941176470588235, "recall": 0.7714285714285715, "f1-score": 0.782608695652174, "support": 35.0}, "IP": {"precision": 0.5714285714285714, "recall": 0.3333333333333333, "f1-score": 0.4210526315789474, "support": 12.0}}}