{"f1": 0.6086956521739131, "precision": 0.5880758807588076, "recall": 0.6308139534883721, "accuracy": 0.5047318611987381, "threshold": 0.39999999999999997, "label_scores": {"Forum": {"precision": 0.5555555555555556, "recall": 0.625, "f1-score": 0.5882352941176471, "support": 8.0}, "Information/Explanation": {"precision": 0.3944954128440367, "recall": 0.9148936170212766, "f1-score": 0.5512820512820513, "support": 47.0}, "Instruction": {"precision": 0.45454545454545453, "recall": 0.3125, "f1-score": 0.3703703703703703, "support": 16.0}, "Legal": {"precision": 0.7692307692307693, "recall": 0.5882352941176471, "f1-score": 0.6666666666666667, "support": 17.0}, "News": {"precision": 0.6410256410256411, "recall": 0.8064516129032258, "f1-score": 0.7142857142857142, "support": 31.0}, "Opinion/Argumentation": {"precision": 0.36363636363636365, "recall": 0.40816326530612246, "f1-score": 0.38461538461538464, "support": 49.0}, "Other": {"precision": 0.125, "recall": 0.16666666666666666, "f1-score": 0.14285714285714288, "support": 6.0}, "Promotion": {"precision": 0.8829787234042553, "recall": 0.7345132743362832, "f1-score": 0.8019323671497585, "support": 113.0}, "Prose/Lyrical": {"precision": 0.8064516129032258, "recall": 0.43859649122807015, "f1-score": 0.5681818181818181, "support": 57.0}}}