{"f1": 0.7723030171478186, "precision": 0.7691309987029832, "recall": 0.7755013077593723, "accuracy": 0.7210599721059973, "threshold": 0.44999999999999996, "label_scores": {"Forum": {"precision": 0.8786407766990292, "recall": 0.7835497835497836, "f1-score": 0.8283752860411899, "support": 231.0}, "Information/Explanation": {"precision": 0.68125, "recall": 0.6546546546546547, "f1-score": 0.667687595712098, "support": 333.0}, "Instruction": {"precision": 0.7738095238095238, "recall": 0.5371900826446281, "f1-score": 0.6341463414634146, "support": 121.0}, "Legal": {"precision": 0.7272727272727273, "recall": 0.6153846153846154, "f1-score": 0.6666666666666667, "support": 26.0}, "News": {"precision": 0.7116402116402116, "recall": 0.9087837837837838, "f1-score": 0.798219584569733, "support": 296.0}, "Opinion/Argumentation": {"precision": 0.8043875685557587, "recall": 0.8088235294117647, "f1-score": 0.8065994500458296, "support": 544.0}, "Other": {"precision": 0.9784172661870504, "recall": 0.9251700680272109, "f1-score": 0.951048951048951, "support": 294.0}, "Promotion": {"precision": 0.7153024911032029, "recall": 0.8701298701298701, "f1-score": 0.7851562500000001, "support": 231.0}, "Prose/Lyrical": {"precision": 0.5939086294416244, "recall": 0.536697247706422, "f1-score": 0.5638554216867471, "support": 218.0}}}