{"f1": 0.6142586066684738, "f1_macro": 0.5657038941829658, "precision": 0.6887537993920972, "recall": 0.5543052837573386, "accuracy": 0.3676222596964587, "threshold": 0.3, "label_scores": {"MT": {"precision": 0.21649484536082475, "recall": 0.7241379310344828, "f1-score": 0.3333333333333333, "support": 29.0}, "LY": {"precision": 1.0, "recall": 0.6666666666666666, "f1-score": 0.8, "support": 12.0}, "SP": {"precision": 0.0, "recall": 0.0, "f1-score": 0.0, "support": 104.0}, "ID": {"precision": 0.47058823529411764, "recall": 0.18181818181818182, "f1-score": 0.26229508196721313, "support": 44.0}, "NA": {"precision": 0.871900826446281, "recall": 0.7288428324697754, "f1-score": 0.7939793038570084, "support": 579.0}, "HI": {"precision": 0.5123456790123457, "recall": 0.6535433070866141, "f1-score": 0.5743944636678201, "support": 127.0}, "IN": {"precision": 0.6875, "recall": 0.4261992619926199, "f1-score": 0.5261958997722096, "support": 542.0}, "OP": {"precision": 0.6325581395348837, "recall": 0.4641638225255973, "f1-score": 0.5354330708661417, "support": 293.0}, "IP": {"precision": 0.6871165644171779, "recall": 0.7133757961783439, "f1-score": 0.7000000000000001, "support": 314.0}}}