{"f1": 0.6804123711340206, "precision": 0.7432432432432432, "recall": 0.6273764258555133, "accuracy": 0.45864661654135336, "pr_auc": 0.7388789222140673, "threshold": 0.44999999999999996, "label_scores": {"MT": {"precision": 0.8235294117647058, "recall": 0.8235294117647058, "f1-score": 0.8235294117647058, "support": 17.0}, "LY": {"precision": 0.0, "recall": 0.0, "f1-score": 0.0, "support": 0.0}, "SP": {"precision": 0.0, "recall": 0.0, "f1-score": 0.0, "support": 0.0}, "ID": {"precision": 1.0, "recall": 0.5, "f1-score": 0.6666666666666666, "support": 4.0}, "NA": {"precision": 0.7692307692307693, "recall": 0.7407407407407407, "f1-score": 0.7547169811320754, "support": 27.0}, "HI": {"precision": 0.9, "recall": 0.9, "f1-score": 0.9, "support": 10.0}, "IN": {"precision": 0.7105263157894737, "recall": 0.6, "f1-score": 0.6506024096385543, "support": 45.0}, "OP": {"precision": 0.42857142857142855, "recall": 0.3333333333333333, "f1-score": 0.375, "support": 9.0}, "IP": {"precision": 0.7804878048780488, "recall": 0.8421052631578947, "f1-score": 0.810126582278481, "support": 38.0}, "it": {"precision": 0.0, "recall": 0.0, "f1-score": 0.0, "support": 0.0}, "ne": {"precision": 0.75, "recall": 0.5454545454545454, "f1-score": 0.631578947368421, "support": 11.0}, "sr": {"precision": 1.0, "recall": 0.8, "f1-score": 0.888888888888889, "support": 5.0}, "nb": {"precision": 0.6666666666666666, "recall": 0.5, "f1-score": 0.5714285714285715, "support": 8.0}, "re": {"precision": 1.0, "recall": 0.3333333333333333, "f1-score": 0.5, "support": 6.0}, "en": {"precision": 1.0, "recall": 1.0, "f1-score": 1.0, "support": 3.0}, "ra": {"precision": 0.0, "recall": 0.0, "f1-score": 0.0, "support": 0.0}, "dtp": {"precision": 0.5333333333333333, "recall": 0.32, "f1-score": 0.4, "support": 25.0}, "fi": {"precision": 0.0, "recall": 0.0, "f1-score": 0.0, "support": 6.0}, "lt": {"precision": 0.0, "recall": 0.0, "f1-score": 0.0, "support": 1.0}, "rv": {"precision": 0.4, "recall": 0.6666666666666666, "f1-score": 0.5, "support": 3.0}, "ob": {"precision": 0.0, "recall": 0.0, "f1-score": 0.0, "support": 2.0}, "rs": {"precision": 0.0, "recall": 0.0, "f1-score": 0.0, "support": 1.0}, "av": {"precision": 0.0, "recall": 0.0, "f1-score": 0.0, "support": 3.0}, "ds": {"precision": 0.7631578947368421, "recall": 0.8529411764705882, "f1-score": 0.8055555555555555, "support": 34.0}, "ed": {"precision": 0.0, "recall": 0.0, "f1-score": 0.0, "support": 5.0}}}