{"f1": 0.7727550397067806, "precision": 0.8026649746192893, "recall": 0.7449941107184923, "accuracy": 0.6441048034934498, "pr_auc": 0.828581454220298, "threshold": 0.49999999999999994, "label_scores": {"MT": {"precision": 0.925, "recall": 0.6727272727272727, "f1-score": 0.7789473684210527, "support": 110.0}, "LY": {"precision": 0.75, "recall": 0.42857142857142855, "f1-score": 0.5454545454545454, "support": 7.0}, "SP": {"precision": 0.75, "recall": 0.46153846153846156, "f1-score": 0.5714285714285714, "support": 13.0}, "ID": {"precision": 0.5, "recall": 0.13043478260869565, "f1-score": 0.20689655172413793, "support": 23.0}, "NA": {"precision": 0.864406779661017, "recall": 0.8908296943231441, "f1-score": 0.8774193548387096, "support": 229.0}, "HI": {"precision": 0.75, "recall": 0.8181818181818182, "f1-score": 0.7826086956521738, "support": 33.0}, "IN": {"precision": 0.7443181818181818, "recall": 0.7081081081081081, "f1-score": 0.7257617728531855, "support": 185.0}, "OP": {"precision": 0.7959183673469388, "recall": 0.42391304347826086, "f1-score": 0.553191489361702, "support": 92.0}, "IP": {"precision": 0.7704402515723271, "recall": 0.8626760563380281, "f1-score": 0.8139534883720929, "support": 284.0}, "it": {"precision": 1.0, "recall": 0.7142857142857143, "f1-score": 0.8333333333333333, "support": 7.0}, "ne": {"precision": 0.8656716417910447, "recall": 0.9109947643979057, "f1-score": 0.8877551020408162, "support": 191.0}, "sr": {"precision": 0.75, "recall": 0.6428571428571429, "f1-score": 0.6923076923076924, "support": 14.0}, "nb": {"precision": 0.6470588235294118, "recall": 0.4782608695652174, "f1-score": 0.55, "support": 23.0}, "re": {"precision": 1.0, "recall": 0.9523809523809523, "f1-score": 0.975609756097561, "support": 21.0}, "en": {"precision": 0.16666666666666666, "recall": 0.25, "f1-score": 0.2, "support": 4.0}, "ra": {"precision": 0.0, "recall": 0.0, "f1-score": 0.0, "support": 0.0}, "dtp": {"precision": 0.5476190476190477, "recall": 0.5, "f1-score": 0.5227272727272727, "support": 46.0}, "fi": {"precision": 0.0, "recall": 0.0, "f1-score": 0.0, "support": 3.0}, "lt": {"precision": 0.8048780487804879, "recall": 0.6226415094339622, "f1-score": 0.7021276595744681, "support": 53.0}, "rv": {"precision": 0.7777777777777778, "recall": 0.22580645161290322, "f1-score": 0.35000000000000003, "support": 31.0}, "ob": {"precision": 1.0, "recall": 0.09090909090909091, "f1-score": 0.16666666666666669, "support": 22.0}, "rs": {"precision": 0.9, "recall": 0.9, "f1-score": 0.9, "support": 10.0}, "av": {"precision": 0.6923076923076923, "recall": 0.45, "f1-score": 0.5454545454545455, "support": 20.0}, "ds": {"precision": 0.8076923076923077, "recall": 0.860655737704918, "f1-score": 0.8333333333333334, "support": 244.0}, "ed": {"precision": 0.8, "recall": 0.6060606060606061, "f1-score": 0.689655172413793, "support": 33.0}}}