{"f1": 0.7837259100642398, "f1_macro": 0.7488262807684211, "precision": 0.7620464009518144, "recall": 0.8066750629722922, "accuracy": 0.6295436968290796, "threshold": 0.35, "label_scores": {"MT": {"precision": 0.8928571428571429, "recall": 0.646551724137931, "f1-score": 0.7500000000000001, "support": 116.0}, "LY": {"precision": 0.9090909090909091, "recall": 0.6666666666666666, "f1-score": 0.7692307692307692, "support": 15.0}, "SP": {"precision": 0.6, "recall": 0.8571428571428571, "f1-score": 0.7058823529411764, "support": 7.0}, "ID": {"precision": 0.6923076923076923, "recall": 0.7058823529411765, "f1-score": 0.6990291262135924, "support": 51.0}, "NA": {"precision": 0.8345679012345679, "recall": 0.8600508905852418, "f1-score": 0.8471177944862156, "support": 393.0}, "HI": {"precision": 0.6021505376344086, "recall": 0.717948717948718, "f1-score": 0.6549707602339182, "support": 78.0}, "IN": {"precision": 0.6359918200408998, "recall": 0.9201183431952663, "f1-score": 0.7521160822249093, "support": 338.0}, "OP": {"precision": 0.7321428571428571, "recall": 0.75, "f1-score": 0.7409638554216866, "support": 164.0}, "IP": {"precision": 0.8834688346883469, "recall": 0.7652582159624414, "f1-score": 0.820125786163522, "support": 426.0}}}