{"f1": 0.6776145203111497, "precision": 0.6632825719120136, "recall": 0.6925795053003534, "accuracy": 0.5262008733624454, "threshold": 0.39999999999999997, "label_scores": {"MT": {"precision": 0.95, "recall": 0.34545454545454546, "f1-score": 0.5066666666666667, "support": 110.0}, "LY": {"precision": 1.0, "recall": 0.42857142857142855, "f1-score": 0.6, "support": 7.0}, "SP": {"precision": 0.5555555555555556, "recall": 0.38461538461538464, "f1-score": 0.4545454545454546, "support": 13.0}, "ID": {"precision": 0.5384615384615384, "recall": 0.30434782608695654, "f1-score": 0.3888888888888889, "support": 23.0}, "NA": {"precision": 0.676923076923077, "recall": 0.9606986899563319, "f1-score": 0.7942238267148014, "support": 229.0}, "HI": {"precision": 0.38571428571428573, "recall": 0.8181818181818182, "f1-score": 0.5242718446601942, "support": 33.0}, "IN": {"precision": 0.5794392523364486, "recall": 0.6702702702702703, "f1-score": 0.6215538847117794, "support": 185.0}, "OP": {"precision": 0.5606060606060606, "recall": 0.40217391304347827, "f1-score": 0.46835443037974683, "support": 92.0}, "IP": {"precision": 0.7185430463576159, "recall": 0.7640845070422535, "f1-score": 0.7406143344709897, "support": 284.0}, "it": {"precision": 0.5555555555555556, "recall": 0.7142857142857143, "f1-score": 0.6250000000000001, "support": 7.0}, "ne": {"precision": 0.726530612244898, "recall": 0.9319371727748691, "f1-score": 0.8165137614678899, "support": 191.0}, "sr": {"precision": 0.44, "recall": 0.7857142857142857, "f1-score": 0.5641025641025641, "support": 14.0}, "nb": {"precision": 0.5909090909090909, "recall": 0.5652173913043478, "f1-score": 0.5777777777777778, "support": 23.0}, "re": {"precision": 0.9444444444444444, "recall": 0.8095238095238095, "f1-score": 0.8717948717948718, "support": 21.0}, "en": {"precision": 0.14285714285714285, "recall": 0.5, "f1-score": 0.22222222222222224, "support": 4.0}, "ra": {"precision": 0.0, "recall": 0.0, "f1-score": 0.0, "support": 0.0}, "dtp": {"precision": 0.43333333333333335, "recall": 0.5652173913043478, "f1-score": 0.49056603773584906, "support": 46.0}, "fi": {"precision": 0.5, "recall": 0.6666666666666666, "f1-score": 0.5714285714285715, "support": 3.0}, "lt": {"precision": 0.8888888888888888, "recall": 0.4528301886792453, "f1-score": 0.6, "support": 53.0}, "rv": {"precision": 0.8, "recall": 0.25806451612903225, "f1-score": 0.3902439024390244, "support": 31.0}, "ob": {"precision": 0.16666666666666666, "recall": 0.09090909090909091, "f1-score": 0.11764705882352942, "support": 22.0}, "rs": {"precision": 0.7272727272727273, "recall": 0.8, "f1-score": 0.761904761904762, "support": 10.0}, "av": {"precision": 0.6153846153846154, "recall": 0.4, "f1-score": 0.4848484848484849, "support": 20.0}, "ds": {"precision": 0.7432950191570882, "recall": 0.7950819672131147, "f1-score": 0.7683168316831684, "support": 244.0}, "ed": {"precision": 0.0, "recall": 0.0, "f1-score": 0.0, "support": 33.0}}}