{"f1": 0.6756465517241379, "precision": 0.7125, "recall": 0.6424180327868853, "accuracy": 0.6004366812227074, "threshold": 0.49999999999999994, "label_scores": {"MT": {"precision": 0.9333333333333333, "recall": 0.2545454545454545, "f1-score": 0.3999999999999999, "support": 110.0}, "LY": {"precision": 1.0, "recall": 0.14285714285714285, "f1-score": 0.25, "support": 7.0}, "SP": {"precision": 0.5555555555555556, "recall": 0.38461538461538464, "f1-score": 0.4545454545454546, "support": 13.0}, "ID": {"precision": 0.5714285714285714, "recall": 0.17391304347826086, "f1-score": 0.26666666666666666, "support": 23.0}, "NA": {"precision": 0.717607973421927, "recall": 0.9432314410480349, "f1-score": 0.8150943396226416, "support": 229.0}, "HI": {"precision": 0.5294117647058824, "recall": 0.8181818181818182, "f1-score": 0.6428571428571428, "support": 33.0}, "IN": {"precision": 0.6705882352941176, "recall": 0.6162162162162163, "f1-score": 0.6422535211267606, "support": 185.0}, "OP": {"precision": 0.6944444444444444, "recall": 0.2717391304347826, "f1-score": 0.39062499999999994, "support": 92.0}, "IP": {"precision": 0.7527272727272727, "recall": 0.7288732394366197, "f1-score": 0.7406082289803221, "support": 284.0}}}