{"f1": 0.6534296028880867, "precision": 0.6569872958257713, "recall": 0.6499102333931778, "accuracy": 0.444794952681388, "pr_auc": 0.6835199348893384, "threshold": 0.39999999999999997, "label_scores": {"MT": {"precision": 0.4, "recall": 0.8, "f1-score": 0.5333333333333333, "support": 5.0}, "LY": {"precision": 0.3333333333333333, "recall": 0.3333333333333333, "f1-score": 0.3333333333333333, "support": 3.0}, "SP": {"precision": 0.0, "recall": 0.0, "f1-score": 0.0, "support": 1.0}, "ID": {"precision": 0.6, "recall": 0.75, "f1-score": 0.6666666666666665, "support": 8.0}, "NA": {"precision": 0.8928571428571429, "recall": 0.7731958762886598, "f1-score": 0.8287292817679559, "support": 97.0}, "HI": {"precision": 0.4444444444444444, "recall": 0.3333333333333333, "f1-score": 0.380952380952381, "support": 12.0}, "IN": {"precision": 0.504, "recall": 0.9264705882352942, "f1-score": 0.6528497409326425, "support": 68.0}, "OP": {"precision": 0.42857142857142855, "recall": 0.32432432432432434, "f1-score": 0.3692307692307692, "support": 37.0}, "IP": {"precision": 0.9069767441860465, "recall": 0.6782608695652174, "f1-score": 0.7761194029850746, "support": 115.0}, "it": {"precision": 0.0, "recall": 0.0, "f1-score": 0.0, "support": 0.0}, "ne": {"precision": 0.5806451612903226, "recall": 0.75, "f1-score": 0.6545454545454547, "support": 24.0}, "sr": {"precision": 1.0, "recall": 0.8571428571428571, "f1-score": 0.923076923076923, "support": 7.0}, "nb": {"precision": 0.1111111111111111, "recall": 0.2, "f1-score": 0.14285714285714285, "support": 10.0}, "re": {"precision": 0.0, "recall": 0.0, "f1-score": 0.0, "support": 0.0}, "en": {"precision": 1.0, "recall": 1.0, "f1-score": 1.0, "support": 1.0}, "ra": {"precision": 1.0, "recall": 0.3333333333333333, "f1-score": 0.5, "support": 6.0}, "dtp": {"precision": 0.17647058823529413, "recall": 0.21428571428571427, "f1-score": 0.1935483870967742, "support": 14.0}, "fi": {"precision": 1.0, "recall": 0.2, "f1-score": 0.33333333333333337, "support": 5.0}, "lt": {"precision": 0.6086956521739131, "recall": 0.8235294117647058, "f1-score": 0.7, "support": 17.0}, "rv": {"precision": 0.35714285714285715, "recall": 0.3333333333333333, "f1-score": 0.3448275862068965, "support": 15.0}, "ob": {"precision": 0.6666666666666666, "recall": 0.4, "f1-score": 0.5, "support": 5.0}, "rs": {"precision": 0.0, "recall": 0.0, "f1-score": 0.0, "support": 0.0}, "av": {"precision": 0.6666666666666666, "recall": 0.2222222222222222, "f1-score": 0.3333333333333333, "support": 9.0}, "ds": {"precision": 0.875, "recall": 0.65625, "f1-score": 0.75, "support": 96.0}, "ed": {"precision": 0.0, "recall": 0.0, "f1-score": 0.0, "support": 2.0}}}