{"f1": 0.7153220488019345, "f1_macro": 0.6709867517991396, "precision": 0.7215077605321508, "recall": 0.7092414995640802, "accuracy": 0.6499302649930265, "threshold": 0.44999999999999996, "label_scores": {"Forum": {"precision": 0.9006211180124224, "recall": 0.6277056277056277, "f1-score": 0.7397959183673469, "support": 231.0}, "Information/Explanation": {"precision": 0.6291793313069909, "recall": 0.6216216216216216, "f1-score": 0.6253776435045317, "support": 333.0}, "Instruction": {"precision": 0.74, "recall": 0.30578512396694213, "f1-score": 0.43274853801169594, "support": 121.0}, "Legal": {"precision": 0.53125, "recall": 0.6538461538461539, "f1-score": 0.5862068965517242, "support": 26.0}, "News": {"precision": 0.7105263157894737, "recall": 0.8209459459459459, "f1-score": 0.761755485893417, "support": 296.0}, "Opinion/Argumentation": {"precision": 0.7193877551020408, "recall": 0.7775735294117647, "f1-score": 0.7473498233215548, "support": 544.0}, "Other": {"precision": 0.9049295774647887, "recall": 0.8741496598639455, "f1-score": 0.889273356401384, "support": 294.0}, "Promotion": {"precision": 0.63125, "recall": 0.8744588744588745, "f1-score": 0.7332123411978222, "support": 231.0}, "Prose/Lyrical": {"precision": 0.6442953020134228, "recall": 0.44036697247706424, "f1-score": 0.5231607629427792, "support": 218.0}}}