{"f1": 0.7677070828331333, "precision": 0.7827417380660955, "recall": 0.7532391048292109, "accuracy": 0.638646288209607, "pr_auc": 0.8200641422037896, "threshold": 0.44999999999999996, "label_scores": {"MT": {"precision": 0.8695652173913043, "recall": 0.7272727272727273, "f1-score": 0.792079207920792, "support": 110.0}, "LY": {"precision": 0.75, "recall": 0.42857142857142855, "f1-score": 0.5454545454545454, "support": 7.0}, "SP": {"precision": 0.6666666666666666, "recall": 0.46153846153846156, "f1-score": 0.5454545454545455, "support": 13.0}, "ID": {"precision": 0.6666666666666666, "recall": 0.2608695652173913, "f1-score": 0.37500000000000006, "support": 23.0}, "NA": {"precision": 0.8333333333333334, "recall": 0.9170305676855895, "f1-score": 0.8731808731808731, "support": 229.0}, "HI": {"precision": 0.65, "recall": 0.7878787878787878, "f1-score": 0.7123287671232875, "support": 33.0}, "IN": {"precision": 0.7241379310344828, "recall": 0.6810810810810811, "f1-score": 0.7019498607242339, "support": 185.0}, "OP": {"precision": 0.75, "recall": 0.5217391304347826, "f1-score": 0.6153846153846153, "support": 92.0}, "IP": {"precision": 0.7959866220735786, "recall": 0.8380281690140845, "f1-score": 0.816466552315609, "support": 284.0}, "it": {"precision": 1.0, "recall": 0.8571428571428571, "f1-score": 0.923076923076923, "support": 7.0}, "ne": {"precision": 0.8240740740740741, "recall": 0.9319371727748691, "f1-score": 0.8746928746928747, "support": 191.0}, "sr": {"precision": 0.7272727272727273, "recall": 0.5714285714285714, "f1-score": 0.64, "support": 14.0}, "nb": {"precision": 0.6190476190476191, "recall": 0.5652173913043478, "f1-score": 0.5909090909090909, "support": 23.0}, "re": {"precision": 1.0, "recall": 0.9523809523809523, "f1-score": 0.975609756097561, "support": 21.0}, "en": {"precision": 0.2, "recall": 0.5, "f1-score": 0.28571428571428575, "support": 4.0}, "ra": {"precision": 0.0, "recall": 0.0, "f1-score": 0.0, "support": 0.0}, "dtp": {"precision": 0.5652173913043478, "recall": 0.5652173913043478, "f1-score": 0.5652173913043478, "support": 46.0}, "fi": {"precision": 1.0, "recall": 0.3333333333333333, "f1-score": 0.5, "support": 3.0}, "lt": {"precision": 0.782608695652174, "recall": 0.6792452830188679, "f1-score": 0.7272727272727273, "support": 53.0}, "rv": {"precision": 0.6923076923076923, "recall": 0.2903225806451613, "f1-score": 0.4090909090909091, "support": 31.0}, "ob": {"precision": 0.5, "recall": 0.13636363636363635, "f1-score": 0.21428571428571427, "support": 22.0}, "rs": {"precision": 0.8181818181818182, "recall": 0.9, "f1-score": 0.8571428571428572, "support": 10.0}, "av": {"precision": 0.7272727272727273, "recall": 0.4, "f1-score": 0.5161290322580645, "support": 20.0}, "ds": {"precision": 0.8015873015873016, "recall": 0.8278688524590164, "f1-score": 0.814516129032258, "support": 244.0}, "ed": {"precision": 0.7142857142857143, "recall": 0.45454545454545453, "f1-score": 0.5555555555555556, "support": 33.0}}}