{"f1": 0.7592711682743837, "precision": 0.7829354553492485, "recall": 0.7369954223886808, "accuracy": 0.580177276390008, "pr_auc": 0.8234706949486983, "threshold": 0.44999999999999996, "label_scores": {"MT": {"precision": 0.9583333333333334, "recall": 0.71875, "f1-score": 0.8214285714285714, "support": 64.0}, "LY": {"precision": 0.9166666666666666, "recall": 0.8461538461538461, "f1-score": 0.8799999999999999, "support": 13.0}, "SP": {"precision": 0.8333333333333334, "recall": 0.3333333333333333, "f1-score": 0.47619047619047616, "support": 15.0}, "ID": {"precision": 0.9067796610169492, "recall": 0.8916666666666667, "f1-score": 0.8991596638655461, "support": 120.0}, "NA": {"precision": 0.7914110429447853, "recall": 0.7938461538461539, "f1-score": 0.7926267281105992, "support": 325.0}, "HI": {"precision": 0.7777777777777778, "recall": 0.5833333333333334, "f1-score": 0.6666666666666666, "support": 72.0}, "IN": {"precision": 0.8038585209003215, "recall": 0.78125, "f1-score": 0.7923930269413628, "support": 320.0}, "OP": {"precision": 0.768595041322314, "recall": 0.62, "f1-score": 0.6863468634686346, "support": 150.0}, "IP": {"precision": 0.7941952506596306, "recall": 0.7737789203084833, "f1-score": 0.7838541666666666, "support": 389.0}, "it": {"precision": 0.75, "recall": 0.375, "f1-score": 0.5, "support": 8.0}, "ne": {"precision": 0.751937984496124, "recall": 0.782258064516129, "f1-score": 0.766798418972332, "support": 124.0}, "sr": {"precision": 0.9090909090909091, "recall": 0.8695652173913043, "f1-score": 0.888888888888889, "support": 23.0}, "nb": {"precision": 0.7288135593220338, "recall": 0.671875, "f1-score": 0.6991869918699187, "support": 128.0}, "re": {"precision": 1.0, "recall": 0.7619047619047619, "f1-score": 0.8648648648648648, "support": 21.0}, "en": {"precision": 0.8333333333333334, "recall": 0.7352941176470589, "f1-score": 0.78125, "support": 34.0}, "ra": {"precision": 0.0, "recall": 0.0, "f1-score": 0.0, "support": 10.0}, "dtp": {"precision": 0.5958904109589042, "recall": 0.5838926174496645, "f1-score": 0.5898305084745764, "support": 149.0}, "fi": {"precision": 1.0, "recall": 0.8333333333333334, "f1-score": 0.9090909090909091, "support": 6.0}, "lt": {"precision": 0.75, "recall": 0.7894736842105263, "f1-score": 0.7692307692307692, "support": 38.0}, "rv": {"precision": 0.8833333333333333, "recall": 0.6973684210526315, "f1-score": 0.7794117647058824, "support": 76.0}, "ob": {"precision": 0.6538461538461539, "recall": 0.6296296296296297, "f1-score": 0.6415094339622641, "support": 27.0}, "rs": {"precision": 0.8333333333333334, "recall": 0.7142857142857143, "f1-score": 0.7692307692307692, "support": 7.0}, "av": {"precision": 0.7272727272727273, "recall": 0.2857142857142857, "f1-score": 0.4102564102564102, "support": 28.0}, "ds": {"precision": 0.7518248175182481, "recall": 0.8373983739837398, "f1-score": 0.7923076923076922, "support": 246.0}, "ed": {"precision": 0.0, "recall": 0.0, "f1-score": 0.0, "support": 10.0}}}