{"f1": 0.808364881918154, "precision": 0.8004284184219922, "recall": 0.8164603058994901, "accuracy": 0.6187161639597835, "pr_auc": 0.8716340832074011, "threshold": 0.39999999999999997, "label_scores": {"MT": {"precision": 0.9009009009009009, "recall": 0.8620689655172413, "f1-score": 0.881057268722467, "support": 116.0}, "LY": {"precision": 0.9, "recall": 0.6, "f1-score": 0.7200000000000001, "support": 15.0}, "SP": {"precision": 0.6666666666666666, "recall": 0.8571428571428571, "f1-score": 0.75, "support": 7.0}, "ID": {"precision": 0.78, "recall": 0.7647058823529411, "f1-score": 0.7722772277227723, "support": 51.0}, "NA": {"precision": 0.8553615960099751, "recall": 0.8727735368956743, "f1-score": 0.8639798488664987, "support": 393.0}, "HI": {"precision": 0.7101449275362319, "recall": 0.6282051282051282, "f1-score": 0.6666666666666667, "support": 78.0}, "IN": {"precision": 0.782016348773842, "recall": 0.849112426035503, "f1-score": 0.8141843971631205, "support": 338.0}, "OP": {"precision": 0.7411764705882353, "recall": 0.7682926829268293, "f1-score": 0.7544910179640718, "support": 164.0}, "IP": {"precision": 0.8295964125560538, "recall": 0.8685446009389671, "f1-score": 0.8486238532110092, "support": 426.0}, "it": {"precision": 0.625, "recall": 0.8333333333333334, "f1-score": 0.7142857142857143, "support": 6.0}, "ne": {"precision": 0.7934782608695652, "recall": 0.7684210526315789, "f1-score": 0.7807486631016043, "support": 95.0}, "sr": {"precision": 0.8333333333333334, "recall": 0.7142857142857143, "f1-score": 0.7692307692307692, "support": 14.0}, "nb": {"precision": 0.8307692307692308, "recall": 0.8780487804878049, "f1-score": 0.8537549407114625, "support": 246.0}, "re": {"precision": 0.8947368421052632, "recall": 0.9444444444444444, "f1-score": 0.918918918918919, "support": 18.0}, "en": {"precision": 0.9541984732824428, "recall": 0.9398496240601504, "f1-score": 0.9469696969696969, "support": 133.0}, "ra": {"precision": 0.0, "recall": 0.0, "f1-score": 0.0, "support": 1.0}, "dtp": {"precision": 0.4528301886792453, "recall": 0.5161290322580645, "f1-score": 0.4824120603015076, "support": 93.0}, "fi": {"precision": 1.0, "recall": 0.7, "f1-score": 0.8235294117647058, "support": 30.0}, "lt": {"precision": 0.8, "recall": 0.8421052631578947, "f1-score": 0.8205128205128205, "support": 38.0}, "rv": {"precision": 0.8307692307692308, "recall": 0.7941176470588235, "f1-score": 0.8120300751879699, "support": 68.0}, "ob": {"precision": 0.639344262295082, "recall": 0.7222222222222222, "f1-score": 0.6782608695652174, "support": 54.0}, "rs": {"precision": 1.0, "recall": 0.5555555555555556, "f1-score": 0.7142857142857143, "support": 9.0}, "av": {"precision": 0.75, "recall": 0.5555555555555556, "f1-score": 0.6382978723404256, "support": 27.0}, "ds": {"precision": 0.7713414634146342, "recall": 0.7981072555205048, "f1-score": 0.7844961240310078, "support": 317.0}, "ed": {"precision": 0.0, "recall": 0.0, "f1-score": 0.0, "support": 9.0}}}