{"f1": 0.6761521806371792, "f1_macro": 0.5325920431641606, "precision": 0.7120521172638437, "recall": 0.643698468786808, "accuracy": 0.5251091703056768, "threshold": 0.49999999999999994, "label_scores": {"MT": {"precision": 1.0, "recall": 0.33636363636363636, "f1-score": 0.5034013605442177, "support": 110.0}, "LY": {"precision": 1.0, "recall": 0.14285714285714285, "f1-score": 0.25, "support": 7.0}, "SP": {"precision": 1.0, "recall": 0.3076923076923077, "f1-score": 0.47058823529411764, "support": 13.0}, "ID": {"precision": 0.5555555555555556, "recall": 0.21739130434782608, "f1-score": 0.3125, "support": 23.0}, "NA": {"precision": 0.7003257328990228, "recall": 0.9388646288209607, "f1-score": 0.8022388059701492, "support": 229.0}, "HI": {"precision": 0.3698630136986301, "recall": 0.8181818181818182, "f1-score": 0.5094339622641509, "support": 33.0}, "IN": {"precision": 0.6927710843373494, "recall": 0.6216216216216216, "f1-score": 0.6552706552706552, "support": 185.0}, "OP": {"precision": 0.5909090909090909, "recall": 0.2826086956521739, "f1-score": 0.38235294117647056, "support": 92.0}, "IP": {"precision": 0.7584905660377359, "recall": 0.7077464788732394, "f1-score": 0.7322404371584698, "support": 284.0}, "it": {"precision": 1.0, "recall": 0.5714285714285714, "f1-score": 0.7272727272727273, "support": 7.0}, "ne": {"precision": 0.7555555555555555, "recall": 0.8900523560209425, "f1-score": 0.8173076923076924, "support": 191.0}, "sr": {"precision": 0.4583333333333333, "recall": 0.7857142857142857, "f1-score": 0.5789473684210527, "support": 14.0}, "nb": {"precision": 0.6666666666666666, "recall": 0.43478260869565216, "f1-score": 0.5263157894736841, "support": 23.0}, "re": {"precision": 0.9444444444444444, "recall": 0.8095238095238095, "f1-score": 0.8717948717948718, "support": 21.0}, "en": {"precision": 0.2, "recall": 0.5, "f1-score": 0.28571428571428575, "support": 4.0}, "ra": {"precision": 0.0, "recall": 0.0, "f1-score": 0.0, "support": 0.0}, "dtp": {"precision": 0.5641025641025641, "recall": 0.4782608695652174, "f1-score": 0.5176470588235293, "support": 46.0}, "fi": {"precision": 0.5, "recall": 0.3333333333333333, "f1-score": 0.4, "support": 3.0}, "lt": {"precision": 0.896551724137931, "recall": 0.49056603773584906, "f1-score": 0.6341463414634146, "support": 53.0}, "rv": {"precision": 0.6153846153846154, "recall": 0.25806451612903225, "f1-score": 0.36363636363636365, "support": 31.0}, "ob": {"precision": 0.16666666666666666, "recall": 0.045454545454545456, "f1-score": 0.07142857142857144, "support": 22.0}, "rs": {"precision": 0.8888888888888888, "recall": 0.8, "f1-score": 0.8421052631578948, "support": 10.0}, "av": {"precision": 0.6, "recall": 0.15, "f1-score": 0.24, "support": 20.0}, "ds": {"precision": 0.7782608695652173, "recall": 0.7336065573770492, "f1-score": 0.7552742616033755, "support": 244.0}, "ed": {"precision": 0.0, "recall": 0.0, "f1-score": 0.0, "support": 33.0}}}