{"f1": 0.6595744680851063, "f1_macro": 0.5440654134062116, "precision": 0.6843267108167771, "recall": 0.6365503080082136, "accuracy": 0.5949781659388647, "threshold": 0.49999999999999994, "label_scores": {"Forum": {"precision": 0.5555555555555556, "recall": 0.21739130434782608, "f1-score": 0.3125, "support": 23.0}, "Information/Explanation": {"precision": 0.562962962962963, "recall": 0.5891472868217055, "f1-score": 0.5757575757575758, "support": 129.0}, "Instruction": {"precision": 0.38666666666666666, "recall": 0.8055555555555556, "f1-score": 0.5225225225225225, "support": 36.0}, "Legal": {"precision": 0.896551724137931, "recall": 0.49056603773584906, "f1-score": 0.6341463414634146, "support": 53.0}, "News": {"precision": 0.7710843373493976, "recall": 0.9411764705882353, "f1-score": 0.847682119205298, "support": 204.0}, "Opinion/Argumentation": {"precision": 0.78, "recall": 0.2867647058823529, "f1-score": 0.4193548387096773, "support": 136.0}, "Other": {"precision": 1.0, "recall": 0.3333333333333333, "f1-score": 0.5, "support": 123.0}, "Promotion": {"precision": 0.7584905660377359, "recall": 0.8007968127490039, "f1-score": 0.7790697674418605, "support": 251.0}, "Prose/Lyrical": {"precision": 0.20754716981132076, "recall": 0.5789473684210527, "f1-score": 0.3055555555555556, "support": 19.0}}}