{"f1": 0.7236704326260678, "precision": 0.7289330520706118, "recall": 0.7184832567301379, "accuracy": 0.5142648134601316, "pr_auc": 0.8020200047771688, "threshold": 0.44999999999999996, "label_scores": {"MT": {"precision": 0.0, "recall": 0.0, "f1-score": 0.0, "support": 0.0}, "LY": {"precision": 0.9478260869565217, "recall": 0.8074074074074075, "f1-score": 0.8720000000000001, "support": 135.0}, "SP": {"precision": 0.7121212121212122, "recall": 0.6438356164383562, "f1-score": 0.6762589928057554, "support": 146.0}, "ID": {"precision": 0.8500772797527048, "recall": 0.8017492711370262, "f1-score": 0.8252063015753938, "support": 686.0}, "NA": {"precision": 0.8164887576652282, "recall": 0.8431050656660413, "f1-score": 0.8295834775585554, "support": 4264.0}, "HI": {"precision": 0.7301587301587301, "recall": 0.559610705596107, "f1-score": 0.6336088154269972, "support": 411.0}, "IN": {"precision": 0.6885485047410649, "recall": 0.7272727272727273, "f1-score": 0.7073810415886099, "support": 2596.0}, "OP": {"precision": 0.6309278350515464, "recall": 0.7186472522310944, "f1-score": 0.6719367588932805, "support": 2129.0}, "IP": {"precision": 0.6616541353383458, "recall": 0.43781094527363185, "f1-score": 0.5269461077844311, "support": 402.0}, "it": {"precision": 0.7272727272727273, "recall": 0.6923076923076923, "f1-score": 0.7093596059113301, "support": 104.0}, "ne": {"precision": 0.814945054945055, "recall": 0.7859262399321747, "f1-score": 0.8001726370306431, "support": 2359.0}, "sr": {"precision": 0.8788819875776398, "recall": 0.8913385826771654, "f1-score": 0.8850664581704456, "support": 635.0}, "nb": {"precision": 0.6814921090387375, "recall": 0.6578947368421053, "f1-score": 0.6694855532064834, "support": 722.0}, "re": {"precision": 0.8709677419354839, "recall": 0.7297297297297297, "f1-score": 0.7941176470588235, "support": 37.0}, "en": {"precision": 0.8181818181818182, "recall": 0.75, "f1-score": 0.7826086956521738, "support": 108.0}, "ra": {"precision": 0.8015873015873016, "recall": 0.5343915343915344, "f1-score": 0.6412698412698413, "support": 189.0}, "dtp": {"precision": 0.5386875612144956, "recall": 0.5045871559633027, "f1-score": 0.5210800568450971, "support": 1090.0}, "fi": {"precision": 0.8076923076923077, "recall": 0.30434782608695654, "f1-score": 0.4421052631578948, "support": 69.0}, "lt": {"precision": 0.7741935483870968, "recall": 0.6, "f1-score": 0.676056338028169, "support": 40.0}, "rv": {"precision": 0.7086419753086419, "recall": 0.6982968369829684, "f1-score": 0.7034313725490197, "support": 411.0}, "ob": {"precision": 0.5684430512016719, "recall": 0.5176022835394862, "f1-score": 0.5418326693227091, "support": 1051.0}, "rs": {"precision": 0.6702702702702703, "recall": 0.7898089171974523, "f1-score": 0.7251461988304094, "support": 157.0}, "av": {"precision": 0.5241379310344828, "recall": 0.3220338983050847, "f1-score": 0.3989501312335958, "support": 236.0}, "ds": {"precision": 0.6946902654867256, "recall": 0.5607142857142857, "f1-score": 0.6205533596837944, "support": 280.0}, "ed": {"precision": 0.0, "recall": 0.0, "f1-score": 0.0, "support": 19.0}}}