{"f1": 0.7700978938000593, "precision": 0.775851763299462, "recall": 0.7644287396937574, "accuracy": 0.6419213973799127, "pr_auc": 0.8201619320278013, "threshold": 0.44999999999999996, "label_scores": {"MT": {"precision": 0.8444444444444444, "recall": 0.6909090909090909, "f1-score": 0.7599999999999999, "support": 110.0}, "LY": {"precision": 0.6666666666666666, "recall": 0.5714285714285714, "f1-score": 0.6153846153846153, "support": 7.0}, "SP": {"precision": 0.875, "recall": 0.5384615384615384, "f1-score": 0.6666666666666667, "support": 13.0}, "ID": {"precision": 0.6923076923076923, "recall": 0.391304347826087, "f1-score": 0.5, "support": 23.0}, "NA": {"precision": 0.8836206896551724, "recall": 0.8951965065502183, "f1-score": 0.8893709327548807, "support": 229.0}, "HI": {"precision": 0.7575757575757576, "recall": 0.7575757575757576, "f1-score": 0.7575757575757576, "support": 33.0}, "IN": {"precision": 0.697560975609756, "recall": 0.772972972972973, "f1-score": 0.7333333333333334, "support": 185.0}, "OP": {"precision": 0.6067415730337079, "recall": 0.5869565217391305, "f1-score": 0.5966850828729282, "support": 92.0}, "IP": {"precision": 0.7755775577557755, "recall": 0.8274647887323944, "f1-score": 0.8006814310051107, "support": 284.0}, "it": {"precision": 1.0, "recall": 0.5714285714285714, "f1-score": 0.7272727272727273, "support": 7.0}, "ne": {"precision": 0.8826530612244898, "recall": 0.9057591623036649, "f1-score": 0.8940568475452197, "support": 191.0}, "sr": {"precision": 0.6923076923076923, "recall": 0.6428571428571429, "f1-score": 0.6666666666666666, "support": 14.0}, "nb": {"precision": 0.6818181818181818, "recall": 0.6521739130434783, "f1-score": 0.6666666666666666, "support": 23.0}, "re": {"precision": 0.9545454545454546, "recall": 1.0, "f1-score": 0.9767441860465117, "support": 21.0}, "en": {"precision": 0.6666666666666666, "recall": 0.5, "f1-score": 0.5714285714285715, "support": 4.0}, "ra": {"precision": 0.0, "recall": 0.0, "f1-score": 0.0, "support": 0.0}, "dtp": {"precision": 0.5714285714285714, "recall": 0.6086956521739131, "f1-score": 0.5894736842105263, "support": 46.0}, "fi": {"precision": 1.0, "recall": 0.3333333333333333, "f1-score": 0.5, "support": 3.0}, "lt": {"precision": 0.7954545454545454, "recall": 0.660377358490566, "f1-score": 0.7216494845360825, "support": 53.0}, "rv": {"precision": 0.4642857142857143, "recall": 0.41935483870967744, "f1-score": 0.44067796610169496, "support": 31.0}, "ob": {"precision": 0.3333333333333333, "recall": 0.2727272727272727, "f1-score": 0.3, "support": 22.0}, "rs": {"precision": 0.8, "recall": 0.8, "f1-score": 0.8000000000000002, "support": 10.0}, "av": {"precision": 0.7777777777777778, "recall": 0.35, "f1-score": 0.48275862068965514, "support": 20.0}, "ds": {"precision": 0.8015873015873016, "recall": 0.8278688524590164, "f1-score": 0.814516129032258, "support": 244.0}, "ed": {"precision": 0.6956521739130435, "recall": 0.48484848484848486, "f1-score": 0.5714285714285715, "support": 33.0}}}