{"f1": 0.7185478823283956, "f1_macro": 0.6735879121073816, "precision": 0.7205020920502092, "recall": 0.7166042446941323, "accuracy": 0.49476228847703463, "threshold": 0.39999999999999997, "label_scores": {"MT": {"precision": 0.8863636363636364, "recall": 0.609375, "f1-score": 0.7222222222222223, "support": 64.0}, "LY": {"precision": 1.0, "recall": 0.8461538461538461, "f1-score": 0.9166666666666666, "support": 13.0}, "SP": {"precision": 0.8571428571428571, "recall": 0.4, "f1-score": 0.5454545454545455, "support": 15.0}, "ID": {"precision": 0.9107142857142857, "recall": 0.85, "f1-score": 0.8793103448275861, "support": 120.0}, "NA": {"precision": 0.7974683544303798, "recall": 0.7753846153846153, "f1-score": 0.7862714508580344, "support": 325.0}, "HI": {"precision": 0.7258064516129032, "recall": 0.625, "f1-score": 0.6716417910447761, "support": 72.0}, "IN": {"precision": 0.5962343096234309, "recall": 0.890625, "f1-score": 0.7142857142857144, "support": 320.0}, "OP": {"precision": 0.6992481203007519, "recall": 0.62, "f1-score": 0.6572438162544169, "support": 150.0}, "IP": {"precision": 0.8795986622073578, "recall": 0.6760925449871465, "f1-score": 0.7645348837209303, "support": 389.0}, "it": {"precision": 1.0, "recall": 0.625, "f1-score": 0.7692307692307693, "support": 8.0}, "ne": {"precision": 0.6645161290322581, "recall": 0.8306451612903226, "f1-score": 0.7383512544802869, "support": 124.0}, "sr": {"precision": 0.875, "recall": 0.9130434782608695, "f1-score": 0.8936170212765957, "support": 23.0}, "nb": {"precision": 0.7558139534883721, "recall": 0.5078125, "f1-score": 0.6074766355140186, "support": 128.0}, "re": {"precision": 0.9444444444444444, "recall": 0.8095238095238095, "f1-score": 0.8717948717948718, "support": 21.0}, "en": {"precision": 0.8108108108108109, "recall": 0.8823529411764706, "f1-score": 0.8450704225352113, "support": 34.0}, "ra": {"precision": 0.3333333333333333, "recall": 0.2, "f1-score": 0.25, "support": 10.0}, "dtp": {"precision": 0.45320197044334976, "recall": 0.6174496644295302, "f1-score": 0.5227272727272727, "support": 149.0}, "fi": {"precision": 0.3333333333333333, "recall": 0.16666666666666666, "f1-score": 0.2222222222222222, "support": 6.0}, "lt": {"precision": 0.8, "recall": 0.631578947368421, "f1-score": 0.7058823529411765, "support": 38.0}, "rv": {"precision": 0.7727272727272727, "recall": 0.6710526315789473, "f1-score": 0.7183098591549295, "support": 76.0}, "ob": {"precision": 0.5357142857142857, "recall": 0.5555555555555556, "f1-score": 0.5454545454545454, "support": 27.0}, "rs": {"precision": 0.7777777777777778, "recall": 1.0, "f1-score": 0.8750000000000001, "support": 7.0}, "av": {"precision": 0.6, "recall": 0.10714285714285714, "f1-score": 0.18181818181818182, "support": 28.0}, "ds": {"precision": 0.7509881422924901, "recall": 0.7723577235772358, "f1-score": 0.7615230460921844, "support": 246.0}, "ed": {"precision": 0.0, "recall": 0.0, "f1-score": 0.0, "support": 10.0}}}