{"f1": 0.8025202520252025, "precision": 0.7935208259166964, "recall": 0.8117261471230881, "accuracy": 0.6133023975251354, "pr_auc": 0.8712550727577899, "threshold": 0.39999999999999997, "label_scores": {"MT": {"precision": 0.9230769230769231, "recall": 0.8275862068965517, "f1-score": 0.8727272727272727, "support": 116.0}, "LY": {"precision": 1.0, "recall": 0.6666666666666666, "f1-score": 0.8, "support": 15.0}, "SP": {"precision": 0.6666666666666666, "recall": 0.8571428571428571, "f1-score": 0.75, "support": 7.0}, "ID": {"precision": 0.7755102040816326, "recall": 0.7450980392156863, "f1-score": 0.76, "support": 51.0}, "NA": {"precision": 0.8634020618556701, "recall": 0.8524173027989822, "f1-score": 0.8578745198463509, "support": 393.0}, "HI": {"precision": 0.7183098591549296, "recall": 0.6538461538461539, "f1-score": 0.6845637583892618, "support": 78.0}, "IN": {"precision": 0.7406483790523691, "recall": 0.878698224852071, "f1-score": 0.803788903924222, "support": 338.0}, "OP": {"precision": 0.7192982456140351, "recall": 0.75, "f1-score": 0.7343283582089553, "support": 164.0}, "IP": {"precision": 0.8619854721549637, "recall": 0.8356807511737089, "f1-score": 0.8486293206197855, "support": 426.0}, "it": {"precision": 0.5714285714285714, "recall": 0.6666666666666666, "f1-score": 0.6153846153846153, "support": 6.0}, "ne": {"precision": 0.8202247191011236, "recall": 0.7684210526315789, "f1-score": 0.7934782608695652, "support": 95.0}, "sr": {"precision": 0.75, "recall": 0.6428571428571429, "f1-score": 0.6923076923076924, "support": 14.0}, "nb": {"precision": 0.8267716535433071, "recall": 0.8536585365853658, "f1-score": 0.84, "support": 246.0}, "re": {"precision": 0.9411764705882353, "recall": 0.8888888888888888, "f1-score": 0.9142857142857143, "support": 18.0}, "en": {"precision": 0.9338235294117647, "recall": 0.9548872180451128, "f1-score": 0.9442379182156134, "support": 133.0}, "ra": {"precision": 0.0, "recall": 0.0, "f1-score": 0.0, "support": 1.0}, "dtp": {"precision": 0.43103448275862066, "recall": 0.5376344086021505, "f1-score": 0.47846889952153104, "support": 93.0}, "fi": {"precision": 0.875, "recall": 0.7, "f1-score": 0.7777777777777777, "support": 30.0}, "lt": {"precision": 0.7272727272727273, "recall": 0.8421052631578947, "f1-score": 0.7804878048780488, "support": 38.0}, "rv": {"precision": 0.75, "recall": 0.7941176470588235, "f1-score": 0.7714285714285715, "support": 68.0}, "ob": {"precision": 0.6545454545454545, "recall": 0.6666666666666666, "f1-score": 0.6605504587155963, "support": 54.0}, "rs": {"precision": 0.6666666666666666, "recall": 0.6666666666666666, "f1-score": 0.6666666666666666, "support": 9.0}, "av": {"precision": 0.7058823529411765, "recall": 0.4444444444444444, "f1-score": 0.5454545454545455, "support": 27.0}, "ds": {"precision": 0.7910447761194029, "recall": 0.8359621451104101, "f1-score": 0.8128834355828221, "support": 317.0}, "ed": {"precision": 0.5, "recall": 0.2222222222222222, "f1-score": 0.30769230769230765, "support": 9.0}}}