{"f1": 0.741130820399113, "f1_macro": 0.6950363735319494, "precision": 0.7570781426953568, "recall": 0.7258414766558089, "accuracy": 0.599721059972106, "threshold": 0.44999999999999996, "label_scores": {"MT": {"precision": 0.9696969696969697, "recall": 0.927536231884058, "f1-score": 0.9481481481481481, "support": 276.0}, "LY": {"precision": 0.0, "recall": 0.0, "f1-score": 0.0, "support": 5.0}, "SP": {"precision": 0.0, "recall": 0.0, "f1-score": 0.0, "support": 18.0}, "ID": {"precision": 0.8359788359788359, "recall": 0.683982683982684, "f1-score": 0.7523809523809524, "support": 231.0}, "NA": {"precision": 0.7628635346756152, "recall": 0.9045092838196287, "f1-score": 0.8276699029126213, "support": 754.0}, "HI": {"precision": 0.723404255319149, "recall": 0.2905982905982906, "f1-score": 0.41463414634146345, "support": 117.0}, "IN": {"precision": 0.66189111747851, "recall": 0.638121546961326, "f1-score": 0.6497890295358649, "support": 362.0}, "OP": {"precision": 0.8023715415019763, "recall": 0.7147887323943662, "f1-score": 0.756052141527002, "support": 284.0}, "IP": {"precision": 0.7560975609756098, "recall": 0.7380952380952381, "f1-score": 0.746987951807229, "support": 252.0}, "it": {"precision": 0.0, "recall": 0.0, "f1-score": 0.0, "support": 13.0}, "ne": {"precision": 0.5791044776119403, "recall": 0.8622222222222222, "f1-score": 0.6928571428571428, "support": 225.0}, "sr": {"precision": 0.9516129032258065, "recall": 0.8309859154929577, "f1-score": 0.887218045112782, "support": 71.0}, "nb": {"precision": 0.7893175074183977, "recall": 0.7987987987987988, "f1-score": 0.7940298507462688, "support": 333.0}, "re": {"precision": 0.0, "recall": 0.0, "f1-score": 0.0, "support": 8.0}, "en": {"precision": 0.8461538461538461, "recall": 0.24444444444444444, "f1-score": 0.37931034482758624, "support": 45.0}, "ra": {"precision": 0.0, "recall": 0.0, "f1-score": 0.0, "support": 14.0}, "dtp": {"precision": 0.5409836065573771, "recall": 0.4852941176470588, "f1-score": 0.5116279069767442, "support": 136.0}, "fi": {"precision": 0.0, "recall": 0.0, "f1-score": 0.0, "support": 4.0}, "lt": {"precision": 0.0, "recall": 0.0, "f1-score": 0.0, "support": 26.0}, "rv": {"precision": 0.9058823529411765, "recall": 0.7064220183486238, "f1-score": 0.7938144329896907, "support": 109.0}, "ob": {"precision": 0.5333333333333333, "recall": 0.47058823529411764, "f1-score": 0.5, "support": 68.0}, "rs": {"precision": 0.9787234042553191, "recall": 0.5227272727272727, "f1-score": 0.6814814814814814, "support": 88.0}, "av": {"precision": 0.0, "recall": 0.0, "f1-score": 0.0, "support": 12.0}, "ds": {"precision": 0.7554585152838428, "recall": 0.8160377358490566, "f1-score": 0.7845804988662132, "support": 212.0}, "ed": {"precision": 0.0, "recall": 0.0, "f1-score": 0.0, "support": 21.0}}}