{"f1": 0.777405670908685, "f1_macro": 0.7496516784265945, "precision": 0.7967963386727689, "recall": 0.7589363557105493, "accuracy": 0.7312877731287774, "threshold": 0.49999999999999994, "label_scores": {"Forum": {"precision": 0.9285714285714286, "recall": 0.7316017316017316, "f1-score": 0.8184019370460048, "support": 231.0}, "Information/Explanation": {"precision": 0.7099697885196374, "recall": 0.7057057057057057, "f1-score": 0.7078313253012047, "support": 333.0}, "Instruction": {"precision": 0.7477477477477478, "recall": 0.6859504132231405, "f1-score": 0.7155172413793104, "support": 121.0}, "Legal": {"precision": 0.7222222222222222, "recall": 0.5, "f1-score": 0.5909090909090908, "support": 26.0}, "News": {"precision": 0.7068062827225131, "recall": 0.9121621621621622, "f1-score": 0.7964601769911505, "support": 296.0}, "Opinion/Argumentation": {"precision": 0.8559322033898306, "recall": 0.7426470588235294, "f1-score": 0.7952755905511811, "support": 544.0}, "Other": {"precision": 0.996268656716418, "recall": 0.9081632653061225, "f1-score": 0.9501779359430607, "support": 294.0}, "Promotion": {"precision": 0.8294930875576036, "recall": 0.7792207792207793, "f1-score": 0.8035714285714286, "support": 231.0}, "Prose/Lyrical": {"precision": 0.5882352941176471, "recall": 0.5504587155963303, "f1-score": 0.5687203791469195, "support": 218.0}}}