{"f1": 0.8153172866520789, "f1_macro": 0.8059719936748612, "precision": 0.8203434610303831, "recall": 0.8103523270987386, "accuracy": 0.7652254765225477, "threshold": 0.44999999999999996, "label_scores": {"MT": {"precision": 0.996268656716418, "recall": 0.967391304347826, "f1-score": 0.9816176470588235, "support": 276.0}, "LY": {"precision": 0.0, "recall": 0.0, "f1-score": 0.0, "support": 5.0}, "SP": {"precision": 0.0, "recall": 0.0, "f1-score": 0.0, "support": 18.0}, "ID": {"precision": 0.9197860962566845, "recall": 0.7445887445887446, "f1-score": 0.8229665071770335, "support": 231.0}, "NA": {"precision": 0.8205128205128205, "recall": 0.8912466843501327, "f1-score": 0.8544183089637636, "support": 754.0}, "HI": {"precision": 0.7049180327868853, "recall": 0.7350427350427351, "f1-score": 0.7196652719665272, "support": 117.0}, "IN": {"precision": 0.7181571815718157, "recall": 0.7320441988950276, "f1-score": 0.7250341997264023, "support": 362.0}, "OP": {"precision": 0.7821428571428571, "recall": 0.7711267605633803, "f1-score": 0.776595744680851, "support": 284.0}, "IP": {"precision": 0.8053097345132744, "recall": 0.7222222222222222, "f1-score": 0.7615062761506276, "support": 252.0}}}