{"f1": 0.7846112164725006, "precision": 0.7831260140616549, "recall": 0.7861020629750272, "accuracy": 0.6671315667131567, "pr_auc": 0.855006030140008, "threshold": 0.44999999999999996, "label_scores": {"MT": {"precision": 0.9854014598540146, "recall": 0.9782608695652174, "f1-score": 0.9818181818181817, "support": 276.0}, "LY": {"precision": 0.0, "recall": 0.0, "f1-score": 0.0, "support": 5.0}, "SP": {"precision": 0.6923076923076923, "recall": 0.5, "f1-score": 0.5806451612903226, "support": 18.0}, "ID": {"precision": 0.8755980861244019, "recall": 0.7922077922077922, "f1-score": 0.8318181818181819, "support": 231.0}, "NA": {"precision": 0.807372175980975, "recall": 0.9005305039787799, "f1-score": 0.85141065830721, "support": 754.0}, "HI": {"precision": 0.7875, "recall": 0.5384615384615384, "f1-score": 0.6395939086294417, "support": 117.0}, "IN": {"precision": 0.7439759036144579, "recall": 0.6823204419889503, "f1-score": 0.7118155619596541, "support": 362.0}, "OP": {"precision": 0.7306501547987616, "recall": 0.8309859154929577, "f1-score": 0.7775947281713343, "support": 284.0}, "IP": {"precision": 0.7922077922077922, "recall": 0.7261904761904762, "f1-score": 0.7577639751552795, "support": 252.0}, "it": {"precision": 1.0, "recall": 0.5384615384615384, "f1-score": 0.7000000000000001, "support": 13.0}, "ne": {"precision": 0.631578947368421, "recall": 0.8533333333333334, "f1-score": 0.725897920604915, "support": 225.0}, "sr": {"precision": 0.9142857142857143, "recall": 0.9014084507042254, "f1-score": 0.9078014184397163, "support": 71.0}, "nb": {"precision": 0.8072289156626506, "recall": 0.8048048048048048, "f1-score": 0.8060150375939851, "support": 333.0}, "re": {"precision": 0.8, "recall": 1.0, "f1-score": 0.888888888888889, "support": 8.0}, "en": {"precision": 0.6521739130434783, "recall": 0.6666666666666666, "f1-score": 0.6593406593406593, "support": 45.0}, "ra": {"precision": 1.0, "recall": 0.35714285714285715, "f1-score": 0.5263157894736842, "support": 14.0}, "dtp": {"precision": 0.5118110236220472, "recall": 0.47794117647058826, "f1-score": 0.494296577946768, "support": 136.0}, "fi": {"precision": 0.0, "recall": 0.0, "f1-score": 0.0, "support": 4.0}, "lt": {"precision": 0.8, "recall": 0.46153846153846156, "f1-score": 0.5853658536585367, "support": 26.0}, "rv": {"precision": 0.8421052631578947, "recall": 0.8807339449541285, "f1-score": 0.8609865470852017, "support": 109.0}, "ob": {"precision": 0.5306122448979592, "recall": 0.7647058823529411, "f1-score": 0.6265060240963856, "support": 68.0}, "rs": {"precision": 0.9523809523809523, "recall": 0.6818181818181818, "f1-score": 0.7947019867549667, "support": 88.0}, "av": {"precision": 0.0, "recall": 0.0, "f1-score": 0.0, "support": 12.0}, "ds": {"precision": 0.8226600985221675, "recall": 0.7877358490566038, "f1-score": 0.8048192771084337, "support": 212.0}, "ed": {"precision": 0.0, "recall": 0.0, "f1-score": 0.0, "support": 21.0}}}