{"f1": 0.7103808033385498, "precision": 0.6787280701754386, "recall": 0.7451302254322609, "accuracy": 0.46807398892256247, "pr_auc": 0.7823430874030296, "threshold": 0.39999999999999997, "label_scores": {"MT": {"precision": 0.0, "recall": 0.0, "f1-score": 0.0, "support": 0.0}, "LY": {"precision": 0.9711538461538461, "recall": 0.7481481481481481, "f1-score": 0.8451882845188284, "support": 135.0}, "SP": {"precision": 0.6666666666666666, "recall": 0.684931506849315, "f1-score": 0.6756756756756757, "support": 146.0}, "ID": {"precision": 0.8436532507739938, "recall": 0.7944606413994169, "f1-score": 0.8183183183183182, "support": 686.0}, "NA": {"precision": 0.7833784628202458, "recall": 0.8820356472795498, "f1-score": 0.8297848869277441, "support": 4264.0}, "HI": {"precision": 0.5770020533880903, "recall": 0.683698296836983, "f1-score": 0.6258351893095768, "support": 411.0}, "IN": {"precision": 0.6729445852951829, "recall": 0.7157164869029276, "f1-score": 0.6936718312488332, "support": 2596.0}, "OP": {"precision": 0.5646464646464646, "recall": 0.7876937529356506, "f1-score": 0.6577760345165719, "support": 2129.0}, "IP": {"precision": 0.5974025974025974, "recall": 0.4577114427860697, "f1-score": 0.5183098591549296, "support": 402.0}, "it": {"precision": 0.6557377049180327, "recall": 0.7692307692307693, "f1-score": 0.7079646017699115, "support": 104.0}, "ne": {"precision": 0.7707336523125997, "recall": 0.8194150063586265, "f1-score": 0.794329155537292, "support": 2359.0}, "sr": {"precision": 0.879746835443038, "recall": 0.8755905511811024, "f1-score": 0.877663772691397, "support": 635.0}, "nb": {"precision": 0.6343949044585987, "recall": 0.6897506925207756, "f1-score": 0.6609157266091572, "support": 722.0}, "re": {"precision": 0.7714285714285715, "recall": 0.7297297297297297, "f1-score": 0.75, "support": 37.0}, "en": {"precision": 0.5029239766081871, "recall": 0.7962962962962963, "f1-score": 0.6164874551971326, "support": 108.0}, "ra": {"precision": 0.8901098901098901, "recall": 0.42857142857142855, "f1-score": 0.5785714285714285, "support": 189.0}, "dtp": {"precision": 0.5043572984749455, "recall": 0.42477064220183486, "f1-score": 0.46115537848605576, "support": 1090.0}, "fi": {"precision": 0.6666666666666666, "recall": 0.028985507246376812, "f1-score": 0.05555555555555555, "support": 69.0}, "lt": {"precision": 0.696969696969697, "recall": 0.575, "f1-score": 0.6301369863013698, "support": 40.0}, "rv": {"precision": 0.6340956340956341, "recall": 0.7420924574209246, "f1-score": 0.6838565022421523, "support": 411.0}, "ob": {"precision": 0.48010973936899864, "recall": 0.6660323501427212, "f1-score": 0.5579912315663612, "support": 1051.0}, "rs": {"precision": 0.7243589743589743, "recall": 0.7197452229299363, "f1-score": 0.7220447284345047, "support": 157.0}, "av": {"precision": 0.44751381215469616, "recall": 0.3432203389830508, "f1-score": 0.3884892086330935, "support": 236.0}, "ds": {"precision": 0.652, "recall": 0.5821428571428572, "f1-score": 0.6150943396226415, "support": 280.0}, "ed": {"precision": 0.0, "recall": 0.0, "f1-score": 0.0, "support": 19.0}}}