{"f1": 0.8024507983661345, "precision": 0.8185606060606061, "recall": 0.7869628550619082, "accuracy": 0.6125290023201856, "pr_auc": 0.8753157005909206, "threshold": 0.44999999999999996, "label_scores": {"MT": {"precision": 0.9272727272727272, "recall": 0.8793103448275862, "f1-score": 0.902654867256637, "support": 116.0}, "LY": {"precision": 0.875, "recall": 0.4666666666666667, "f1-score": 0.608695652173913, "support": 15.0}, "SP": {"precision": 0.8, "recall": 0.5714285714285714, "f1-score": 0.6666666666666666, "support": 7.0}, "ID": {"precision": 0.8717948717948718, "recall": 0.6666666666666666, "f1-score": 0.7555555555555555, "support": 51.0}, "NA": {"precision": 0.8664921465968587, "recall": 0.8422391857506362, "f1-score": 0.8541935483870968, "support": 393.0}, "HI": {"precision": 0.8235294117647058, "recall": 0.5384615384615384, "f1-score": 0.6511627906976744, "support": 78.0}, "IN": {"precision": 0.7955182072829131, "recall": 0.8402366863905325, "f1-score": 0.8172661870503597, "support": 338.0}, "OP": {"precision": 0.6818181818181818, "recall": 0.7317073170731707, "f1-score": 0.7058823529411764, "support": 164.0}, "IP": {"precision": 0.8602409638554217, "recall": 0.8380281690140845, "f1-score": 0.8489892984542211, "support": 426.0}, "it": {"precision": 0.75, "recall": 0.5, "f1-score": 0.6, "support": 6.0}, "ne": {"precision": 0.8192771084337349, "recall": 0.7157894736842105, "f1-score": 0.7640449438202247, "support": 95.0}, "sr": {"precision": 0.7142857142857143, "recall": 0.7142857142857143, "f1-score": 0.7142857142857143, "support": 14.0}, "nb": {"precision": 0.8380566801619433, "recall": 0.8414634146341463, "f1-score": 0.8397565922920892, "support": 246.0}, "re": {"precision": 0.8888888888888888, "recall": 0.8888888888888888, "f1-score": 0.8888888888888888, "support": 18.0}, "en": {"precision": 0.9323308270676691, "recall": 0.9323308270676691, "f1-score": 0.9323308270676691, "support": 133.0}, "ra": {"precision": 0.0, "recall": 0.0, "f1-score": 0.0, "support": 1.0}, "dtp": {"precision": 0.5507246376811594, "recall": 0.40860215053763443, "f1-score": 0.4691358024691358, "support": 93.0}, "fi": {"precision": 1.0, "recall": 0.7, "f1-score": 0.8235294117647058, "support": 30.0}, "lt": {"precision": 0.7631578947368421, "recall": 0.7631578947368421, "f1-score": 0.7631578947368421, "support": 38.0}, "rv": {"precision": 0.6962025316455697, "recall": 0.8088235294117647, "f1-score": 0.7482993197278912, "support": 68.0}, "ob": {"precision": 0.7551020408163265, "recall": 0.6851851851851852, "f1-score": 0.7184466019417475, "support": 54.0}, "rs": {"precision": 0.8333333333333334, "recall": 0.5555555555555556, "f1-score": 0.6666666666666667, "support": 9.0}, "av": {"precision": 0.6, "recall": 0.4444444444444444, "f1-score": 0.5106382978723405, "support": 27.0}, "ds": {"precision": 0.8241042345276873, "recall": 0.7981072555205048, "f1-score": 0.8108974358974359, "support": 317.0}, "ed": {"precision": 0.2222222222222222, "recall": 0.2222222222222222, "f1-score": 0.2222222222222222, "support": 9.0}}}