{"f1": 0.6747720364741641, "precision": 0.6568047337278107, "recall": 0.69375, "accuracy": 0.39705882352941174, "pr_auc": 0.7399415995847862, "threshold": 0.3, "label_scores": {"MT": {"precision": 1.0, "recall": 0.5, "f1-score": 0.6666666666666666, "support": 2.0}, "LY": {"precision": 1.0, "recall": 0.3333333333333333, "f1-score": 0.5, "support": 3.0}, "SP": {"precision": 0.0, "recall": 0.0, "f1-score": 0.0, "support": 1.0}, "ID": {"precision": 0.0, "recall": 0.0, "f1-score": 0.0, "support": 0.0}, "NA": {"precision": 0.7916666666666666, "recall": 0.95, "f1-score": 0.8636363636363635, "support": 20.0}, "HI": {"precision": 0.8, "recall": 0.6666666666666666, "f1-score": 0.7272727272727272, "support": 6.0}, "IN": {"precision": 0.7692307692307693, "recall": 0.625, "f1-score": 0.6896551724137931, "support": 16.0}, "OP": {"precision": 0.6428571428571429, "recall": 0.47368421052631576, "f1-score": 0.5454545454545454, "support": 19.0}, "IP": {"precision": 0.5806451612903226, "recall": 0.782608695652174, "f1-score": 0.6666666666666667, "support": 23.0}, "it": {"precision": 0.0, "recall": 0.0, "f1-score": 0.0, "support": 0.0}, "ne": {"precision": 0.8888888888888888, "recall": 0.9411764705882353, "f1-score": 0.9142857142857143, "support": 17.0}, "sr": {"precision": 0.6, "recall": 0.6, "f1-score": 0.6, "support": 5.0}, "nb": {"precision": 0.0, "recall": 0.0, "f1-score": 0.0, "support": 0.0}, "re": {"precision": 0.0, "recall": 0.0, "f1-score": 0.0, "support": 0.0}, "en": {"precision": 0.0, "recall": 0.0, "f1-score": 0.0, "support": 1.0}, "ra": {"precision": 0.0, "recall": 0.0, "f1-score": 0.0, "support": 0.0}, "dtp": {"precision": 0.5, "recall": 0.3076923076923077, "f1-score": 0.380952380952381, "support": 13.0}, "fi": {"precision": 0.0, "recall": 0.0, "f1-score": 0.0, "support": 0.0}, "lt": {"precision": 1.0, "recall": 1.0, "f1-score": 1.0, "support": 1.0}, "rv": {"precision": 0.3333333333333333, "recall": 1.0, "f1-score": 0.5, "support": 1.0}, "ob": {"precision": 0.3333333333333333, "recall": 1.0, "f1-score": 0.5, "support": 1.0}, "rs": {"precision": 0.0, "recall": 0.0, "f1-score": 0.0, "support": 0.0}, "av": {"precision": 0.8333333333333334, "recall": 0.625, "f1-score": 0.7142857142857143, "support": 8.0}, "ds": {"precision": 0.68, "recall": 0.85, "f1-score": 0.7555555555555556, "support": 20.0}, "ed": {"precision": 0.25, "recall": 0.3333333333333333, "f1-score": 0.28571428571428575, "support": 3.0}}}