{"f1": 0.6260332258326784, "precision": 0.6202008269344359, "recall": 0.6319763624425476, "accuracy": 0.4264813460131675, "pr_auc": 0.6361460578088536, "threshold": 0.44999999999999996, "label_scores": {"MT": {"precision": 0.0, "recall": 0.0, "f1-score": 0.0, "support": 0.0}, "LY": {"precision": 0.9514563106796117, "recall": 0.725925925925926, "f1-score": 0.823529411764706, "support": 135.0}, "SP": {"precision": 0.6346153846153846, "recall": 0.678082191780822, "f1-score": 0.6556291390728477, "support": 146.0}, "ID": {"precision": 0.8647166361974405, "recall": 0.6895043731778425, "f1-score": 0.7672343876723439, "support": 686.0}, "NA": {"precision": 0.7745445942748994, "recall": 0.7678236397748592, "f1-score": 0.7711694735602402, "support": 4264.0}, "HI": {"precision": 0.6286644951140065, "recall": 0.46958637469586373, "f1-score": 0.5376044568245125, "support": 411.0}, "IN": {"precision": 0.7769652650822669, "recall": 0.4911402157164869, "f1-score": 0.6018409251829124, "support": 2596.0}, "OP": {"precision": 0.5477119545938276, "recall": 0.7252231094410522, "f1-score": 0.624090541632983, "support": 2129.0}, "IP": {"precision": 0.21166666666666667, "recall": 0.6318407960199005, "f1-score": 0.317103620474407, "support": 402.0}, "it": {"precision": 0.6785714285714286, "recall": 0.7307692307692307, "f1-score": 0.7037037037037038, "support": 104.0}, "ne": {"precision": 0.8660714285714286, "recall": 0.6167867740568037, "f1-score": 0.7204753651894034, "support": 2359.0}, "sr": {"precision": 0.9288537549407114, "recall": 0.7401574803149606, "f1-score": 0.8238387379491673, "support": 635.0}, "nb": {"precision": 0.41403508771929826, "recall": 0.817174515235457, "f1-score": 0.5496040987424313, "support": 722.0}, "re": {"precision": 0.7631578947368421, "recall": 0.7837837837837838, "f1-score": 0.7733333333333334, "support": 37.0}, "en": {"precision": 0.6071428571428571, "recall": 0.7870370370370371, "f1-score": 0.685483870967742, "support": 108.0}, "ra": {"precision": 0.0, "recall": 0.0, "f1-score": 0.0, "support": 189.0}, "dtp": {"precision": 0.4828101644245142, "recall": 0.2963302752293578, "f1-score": 0.3672541216600341, "support": 1090.0}, "fi": {"precision": 0.6470588235294118, "recall": 0.3188405797101449, "f1-score": 0.42718446601941745, "support": 69.0}, "lt": {"precision": 0.6, "recall": 0.675, "f1-score": 0.6352941176470589, "support": 40.0}, "rv": {"precision": 0.4556291390728477, "recall": 0.8369829683698297, "f1-score": 0.5900514579759862, "support": 411.0}, "ob": {"precision": 0.5223713646532439, "recall": 0.44433872502378685, "f1-score": 0.4802056555269923, "support": 1051.0}, "rs": {"precision": 0.6206896551724138, "recall": 0.802547770700637, "f1-score": 0.7, "support": 157.0}, "av": {"precision": 0.3294663573085847, "recall": 0.6016949152542372, "f1-score": 0.4257871064467766, "support": 236.0}, "ds": {"precision": 0.3683127572016461, "recall": 0.6392857142857142, "f1-score": 0.46736292428198434, "support": 280.0}, "ed": {"precision": 0.02857142857142857, "recall": 0.2631578947368421, "f1-score": 0.05154639175257732, "support": 19.0}}}