{"f1": 0.7693211871877755, "precision": 0.7677419354838709, "recall": 0.7709069493521791, "accuracy": 0.6266375545851528, "pr_auc": 0.8235756996158676, "threshold": 0.44999999999999996, "label_scores": {"MT": {"precision": 0.8690476190476191, "recall": 0.6636363636363637, "f1-score": 0.752577319587629, "support": 110.0}, "LY": {"precision": 0.6666666666666666, "recall": 0.2857142857142857, "f1-score": 0.4, "support": 7.0}, "SP": {"precision": 1.0, "recall": 0.5384615384615384, "f1-score": 0.7000000000000001, "support": 13.0}, "ID": {"precision": 0.8, "recall": 0.17391304347826086, "f1-score": 0.2857142857142857, "support": 23.0}, "NA": {"precision": 0.8666666666666667, "recall": 0.9082969432314411, "f1-score": 0.8869936034115139, "support": 229.0}, "HI": {"precision": 0.8, "recall": 0.7272727272727273, "f1-score": 0.761904761904762, "support": 33.0}, "IN": {"precision": 0.7093596059113301, "recall": 0.7783783783783784, "f1-score": 0.7422680412371134, "support": 185.0}, "OP": {"precision": 0.6161616161616161, "recall": 0.6630434782608695, "f1-score": 0.6387434554973822, "support": 92.0}, "IP": {"precision": 0.7784810126582279, "recall": 0.8661971830985915, "f1-score": 0.82, "support": 284.0}, "it": {"precision": 1.0, "recall": 0.5714285714285714, "f1-score": 0.7272727272727273, "support": 7.0}, "ne": {"precision": 0.8514851485148515, "recall": 0.900523560209424, "f1-score": 0.8753180661577609, "support": 191.0}, "sr": {"precision": 0.75, "recall": 0.6428571428571429, "f1-score": 0.6923076923076924, "support": 14.0}, "nb": {"precision": 0.65, "recall": 0.5652173913043478, "f1-score": 0.6046511627906976, "support": 23.0}, "re": {"precision": 0.9545454545454546, "recall": 1.0, "f1-score": 0.9767441860465117, "support": 21.0}, "en": {"precision": 0.4, "recall": 0.5, "f1-score": 0.4444444444444445, "support": 4.0}, "ra": {"precision": 0.0, "recall": 0.0, "f1-score": 0.0, "support": 0.0}, "dtp": {"precision": 0.55, "recall": 0.4782608695652174, "f1-score": 0.5116279069767442, "support": 46.0}, "fi": {"precision": 1.0, "recall": 0.3333333333333333, "f1-score": 0.5, "support": 3.0}, "lt": {"precision": 0.8, "recall": 0.6792452830188679, "f1-score": 0.7346938775510203, "support": 53.0}, "rv": {"precision": 0.3783783783783784, "recall": 0.45161290322580644, "f1-score": 0.411764705882353, "support": 31.0}, "ob": {"precision": 0.09090909090909091, "recall": 0.045454545454545456, "f1-score": 0.060606060606060615, "support": 22.0}, "rs": {"precision": 0.8, "recall": 0.8, "f1-score": 0.8000000000000002, "support": 10.0}, "av": {"precision": 0.7857142857142857, "recall": 0.55, "f1-score": 0.6470588235294117, "support": 20.0}, "ds": {"precision": 0.7832699619771863, "recall": 0.8442622950819673, "f1-score": 0.8126232741617359, "support": 244.0}, "ed": {"precision": 0.625, "recall": 0.6060606060606061, "f1-score": 0.6153846153846154, "support": 33.0}}}