{"f1": 0.7133295085102315, "f1_macro": 0.6296004785974242, "precision": 0.7511075312122433, "recall": 0.679169701383831, "accuracy": 0.4508894044856922, "threshold": 0.39999999999999997, "label_scores": {"MT": {"precision": 0.9010989010989011, "recall": 0.7068965517241379, "f1-score": 0.7922705314009661, "support": 116.0}, "LY": {"precision": 0.0, "recall": 0.0, "f1-score": 0.0, "support": 15.0}, "SP": {"precision": 0.0, "recall": 0.0, "f1-score": 0.0, "support": 7.0}, "ID": {"precision": 0.0, "recall": 0.0, "f1-score": 0.0, "support": 51.0}, "NA": {"precision": 0.78125, "recall": 0.8269720101781171, "f1-score": 0.8034610630407911, "support": 393.0}, "HI": {"precision": 0.42105263157894735, "recall": 0.10256410256410256, "f1-score": 0.16494845360824742, "support": 78.0}, "IN": {"precision": 0.7403314917127072, "recall": 0.7928994082840237, "f1-score": 0.7657142857142857, "support": 338.0}, "OP": {"precision": 0.6535947712418301, "recall": 0.6097560975609756, "f1-score": 0.6309148264984227, "support": 164.0}, "IP": {"precision": 0.7815845824411135, "recall": 0.8568075117370892, "f1-score": 0.8174692049272116, "support": 426.0}, "it": {"precision": 0.0, "recall": 0.0, "f1-score": 0.0, "support": 6.0}, "ne": {"precision": 0.9130434782608695, "recall": 0.22105263157894736, "f1-score": 0.3559322033898305, "support": 95.0}, "sr": {"precision": 0.0, "recall": 0.0, "f1-score": 0.0, "support": 14.0}, "nb": {"precision": 0.7490494296577946, "recall": 0.8008130081300813, "f1-score": 0.7740667976424361, "support": 246.0}, "re": {"precision": 0.0, "recall": 0.0, "f1-score": 0.0, "support": 18.0}, "en": {"precision": 0.8456375838926175, "recall": 0.9473684210526315, "f1-score": 0.8936170212765957, "support": 133.0}, "ra": {"precision": 0.0, "recall": 0.0, "f1-score": 0.0, "support": 1.0}, "dtp": {"precision": 0.3235294117647059, "recall": 0.11827956989247312, "f1-score": 0.1732283464566929, "support": 93.0}, "fi": {"precision": 1.0, "recall": 0.5666666666666667, "f1-score": 0.7234042553191489, "support": 30.0}, "lt": {"precision": 0.72, "recall": 0.47368421052631576, "f1-score": 0.5714285714285714, "support": 38.0}, "rv": {"precision": 0.8421052631578947, "recall": 0.47058823529411764, "f1-score": 0.6037735849056604, "support": 68.0}, "ob": {"precision": 0.725, "recall": 0.5370370370370371, "f1-score": 0.6170212765957447, "support": 54.0}, "rs": {"precision": 0.0, "recall": 0.0, "f1-score": 0.0, "support": 9.0}, "av": {"precision": 0.0, "recall": 0.0, "f1-score": 0.0, "support": 27.0}, "ds": {"precision": 0.689119170984456, "recall": 0.8391167192429022, "f1-score": 0.7567567567567568, "support": 317.0}, "ed": {"precision": 0.0, "recall": 0.0, "f1-score": 0.0, "support": 9.0}}}