{"f1": 0.8934480476505625, "f1_macro": 0.8283879581790403, "precision": 0.9177430319510537, "recall": 0.8704061895551257, "accuracy": 0.7652933832709113, "threshold": 0.44999999999999996, "label_scores": {"MT": {"precision": 0.9, "recall": 0.8653846153846154, "f1-score": 0.8823529411764707, "support": 52.0}, "LY": {"precision": 0.8571428571428571, "recall": 0.75, "f1-score": 0.7999999999999999, "support": 8.0}, "SP": {"precision": 0.8333333333333334, "recall": 0.8333333333333334, "f1-score": 0.8333333333333334, "support": 6.0}, "ID": {"precision": 0.9382716049382716, "recall": 0.9743589743589743, "f1-score": 0.9559748427672956, "support": 78.0}, "NA": {"precision": 0.8949771689497716, "recall": 0.9074074074074074, "f1-score": 0.9011494252873563, "support": 216.0}, "HI": {"precision": 0.8222222222222222, "recall": 0.7872340425531915, "f1-score": 0.8043478260869565, "support": 47.0}, "IN": {"precision": 0.9289617486338798, "recall": 0.9090909090909091, "f1-score": 0.9189189189189189, "support": 187.0}, "OP": {"precision": 0.921875, "recall": 0.7866666666666666, "f1-score": 0.8489208633093526, "support": 75.0}, "IP": {"precision": 0.9262295081967213, "recall": 0.9149797570850202, "f1-score": 0.9205702647657841, "support": 247.0}, "it": {"precision": 1.0, "recall": 0.6666666666666666, "f1-score": 0.8, "support": 6.0}, "ne": {"precision": 0.9418604651162791, "recall": 0.8617021276595744, "f1-score": 0.8999999999999999, "support": 94.0}, "sr": {"precision": 0.9411764705882353, "recall": 0.8888888888888888, "f1-score": 0.9142857142857143, "support": 18.0}, "nb": {"precision": 0.9577464788732394, "recall": 0.8192771084337349, "f1-score": 0.8831168831168831, "support": 83.0}, "re": {"precision": 1.0, "recall": 1.0, "f1-score": 1.0, "support": 12.0}, "en": {"precision": 0.8780487804878049, "recall": 0.9473684210526315, "f1-score": 0.9113924050632912, "support": 38.0}, "ra": {"precision": 1.0, "recall": 0.25, "f1-score": 0.4, "support": 4.0}, "dtp": {"precision": 0.8160919540229885, "recall": 0.8352941176470589, "f1-score": 0.8255813953488372, "support": 85.0}, "fi": {"precision": 1.0, "recall": 0.7777777777777778, "f1-score": 0.8750000000000001, "support": 9.0}, "lt": {"precision": 0.8666666666666667, "recall": 0.6842105263157895, "f1-score": 0.7647058823529413, "support": 19.0}, "rv": {"precision": 0.96875, "recall": 0.8611111111111112, "f1-score": 0.911764705882353, "support": 36.0}, "ob": {"precision": 0.8571428571428571, "recall": 0.42857142857142855, "f1-score": 0.5714285714285714, "support": 14.0}, "rs": {"precision": 0.75, "recall": 0.6, "f1-score": 0.6666666666666665, "support": 5.0}, "av": {"precision": 0.8, "recall": 0.5714285714285714, "f1-score": 0.6666666666666666, "support": 14.0}, "ds": {"precision": 0.9774011299435028, "recall": 0.8781725888324873, "f1-score": 0.9251336898395722, "support": 197.0}, "ed": {"precision": 0.0, "recall": 0.0, "f1-score": 0.0, "support": 1.0}}}