{"f1": 0.6860061287027579, "f1_macro": 0.5416871261424936, "precision": 0.6737560192616372, "recall": 0.6987099459009571, "accuracy": 0.4254633360193392, "threshold": 0.35, "label_scores": {"MT": {"precision": 0.82, "recall": 0.640625, "f1-score": 0.7192982456140351, "support": 64.0}, "LY": {"precision": 0.0, "recall": 0.0, "f1-score": 0.0, "support": 13.0}, "SP": {"precision": 1.0, "recall": 0.06666666666666667, "f1-score": 0.125, "support": 15.0}, "ID": {"precision": 0.8387096774193549, "recall": 0.8666666666666667, "f1-score": 0.8524590163934426, "support": 120.0}, "NA": {"precision": 0.7275362318840579, "recall": 0.7723076923076924, "f1-score": 0.7492537313432835, "support": 325.0}, "HI": {"precision": 0.5882352941176471, "recall": 0.4166666666666667, "f1-score": 0.48780487804878053, "support": 72.0}, "IN": {"precision": 0.7047353760445683, "recall": 0.790625, "f1-score": 0.7452135493372607, "support": 320.0}, "OP": {"precision": 0.5843373493975904, "recall": 0.6466666666666666, "f1-score": 0.6139240506329114, "support": 150.0}, "IP": {"precision": 0.7505882352941177, "recall": 0.8200514138817481, "f1-score": 0.7837837837837838, "support": 389.0}, "it": {"precision": 1.0, "recall": 0.125, "f1-score": 0.2222222222222222, "support": 8.0}, "ne": {"precision": 0.632258064516129, "recall": 0.7903225806451613, "f1-score": 0.7025089605734767, "support": 124.0}, "sr": {"precision": 1.0, "recall": 0.17391304347826086, "f1-score": 0.29629629629629634, "support": 23.0}, "nb": {"precision": 0.6349206349206349, "recall": 0.625, "f1-score": 0.6299212598425197, "support": 128.0}, "re": {"precision": 1.0, "recall": 0.38095238095238093, "f1-score": 0.5517241379310345, "support": 21.0}, "en": {"precision": 0.6136363636363636, "recall": 0.7941176470588235, "f1-score": 0.6923076923076923, "support": 34.0}, "ra": {"precision": 0.0, "recall": 0.0, "f1-score": 0.0, "support": 10.0}, "dtp": {"precision": 0.43577981651376146, "recall": 0.6375838926174496, "f1-score": 0.5177111716621253, "support": 149.0}, "fi": {"precision": 0.0, "recall": 0.0, "f1-score": 0.0, "support": 6.0}, "lt": {"precision": 1.0, "recall": 0.05263157894736842, "f1-score": 0.1, "support": 38.0}, "rv": {"precision": 0.8360655737704918, "recall": 0.6710526315789473, "f1-score": 0.7445255474452555, "support": 76.0}, "ob": {"precision": 0.29411764705882354, "recall": 0.18518518518518517, "f1-score": 0.22727272727272727, "support": 27.0}, "rs": {"precision": 0.0, "recall": 0.0, "f1-score": 0.0, "support": 7.0}, "av": {"precision": 0.4444444444444444, "recall": 0.2857142857142857, "f1-score": 0.34782608695652173, "support": 28.0}, "ds": {"precision": 0.6435331230283912, "recall": 0.8292682926829268, "f1-score": 0.724689165186501, "support": 246.0}, "ed": {"precision": 0.0, "recall": 0.0, "f1-score": 0.0, "support": 10.0}}}