{"f1": 0.7934629473091012, "precision": 0.824838898652607, "recall": 0.7643865363735071, "accuracy": 0.6889818688981869, "threshold": 0.5499999999999999, "label_scores": {"MT": {"precision": 0.989010989010989, "recall": 0.9782608695652174, "f1-score": 0.9836065573770493, "support": 276.0}, "LY": {"precision": 0.0, "recall": 0.0, "f1-score": 0.0, "support": 5.0}, "SP": {"precision": 0.0, "recall": 0.0, "f1-score": 0.0, "support": 18.0}, "ID": {"precision": 0.9281767955801105, "recall": 0.7272727272727273, "f1-score": 0.8155339805825242, "support": 231.0}, "NA": {"precision": 0.8370927318295739, "recall": 0.8859416445623343, "f1-score": 0.8608247422680413, "support": 754.0}, "HI": {"precision": 0.7875, "recall": 0.5384615384615384, "f1-score": 0.6395939086294417, "support": 117.0}, "IN": {"precision": 0.7463556851311953, "recall": 0.7071823204419889, "f1-score": 0.7262411347517731, "support": 362.0}, "OP": {"precision": 0.8675213675213675, "recall": 0.7147887323943662, "f1-score": 0.7837837837837839, "support": 284.0}, "IP": {"precision": 0.8125, "recall": 0.7222222222222222, "f1-score": 0.7647058823529411, "support": 252.0}, "it": {"precision": 0.0, "recall": 0.0, "f1-score": 0.0, "support": 13.0}, "ne": {"precision": 0.6838487972508591, "recall": 0.8844444444444445, "f1-score": 0.7713178294573645, "support": 225.0}, "sr": {"precision": 0.9552238805970149, "recall": 0.9014084507042254, "f1-score": 0.927536231884058, "support": 71.0}, "nb": {"precision": 0.8414239482200647, "recall": 0.7807807807807807, "f1-score": 0.8099688473520249, "support": 333.0}, "re": {"precision": 1.0, "recall": 0.5, "f1-score": 0.6666666666666666, "support": 8.0}, "en": {"precision": 0.8620689655172413, "recall": 0.5555555555555556, "f1-score": 0.6756756756756757, "support": 45.0}, "ra": {"precision": 0.875, "recall": 0.5, "f1-score": 0.6363636363636364, "support": 14.0}, "dtp": {"precision": 0.6, "recall": 0.5735294117647058, "f1-score": 0.5864661654135338, "support": 136.0}, "fi": {"precision": 0.0, "recall": 0.0, "f1-score": 0.0, "support": 4.0}, "lt": {"precision": 0.7142857142857143, "recall": 0.38461538461538464, "f1-score": 0.5, "support": 26.0}, "rv": {"precision": 0.89, "recall": 0.8165137614678899, "f1-score": 0.8516746411483254, "support": 109.0}, "ob": {"precision": 0.7272727272727273, "recall": 0.47058823529411764, "f1-score": 0.5714285714285714, "support": 68.0}, "rs": {"precision": 0.927536231884058, "recall": 0.7272727272727273, "f1-score": 0.8152866242038217, "support": 88.0}, "av": {"precision": 0.0, "recall": 0.0, "f1-score": 0.0, "support": 12.0}, "ds": {"precision": 0.8055555555555556, "recall": 0.8207547169811321, "f1-score": 0.8130841121495328, "support": 212.0}, "ed": {"precision": 0.0, "recall": 0.0, "f1-score": 0.0, "support": 21.0}}}