{"f1": 0.7808404880253051, "f1_macro": 0.7349274816296663, "precision": 0.8105065666041276, "recall": 0.7532693984306887, "accuracy": 0.7405857740585774, "threshold": 0.5499999999999999, "label_scores": {"Forum": {"precision": 0.9281767955801105, "recall": 0.7272727272727273, "f1-score": 0.8155339805825242, "support": 231.0}, "Information/Explanation": {"precision": 0.7142857142857143, "recall": 0.7057057057057057, "f1-score": 0.7099697885196375, "support": 333.0}, "Instruction": {"precision": 0.7875, "recall": 0.5206611570247934, "f1-score": 0.6268656716417911, "support": 121.0}, "Legal": {"precision": 0.7142857142857143, "recall": 0.38461538461538464, "f1-score": 0.5, "support": 26.0}, "News": {"precision": 0.7486033519553073, "recall": 0.9054054054054054, "f1-score": 0.8195718654434251, "support": 296.0}, "Opinion/Argumentation": {"precision": 0.8668076109936576, "recall": 0.7536764705882353, "f1-score": 0.8062930186823992, "support": 544.0}, "Other": {"precision": 0.989010989010989, "recall": 0.9183673469387755, "f1-score": 0.9523809523809524, "support": 294.0}, "Promotion": {"precision": 0.8125, "recall": 0.7878787878787878, "f1-score": 0.8, "support": 231.0}, "Prose/Lyrical": {"precision": 0.61, "recall": 0.5596330275229358, "f1-score": 0.583732057416268, "support": 218.0}}}