{"f1": 0.7018943170488534, "f1_macro": 0.6946341906193073, "precision": 0.6782273603082851, "recall": 0.7272727272727273, "accuracy": 0.5624496373892023, "threshold": 0.35, "label_scores": {"Forum": {"precision": 0.9333333333333333, "recall": 0.8166666666666667, "f1-score": 0.8711111111111112, "support": 120.0}, "Information/Explanation": {"precision": 0.5224839400428265, "recall": 0.8776978417266187, "f1-score": 0.6550335570469799, "support": 278.0}, "Instruction": {"precision": 0.5888888888888889, "recall": 0.6794871794871795, "f1-score": 0.630952380952381, "support": 78.0}, "Legal": {"precision": 0.7837837837837838, "recall": 0.7631578947368421, "f1-score": 0.7733333333333334, "support": 38.0}, "News": {"precision": 0.6386138613861386, "recall": 0.8775510204081632, "f1-score": 0.7392550143266476, "support": 147.0}, "Opinion/Argumentation": {"precision": 0.8061224489795918, "recall": 0.6030534351145038, "f1-score": 0.6899563318777293, "support": 262.0}, "Other": {"precision": 0.85, "recall": 0.6455696202531646, "f1-score": 0.7338129496402879, "support": 79.0}, "Promotion": {"precision": 0.8613861386138614, "recall": 0.6886543535620053, "f1-score": 0.7653958944281525, "support": 379.0}, "Prose/Lyrical": {"precision": 0.3402061855670103, "recall": 0.4647887323943662, "f1-score": 0.3928571428571429, "support": 71.0}}}