{"f1": 0.6318785578747628, "precision": 0.670020120724346, "recall": 0.5978456014362658, "accuracy": 0.4353312302839117, "pr_auc": 0.6695180361640205, "threshold": 0.44999999999999996, "label_scores": {"MT": {"precision": 0.25, "recall": 0.2, "f1-score": 0.22222222222222224, "support": 5.0}, "LY": {"precision": 0.3333333333333333, "recall": 0.3333333333333333, "f1-score": 0.3333333333333333, "support": 3.0}, "SP": {"precision": 0.0, "recall": 0.0, "f1-score": 0.0, "support": 1.0}, "ID": {"precision": 0.6666666666666666, "recall": 0.5, "f1-score": 0.5714285714285715, "support": 8.0}, "NA": {"precision": 0.926829268292683, "recall": 0.7835051546391752, "f1-score": 0.8491620111731844, "support": 97.0}, "HI": {"precision": 0.6666666666666666, "recall": 0.3333333333333333, "f1-score": 0.4444444444444444, "support": 12.0}, "IN": {"precision": 0.45, "recall": 0.9264705882352942, "f1-score": 0.6057692307692308, "support": 68.0}, "OP": {"precision": 0.4, "recall": 0.21621621621621623, "f1-score": 0.2807017543859649, "support": 37.0}, "IP": {"precision": 0.9324324324324325, "recall": 0.6, "f1-score": 0.73015873015873, "support": 115.0}, "it": {"precision": 0.0, "recall": 0.0, "f1-score": 0.0, "support": 0.0}, "ne": {"precision": 0.6666666666666666, "recall": 0.75, "f1-score": 0.7058823529411765, "support": 24.0}, "sr": {"precision": 1.0, "recall": 0.8571428571428571, "f1-score": 0.923076923076923, "support": 7.0}, "nb": {"precision": 0.14285714285714285, "recall": 0.2, "f1-score": 0.16666666666666666, "support": 10.0}, "re": {"precision": 0.0, "recall": 0.0, "f1-score": 0.0, "support": 0.0}, "en": {"precision": 1.0, "recall": 1.0, "f1-score": 1.0, "support": 1.0}, "ra": {"precision": 1.0, "recall": 0.6666666666666666, "f1-score": 0.8, "support": 6.0}, "dtp": {"precision": 0.35294117647058826, "recall": 0.42857142857142855, "f1-score": 0.3870967741935484, "support": 14.0}, "fi": {"precision": 0.0, "recall": 0.0, "f1-score": 0.0, "support": 5.0}, "lt": {"precision": 0.8125, "recall": 0.7647058823529411, "f1-score": 0.787878787878788, "support": 17.0}, "rv": {"precision": 0.3333333333333333, "recall": 0.26666666666666666, "f1-score": 0.2962962962962963, "support": 15.0}, "ob": {"precision": 1.0, "recall": 0.2, "f1-score": 0.33333333333333337, "support": 5.0}, "rs": {"precision": 0.0, "recall": 0.0, "f1-score": 0.0, "support": 0.0}, "av": {"precision": 1.0, "recall": 0.1111111111111111, "f1-score": 0.19999999999999998, "support": 9.0}, "ds": {"precision": 0.85, "recall": 0.53125, "f1-score": 0.6538461538461537, "support": 96.0}, "ed": {"precision": 0.0, "recall": 0.0, "f1-score": 0.0, "support": 2.0}}}