{"f1": 0.7865970887118924, "precision": 0.7959977765425236, "recall": 0.7774158523344191, "accuracy": 0.6564388656438865, "pr_auc": 0.8596189701768142, "threshold": 0.44999999999999996, "label_scores": {"MT": {"precision": 0.989010989010989, "recall": 0.9782608695652174, "f1-score": 0.9836065573770493, "support": 276.0}, "LY": {"precision": 0.0, "recall": 0.0, "f1-score": 0.0, "support": 5.0}, "SP": {"precision": 0.8, "recall": 0.6666666666666666, "f1-score": 0.7272727272727272, "support": 18.0}, "ID": {"precision": 0.9015544041450777, "recall": 0.7532467532467533, "f1-score": 0.820754716981132, "support": 231.0}, "NA": {"precision": 0.799059929494712, "recall": 0.9018567639257294, "f1-score": 0.8473520249221184, "support": 754.0}, "HI": {"precision": 0.7708333333333334, "recall": 0.6324786324786325, "f1-score": 0.6948356807511736, "support": 117.0}, "IN": {"precision": 0.7301136363636364, "recall": 0.7099447513812155, "f1-score": 0.7198879551820728, "support": 362.0}, "OP": {"precision": 0.8275862068965517, "recall": 0.7605633802816901, "f1-score": 0.7926605504587155, "support": 284.0}, "IP": {"precision": 0.7911111111111111, "recall": 0.7063492063492064, "f1-score": 0.7463312368972747, "support": 252.0}, "it": {"precision": 1.0, "recall": 0.07692307692307693, "f1-score": 0.14285714285714288, "support": 13.0}, "ne": {"precision": 0.6137724550898204, "recall": 0.9111111111111111, "f1-score": 0.7334525939177102, "support": 225.0}, "sr": {"precision": 0.9428571428571428, "recall": 0.9295774647887324, "f1-score": 0.9361702127659575, "support": 71.0}, "nb": {"precision": 0.8213166144200627, "recall": 0.7867867867867868, "f1-score": 0.803680981595092, "support": 333.0}, "re": {"precision": 0.8, "recall": 1.0, "f1-score": 0.888888888888889, "support": 8.0}, "en": {"precision": 0.7142857142857143, "recall": 0.5555555555555556, "f1-score": 0.6250000000000001, "support": 45.0}, "ra": {"precision": 1.0, "recall": 0.35714285714285715, "f1-score": 0.5263157894736842, "support": 14.0}, "dtp": {"precision": 0.5470085470085471, "recall": 0.47058823529411764, "f1-score": 0.5059288537549408, "support": 136.0}, "fi": {"precision": 0.0, "recall": 0.0, "f1-score": 0.0, "support": 4.0}, "lt": {"precision": 0.7777777777777778, "recall": 0.5384615384615384, "f1-score": 0.6363636363636364, "support": 26.0}, "rv": {"precision": 0.8910891089108911, "recall": 0.8256880733944955, "f1-score": 0.8571428571428572, "support": 109.0}, "ob": {"precision": 0.6333333333333333, "recall": 0.5588235294117647, "f1-score": 0.59375, "support": 68.0}, "rs": {"precision": 0.9558823529411765, "recall": 0.7386363636363636, "f1-score": 0.8333333333333333, "support": 88.0}, "av": {"precision": 0.0, "recall": 0.0, "f1-score": 0.0, "support": 12.0}, "ds": {"precision": 0.8421052631578947, "recall": 0.7547169811320755, "f1-score": 0.7960199004975125, "support": 212.0}, "ed": {"precision": 0.0, "recall": 0.0, "f1-score": 0.0, "support": 21.0}}}