{"f1": 0.7121733846465466, "precision": 0.6937647987371744, "recall": 0.731585518102372, "accuracy": 0.48106365834004833, "pr_auc": 0.7878223853725066, "threshold": 0.35, "label_scores": {"MT": {"precision": 0.8627450980392157, "recall": 0.6875, "f1-score": 0.7652173913043478, "support": 64.0}, "LY": {"precision": 1.0, "recall": 0.9230769230769231, "f1-score": 0.9600000000000001, "support": 13.0}, "SP": {"precision": 0.7777777777777778, "recall": 0.4666666666666667, "f1-score": 0.5833333333333334, "support": 15.0}, "ID": {"precision": 0.9333333333333333, "recall": 0.8166666666666667, "f1-score": 0.8711111111111112, "support": 120.0}, "NA": {"precision": 0.7084468664850136, "recall": 0.8, "f1-score": 0.7514450867052024, "support": 325.0}, "HI": {"precision": 0.5842696629213483, "recall": 0.7222222222222222, "f1-score": 0.6459627329192547, "support": 72.0}, "IN": {"precision": 0.5816733067729084, "recall": 0.9125, "f1-score": 0.7104622871046229, "support": 320.0}, "OP": {"precision": 0.7222222222222222, "recall": 0.6066666666666667, "f1-score": 0.6594202898550725, "support": 150.0}, "IP": {"precision": 0.8646864686468647, "recall": 0.6735218508997429, "f1-score": 0.7572254335260115, "support": 389.0}, "it": {"precision": 0.75, "recall": 0.375, "f1-score": 0.5, "support": 8.0}, "ne": {"precision": 0.5888888888888889, "recall": 0.8548387096774194, "f1-score": 0.6973684210526316, "support": 124.0}, "sr": {"precision": 0.88, "recall": 0.9565217391304348, "f1-score": 0.9166666666666666, "support": 23.0}, "nb": {"precision": 0.8068181818181818, "recall": 0.5546875, "f1-score": 0.6574074074074074, "support": 128.0}, "re": {"precision": 0.8947368421052632, "recall": 0.8095238095238095, "f1-score": 0.8500000000000001, "support": 21.0}, "en": {"precision": 0.6086956521739131, "recall": 0.8235294117647058, "f1-score": 0.7, "support": 34.0}, "ra": {"precision": 1.0, "recall": 0.2, "f1-score": 0.33333333333333337, "support": 10.0}, "dtp": {"precision": 0.44339622641509435, "recall": 0.6308724832214765, "f1-score": 0.520775623268698, "support": 149.0}, "fi": {"precision": 1.0, "recall": 0.16666666666666666, "f1-score": 0.2857142857142857, "support": 6.0}, "lt": {"precision": 0.7837837837837838, "recall": 0.7631578947368421, "f1-score": 0.7733333333333334, "support": 38.0}, "rv": {"precision": 0.8666666666666667, "recall": 0.6842105263157895, "f1-score": 0.7647058823529413, "support": 76.0}, "ob": {"precision": 0.64, "recall": 0.5925925925925926, "f1-score": 0.6153846153846153, "support": 27.0}, "rs": {"precision": 0.75, "recall": 0.8571428571428571, "f1-score": 0.7999999999999999, "support": 7.0}, "av": {"precision": 0.5714285714285714, "recall": 0.14285714285714285, "f1-score": 0.2285714285714286, "support": 28.0}, "ds": {"precision": 0.73828125, "recall": 0.7682926829268293, "f1-score": 0.7529880478087649, "support": 246.0}, "ed": {"precision": 0.0, "recall": 0.0, "f1-score": 0.0, "support": 10.0}}}