{"f1": 0.7358102513421833, "precision": 0.7187809841882795, "recall": 0.7536660100678485, "accuracy": 0.5233566725885672, "pr_auc": 0.811399811081681, "threshold": 0.39999999999999997, "label_scores": {"MT": {"precision": 0.0, "recall": 0.0, "f1-score": 0.0, "support": 0.0}, "LY": {"precision": 0.9482758620689655, "recall": 0.8148148148148148, "f1-score": 0.8764940239043825, "support": 135.0}, "SP": {"precision": 0.6506024096385542, "recall": 0.7397260273972602, "f1-score": 0.6923076923076923, "support": 146.0}, "ID": {"precision": 0.8742331288343558, "recall": 0.8309037900874635, "f1-score": 0.852017937219731, "support": 686.0}, "NA": {"precision": 0.7969639468690702, "recall": 0.8864915572232646, "f1-score": 0.8393471744198957, "support": 4264.0}, "HI": {"precision": 0.6183368869936035, "recall": 0.7055961070559611, "f1-score": 0.6590909090909092, "support": 411.0}, "IN": {"precision": 0.6976146788990826, "recall": 0.7322804314329738, "f1-score": 0.7145273444841194, "support": 2596.0}, "OP": {"precision": 0.6488740617180984, "recall": 0.7308595584781588, "f1-score": 0.6874309697371327, "support": 2129.0}, "IP": {"precision": 0.6678445229681979, "recall": 0.4701492537313433, "f1-score": 0.5518248175182482, "support": 402.0}, "it": {"precision": 0.631578947368421, "recall": 0.8076923076923077, "f1-score": 0.7088607594936708, "support": 104.0}, "ne": {"precision": 0.7797408716136631, "recall": 0.8418821534548537, "f1-score": 0.8096208724011414, "support": 2359.0}, "sr": {"precision": 0.8492176386913229, "recall": 0.9401574803149606, "f1-score": 0.8923766816143497, "support": 635.0}, "nb": {"precision": 0.672627235213205, "recall": 0.6772853185595568, "f1-score": 0.6749482401656315, "support": 722.0}, "re": {"precision": 0.9285714285714286, "recall": 0.7027027027027027, "f1-score": 0.7999999999999999, "support": 37.0}, "en": {"precision": 0.9111111111111111, "recall": 0.7592592592592593, "f1-score": 0.8282828282828282, "support": 108.0}, "ra": {"precision": 0.7243589743589743, "recall": 0.5978835978835979, "f1-score": 0.655072463768116, "support": 189.0}, "dtp": {"precision": 0.5496558505408063, "recall": 0.5128440366972477, "f1-score": 0.5306122448979592, "support": 1090.0}, "fi": {"precision": 0.6923076923076923, "recall": 0.2608695652173913, "f1-score": 0.3789473684210526, "support": 69.0}, "lt": {"precision": 0.9285714285714286, "recall": 0.325, "f1-score": 0.48148148148148157, "support": 40.0}, "rv": {"precision": 0.6756152125279642, "recall": 0.7347931873479319, "f1-score": 0.7039627039627039, "support": 411.0}, "ob": {"precision": 0.5531514581373471, "recall": 0.5594671741198858, "f1-score": 0.5562913907284768, "support": 1051.0}, "rs": {"precision": 0.6956521739130435, "recall": 0.8152866242038217, "f1-score": 0.750733137829912, "support": 157.0}, "av": {"precision": 0.511520737327189, "recall": 0.4703389830508475, "f1-score": 0.490066225165563, "support": 236.0}, "ds": {"precision": 0.6718146718146718, "recall": 0.6214285714285714, "f1-score": 0.6456400742115028, "support": 280.0}, "ed": {"precision": 0.0, "recall": 0.0, "f1-score": 0.0, "support": 19.0}}}