{"f1": 0.554327424400417, "f1_macro": 0.46341626561402777, "precision": 0.5313874450219912, "recall": 0.5793374019180471, "accuracy": 0.46350534635053464, "threshold": 0.39999999999999997, "label_scores": {"Forum": {"precision": 0.8940397350993378, "recall": 0.5844155844155844, "f1-score": 0.7068062827225131, "support": 231.0}, "Information/Explanation": {"precision": 0.29838709677419356, "recall": 0.8888888888888888, "f1-score": 0.4467924528301887, "support": 333.0}, "Instruction": {"precision": 0.35365853658536583, "recall": 0.2396694214876033, "f1-score": 0.2857142857142857, "support": 121.0}, "Legal": {"precision": 1.0, "recall": 0.07692307692307693, "f1-score": 0.14285714285714288, "support": 26.0}, "News": {"precision": 0.7052023121387283, "recall": 0.8243243243243243, "f1-score": 0.7601246105919004, "support": 296.0}, "Opinion/Argumentation": {"precision": 0.7251356238698011, "recall": 0.7371323529411765, "f1-score": 0.731084776663628, "support": 544.0}, "Other": {"precision": 0.8571428571428571, "recall": 0.02040816326530612, "f1-score": 0.03986710963455149, "support": 294.0}, "Promotion": {"precision": 0.6580645161290323, "recall": 0.44155844155844154, "f1-score": 0.5284974093264249, "support": 231.0}, "Prose/Lyrical": {"precision": 0.5352112676056338, "recall": 0.5229357798165137, "f1-score": 0.5290023201856148, "support": 218.0}}}