{"f1": 0.7352248005801305, "f1_macro": 0.6709559730695196, "precision": 0.7116160729952623, "recall": 0.7604537783611476, "accuracy": 0.6189779496290103, "threshold": 0.39999999999999997, "label_scores": {"Forum": {"precision": 0.8742331288343558, "recall": 0.8309037900874635, "f1-score": 0.852017937219731, "support": 686.0}, "Information/Explanation": {"precision": 0.6696461824953445, "recall": 0.7215088282504013, "f1-score": 0.6946107784431138, "support": 2492.0}, "Instruction": {"precision": 0.6474226804123712, "recall": 0.6723768736616702, "f1-score": 0.6596638655462185, "support": 467.0}, "Legal": {"precision": 0.9285714285714286, "recall": 0.325, "f1-score": 0.48148148148148157, "support": 40.0}, "News": {"precision": 0.8108864696734059, "recall": 0.8816367940480216, "f1-score": 0.8447828904731043, "support": 2957.0}, "Opinion/Argumentation": {"precision": 0.7193295292439372, "recall": 0.7707298433320596, "f1-score": 0.7441431470208449, "support": 2617.0}, "Other": {"precision": 0.6506024096385542, "recall": 0.7397260273972602, "f1-score": 0.6923076923076923, "support": 146.0}, "Promotion": {"precision": 0.6678445229681979, "recall": 0.4934725848563969, "f1-score": 0.5675675675675675, "support": 383.0}, "Prose/Lyrical": {"precision": 0.4524680073126143, "recall": 0.5637813211845103, "f1-score": 0.5020283975659229, "support": 878.0}}}