{"f1": 0.6464351005484461, "f1_macro": 0.6480531907836684, "precision": 0.6490455212922174, "recall": 0.6438455935906774, "accuracy": 0.3518948182521268, "threshold": 0.35, "label_scores": {"MT": {"precision": 0.9466666666666667, "recall": 0.6120689655172413, "f1-score": 0.743455497382199, "support": 116.0}, "LY": {"precision": 0.0, "recall": 0.0, "f1-score": 0.0, "support": 15.0}, "SP": {"precision": 0.0, "recall": 0.0, "f1-score": 0.0, "support": 7.0}, "ID": {"precision": 0.0, "recall": 0.0, "f1-score": 0.0, "support": 51.0}, "NA": {"precision": 0.6420454545454546, "recall": 0.8625954198473282, "f1-score": 0.736156351791531, "support": 393.0}, "HI": {"precision": 1.0, "recall": 0.038461538461538464, "f1-score": 0.07407407407407407, "support": 78.0}, "IN": {"precision": 0.6506849315068494, "recall": 0.8431952662721893, "f1-score": 0.7345360824742269, "support": 338.0}, "OP": {"precision": 0.638095238095238, "recall": 0.40853658536585363, "f1-score": 0.49814126394052044, "support": 164.0}, "IP": {"precision": 0.6018376722817764, "recall": 0.9225352112676056, "f1-score": 0.7284522706209452, "support": 426.0}, "it": {"precision": 0.0, "recall": 0.0, "f1-score": 0.0, "support": 6.0}, "ne": {"precision": 0.0, "recall": 0.0, "f1-score": 0.0, "support": 95.0}, "sr": {"precision": 0.0, "recall": 0.0, "f1-score": 0.0, "support": 14.0}, "nb": {"precision": 0.6780185758513931, "recall": 0.8902439024390244, "f1-score": 0.7697715289982425, "support": 246.0}, "re": {"precision": 0.0, "recall": 0.0, "f1-score": 0.0, "support": 18.0}, "en": {"precision": 0.8, "recall": 0.8721804511278195, "f1-score": 0.8345323741007195, "support": 133.0}, "ra": {"precision": 0.0, "recall": 0.0, "f1-score": 0.0, "support": 1.0}, "dtp": {"precision": 0.0, "recall": 0.0, "f1-score": 0.0, "support": 93.0}, "fi": {"precision": 0.0, "recall": 0.0, "f1-score": 0.0, "support": 30.0}, "lt": {"precision": 0.0, "recall": 0.0, "f1-score": 0.0, "support": 38.0}, "rv": {"precision": 0.0, "recall": 0.0, "f1-score": 0.0, "support": 68.0}, "ob": {"precision": 0.0, "recall": 0.0, "f1-score": 0.0, "support": 54.0}, "rs": {"precision": 0.0, "recall": 0.0, "f1-score": 0.0, "support": 9.0}, "av": {"precision": 0.0, "recall": 0.0, "f1-score": 0.0, "support": 27.0}, "ds": {"precision": 0.6057268722466961, "recall": 0.8675078864353313, "f1-score": 0.7133592736705577, "support": 317.0}, "ed": {"precision": 0.0, "recall": 0.0, "f1-score": 0.0, "support": 9.0}}}