{"f1": 0.7487051259153419, "f1_macro": 0.6836723693727941, "precision": 0.7346652646337188, "recall": 0.763292061179898, "accuracy": 0.49961330239752516, "threshold": 0.35, "label_scores": {"MT": {"precision": 0.9777777777777777, "recall": 0.7586206896551724, "f1-score": 0.854368932038835, "support": 116.0}, "LY": {"precision": 0.7692307692307693, "recall": 0.6666666666666666, "f1-score": 0.7142857142857142, "support": 15.0}, "SP": {"precision": 0.6666666666666666, "recall": 0.5714285714285714, "f1-score": 0.6153846153846153, "support": 7.0}, "ID": {"precision": 0.6851851851851852, "recall": 0.7254901960784313, "f1-score": 0.7047619047619048, "support": 51.0}, "NA": {"precision": 0.8213399503722084, "recall": 0.8422391857506362, "f1-score": 0.8316582914572865, "support": 393.0}, "HI": {"precision": 0.6190476190476191, "recall": 0.6666666666666666, "f1-score": 0.6419753086419754, "support": 78.0}, "IN": {"precision": 0.6011560693641619, "recall": 0.9230769230769231, "f1-score": 0.7281213535589266, "support": 338.0}, "OP": {"precision": 0.7333333333333333, "recall": 0.6707317073170732, "f1-score": 0.7006369426751593, "support": 164.0}, "IP": {"precision": 0.9, "recall": 0.7394366197183099, "f1-score": 0.8118556701030928, "support": 426.0}, "it": {"precision": 1.0, "recall": 0.6666666666666666, "f1-score": 0.8, "support": 6.0}, "ne": {"precision": 0.639344262295082, "recall": 0.8210526315789474, "f1-score": 0.7188940092165899, "support": 95.0}, "sr": {"precision": 0.6428571428571429, "recall": 0.6428571428571429, "f1-score": 0.6428571428571429, "support": 14.0}, "nb": {"precision": 0.91, "recall": 0.7398373983739838, "f1-score": 0.8161434977578476, "support": 246.0}, "re": {"precision": 0.7727272727272727, "recall": 0.9444444444444444, "f1-score": 0.85, "support": 18.0}, "en": {"precision": 0.9606299212598425, "recall": 0.9172932330827067, "f1-score": 0.9384615384615385, "support": 133.0}, "ra": {"precision": 0.25, "recall": 1.0, "f1-score": 0.4, "support": 1.0}, "dtp": {"precision": 0.264, "recall": 0.7096774193548387, "f1-score": 0.38483965014577265, "support": 93.0}, "fi": {"precision": 1.0, "recall": 0.1, "f1-score": 0.18181818181818182, "support": 30.0}, "lt": {"precision": 0.8108108108108109, "recall": 0.7894736842105263, "f1-score": 0.8, "support": 38.0}, "rv": {"precision": 0.8225806451612904, "recall": 0.75, "f1-score": 0.7846153846153845, "support": 68.0}, "ob": {"precision": 0.6875, "recall": 0.6111111111111112, "f1-score": 0.6470588235294118, "support": 54.0}, "rs": {"precision": 0.8, "recall": 0.4444444444444444, "f1-score": 0.5714285714285714, "support": 9.0}, "av": {"precision": 1.0, "recall": 0.3333333333333333, "f1-score": 0.5, "support": 27.0}, "ds": {"precision": 0.8260869565217391, "recall": 0.7192429022082019, "f1-score": 0.7689713322091062, "support": 317.0}, "ed": {"precision": 0.0, "recall": 0.0, "f1-score": 0.0, "support": 9.0}}}