{"f1": 0.6062717770034843, "precision": 0.6756656804733728, "recall": 0.5498043936202227, "accuracy": 0.2984822934232715, "pr_auc": 0.6569566652343752, "threshold": 0.3, "label_scores": {"MT": {"precision": 0.20833333333333334, "recall": 0.6896551724137931, "f1-score": 0.32, "support": 29.0}, "LY": {"precision": 0.9, "recall": 0.75, "f1-score": 0.8181818181818182, "support": 12.0}, "SP": {"precision": 1.0, "recall": 0.009615384615384616, "f1-score": 0.01904761904761905, "support": 104.0}, "ID": {"precision": 0.42857142857142855, "recall": 0.13636363636363635, "f1-score": 0.20689655172413793, "support": 44.0}, "NA": {"precision": 0.8872950819672131, "recall": 0.7478411053540587, "f1-score": 0.8116213683223993, "support": 579.0}, "HI": {"precision": 0.5369127516778524, "recall": 0.6299212598425197, "f1-score": 0.5797101449275364, "support": 127.0}, "IN": {"precision": 0.7300380228136882, "recall": 0.35424354243542433, "f1-score": 0.47701863354037255, "support": 542.0}, "OP": {"precision": 0.6568627450980392, "recall": 0.45733788395904434, "f1-score": 0.5392354124748491, "support": 293.0}, "IP": {"precision": 0.6741573033707865, "recall": 0.7643312101910829, "f1-score": 0.7164179104477612, "support": 314.0}, "it": {"precision": 0.0, "recall": 0.0, "f1-score": 0.0, "support": 13.0}, "ne": {"precision": 0.8138138138138138, "recall": 0.9155405405405406, "f1-score": 0.8616852146263911, "support": 296.0}, "sr": {"precision": 0.8269230769230769, "recall": 0.9347826086956522, "f1-score": 0.8775510204081632, "support": 46.0}, "nb": {"precision": 0.5666666666666667, "recall": 0.33774834437086093, "f1-score": 0.42323651452282157, "support": 151.0}, "re": {"precision": 0.8461538461538461, "recall": 0.6875, "f1-score": 0.7586206896551724, "support": 16.0}, "en": {"precision": 0.6, "recall": 0.15789473684210525, "f1-score": 0.25, "support": 19.0}, "ra": {"precision": 0.5454545454545454, "recall": 0.42857142857142855, "f1-score": 0.4799999999999999, "support": 14.0}, "dtp": {"precision": 0.3076923076923077, "recall": 0.20833333333333334, "f1-score": 0.2484472049689441, "support": 192.0}, "fi": {"precision": 0.3333333333333333, "recall": 0.5, "f1-score": 0.4, "support": 2.0}, "lt": {"precision": 0.3076923076923077, "recall": 0.3076923076923077, "f1-score": 0.3076923076923077, "support": 13.0}, "rv": {"precision": 0.7368421052631579, "recall": 0.4307692307692308, "f1-score": 0.5436893203883496, "support": 65.0}, "ob": {"precision": 0.5517241379310345, "recall": 0.14414414414414414, "f1-score": 0.22857142857142856, "support": 111.0}, "rs": {"precision": 0.8333333333333334, "recall": 0.5714285714285714, "f1-score": 0.6779661016949152, "support": 35.0}, "av": {"precision": 0.4246575342465753, "recall": 0.484375, "f1-score": 0.45255474452554745, "support": 64.0}, "ds": {"precision": 0.6296296296296297, "recall": 0.8130434782608695, "f1-score": 0.7096774193548386, "support": 230.0}, "ed": {"precision": 0.0, "recall": 0.0, "f1-score": 0.0, "support": 12.0}}}