{"f1": 0.6733958183129056, "precision": 0.6268456375838927, "recall": 0.7274143302180686, "accuracy": 0.45180722891566266, "pr_auc": 0.7198663021107972, "threshold": 0.35, "label_scores": {"MT": {"precision": 0.0, "recall": 0.0, "f1-score": 0.0, "support": 0.0}, "LY": {"precision": 0.0, "recall": 0.0, "f1-score": 0.0, "support": 4.0}, "SP": {"precision": 0.0, "recall": 0.0, "f1-score": 0.0, "support": 0.0}, "ID": {"precision": 0.5714285714285714, "recall": 0.23529411764705882, "f1-score": 0.3333333333333333, "support": 17.0}, "NA": {"precision": 0.7573529411764706, "recall": 0.911504424778761, "f1-score": 0.8273092369477912, "support": 113.0}, "HI": {"precision": 0.7037037037037037, "recall": 0.59375, "f1-score": 0.6440677966101694, "support": 32.0}, "IN": {"precision": 0.43902439024390244, "recall": 0.6545454545454545, "f1-score": 0.5255474452554745, "support": 55.0}, "OP": {"precision": 0.425, "recall": 0.5666666666666667, "f1-score": 0.48571428571428565, "support": 30.0}, "IP": {"precision": 0.7642276422764228, "recall": 0.831858407079646, "f1-score": 0.7966101694915255, "support": 113.0}, "it": {"precision": 0.0, "recall": 0.0, "f1-score": 0.0, "support": 0.0}, "ne": {"precision": 0.6601941747572816, "recall": 0.9066666666666666, "f1-score": 0.7640449438202248, "support": 75.0}, "sr": {"precision": 0.75, "recall": 0.5, "f1-score": 0.6, "support": 6.0}, "nb": {"precision": 0.42857142857142855, "recall": 0.47368421052631576, "f1-score": 0.45, "support": 19.0}, "re": {"precision": 1.0, "recall": 0.8333333333333334, "f1-score": 0.9090909090909091, "support": 6.0}, "en": {"precision": 0.0, "recall": 0.0, "f1-score": 0.0, "support": 3.0}, "ra": {"precision": 0.0, "recall": 0.0, "f1-score": 0.0, "support": 2.0}, "dtp": {"precision": 0.25, "recall": 0.5263157894736842, "f1-score": 0.3389830508474576, "support": 19.0}, "fi": {"precision": 0.0, "recall": 0.0, "f1-score": 0.0, "support": 1.0}, "lt": {"precision": 0.5, "recall": 0.875, "f1-score": 0.6363636363636364, "support": 8.0}, "rv": {"precision": 1.0, "recall": 0.3333333333333333, "f1-score": 0.5, "support": 9.0}, "ob": {"precision": 0.3, "recall": 0.6, "f1-score": 0.4, "support": 5.0}, "rs": {"precision": 0.8888888888888888, "recall": 0.8888888888888888, "f1-score": 0.8888888888888888, "support": 9.0}, "av": {"precision": 0.13333333333333333, "recall": 0.3333333333333333, "f1-score": 0.19047619047619044, "support": 6.0}, "ds": {"precision": 0.8260869565217391, "recall": 0.7169811320754716, "f1-score": 0.7676767676767677, "support": 106.0}, "ed": {"precision": 0.0, "recall": 0.0, "f1-score": 0.0, "support": 4.0}}}