{"f1": 0.756138865368332, "precision": 0.7694959069366653, "recall": 0.743237619642114, "accuracy": 0.5737308622078968, "pr_auc": 0.8316139264056642, "threshold": 0.44999999999999996, "label_scores": {"MT": {"precision": 0.8867924528301887, "recall": 0.734375, "f1-score": 0.8034188034188035, "support": 64.0}, "LY": {"precision": 0.8571428571428571, "recall": 0.9230769230769231, "f1-score": 0.888888888888889, "support": 13.0}, "SP": {"precision": 0.875, "recall": 0.4666666666666667, "f1-score": 0.608695652173913, "support": 15.0}, "ID": {"precision": 0.9122807017543859, "recall": 0.8666666666666667, "f1-score": 0.8888888888888888, "support": 120.0}, "NA": {"precision": 0.7914110429447853, "recall": 0.7938461538461539, "f1-score": 0.7926267281105992, "support": 325.0}, "HI": {"precision": 0.8363636363636363, "recall": 0.6388888888888888, "f1-score": 0.7244094488188975, "support": 72.0}, "IN": {"precision": 0.7795031055900621, "recall": 0.784375, "f1-score": 0.7819314641744549, "support": 320.0}, "OP": {"precision": 0.7058823529411765, "recall": 0.64, "f1-score": 0.6713286713286714, "support": 150.0}, "IP": {"precision": 0.816, "recall": 0.7866323907455013, "f1-score": 0.8010471204188482, "support": 389.0}, "it": {"precision": 0.8333333333333334, "recall": 0.625, "f1-score": 0.7142857142857143, "support": 8.0}, "ne": {"precision": 0.8240740740740741, "recall": 0.717741935483871, "f1-score": 0.767241379310345, "support": 124.0}, "sr": {"precision": 0.95, "recall": 0.8260869565217391, "f1-score": 0.8837209302325583, "support": 23.0}, "nb": {"precision": 0.6884057971014492, "recall": 0.7421875, "f1-score": 0.7142857142857142, "support": 128.0}, "re": {"precision": 0.8888888888888888, "recall": 0.7619047619047619, "f1-score": 0.8205128205128205, "support": 21.0}, "en": {"precision": 0.7631578947368421, "recall": 0.8529411764705882, "f1-score": 0.8055555555555555, "support": 34.0}, "ra": {"precision": 0.25, "recall": 0.1, "f1-score": 0.14285714285714288, "support": 10.0}, "dtp": {"precision": 0.569620253164557, "recall": 0.6040268456375839, "f1-score": 0.5863192182410423, "support": 149.0}, "fi": {"precision": 0.7142857142857143, "recall": 0.8333333333333334, "f1-score": 0.7692307692307692, "support": 6.0}, "lt": {"precision": 0.84375, "recall": 0.7105263157894737, "f1-score": 0.7714285714285714, "support": 38.0}, "rv": {"precision": 0.8235294117647058, "recall": 0.7368421052631579, "f1-score": 0.7777777777777778, "support": 76.0}, "ob": {"precision": 0.5357142857142857, "recall": 0.5555555555555556, "f1-score": 0.5454545454545454, "support": 27.0}, "rs": {"precision": 0.5384615384615384, "recall": 1.0, "f1-score": 0.7000000000000001, "support": 7.0}, "av": {"precision": 0.5333333333333333, "recall": 0.2857142857142857, "f1-score": 0.37209302325581395, "support": 28.0}, "ds": {"precision": 0.7433962264150943, "recall": 0.8008130081300813, "f1-score": 0.771037181996086, "support": 246.0}, "ed": {"precision": 0.0, "recall": 0.0, "f1-score": 0.0, "support": 10.0}}}