{"f1": 0.6577777777777777, "precision": 0.6514084507042254, "recall": 0.6642728904847397, "accuracy": 0.45110410094637227, "pr_auc": 0.6898595790868818, "threshold": 0.39999999999999997, "label_scores": {"MT": {"precision": 0.125, "recall": 0.2, "f1-score": 0.15384615384615385, "support": 5.0}, "LY": {"precision": 0.5, "recall": 0.3333333333333333, "f1-score": 0.4, "support": 3.0}, "SP": {"precision": 0.0, "recall": 0.0, "f1-score": 0.0, "support": 1.0}, "ID": {"precision": 0.5833333333333334, "recall": 0.875, "f1-score": 0.7000000000000001, "support": 8.0}, "NA": {"precision": 0.8902439024390244, "recall": 0.7525773195876289, "f1-score": 0.8156424581005587, "support": 97.0}, "HI": {"precision": 0.25, "recall": 0.3333333333333333, "f1-score": 0.28571428571428575, "support": 12.0}, "IN": {"precision": 0.5378151260504201, "recall": 0.9411764705882353, "f1-score": 0.6844919786096255, "support": 68.0}, "OP": {"precision": 0.3793103448275862, "recall": 0.2972972972972973, "f1-score": 0.33333333333333337, "support": 37.0}, "IP": {"precision": 0.8936170212765957, "recall": 0.7304347826086957, "f1-score": 0.8038277511961722, "support": 115.0}, "it": {"precision": 0.0, "recall": 0.0, "f1-score": 0.0, "support": 0.0}, "ne": {"precision": 0.5666666666666667, "recall": 0.7083333333333334, "f1-score": 0.6296296296296297, "support": 24.0}, "sr": {"precision": 1.0, "recall": 0.7142857142857143, "f1-score": 0.8333333333333333, "support": 7.0}, "nb": {"precision": 0.21428571428571427, "recall": 0.3, "f1-score": 0.25, "support": 10.0}, "re": {"precision": 0.0, "recall": 0.0, "f1-score": 0.0, "support": 0.0}, "en": {"precision": 1.0, "recall": 1.0, "f1-score": 1.0, "support": 1.0}, "ra": {"precision": 0.5555555555555556, "recall": 0.8333333333333334, "f1-score": 0.6666666666666667, "support": 6.0}, "dtp": {"precision": 0.2222222222222222, "recall": 0.42857142857142855, "f1-score": 0.29268292682926833, "support": 14.0}, "fi": {"precision": 0.0, "recall": 0.0, "f1-score": 0.0, "support": 5.0}, "lt": {"precision": 0.8125, "recall": 0.7647058823529411, "f1-score": 0.787878787878788, "support": 17.0}, "rv": {"precision": 0.375, "recall": 0.4, "f1-score": 0.38709677419354843, "support": 15.0}, "ob": {"precision": 0.25, "recall": 0.2, "f1-score": 0.22222222222222224, "support": 5.0}, "rs": {"precision": 0.0, "recall": 0.0, "f1-score": 0.0, "support": 0.0}, "av": {"precision": 0.5, "recall": 0.3333333333333333, "f1-score": 0.4, "support": 9.0}, "ds": {"precision": 0.8552631578947368, "recall": 0.6770833333333334, "f1-score": 0.7558139534883721, "support": 96.0}, "ed": {"precision": 0.0, "recall": 0.0, "f1-score": 0.0, "support": 2.0}}}