{"f1": 0.7819148936170213, "precision": 0.7846975088967971, "recall": 0.7791519434628975, "accuracy": 0.648471615720524, "pr_auc": 0.8392279692281122, "threshold": 0.44999999999999996, "label_scores": {"MT": {"precision": 0.8666666666666667, "recall": 0.7090909090909091, "f1-score": 0.7800000000000001, "support": 110.0}, "LY": {"precision": 0.75, "recall": 0.42857142857142855, "f1-score": 0.5454545454545454, "support": 7.0}, "SP": {"precision": 1.0, "recall": 0.46153846153846156, "f1-score": 0.631578947368421, "support": 13.0}, "ID": {"precision": 0.75, "recall": 0.391304347826087, "f1-score": 0.5142857142857143, "support": 23.0}, "NA": {"precision": 0.8869565217391304, "recall": 0.8908296943231441, "f1-score": 0.8888888888888887, "support": 229.0}, "HI": {"precision": 0.7714285714285715, "recall": 0.8181818181818182, "f1-score": 0.7941176470588236, "support": 33.0}, "IN": {"precision": 0.702020202020202, "recall": 0.7513513513513513, "f1-score": 0.7258485639686685, "support": 185.0}, "OP": {"precision": 0.6710526315789473, "recall": 0.5543478260869565, "f1-score": 0.6071428571428571, "support": 92.0}, "IP": {"precision": 0.7845659163987139, "recall": 0.8591549295774648, "f1-score": 0.8201680672268908, "support": 284.0}, "it": {"precision": 1.0, "recall": 0.5714285714285714, "f1-score": 0.7272727272727273, "support": 7.0}, "ne": {"precision": 0.8706467661691543, "recall": 0.9162303664921466, "f1-score": 0.8928571428571429, "support": 191.0}, "sr": {"precision": 0.6470588235294118, "recall": 0.7857142857142857, "f1-score": 0.7096774193548386, "support": 14.0}, "nb": {"precision": 0.6956521739130435, "recall": 0.6956521739130435, "f1-score": 0.6956521739130435, "support": 23.0}, "re": {"precision": 1.0, "recall": 1.0, "f1-score": 1.0, "support": 21.0}, "en": {"precision": 0.25, "recall": 0.25, "f1-score": 0.25, "support": 4.0}, "ra": {"precision": 0.0, "recall": 0.0, "f1-score": 0.0, "support": 0.0}, "dtp": {"precision": 0.5084745762711864, "recall": 0.6521739130434783, "f1-score": 0.5714285714285714, "support": 46.0}, "fi": {"precision": 0.0, "recall": 0.0, "f1-score": 0.0, "support": 3.0}, "lt": {"precision": 0.7454545454545455, "recall": 0.7735849056603774, "f1-score": 0.7592592592592593, "support": 53.0}, "rv": {"precision": 0.65, "recall": 0.41935483870967744, "f1-score": 0.5098039215686274, "support": 31.0}, "ob": {"precision": 0.5, "recall": 0.13636363636363635, "f1-score": 0.21428571428571427, "support": 22.0}, "rs": {"precision": 0.8181818181818182, "recall": 0.9, "f1-score": 0.8571428571428572, "support": 10.0}, "av": {"precision": 0.9, "recall": 0.45, "f1-score": 0.6, "support": 20.0}, "ds": {"precision": 0.7931034482758621, "recall": 0.8483606557377049, "f1-score": 0.8198019801980199, "support": 244.0}, "ed": {"precision": 0.6875, "recall": 0.6666666666666666, "f1-score": 0.676923076923077, "support": 33.0}}}