{"f1": 0.7328476288383319, "f1_macro": 0.6899892009963863, "precision": 0.7002647988383018, "recall": 0.7686105381586349, "accuracy": 0.6057059253840527, "threshold": 0.39999999999999997, "label_scores": {"Forum": {"precision": 0.8767550702028081, "recall": 0.8192419825072886, "f1-score": 0.8470233609645818, "support": 686.0}, "Information/Explanation": {"precision": 0.662215806568026, "recall": 0.7363563402889246, "f1-score": 0.6973209196275888, "support": 2492.0}, "Instruction": {"precision": 0.6512605042016807, "recall": 0.6638115631691649, "f1-score": 0.6574761399787912, "support": 467.0}, "Legal": {"precision": 0.875, "recall": 0.525, "f1-score": 0.6562500000000001, "support": 40.0}, "News": {"precision": 0.8233782915863841, "recall": 0.86709502874535, "f1-score": 0.8446713885686049, "support": 2957.0}, "Opinion/Argumentation": {"precision": 0.6846053489889107, "recall": 0.8020634314100115, "f1-score": 0.7386943515748724, "support": 2617.0}, "Other": {"precision": 0.6687116564417178, "recall": 0.7465753424657534, "f1-score": 0.7055016181229773, "support": 146.0}, "Promotion": {"precision": 0.556930693069307, "recall": 0.587467362924282, "f1-score": 0.5717916137229988, "support": 383.0}, "Prose/Lyrical": {"precision": 0.45133587786259544, "recall": 0.5387243735763098, "f1-score": 0.49117341640706125, "support": 878.0}}}