{"f1": 0.37355371900826445, "precision": 0.2554634513941221, "recall": 0.694672131147541, "accuracy": 0.002183406113537118, "threshold": 0.3, "label_scores": {"MT": {"precision": 0.0, "recall": 0.0, "f1-score": 0.0, "support": 110.0}, "LY": {"precision": 0.0, "recall": 0.0, "f1-score": 0.0, "support": 7.0}, "SP": {"precision": 0.0, "recall": 0.0, "f1-score": 0.0, "support": 13.0}, "ID": {"precision": 0.0, "recall": 0.0, "f1-score": 0.0, "support": 23.0}, "NA": {"precision": 0.25, "recall": 1.0, "f1-score": 0.4, "support": 229.0}, "HI": {"precision": 0.0, "recall": 0.0, "f1-score": 0.0, "support": 33.0}, "IN": {"precision": 0.2019650655021834, "recall": 1.0, "f1-score": 0.33605812897366033, "support": 185.0}, "OP": {"precision": 0.0, "recall": 0.0, "f1-score": 0.0, "support": 92.0}, "IP": {"precision": 0.32116788321167883, "recall": 0.9295774647887324, "f1-score": 0.4773960216998192, "support": 284.0}}}