{"f1": 0.395112016293279, "precision": 0.2844574780058651, "recall": 0.6466666666666666, "accuracy": 0.0, "threshold": 0.3, "label_scores": {"MT": {"precision": 0.0, "recall": 0.0, "f1-score": 0.0, "support": 17.0}, "LY": {"precision": 0.0, "recall": 0.0, "f1-score": 0.0, "support": 0.0}, "SP": {"precision": 0.0, "recall": 0.0, "f1-score": 0.0, "support": 0.0}, "ID": {"precision": 0.0, "recall": 0.0, "f1-score": 0.0, "support": 4.0}, "NA": {"precision": 0.20300751879699247, "recall": 1.0, "f1-score": 0.3375, "support": 27.0}, "HI": {"precision": 0.0, "recall": 0.0, "f1-score": 0.0, "support": 10.0}, "IN": {"precision": 0.3383458646616541, "recall": 1.0, "f1-score": 0.5056179775280898, "support": 45.0}, "OP": {"precision": 0.0, "recall": 0.0, "f1-score": 0.0, "support": 9.0}, "IP": {"precision": 0.3333333333333333, "recall": 0.6578947368421053, "f1-score": 0.4424778761061947, "support": 38.0}}}