{"f1": 0.3905177791640674, "precision": 0.29152437131325676, "recall": 0.5913098236775819, "accuracy": 0.010054137664346482, "threshold": 0.3, "label_scores": {"MT": {"precision": 0.0, "recall": 0.0, "f1-score": 0.0, "support": 116.0}, "LY": {"precision": 0.0, "recall": 0.0, "f1-score": 0.0, "support": 15.0}, "SP": {"precision": 0.0, "recall": 0.0, "f1-score": 0.0, "support": 7.0}, "ID": {"precision": 0.0, "recall": 0.0, "f1-score": 0.0, "support": 51.0}, "NA": {"precision": 0.3039443155452436, "recall": 1.0, "f1-score": 0.4661921708185053, "support": 393.0}, "HI": {"precision": 0.0, "recall": 0.0, "f1-score": 0.0, "support": 78.0}, "IN": {"precision": 0.2614075792730085, "recall": 1.0, "f1-score": 0.4144696505211527, "support": 338.0}, "OP": {"precision": 0.0, "recall": 0.0, "f1-score": 0.0, "support": 164.0}, "IP": {"precision": 0.32755905511811023, "recall": 0.48826291079812206, "f1-score": 0.3920829406220547, "support": 426.0}}}