{"f1": 0.4427480916030534, "precision": 0.33048433048433046, "recall": 0.6705202312138728, "accuracy": 0.0875, "threshold": 0.35, "label_scores": {"MT": {"precision": 0.0, "recall": 0.0, "f1-score": 0.0, "support": 5.0}, "LY": {"precision": 0.0, "recall": 0.0, "f1-score": 0.0, "support": 12.0}, "SP": {"precision": 0.0, "recall": 0.0, "f1-score": 0.0, "support": 2.0}, "ID": {"precision": 0.0, "recall": 0.0, "f1-score": 0.0, "support": 1.0}, "NA": {"precision": 0.53125, "recall": 1.0, "f1-score": 0.6938775510204082, "support": 85.0}, "HI": {"precision": 0.0, "recall": 0.0, "f1-score": 0.0, "support": 9.0}, "IN": {"precision": 0.21897810218978103, "recall": 0.8823529411764706, "f1-score": 0.3508771929824562, "support": 34.0}, "OP": {"precision": 0.0, "recall": 0.0, "f1-score": 0.0, "support": 11.0}, "IP": {"precision": 0.018518518518518517, "recall": 0.07142857142857142, "f1-score": 0.029411764705882353, "support": 14.0}}}