{"f1": 0.4054794520547946, "precision": 0.2824427480916031, "recall": 0.7184466019417476, "accuracy": 0.0, "threshold": 0.3, "label_scores": {"MT": {"precision": 0.0, "recall": 0.0, "f1-score": 0.0, "support": 1.0}, "LY": {"precision": 0.0, "recall": 0.0, "f1-score": 0.0, "support": 0.0}, "SP": {"precision": 0.0, "recall": 0.0, "f1-score": 0.0, "support": 0.0}, "ID": {"precision": 0.0, "recall": 0.0, "f1-score": 0.0, "support": 4.0}, "NA": {"precision": 0.32, "recall": 1.0, "f1-score": 0.48484848484848486, "support": 32.0}, "HI": {"precision": 0.0, "recall": 0.0, "f1-score": 0.0, "support": 7.0}, "IN": {"precision": 0.25, "recall": 1.0, "f1-score": 0.4, "support": 25.0}, "OP": {"precision": 0.0, "recall": 0.0, "f1-score": 0.0, "support": 5.0}, "IP": {"precision": 0.27419354838709675, "recall": 0.5862068965517241, "f1-score": 0.3736263736263736, "support": 29.0}}}