{"f1": 0.4246575342465754, "precision": 0.3054187192118227, "recall": 0.6966292134831461, "accuracy": 0.01875, "threshold": 0.35, "label_scores": {"MT": {"precision": 0.0, "recall": 0.0, "f1-score": 0.0, "support": 1.0}, "LY": {"precision": 0.0, "recall": 0.0, "f1-score": 0.0, "support": 3.0}, "SP": {"precision": 0.0, "recall": 0.0, "f1-score": 0.0, "support": 0.0}, "ID": {"precision": 0.0, "recall": 0.0, "f1-score": 0.0, "support": 1.0}, "NA": {"precision": 0.625, "recall": 1.0, "f1-score": 0.7692307692307693, "support": 100.0}, "HI": {"precision": 0.0, "recall": 0.0, "f1-score": 0.0, "support": 2.0}, "IN": {"precision": 0.14473684210526316, "recall": 0.9166666666666666, "f1-score": 0.25, "support": 24.0}, "OP": {"precision": 0.0, "recall": 0.0, "f1-score": 0.0, "support": 35.0}, "IP": {"precision": 0.02127659574468085, "recall": 0.16666666666666666, "f1-score": 0.03773584905660377, "support": 12.0}}}