{"f1": 0.43213296398891965, "precision": 0.325, "recall": 0.6446280991735537, "accuracy": 0.010869565217391304, "threshold": 0.3, "label_scores": {"MT": {"precision": 0.0, "recall": 0.0, "f1-score": 0.0, "support": 3.0}, "LY": {"precision": 0.0, "recall": 0.0, "f1-score": 0.0, "support": 0.0}, "SP": {"precision": 0.0, "recall": 0.0, "f1-score": 0.0, "support": 0.0}, "ID": {"precision": 0.0, "recall": 0.0, "f1-score": 0.0, "support": 8.0}, "NA": {"precision": 0.42391304347826086, "recall": 1.0, "f1-score": 0.5954198473282443, "support": 39.0}, "HI": {"precision": 0.0, "recall": 0.0, "f1-score": 0.0, "support": 8.0}, "IN": {"precision": 0.32608695652173914, "recall": 1.0, "f1-score": 0.4918032786885246, "support": 30.0}, "OP": {"precision": 0.0, "recall": 0.0, "f1-score": 0.0, "support": 17.0}, "IP": {"precision": 0.16071428571428573, "recall": 0.5625, "f1-score": 0.25000000000000006, "support": 16.0}}}