{"f1": 0.4181360201511335, "precision": 0.28620689655172415, "recall": 0.7757009345794392, "accuracy": 0.0, "threshold": 0.3, "label_scores": {"MT": {"precision": 0.0, "recall": 0.0, "f1-score": 0.0, "support": 4.0}, "LY": {"precision": 0.0, "recall": 0.0, "f1-score": 0.0, "support": 0.0}, "SP": {"precision": 0.0, "recall": 0.0, "f1-score": 0.0, "support": 1.0}, "ID": {"precision": 0.0, "recall": 0.0, "f1-score": 0.0, "support": 4.0}, "NA": {"precision": 0.36, "recall": 1.0, "f1-score": 0.5294117647058824, "support": 36.0}, "HI": {"precision": 0.0, "recall": 0.0, "f1-score": 0.0, "support": 10.0}, "IN": {"precision": 0.15, "recall": 1.0, "f1-score": 0.2608695652173913, "support": 15.0}, "OP": {"precision": 0.0, "recall": 0.0, "f1-score": 0.0, "support": 4.0}, "IP": {"precision": 0.35555555555555557, "recall": 0.9696969696969697, "f1-score": 0.5203252032520325, "support": 33.0}}}