{"f1": 0.5034936292642829, "precision": 0.4340892983699504, "recall": 0.5993150684931506, "accuracy": 0.03709949409780776, "threshold": 0.3, "label_scores": {"MT": {"precision": 0.0, "recall": 0.0, "f1-score": 0.0, "support": 29.0}, "LY": {"precision": 0.0, "recall": 0.0, "f1-score": 0.0, "support": 12.0}, "SP": {"precision": 0.0, "recall": 0.0, "f1-score": 0.0, "support": 104.0}, "ID": {"precision": 0.0, "recall": 0.0, "f1-score": 0.0, "support": 44.0}, "NA": {"precision": 0.4881956155143339, "recall": 1.0, "f1-score": 0.6560906515580737, "support": 579.0}, "HI": {"precision": 0.0, "recall": 0.0, "f1-score": 0.0, "support": 127.0}, "IN": {"precision": 0.45699831365935917, "recall": 1.0, "f1-score": 0.6273148148148148, "support": 542.0}, "OP": {"precision": 0.0, "recall": 0.0, "f1-score": 0.0, "support": 293.0}, "IP": {"precision": 0.2311111111111111, "recall": 0.33121019108280253, "f1-score": 0.27225130890052357, "support": 314.0}}}