{"f1": 0.8285714285714286, "precision": 0.8430232558139535, "recall": 0.8146067415730337, "accuracy": 0.7625, "threshold": 0.44999999999999996, "label_scores": {"MT": {"precision": 0.16666666666666666, "recall": 1.0, "f1-score": 0.2857142857142857, "support": 1.0}, "LY": {"precision": 1.0, "recall": 1.0, "f1-score": 1.0, "support": 3.0}, "SP": {"precision": 0.0, "recall": 0.0, "f1-score": 0.0, "support": 0.0}, "ID": {"precision": 0.3333333333333333, "recall": 1.0, "f1-score": 0.5, "support": 1.0}, "NA": {"precision": 0.9504950495049505, "recall": 0.96, "f1-score": 0.9552238805970149, "support": 100.0}, "HI": {"precision": 1.0, "recall": 0.5, "f1-score": 0.6666666666666666, "support": 2.0}, "IN": {"precision": 0.6666666666666666, "recall": 0.5, "f1-score": 0.5714285714285715, "support": 24.0}, "OP": {"precision": 0.8055555555555556, "recall": 0.8285714285714286, "f1-score": 0.8169014084507044, "support": 35.0}, "IP": {"precision": 0.5, "recall": 0.16666666666666666, "f1-score": 0.25, "support": 12.0}}}