{"f1": 0.7054545454545454, "precision": 0.776, "recall": 0.6466666666666666, "accuracy": 0.6165413533834586, "threshold": 0.5999999999999999, "label_scores": {"MT": {"precision": 0.8235294117647058, "recall": 0.8235294117647058, "f1-score": 0.8235294117647058, "support": 17.0}, "LY": {"precision": 0.0, "recall": 0.0, "f1-score": 0.0, "support": 0.0}, "SP": {"precision": 0.0, "recall": 0.0, "f1-score": 0.0, "support": 0.0}, "ID": {"precision": 1.0, "recall": 0.5, "f1-score": 0.6666666666666666, "support": 4.0}, "NA": {"precision": 0.7777777777777778, "recall": 0.7777777777777778, "f1-score": 0.7777777777777778, "support": 27.0}, "HI": {"precision": 0.7142857142857143, "recall": 0.5, "f1-score": 0.588235294117647, "support": 10.0}, "IN": {"precision": 0.88, "recall": 0.4888888888888889, "f1-score": 0.6285714285714286, "support": 45.0}, "OP": {"precision": 0.4, "recall": 0.2222222222222222, "f1-score": 0.2857142857142857, "support": 9.0}, "IP": {"precision": 0.7380952380952381, "recall": 0.8157894736842105, "f1-score": 0.775, "support": 38.0}}}