{"f1": 0.6223662884927066, "precision": 0.6948130277442702, "recall": 0.5636007827788649, "accuracy": 0.3625632377740304, "threshold": 0.3, "label_scores": {"MT": {"precision": 0.19607843137254902, "recall": 0.6896551724137931, "f1-score": 0.3053435114503817, "support": 29.0}, "LY": {"precision": 0.8461538461538461, "recall": 0.9166666666666666, "f1-score": 0.8799999999999999, "support": 12.0}, "SP": {"precision": 1.0, "recall": 0.019230769230769232, "f1-score": 0.03773584905660378, "support": 104.0}, "ID": {"precision": 0.43478260869565216, "recall": 0.22727272727272727, "f1-score": 0.2985074626865672, "support": 44.0}, "NA": {"precision": 0.857976653696498, "recall": 0.7616580310880829, "f1-score": 0.8069533394327538, "support": 579.0}, "HI": {"precision": 0.5725190839694656, "recall": 0.5905511811023622, "f1-score": 0.5813953488372092, "support": 127.0}, "IN": {"precision": 0.6894409937888198, "recall": 0.4095940959409594, "f1-score": 0.5138888888888888, "support": 542.0}, "OP": {"precision": 0.5941422594142259, "recall": 0.48464163822525597, "f1-score": 0.5338345864661653, "support": 293.0}, "IP": {"precision": 0.7339743589743589, "recall": 0.7292993630573248, "f1-score": 0.7316293929712459, "support": 314.0}}}