{"f1": 0.8179789607905643, "precision": 0.8282763072950291, "recall": 0.8079345088161209, "accuracy": 0.6952822892498066, "threshold": 0.44999999999999996, "label_scores": {"MT": {"precision": 0.9292929292929293, "recall": 0.7931034482758621, "f1-score": 0.8558139534883721, "support": 116.0}, "LY": {"precision": 0.8333333333333334, "recall": 0.6666666666666666, "f1-score": 0.7407407407407408, "support": 15.0}, "SP": {"precision": 1.0, "recall": 0.7142857142857143, "f1-score": 0.8333333333333333, "support": 7.0}, "ID": {"precision": 0.8260869565217391, "recall": 0.7450980392156863, "f1-score": 0.7835051546391751, "support": 51.0}, "NA": {"precision": 0.8365853658536585, "recall": 0.8727735368956743, "f1-score": 0.8542963885429637, "support": 393.0}, "HI": {"precision": 0.8032786885245902, "recall": 0.6282051282051282, "f1-score": 0.7050359712230215, "support": 78.0}, "IN": {"precision": 0.7777777777777778, "recall": 0.849112426035503, "f1-score": 0.8118811881188118, "support": 338.0}, "OP": {"precision": 0.73125, "recall": 0.7134146341463414, "f1-score": 0.7222222222222222, "support": 164.0}, "IP": {"precision": 0.8837209302325582, "recall": 0.8028169014084507, "f1-score": 0.8413284132841329, "support": 426.0}}}