{"f1": 0.7011494252873564, "precision": 0.7261904761904762, "recall": 0.6777777777777778, "accuracy": 0.5294117647058824, "threshold": 0.35, "label_scores": {"MT": {"precision": 1.0, "recall": 0.5, "f1-score": 0.6666666666666666, "support": 2.0}, "LY": {"precision": 1.0, "recall": 0.3333333333333333, "f1-score": 0.5, "support": 3.0}, "SP": {"precision": 0.0, "recall": 0.0, "f1-score": 0.0, "support": 1.0}, "ID": {"precision": 0.0, "recall": 0.0, "f1-score": 0.0, "support": 0.0}, "NA": {"precision": 0.7407407407407407, "recall": 1.0, "f1-score": 0.851063829787234, "support": 20.0}, "HI": {"precision": 0.8, "recall": 0.6666666666666666, "f1-score": 0.7272727272727272, "support": 6.0}, "IN": {"precision": 0.6111111111111112, "recall": 0.6875, "f1-score": 0.6470588235294118, "support": 16.0}, "OP": {"precision": 0.75, "recall": 0.3157894736842105, "f1-score": 0.44444444444444436, "support": 19.0}, "IP": {"precision": 0.75, "recall": 0.782608695652174, "f1-score": 0.7659574468085107, "support": 23.0}}}