{"f1": 0.6727989487516426, "precision": 0.6168674698795181, "recall": 0.7398843930635838, "accuracy": 0.48264984227129337, "threshold": 0.35, "label_scores": {"MT": {"precision": 0.16666666666666666, "recall": 0.2, "f1-score": 0.1818181818181818, "support": 5.0}, "LY": {"precision": 0.3333333333333333, "recall": 0.6666666666666666, "f1-score": 0.4444444444444444, "support": 3.0}, "SP": {"precision": 0.25, "recall": 1.0, "f1-score": 0.4, "support": 1.0}, "ID": {"precision": 0.6363636363636364, "recall": 0.875, "f1-score": 0.7368421052631579, "support": 8.0}, "NA": {"precision": 0.8383838383838383, "recall": 0.8556701030927835, "f1-score": 0.8469387755102041, "support": 97.0}, "HI": {"precision": 0.2727272727272727, "recall": 0.25, "f1-score": 0.2608695652173913, "support": 12.0}, "IN": {"precision": 0.4129032258064516, "recall": 0.9411764705882353, "f1-score": 0.5739910313901345, "support": 68.0}, "OP": {"precision": 0.35714285714285715, "recall": 0.2702702702702703, "f1-score": 0.3076923076923077, "support": 37.0}, "IP": {"precision": 0.8947368421052632, "recall": 0.7391304347826086, "f1-score": 0.8095238095238095, "support": 115.0}}}