{"f1": 0.607329842931937, "precision": 0.6904761904761905, "recall": 0.5420560747663551, "accuracy": 0.57, "threshold": 0.5999999999999999, "label_scores": {"MT": {"precision": 0.0, "recall": 0.0, "f1-score": 0.0, "support": 4.0}, "LY": {"precision": 0.0, "recall": 0.0, "f1-score": 0.0, "support": 0.0}, "SP": {"precision": 1.0, "recall": 1.0, "f1-score": 1.0, "support": 1.0}, "ID": {"precision": 0.5714285714285714, "recall": 1.0, "f1-score": 0.7272727272727273, "support": 4.0}, "NA": {"precision": 0.9090909090909091, "recall": 0.2777777777777778, "f1-score": 0.4255319148936171, "support": 36.0}, "HI": {"precision": 1.0, "recall": 0.2, "f1-score": 0.33333333333333337, "support": 10.0}, "IN": {"precision": 0.5, "recall": 0.8666666666666667, "f1-score": 0.6341463414634146, "support": 15.0}, "OP": {"precision": 0.0, "recall": 0.0, "f1-score": 0.0, "support": 4.0}, "IP": {"precision": 0.8, "recall": 0.8484848484848485, "f1-score": 0.823529411764706, "support": 33.0}}}