{"f1": 0.9281974569932685, "f1_macro": 0.8727802807647272, "precision": 0.9451637471439451, "recall": 0.9118295371050698, "accuracy": 0.8181818181818182, "threshold": 0.49999999999999994, "label_scores": {"MT": {"precision": 0.9841269841269841, "recall": 0.8732394366197183, "f1-score": 0.9253731343283582, "support": 71.0}, "LY": {"precision": 0.6666666666666666, "recall": 0.4, "f1-score": 0.5, "support": 5.0}, "SP": {"precision": 1.0, "recall": 1.0, "f1-score": 1.0, "support": 4.0}, "ID": {"precision": 0.9444444444444444, "recall": 0.8095238095238095, "f1-score": 0.8717948717948718, "support": 21.0}, "NA": {"precision": 0.9641025641025641, "recall": 0.9494949494949495, "f1-score": 0.9567430025445293, "support": 198.0}, "HI": {"precision": 0.9333333333333333, "recall": 0.7567567567567568, "f1-score": 0.835820895522388, "support": 37.0}, "IN": {"precision": 0.9880952380952381, "recall": 0.9485714285714286, "f1-score": 0.967930029154519, "support": 175.0}, "OP": {"precision": 0.9047619047619048, "recall": 0.890625, "f1-score": 0.8976377952755906, "support": 64.0}, "IP": {"precision": 0.9315789473684211, "recall": 0.917098445595855, "f1-score": 0.9242819843342036, "support": 193.0}, "it": {"precision": 1.0, "recall": 1.0, "f1-score": 1.0, "support": 4.0}, "ne": {"precision": 0.9761904761904762, "recall": 0.9111111111111111, "f1-score": 0.9425287356321839, "support": 45.0}, "sr": {"precision": 0.9, "recall": 1.0, "f1-score": 0.9473684210526316, "support": 9.0}, "nb": {"precision": 0.9485294117647058, "recall": 0.9347826086956522, "f1-score": 0.9416058394160585, "support": 138.0}, "re": {"precision": 0.7142857142857143, "recall": 1.0, "f1-score": 0.8333333333333333, "support": 10.0}, "en": {"precision": 1.0, "recall": 0.9886363636363636, "f1-score": 0.9942857142857142, "support": 88.0}, "ra": {"precision": 0.0, "recall": 0.0, "f1-score": 0.0, "support": 0.0}, "dtp": {"precision": 0.8928571428571429, "recall": 0.6756756756756757, "f1-score": 0.7692307692307693, "support": 37.0}, "fi": {"precision": 1.0, "recall": 0.9090909090909091, "f1-score": 0.9523809523809523, "support": 11.0}, "lt": {"precision": 0.9130434782608695, "recall": 1.0, "f1-score": 0.9545454545454545, "support": 21.0}, "rv": {"precision": 0.9047619047619048, "recall": 0.7916666666666666, "f1-score": 0.8444444444444444, "support": 24.0}, "ob": {"precision": 0.9629629629629629, "recall": 0.896551724137931, "f1-score": 0.9285714285714286, "support": 29.0}, "rs": {"precision": 1.0, "recall": 0.5, "f1-score": 0.6666666666666666, "support": 6.0}, "av": {"precision": 0.5, "recall": 0.5, "f1-score": 0.5, "support": 4.0}, "ds": {"precision": 0.9112426035502958, "recall": 0.927710843373494, "f1-score": 0.9194029850746269, "support": 166.0}, "ed": {"precision": 0.0, "recall": 0.0, "f1-score": 0.0, "support": 1.0}}}