{"f1": 0.6110110110110111, "f1_macro": 0.5381903468504441, "precision": 0.5407512402551382, "recall": 0.7022549470777727, "accuracy": 0.3888742420247825, "threshold": 0.3, "label_scores": {"MT": {"precision": 0.9568106312292359, "recall": 0.9113924050632911, "f1-score": 0.93354943273906, "support": 316.0}, "LY": {"precision": 0.36363636363636365, "recall": 0.5, "f1-score": 0.4210526315789474, "support": 8.0}, "SP": {"precision": 0.46153846153846156, "recall": 0.43902439024390244, "f1-score": 0.45, "support": 41.0}, "ID": {"precision": 0.6754966887417219, "recall": 0.631578947368421, "f1-score": 0.6527999999999999, "support": 323.0}, "NA": {"precision": 0.6888315041962556, "recall": 0.7771303714493809, "f1-score": 0.730321697467488, "support": 1373.0}, "HI": {"precision": 0.5209003215434084, "recall": 0.6303501945525292, "f1-score": 0.5704225352112676, "support": 257.0}, "IN": {"precision": 0.5754010695187166, "recall": 0.6474127557160048, "f1-score": 0.609286523216308, "support": 831.0}, "OP": {"precision": 0.49269588313413015, "recall": 0.7633744855967078, "f1-score": 0.5988700564971752, "support": 486.0}, "IP": {"precision": 0.47520661157024796, "recall": 0.7040816326530612, "f1-score": 0.5674342105263158, "support": 490.0}, "it": {"precision": 0.3225806451612903, "recall": 0.3225806451612903, "f1-score": 0.3225806451612903, "support": 31.0}, "ne": {"precision": 0.4577922077922078, "recall": 0.6894865525672371, "f1-score": 0.5502439024390243, "support": 409.0}, "sr": {"precision": 0.6915887850467289, "recall": 0.891566265060241, "f1-score": 0.7789473684210526, "support": 83.0}, "nb": {"precision": 0.5422960725075529, "recall": 0.7252525252525253, "f1-score": 0.62057044079516, "support": 495.0}, "re": {"precision": 0.5333333333333333, "recall": 1.0, "f1-score": 0.6956521739130436, "support": 16.0}, "en": {"precision": 0.453781512605042, "recall": 0.5567010309278351, "f1-score": 0.5, "support": 97.0}, "ra": {"precision": 0.22580645161290322, "recall": 0.6363636363636364, "f1-score": 0.3333333333333333, "support": 22.0}, "dtp": {"precision": 0.2846153846153846, "recall": 0.4852459016393443, "f1-score": 0.3587878787878787, "support": 305.0}, "fi": {"precision": 0.8, "recall": 0.6666666666666666, "f1-score": 0.7272727272727272, "support": 12.0}, "lt": {"precision": 0.39285714285714285, "recall": 0.6875, "f1-score": 0.5, "support": 32.0}, "rv": {"precision": 0.538135593220339, "recall": 0.7215909090909091, "f1-score": 0.6165048543689321, "support": 176.0}, "ob": {"precision": 0.3225806451612903, "recall": 0.6521739130434783, "f1-score": 0.43165467625899284, "support": 138.0}, "rs": {"precision": 0.5960264900662252, "recall": 0.8411214953271028, "f1-score": 0.6976744186046512, "support": 107.0}, "av": {"precision": 0.13559322033898305, "recall": 0.2962962962962963, "f1-score": 0.18604651162790697, "support": 27.0}, "ds": {"precision": 0.46410684474123537, "recall": 0.7637362637362637, "f1-score": 0.57736240913811, "support": 364.0}, "ed": {"precision": 0.5, "recall": 0.0125, "f1-score": 0.02439024390243903, "support": 80.0}}}