{"f1": 0.6414835164835166, "f1_macro": 0.5693788253257003, "precision": 0.6169088507265522, "recall": 0.6680972818311874, "accuracy": 0.36358136721113127, "threshold": 0.39999999999999997, "label_scores": {"MT": {"precision": 0.81, "recall": 0.7232142857142857, "f1-score": 0.7641509433962265, "support": 112.0}, "LY": {"precision": 0.7272727272727273, "recall": 0.6666666666666666, "f1-score": 0.6956521739130435, "support": 12.0}, "SP": {"precision": 0.42857142857142855, "recall": 0.5454545454545454, "f1-score": 0.4799999999999999, "support": 11.0}, "ID": {"precision": 0.6176470588235294, "recall": 0.38181818181818183, "f1-score": 0.47191011235955055, "support": 55.0}, "NA": {"precision": 0.7215189873417721, "recall": 0.7215189873417721, "f1-score": 0.7215189873417721, "support": 474.0}, "HI": {"precision": 0.5294117647058824, "recall": 0.4883720930232558, "f1-score": 0.5080645161290323, "support": 129.0}, "IN": {"precision": 0.6795698924731183, "recall": 0.6810344827586207, "f1-score": 0.6803013993541442, "support": 464.0}, "OP": {"precision": 0.5084745762711864, "recall": 0.5882352941176471, "f1-score": 0.5454545454545454, "support": 255.0}, "IP": {"precision": 0.7350565428109854, "recall": 0.768581081081081, "f1-score": 0.7514450867052023, "support": 592.0}, "it": {"precision": 0.46153846153846156, "recall": 0.6666666666666666, "f1-score": 0.5454545454545455, "support": 9.0}, "ne": {"precision": 0.5392156862745098, "recall": 0.5445544554455446, "f1-score": 0.5418719211822661, "support": 101.0}, "sr": {"precision": 0.55, "recall": 0.7857142857142857, "f1-score": 0.6470588235294117, "support": 14.0}, "nb": {"precision": 0.662379421221865, "recall": 0.7103448275862069, "f1-score": 0.6855241264559069, "support": 290.0}, "re": {"precision": 0.4827586206896552, "recall": 0.9333333333333333, "f1-score": 0.6363636363636364, "support": 15.0}, "en": {"precision": 0.8727272727272727, "recall": 0.9142857142857143, "f1-score": 0.8930232558139534, "support": 105.0}, "ra": {"precision": 0.1, "recall": 0.3333333333333333, "f1-score": 0.15384615384615383, "support": 3.0}, "dtp": {"precision": 0.37572254335260113, "recall": 0.38011695906432746, "f1-score": 0.377906976744186, "support": 171.0}, "fi": {"precision": 0.8888888888888888, "recall": 0.38095238095238093, "f1-score": 0.5333333333333333, "support": 42.0}, "lt": {"precision": 0.5, "recall": 0.6326530612244898, "f1-score": 0.5585585585585586, "support": 49.0}, "rv": {"precision": 0.4444444444444444, "recall": 0.5176470588235295, "f1-score": 0.4782608695652174, "support": 85.0}, "ob": {"precision": 0.47572815533980584, "recall": 0.5975609756097561, "f1-score": 0.5297297297297298, "support": 82.0}, "rs": {"precision": 0.6, "recall": 0.5, "f1-score": 0.5454545454545454, "support": 12.0}, "av": {"precision": 0.25, "recall": 0.3137254901960784, "f1-score": 0.2782608695652174, "support": 51.0}, "ds": {"precision": 0.5226415094339623, "recall": 0.8318318318318318, "f1-score": 0.641946697566628, "support": 333.0}, "ed": {"precision": 0.0, "recall": 0.0, "f1-score": 0.0, "support": 29.0}}}