{"f1": 0.3469470279013344, "f1_macro": 0.30397065784189786, "precision": 0.29812369701181374, "recall": 0.4148936170212766, "accuracy": 0.047058823529411764, "threshold": 0.3, "label_scores": {"MT": {"precision": 0.5714285714285714, "recall": 0.1553398058252427, "f1-score": 0.24427480916030533, "support": 103.0}, "LY": {"precision": 0.14285714285714285, "recall": 0.3333333333333333, "f1-score": 0.2, "support": 3.0}, "SP": {"precision": 1.0, "recall": 0.047619047619047616, "f1-score": 0.0909090909090909, "support": 21.0}, "ID": {"precision": 0.25, "recall": 0.1, "f1-score": 0.14285714285714288, "support": 20.0}, "NA": {"precision": 0.28, "recall": 0.5072463768115942, "f1-score": 0.3608247422680413, "support": 69.0}, "HI": {"precision": 0.27906976744186046, "recall": 0.46153846153846156, "f1-score": 0.3478260869565218, "support": 26.0}, "IN": {"precision": 0.4207920792079208, "recall": 0.5029585798816568, "f1-score": 0.4582210242587601, "support": 169.0}, "OP": {"precision": 0.3783783783783784, "recall": 0.3853211009174312, "f1-score": 0.38181818181818183, "support": 109.0}, "IP": {"precision": 0.3055555555555556, "recall": 0.6197183098591549, "f1-score": 0.4093023255813954, "support": 142.0}, "it": {"precision": 0.0, "recall": 0.0, "f1-score": 0.0, "support": 5.0}, "ne": {"precision": 0.18947368421052632, "recall": 0.5294117647058824, "f1-score": 0.27906976744186046, "support": 34.0}, "sr": {"precision": 0.25, "recall": 0.2, "f1-score": 0.22222222222222224, "support": 10.0}, "nb": {"precision": 0.3333333333333333, "recall": 0.38095238095238093, "f1-score": 0.35555555555555557, "support": 21.0}, "re": {"precision": 0.625, "recall": 0.8333333333333334, "f1-score": 0.7142857142857143, "support": 12.0}, "en": {"precision": 0.16666666666666666, "recall": 0.13333333333333333, "f1-score": 0.14814814814814814, "support": 15.0}, "ra": {"precision": 0.0, "recall": 0.0, "f1-score": 0.0, "support": 1.0}, "dtp": {"precision": 0.0625, "recall": 0.16, "f1-score": 0.0898876404494382, "support": 25.0}, "fi": {"precision": 0.6, "recall": 0.6, "f1-score": 0.6, "support": 5.0}, "lt": {"precision": 0.13953488372093023, "recall": 0.2857142857142857, "f1-score": 0.18749999999999997, "support": 21.0}, "rv": {"precision": 0.36363636363636365, "recall": 0.2553191489361702, "f1-score": 0.29999999999999993, "support": 47.0}, "ob": {"precision": 0.3125, "recall": 0.2777777777777778, "f1-score": 0.29411764705882354, "support": 36.0}, "rs": {"precision": 0.2, "recall": 0.16666666666666666, "f1-score": 0.1818181818181818, "support": 6.0}, "av": {"precision": 0.125, "recall": 0.2727272727272727, "f1-score": 0.17142857142857143, "support": 11.0}, "ds": {"precision": 0.2088888888888889, "recall": 0.6103896103896104, "f1-score": 0.3112582781456954, "support": 77.0}, "ed": {"precision": 0.5526315789473685, "recall": 0.45652173913043476, "f1-score": 0.5, "support": 46.0}}}