{"f1": 0.4242144177449168, "f1_macro": 0.3683252313373909, "precision": 0.37576749897666806, "recall": 0.4870026525198939, "accuracy": 0.03167898627243928, "threshold": 0.3, "label_scores": {"MT": {"precision": 0.15789473684210525, "recall": 0.15, "f1-score": 0.15384615384615385, "support": 20.0}, "LY": {"precision": 0.25, "recall": 0.3333333333333333, "f1-score": 0.28571428571428575, "support": 3.0}, "SP": {"precision": 0.4444444444444444, "recall": 0.6153846153846154, "f1-score": 0.5161290322580646, "support": 13.0}, "ID": {"precision": 0.4594594594594595, "recall": 0.3541666666666667, "f1-score": 0.4000000000000001, "support": 48.0}, "NA": {"precision": 0.4495798319327731, "recall": 0.4385245901639344, "f1-score": 0.44398340248962653, "support": 244.0}, "HI": {"precision": 0.37735849056603776, "recall": 0.5714285714285714, "f1-score": 0.4545454545454546, "support": 70.0}, "IN": {"precision": 0.45209580838323354, "recall": 0.5136054421768708, "f1-score": 0.4808917197452229, "support": 294.0}, "OP": {"precision": 0.4142857142857143, "recall": 0.4887640449438202, "f1-score": 0.44845360824742264, "support": 178.0}, "IP": {"precision": 0.5673758865248227, "recall": 0.712166172106825, "f1-score": 0.631578947368421, "support": 337.0}, "it": {"precision": 0.3076923076923077, "recall": 0.6666666666666666, "f1-score": 0.42105263157894735, "support": 6.0}, "ne": {"precision": 0.2, "recall": 0.3125, "f1-score": 0.24390243902439027, "support": 64.0}, "sr": {"precision": 0.1111111111111111, "recall": 0.2, "f1-score": 0.14285714285714285, "support": 5.0}, "nb": {"precision": 0.2727272727272727, "recall": 0.29347826086956524, "f1-score": 0.28272251308900526, "support": 92.0}, "re": {"precision": 0.4117647058823529, "recall": 0.7777777777777778, "f1-score": 0.5384615384615384, "support": 9.0}, "en": {"precision": 0.375, "recall": 0.42857142857142855, "f1-score": 0.39999999999999997, "support": 21.0}, "ra": {"precision": 0.15789473684210525, "recall": 0.6, "f1-score": 0.25, "support": 5.0}, "dtp": {"precision": 0.2193877551020408, "recall": 0.27388535031847133, "f1-score": 0.24362606232294615, "support": 157.0}, "fi": {"precision": 0.0, "recall": 0.0, "f1-score": 0.0, "support": 9.0}, "lt": {"precision": 0.34375, "recall": 0.55, "f1-score": 0.42307692307692313, "support": 20.0}, "rv": {"precision": 0.3488372093023256, "recall": 0.5, "f1-score": 0.4109589041095891, "support": 60.0}, "ob": {"precision": 0.16393442622950818, "recall": 0.2564102564102564, "f1-score": 0.2, "support": 39.0}, "rs": {"precision": 0.38461538461538464, "recall": 0.45454545454545453, "f1-score": 0.41666666666666663, "support": 11.0}, "av": {"precision": 0.2857142857142857, "recall": 0.3684210526315789, "f1-score": 0.32183908045977017, "support": 38.0}, "ds": {"precision": 0.24390243902439024, "recall": 0.6956521739130435, "f1-score": 0.3611738148984198, "support": 115.0}, "ed": {"precision": 0.0, "recall": 0.0, "f1-score": 0.0, "support": 27.0}}}