{"f1": 0.39857759274919236, "f1_macro": 0.28183533860555665, "precision": 0.3387762624401032, "recall": 0.48401706250987414, "accuracy": 0.011461032489535578, "threshold": 0.3, "label_scores": {"MT": {"precision": 0.0, "recall": 0.0, "f1-score": 0.0, "support": 0.0}, "LY": {"precision": 0.40540540540540543, "recall": 0.20270270270270271, "f1-score": 0.2702702702702703, "support": 74.0}, "SP": {"precision": 0.24302788844621515, "recall": 0.40939597315436244, "f1-score": 0.305, "support": 149.0}, "ID": {"precision": 0.2423469387755102, "recall": 0.2025586353944563, "f1-score": 0.22067363530778164, "support": 469.0}, "NA": {"precision": 0.5472697636511817, "recall": 0.683982683982684, "f1-score": 0.6080362195812111, "support": 3927.0}, "HI": {"precision": 0.34261501210653755, "recall": 0.5763747454175153, "f1-score": 0.4297646165527715, "support": 491.0}, "IN": {"precision": 0.4452538631346578, "recall": 0.5668915120854413, "f1-score": 0.4987636003956479, "support": 3558.0}, "OP": {"precision": 0.3225806451612903, "recall": 0.5084082909659757, "f1-score": 0.3947168665553363, "support": 2557.0}, "IP": {"precision": 0.3278955954323002, "recall": 0.2421686746987952, "f1-score": 0.2785862785862786, "support": 830.0}, "it": {"precision": 0.12554112554112554, "recall": 0.47540983606557374, "f1-score": 0.1986301369863014, "support": 61.0}, "ne": {"precision": 0.35372771474878445, "recall": 0.4951786727169597, "f1-score": 0.4126683999054597, "support": 1763.0}, "sr": {"precision": 0.27824267782426776, "recall": 0.7228260869565217, "f1-score": 0.40181268882175225, "support": 184.0}, "nb": {"precision": 0.2919254658385093, "recall": 0.3294392523364486, "f1-score": 0.30954994511525796, "support": 856.0}, "re": {"precision": 0.1794871794871795, "recall": 0.2916666666666667, "f1-score": 0.22222222222222224, "support": 24.0}, "en": {"precision": 0.09090909090909091, "recall": 0.11864406779661017, "f1-score": 0.10294117647058824, "support": 59.0}, "ra": {"precision": 0.09803921568627451, "recall": 0.145985401459854, "f1-score": 0.11730205278592376, "support": 137.0}, "dtp": {"precision": 0.14564623194064819, "recall": 0.29049844236760125, "f1-score": 0.1940182054616385, "support": 1284.0}, "fi": {"precision": 0.12631578947368421, "recall": 0.14285714285714285, "f1-score": 0.1340782122905028, "support": 84.0}, "lt": {"precision": 0.175, "recall": 0.3181818181818182, "f1-score": 0.22580645161290322, "support": 22.0}, "rv": {"precision": 0.15555555555555556, "recall": 0.31343283582089554, "f1-score": 0.2079207920792079, "support": 335.0}, "ob": {"precision": 0.17947578853842736, "recall": 0.32554391619661566, "f1-score": 0.2313860252004582, "support": 1241.0}, "rs": {"precision": 0.1413427561837456, "recall": 0.37383177570093457, "f1-score": 0.20512820512820515, "support": 107.0}, "av": {"precision": 0.12664473684210525, "recall": 0.2950191570881226, "f1-score": 0.17721518987341772, "support": 261.0}, "ds": {"precision": 0.3088512241054614, "recall": 0.36771300448430494, "f1-score": 0.33572159672466734, "support": 446.0}, "ed": {"precision": 0.0, "recall": 0.0, "f1-score": 0.0, "support": 70.0}}}