{"f1": 0.7714828897338403, "f1_macro": 0.6951382853815559, "precision": 0.8070803500397773, "recall": 0.7388929351784413, "accuracy": 0.5638051044083526, "threshold": 0.44999999999999996, "label_scores": {"MT": {"precision": 0.8924731182795699, "recall": 0.7155172413793104, "f1-score": 0.7942583732057416, "support": 116.0}, "LY": {"precision": 0.0, "recall": 0.0, "f1-score": 0.0, "support": 15.0}, "SP": {"precision": 0.0, "recall": 0.0, "f1-score": 0.0, "support": 7.0}, "ID": {"precision": 1.0, "recall": 0.37254901960784315, "f1-score": 0.5428571428571428, "support": 51.0}, "NA": {"precision": 0.8375634517766497, "recall": 0.8396946564885496, "f1-score": 0.8386277001270649, "support": 393.0}, "HI": {"precision": 0.78, "recall": 0.5, "f1-score": 0.609375, "support": 78.0}, "IN": {"precision": 0.7790368271954674, "recall": 0.8136094674556213, "f1-score": 0.7959479015918959, "support": 338.0}, "OP": {"precision": 0.7676056338028169, "recall": 0.6646341463414634, "f1-score": 0.7124183006535948, "support": 164.0}, "IP": {"precision": 0.8305084745762712, "recall": 0.8051643192488263, "f1-score": 0.8176400476758046, "support": 426.0}, "it": {"precision": 0.0, "recall": 0.0, "f1-score": 0.0, "support": 6.0}, "ne": {"precision": 0.8021978021978022, "recall": 0.7684210526315789, "f1-score": 0.7849462365591398, "support": 95.0}, "sr": {"precision": 1.0, "recall": 0.35714285714285715, "f1-score": 0.5263157894736842, "support": 14.0}, "nb": {"precision": 0.8589211618257261, "recall": 0.8414634146341463, "f1-score": 0.8501026694045174, "support": 246.0}, "re": {"precision": 0.8235294117647058, "recall": 0.7777777777777778, "f1-score": 0.7999999999999999, "support": 18.0}, "en": {"precision": 0.8881118881118881, "recall": 0.9548872180451128, "f1-score": 0.9202898550724639, "support": 133.0}, "ra": {"precision": 0.0, "recall": 0.0, "f1-score": 0.0, "support": 1.0}, "dtp": {"precision": 0.4605263157894737, "recall": 0.3763440860215054, "f1-score": 0.41420118343195267, "support": 93.0}, "fi": {"precision": 1.0, "recall": 0.5666666666666667, "f1-score": 0.7234042553191489, "support": 30.0}, "lt": {"precision": 0.7692307692307693, "recall": 0.5263157894736842, "f1-score": 0.625, "support": 38.0}, "rv": {"precision": 0.8679245283018868, "recall": 0.6764705882352942, "f1-score": 0.7603305785123967, "support": 68.0}, "ob": {"precision": 0.7777777777777778, "recall": 0.5185185185185185, "f1-score": 0.6222222222222222, "support": 54.0}, "rs": {"precision": 0.0, "recall": 0.0, "f1-score": 0.0, "support": 9.0}, "av": {"precision": 0.7142857142857143, "recall": 0.18518518518518517, "f1-score": 0.2941176470588235, "support": 27.0}, "ds": {"precision": 0.7514792899408284, "recall": 0.8012618296529969, "f1-score": 0.7755725190839695, "support": 317.0}, "ed": {"precision": 0.0, "recall": 0.0, "f1-score": 0.0, "support": 9.0}}}