{"f1": 0.7005649717514124, "precision": 0.7126436781609196, "recall": 0.6888888888888889, "accuracy": 0.4852941176470588, "threshold": 0.35, "label_scores": {"MT": {"precision": 1.0, "recall": 0.5, "f1-score": 0.6666666666666666, "support": 2.0}, "LY": {"precision": 1.0, "recall": 0.6666666666666666, "f1-score": 0.8, "support": 3.0}, "SP": {"precision": 0.0, "recall": 0.0, "f1-score": 0.0, "support": 1.0}, "ID": {"precision": 0.0, "recall": 0.0, "f1-score": 0.0, "support": 0.0}, "NA": {"precision": 0.76, "recall": 0.95, "f1-score": 0.8444444444444444, "support": 20.0}, "HI": {"precision": 0.75, "recall": 0.5, "f1-score": 0.6, "support": 6.0}, "IN": {"precision": 0.7333333333333333, "recall": 0.6875, "f1-score": 0.7096774193548386, "support": 16.0}, "OP": {"precision": 0.8, "recall": 0.42105263157894735, "f1-score": 0.5517241379310345, "support": 19.0}, "IP": {"precision": 0.6428571428571429, "recall": 0.782608695652174, "f1-score": 0.7058823529411765, "support": 23.0}}}