{"f1": 0.7793696275071634, "precision": 0.7727272727272727, "recall": 0.7861271676300579, "accuracy": 0.725, "threshold": 0.39999999999999997, "label_scores": {"MT": {"precision": 0.26666666666666666, "recall": 0.8, "f1-score": 0.4, "support": 5.0}, "LY": {"precision": 1.0, "recall": 1.0, "f1-score": 1.0, "support": 12.0}, "SP": {"precision": 0.0, "recall": 0.0, "f1-score": 0.0, "support": 2.0}, "ID": {"precision": 0.0, "recall": 0.0, "f1-score": 0.0, "support": 1.0}, "NA": {"precision": 0.9294117647058824, "recall": 0.9294117647058824, "f1-score": 0.9294117647058824, "support": 85.0}, "HI": {"precision": 0.5, "recall": 0.3333333333333333, "f1-score": 0.4, "support": 9.0}, "IN": {"precision": 0.75, "recall": 0.7941176470588235, "f1-score": 0.7714285714285715, "support": 34.0}, "OP": {"precision": 0.42857142857142855, "recall": 0.5454545454545454, "f1-score": 0.4799999999999999, "support": 11.0}, "IP": {"precision": 0.625, "recall": 0.35714285714285715, "f1-score": 0.45454545454545453, "support": 14.0}}}