{"f1": 0.532608695652174, "precision": 0.4666666666666667, "recall": 0.620253164556962, "accuracy": 0.21, "threshold": 0.35, "label_scores": {"MT": {"precision": 0.5, "recall": 0.25, "f1-score": 0.3333333333333333, "support": 4.0}, "LY": {"precision": 0.0, "recall": 0.0, "f1-score": 0.0, "support": 0.0}, "SP": {"precision": 0.5, "recall": 1.0, "f1-score": 0.6666666666666666, "support": 1.0}, "ID": {"precision": 0.5714285714285714, "recall": 1.0, "f1-score": 0.7272727272727273, "support": 4.0}, "NA": {"precision": 0.85, "recall": 0.4722222222222222, "f1-score": 0.6071428571428571, "support": 36.0}, "HI": {"precision": 0.8333333333333334, "recall": 0.5, "f1-score": 0.625, "support": 10.0}, "IN": {"precision": 0.3888888888888889, "recall": 0.9333333333333333, "f1-score": 0.5490196078431373, "support": 15.0}, "OP": {"precision": 0.18181818181818182, "recall": 0.5, "f1-score": 0.26666666666666666, "support": 4.0}, "IP": {"precision": 0.6888888888888889, "recall": 0.9393939393939394, "f1-score": 0.7948717948717948, "support": 33.0}, "it": {"precision": 1.0, "recall": 1.0, "f1-score": 1.0, "support": 1.0}, "ne": {"precision": 0.0, "recall": 0.0, "f1-score": 0.0, "support": 3.0}, "sr": {"precision": 0.0, "recall": 0.0, "f1-score": 0.0, "support": 0.0}, "nb": {"precision": 0.9285714285714286, "recall": 0.3939393939393939, "f1-score": 0.5531914893617021, "support": 33.0}, "re": {"precision": 0.0, "recall": 0.0, "f1-score": 0.0, "support": 0.0}, "en": {"precision": 0.0, "recall": 0.0, "f1-score": 0.0, "support": 0.0}, "ra": {"precision": 0.0, "recall": 0.0, "f1-score": 0.0, "support": 0.0}, "dtp": {"precision": 0.625, "recall": 0.625, "f1-score": 0.625, "support": 8.0}, "fi": {"precision": 0.0, "recall": 0.0, "f1-score": 0.0, "support": 0.0}, "lt": {"precision": 0.4, "recall": 1.0, "f1-score": 0.5714285714285715, "support": 2.0}, "rv": {"precision": 0.0, "recall": 0.0, "f1-score": 0.0, "support": 1.0}, "ob": {"precision": 0.0, "recall": 0.0, "f1-score": 0.0, "support": 0.0}, "rs": {"precision": 0.0, "recall": 0.0, "f1-score": 0.0, "support": 0.0}, "av": {"precision": 0.3333333333333333, "recall": 0.6666666666666666, "f1-score": 0.4444444444444444, "support": 3.0}, "ds": {"precision": 0.0, "recall": 0.0, "f1-score": 0.0, "support": 0.0}, "ed": {"precision": 0.0, "recall": 0.0, "f1-score": 0.0, "support": 0.0}}}