{"f1": 0.8068669527896997, "precision": 0.8274014542671259, "recall": 0.7873270211216314, "accuracy": 0.6218097447795824, "threshold": 0.44999999999999996, "label_scores": {"MT": {"precision": 0.9207920792079208, "recall": 0.8017241379310345, "f1-score": 0.8571428571428572, "support": 116.0}, "LY": {"precision": 0.9, "recall": 0.6, "f1-score": 0.7200000000000001, "support": 15.0}, "SP": {"precision": 0.7142857142857143, "recall": 0.7142857142857143, "f1-score": 0.7142857142857143, "support": 7.0}, "ID": {"precision": 0.8181818181818182, "recall": 0.7058823529411765, "f1-score": 0.7578947368421053, "support": 51.0}, "NA": {"precision": 0.8790322580645161, "recall": 0.8320610687022901, "f1-score": 0.8549019607843138, "support": 393.0}, "HI": {"precision": 0.746268656716418, "recall": 0.6410256410256411, "f1-score": 0.6896551724137931, "support": 78.0}, "IN": {"precision": 0.787292817679558, "recall": 0.8431952662721893, "f1-score": 0.8142857142857142, "support": 338.0}, "OP": {"precision": 0.7666666666666667, "recall": 0.7012195121951219, "f1-score": 0.7324840764331211, "support": 164.0}, "IP": {"precision": 0.8651960784313726, "recall": 0.8286384976525821, "f1-score": 0.8465227817745804, "support": 426.0}, "it": {"precision": 0.8, "recall": 0.6666666666666666, "f1-score": 0.7272727272727272, "support": 6.0}, "ne": {"precision": 0.8333333333333334, "recall": 0.7368421052631579, "f1-score": 0.782122905027933, "support": 95.0}, "sr": {"precision": 0.6923076923076923, "recall": 0.6428571428571429, "f1-score": 0.6666666666666666, "support": 14.0}, "nb": {"precision": 0.8786610878661087, "recall": 0.8536585365853658, "f1-score": 0.865979381443299, "support": 246.0}, "re": {"precision": 0.8, "recall": 0.8888888888888888, "f1-score": 0.8421052631578948, "support": 18.0}, "en": {"precision": 0.9615384615384616, "recall": 0.9398496240601504, "f1-score": 0.9505703422053231, "support": 133.0}, "ra": {"precision": 0.0, "recall": 0.0, "f1-score": 0.0, "support": 1.0}, "dtp": {"precision": 0.5647058823529412, "recall": 0.5161290322580645, "f1-score": 0.5393258426966292, "support": 93.0}, "fi": {"precision": 1.0, "recall": 0.6333333333333333, "f1-score": 0.7755102040816326, "support": 30.0}, "lt": {"precision": 0.7948717948717948, "recall": 0.8157894736842105, "f1-score": 0.8051948051948051, "support": 38.0}, "rv": {"precision": 0.819672131147541, "recall": 0.7352941176470589, "f1-score": 0.7751937984496124, "support": 68.0}, "ob": {"precision": 0.7346938775510204, "recall": 0.6666666666666666, "f1-score": 0.6990291262135923, "support": 54.0}, "rs": {"precision": 0.6666666666666666, "recall": 0.4444444444444444, "f1-score": 0.5333333333333333, "support": 9.0}, "av": {"precision": 0.75, "recall": 0.3333333333333333, "f1-score": 0.46153846153846156, "support": 27.0}, "ds": {"precision": 0.78419452887538, "recall": 0.8138801261829653, "f1-score": 0.7987616099071208, "support": 317.0}, "ed": {"precision": 0.0, "recall": 0.0, "f1-score": 0.0, "support": 9.0}}}