{"f1": 0.6837606837606838, "precision": 0.7100591715976331, "recall": 0.6593406593406593, "accuracy": 0.6144578313253012, "threshold": 0.49999999999999994, "label_scores": {"MT": {"precision": 0.0, "recall": 0.0, "f1-score": 0.0, "support": 0.0}, "LY": {"precision": 0.0, "recall": 0.0, "f1-score": 0.0, "support": 4.0}, "SP": {"precision": 0.0, "recall": 0.0, "f1-score": 0.0, "support": 0.0}, "ID": {"precision": 0.6666666666666666, "recall": 0.23529411764705882, "f1-score": 0.3478260869565218, "support": 17.0}, "NA": {"precision": 0.8048780487804879, "recall": 0.8761061946902655, "f1-score": 0.8389830508474576, "support": 113.0}, "HI": {"precision": 0.8571428571428571, "recall": 0.375, "f1-score": 0.5217391304347825, "support": 32.0}, "IN": {"precision": 0.5, "recall": 0.5454545454545454, "f1-score": 0.5217391304347826, "support": 55.0}, "OP": {"precision": 0.5483870967741935, "recall": 0.5666666666666667, "f1-score": 0.5573770491803278, "support": 30.0}, "IP": {"precision": 0.8125, "recall": 0.6902654867256637, "f1-score": 0.7464114832535885, "support": 113.0}}}