{"f1": 0.7896152811407049, "precision": 0.7826666666666666, "recall": 0.7966883821932682, "accuracy": 0.6708507670850767, "threshold": 0.44999999999999996, "label_scores": {"MT": {"precision": 0.9852941176470589, "recall": 0.9710144927536232, "f1-score": 0.9781021897810219, "support": 276.0}, "LY": {"precision": 0.5, "recall": 0.2, "f1-score": 0.28571428571428575, "support": 5.0}, "SP": {"precision": 0.8333333333333334, "recall": 0.5555555555555556, "f1-score": 0.6666666666666667, "support": 18.0}, "ID": {"precision": 0.8883248730964467, "recall": 0.7575757575757576, "f1-score": 0.8177570093457944, "support": 231.0}, "NA": {"precision": 0.8123515439429929, "recall": 0.9071618037135278, "f1-score": 0.8571428571428571, "support": 754.0}, "HI": {"precision": 0.7816091954022989, "recall": 0.5811965811965812, "f1-score": 0.6666666666666667, "support": 117.0}, "IN": {"precision": 0.7215909090909091, "recall": 0.7016574585635359, "f1-score": 0.711484593837535, "support": 362.0}, "OP": {"precision": 0.7735191637630662, "recall": 0.7816901408450704, "f1-score": 0.7775831873905429, "support": 284.0}, "IP": {"precision": 0.7435897435897436, "recall": 0.8055555555555556, "f1-score": 0.7733333333333334, "support": 252.0}, "it": {"precision": 0.8888888888888888, "recall": 0.6153846153846154, "f1-score": 0.7272727272727274, "support": 13.0}, "ne": {"precision": 0.6421725239616614, "recall": 0.8933333333333333, "f1-score": 0.7472118959107806, "support": 225.0}, "sr": {"precision": 0.9558823529411765, "recall": 0.9154929577464789, "f1-score": 0.9352517985611511, "support": 71.0}, "nb": {"precision": 0.8121212121212121, "recall": 0.8048048048048048, "f1-score": 0.808446455505279, "support": 333.0}, "re": {"precision": 0.8571428571428571, "recall": 0.75, "f1-score": 0.7999999999999999, "support": 8.0}, "en": {"precision": 0.6521739130434783, "recall": 0.6666666666666666, "f1-score": 0.6593406593406593, "support": 45.0}, "ra": {"precision": 0.7272727272727273, "recall": 0.5714285714285714, "f1-score": 0.64, "support": 14.0}, "dtp": {"precision": 0.5140845070422535, "recall": 0.5367647058823529, "f1-score": 0.525179856115108, "support": 136.0}, "fi": {"precision": 1.0, "recall": 0.5, "f1-score": 0.6666666666666666, "support": 4.0}, "lt": {"precision": 0.7368421052631579, "recall": 0.5384615384615384, "f1-score": 0.6222222222222222, "support": 26.0}, "rv": {"precision": 0.8363636363636363, "recall": 0.8440366972477065, "f1-score": 0.8401826484018265, "support": 109.0}, "ob": {"precision": 0.5633802816901409, "recall": 0.5882352941176471, "f1-score": 0.5755395683453237, "support": 68.0}, "rs": {"precision": 0.8933333333333333, "recall": 0.7613636363636364, "f1-score": 0.8220858895705522, "support": 88.0}, "av": {"precision": 0.0, "recall": 0.0, "f1-score": 0.0, "support": 12.0}, "ds": {"precision": 0.8036529680365296, "recall": 0.8301886792452831, "f1-score": 0.8167053364269142, "support": 212.0}, "ed": {"precision": 0.0, "recall": 0.0, "f1-score": 0.0, "support": 21.0}}}