{"f1": 0.7187915536407637, "precision": 0.6992652385387561, "recall": 0.7394397023418691, "accuracy": 0.48374960810952033, "threshold": 0.39999999999999997, "label_scores": {"MT": {"precision": 0.0, "recall": 0.0, "f1-score": 0.0, "support": 0.0}, "LY": {"precision": 0.9473684210526315, "recall": 0.8, "f1-score": 0.8674698795180723, "support": 135.0}, "SP": {"precision": 0.6598639455782312, "recall": 0.6643835616438356, "f1-score": 0.6621160409556314, "support": 146.0}, "ID": {"precision": 0.8417818740399385, "recall": 0.7988338192419825, "f1-score": 0.819745699326851, "support": 686.0}, "NA": {"precision": 0.7769784172661871, "recall": 0.8864915572232646, "f1-score": 0.8281301347354585, "support": 4264.0}, "HI": {"precision": 0.625, "recall": 0.6326034063260341, "f1-score": 0.6287787182587666, "support": 411.0}, "IN": {"precision": 0.6427876823338736, "recall": 0.7638674884437596, "f1-score": 0.6981165287801444, "support": 2596.0}, "OP": {"precision": 0.651213171577123, "recall": 0.7059652418976045, "f1-score": 0.6774847870182554, "support": 2129.0}, "IP": {"precision": 0.5955414012738853, "recall": 0.4651741293532338, "f1-score": 0.5223463687150838, "support": 402.0}, "it": {"precision": 0.7009345794392523, "recall": 0.7211538461538461, "f1-score": 0.7109004739336492, "support": 104.0}, "ne": {"precision": 0.7695021560172481, "recall": 0.8321322594319627, "f1-score": 0.79959266802444, "support": 2359.0}, "sr": {"precision": 0.8609865470852018, "recall": 0.9070866141732283, "f1-score": 0.8834355828220859, "support": 635.0}, "nb": {"precision": 0.6647482014388489, "recall": 0.6398891966759003, "f1-score": 0.6520818630910374, "support": 722.0}, "re": {"precision": 0.8928571428571429, "recall": 0.6756756756756757, "f1-score": 0.7692307692307693, "support": 37.0}, "en": {"precision": 0.7547169811320755, "recall": 0.7407407407407407, "f1-score": 0.7476635514018692, "support": 108.0}, "ra": {"precision": 0.9183673469387755, "recall": 0.47619047619047616, "f1-score": 0.627177700348432, "support": 189.0}, "dtp": {"precision": 0.47943037974683544, "recall": 0.5559633027522936, "f1-score": 0.5148683092608326, "support": 1090.0}, "fi": {"precision": 0.6666666666666666, "recall": 0.057971014492753624, "f1-score": 0.10666666666666666, "support": 69.0}, "lt": {"precision": 0.6764705882352942, "recall": 0.575, "f1-score": 0.6216216216216216, "support": 40.0}, "rv": {"precision": 0.713527851458886, "recall": 0.6545012165450121, "f1-score": 0.6827411167512691, "support": 411.0}, "ob": {"precision": 0.5792880258899676, "recall": 0.510941960038059, "f1-score": 0.5429726996966633, "support": 1051.0}, "rs": {"precision": 0.6586826347305389, "recall": 0.7006369426751592, "f1-score": 0.6790123456790124, "support": 157.0}, "av": {"precision": 0.4619883040935672, "recall": 0.3347457627118644, "f1-score": 0.38820638820638814, "support": 236.0}, "ds": {"precision": 0.7198067632850241, "recall": 0.5321428571428571, "f1-score": 0.6119096509240246, "support": 280.0}, "ed": {"precision": 0.0, "recall": 0.0, "f1-score": 0.0, "support": 19.0}}}