{"f1": 0.6610169491525423, "precision": 0.6782608695652174, "recall": 0.6446280991735537, "accuracy": 0.4782608695652174, "threshold": 0.3, "label_scores": {"MT": {"precision": 0.2222222222222222, "recall": 0.6666666666666666, "f1-score": 0.3333333333333333, "support": 3.0}, "LY": {"precision": 0.0, "recall": 0.0, "f1-score": 0.0, "support": 0.0}, "SP": {"precision": 0.0, "recall": 0.0, "f1-score": 0.0, "support": 0.0}, "ID": {"precision": 0.6666666666666666, "recall": 0.25, "f1-score": 0.36363636363636365, "support": 8.0}, "NA": {"precision": 0.8918918918918919, "recall": 0.8461538461538461, "f1-score": 0.868421052631579, "support": 39.0}, "HI": {"precision": 0.6666666666666666, "recall": 0.5, "f1-score": 0.5714285714285715, "support": 8.0}, "IN": {"precision": 0.7727272727272727, "recall": 0.5666666666666667, "f1-score": 0.6538461538461539, "support": 30.0}, "OP": {"precision": 0.7142857142857143, "recall": 0.5882352941176471, "f1-score": 0.6451612903225806, "support": 17.0}, "IP": {"precision": 0.4166666666666667, "recall": 0.625, "f1-score": 0.5, "support": 16.0}}}