{"f1": 0.6146087522368635, "precision": 0.6689093484419264, "recall": 0.5684622329220583, "accuracy": 0.2799325463743676, "pr_auc": 0.6790395439599721, "threshold": 0.3, "label_scores": {"MT": {"precision": 0.26229508196721313, "recall": 0.5517241379310345, "f1-score": 0.35555555555555557, "support": 29.0}, "LY": {"precision": 0.8181818181818182, "recall": 0.75, "f1-score": 0.7826086956521738, "support": 12.0}, "SP": {"precision": 1.0, "recall": 0.009615384615384616, "f1-score": 0.01904761904761905, "support": 104.0}, "ID": {"precision": 0.5333333333333333, "recall": 0.18181818181818182, "f1-score": 0.2711864406779661, "support": 44.0}, "NA": {"precision": 0.8333333333333334, "recall": 0.7858376511226253, "f1-score": 0.808888888888889, "support": 579.0}, "HI": {"precision": 0.4142857142857143, "recall": 0.6850393700787402, "f1-score": 0.516320474777448, "support": 127.0}, "IN": {"precision": 0.6641025641025641, "recall": 0.477859778597786, "f1-score": 0.555793991416309, "support": 542.0}, "OP": {"precision": 0.6228070175438597, "recall": 0.48464163822525597, "f1-score": 0.54510556621881, "support": 293.0}, "IP": {"precision": 0.7601476014760148, "recall": 0.6560509554140127, "f1-score": 0.7042735042735043, "support": 314.0}, "it": {"precision": 0.0, "recall": 0.0, "f1-score": 0.0, "support": 13.0}, "ne": {"precision": 0.7953890489913544, "recall": 0.9324324324324325, "f1-score": 0.8584758942457231, "support": 296.0}, "sr": {"precision": 0.8148148148148148, "recall": 0.9565217391304348, "f1-score": 0.8800000000000001, "support": 46.0}, "nb": {"precision": 0.5952380952380952, "recall": 0.33112582781456956, "f1-score": 0.4255319148936171, "support": 151.0}, "re": {"precision": 0.9166666666666666, "recall": 0.6875, "f1-score": 0.7857142857142857, "support": 16.0}, "en": {"precision": 0.6, "recall": 0.3157894736842105, "f1-score": 0.41379310344827586, "support": 19.0}, "ra": {"precision": 0.6, "recall": 0.42857142857142855, "f1-score": 0.5, "support": 14.0}, "dtp": {"precision": 0.33766233766233766, "recall": 0.2708333333333333, "f1-score": 0.3005780346820809, "support": 192.0}, "fi": {"precision": 0.25, "recall": 0.5, "f1-score": 0.3333333333333333, "support": 2.0}, "lt": {"precision": 0.3076923076923077, "recall": 0.3076923076923077, "f1-score": 0.3076923076923077, "support": 13.0}, "rv": {"precision": 0.7428571428571429, "recall": 0.4, "f1-score": 0.52, "support": 65.0}, "ob": {"precision": 0.5151515151515151, "recall": 0.15315315315315314, "f1-score": 0.2361111111111111, "support": 111.0}, "rs": {"precision": 0.8461538461538461, "recall": 0.6285714285714286, "f1-score": 0.721311475409836, "support": 35.0}, "av": {"precision": 0.3333333333333333, "recall": 0.421875, "f1-score": 0.3724137931034483, "support": 64.0}, "ds": {"precision": 0.7224669603524229, "recall": 0.7130434782608696, "f1-score": 0.7177242888402625, "support": 230.0}, "ed": {"precision": 0.0, "recall": 0.0, "f1-score": 0.0, "support": 12.0}}}