{"f1": 0.7166535947712418, "precision": 0.6861920496645639, "recall": 0.7499452834318232, "accuracy": 0.48145051729543314, "pr_auc": 0.7901524086902746, "threshold": 0.39999999999999997, "label_scores": {"MT": {"precision": 0.0, "recall": 0.0, "f1-score": 0.0, "support": 0.0}, "LY": {"precision": 0.9557522123893806, "recall": 0.8, "f1-score": 0.870967741935484, "support": 135.0}, "SP": {"precision": 0.6878980891719745, "recall": 0.7397260273972602, "f1-score": 0.7128712871287128, "support": 146.0}, "ID": {"precision": 0.8500772797527048, "recall": 0.8017492711370262, "f1-score": 0.8252063015753938, "support": 686.0}, "NA": {"precision": 0.7540726202158979, "recall": 0.901031894934334, "f1-score": 0.8210278875948286, "support": 4264.0}, "HI": {"precision": 0.6440217391304348, "recall": 0.5766423357664233, "f1-score": 0.6084724005134787, "support": 411.0}, "IN": {"precision": 0.6641221374045801, "recall": 0.7372881355932204, "f1-score": 0.6987951807228916, "support": 2596.0}, "OP": {"precision": 0.6113653699466056, "recall": 0.7529356505401597, "f1-score": 0.6748053041464954, "support": 2129.0}, "IP": {"precision": 0.6105919003115264, "recall": 0.48756218905472637, "f1-score": 0.5421853388658369, "support": 402.0}, "it": {"precision": 0.6833333333333333, "recall": 0.7884615384615384, "f1-score": 0.7321428571428571, "support": 104.0}, "ne": {"precision": 0.74090407938258, "recall": 0.8545994065281899, "f1-score": 0.7937007874015748, "support": 2359.0}, "sr": {"precision": 0.8531976744186046, "recall": 0.9244094488188976, "f1-score": 0.8873771730914588, "support": 635.0}, "nb": {"precision": 0.6716196136701337, "recall": 0.6260387811634349, "f1-score": 0.6480286738351253, "support": 722.0}, "re": {"precision": 0.9259259259259259, "recall": 0.6756756756756757, "f1-score": 0.7812500000000001, "support": 37.0}, "en": {"precision": 0.6287878787878788, "recall": 0.7685185185185185, "f1-score": 0.6916666666666667, "support": 108.0}, "ra": {"precision": 0.8095238095238095, "recall": 0.5396825396825397, "f1-score": 0.6476190476190475, "support": 189.0}, "dtp": {"precision": 0.48646288209606986, "recall": 0.5110091743119266, "f1-score": 0.498434004474273, "support": 1090.0}, "fi": {"precision": 0.75, "recall": 0.17391304347826086, "f1-score": 0.2823529411764706, "support": 69.0}, "lt": {"precision": 0.7142857142857143, "recall": 0.625, "f1-score": 0.6666666666666666, "support": 40.0}, "rv": {"precision": 0.6850961538461539, "recall": 0.6934306569343066, "f1-score": 0.6892382103990327, "support": 411.0}, "ob": {"precision": 0.5271389144434223, "recall": 0.5451950523311132, "f1-score": 0.5360149672591208, "support": 1051.0}, "rs": {"precision": 0.6629834254143646, "recall": 0.7643312101910829, "f1-score": 0.7100591715976333, "support": 157.0}, "av": {"precision": 0.4431818181818182, "recall": 0.3305084745762712, "f1-score": 0.3786407766990292, "support": 236.0}, "ds": {"precision": 0.7023255813953488, "recall": 0.5392857142857143, "f1-score": 0.6101010101010101, "support": 280.0}, "ed": {"precision": 0.0, "recall": 0.0, "f1-score": 0.0, "support": 19.0}}}