{"f1": 0.8129315756434401, "f1_macro": 0.7862076500920703, "precision": 0.8103879849812266, "recall": 0.8154911838790933, "accuracy": 0.6898685228151585, "threshold": 0.39999999999999997, "label_scores": {"MT": {"precision": 0.8403361344537815, "recall": 0.8620689655172413, "f1-score": 0.851063829787234, "support": 116.0}, "LY": {"precision": 0.0, "recall": 0.0, "f1-score": 0.0, "support": 15.0}, "SP": {"precision": 0.0, "recall": 0.0, "f1-score": 0.0, "support": 7.0}, "ID": {"precision": 0.875, "recall": 0.6862745098039216, "f1-score": 0.7692307692307692, "support": 51.0}, "NA": {"precision": 0.8717277486910995, "recall": 0.8473282442748091, "f1-score": 0.8593548387096774, "support": 393.0}, "HI": {"precision": 0.625, "recall": 0.6410256410256411, "f1-score": 0.6329113924050633, "support": 78.0}, "IN": {"precision": 0.7598944591029023, "recall": 0.8520710059171598, "f1-score": 0.803347280334728, "support": 338.0}, "OP": {"precision": 0.7159763313609467, "recall": 0.7378048780487805, "f1-score": 0.7267267267267268, "support": 164.0}, "IP": {"precision": 0.8578088578088578, "recall": 0.863849765258216, "f1-score": 0.8608187134502924, "support": 426.0}}}