{"f1": 0.7893660531697342, "precision": 0.7877551020408163, "recall": 0.7909836065573771, "accuracy": 0.7172489082969432, "pr_auc": 0.848420166817418, "threshold": 0.44999999999999996, "label_scores": {"MT": {"precision": 0.8666666666666667, "recall": 0.7090909090909091, "f1-score": 0.7800000000000001, "support": 110.0}, "LY": {"precision": 0.75, "recall": 0.42857142857142855, "f1-score": 0.5454545454545454, "support": 7.0}, "SP": {"precision": 1.0, "recall": 0.46153846153846156, "f1-score": 0.631578947368421, "support": 13.0}, "ID": {"precision": 0.75, "recall": 0.391304347826087, "f1-score": 0.5142857142857143, "support": 23.0}, "NA": {"precision": 0.8791666666666667, "recall": 0.9213973799126638, "f1-score": 0.8997867803837953, "support": 229.0}, "HI": {"precision": 0.7714285714285715, "recall": 0.8181818181818182, "f1-score": 0.7941176470588236, "support": 33.0}, "IN": {"precision": 0.7, "recall": 0.7567567567567568, "f1-score": 0.7272727272727273, "support": 185.0}, "OP": {"precision": 0.6666666666666666, "recall": 0.5652173913043478, "f1-score": 0.6117647058823529, "support": 92.0}, "IP": {"precision": 0.780952380952381, "recall": 0.8661971830985915, "f1-score": 0.8213689482470784, "support": 284.0}}}