{"f1": 0.24055666003976145, "precision": 0.1413551401869159, "recall": 0.8066666666666666, "accuracy": 0.0, "pr_auc": 0.10687903695964099, "threshold": 0.49999999999999994, "label_scores": {"MT": {"precision": 0.14782608695652175, "recall": 1.0, "f1-score": 0.25757575757575757, "support": 17.0}, "LY": {"precision": 0.0, "recall": 0.0, "f1-score": 0.0, "support": 0.0}, "SP": {"precision": 0.0, "recall": 0.0, "f1-score": 0.0, "support": 0.0}, "ID": {"precision": 0.045454545454545456, "recall": 1.0, "f1-score": 0.08695652173913045, "support": 4.0}, "NA": {"precision": 0.5666666666666667, "recall": 0.6296296296296297, "f1-score": 0.5964912280701755, "support": 27.0}, "HI": {"precision": 0.09302325581395349, "recall": 0.8, "f1-score": 0.16666666666666666, "support": 10.0}, "IN": {"precision": 0.29838709677419356, "recall": 0.8222222222222222, "f1-score": 0.4378698224852071, "support": 45.0}, "OP": {"precision": 0.08695652173913043, "recall": 0.4444444444444444, "f1-score": 0.14545454545454548, "support": 9.0}, "IP": {"precision": 0.3269230769230769, "recall": 0.8947368421052632, "f1-score": 0.4788732394366197, "support": 38.0}}}