{"f1": 0.7422254720633145, "precision": 0.6913461538461538, "recall": 0.801188596898505, "accuracy": 0.5696520012540496, "pr_auc": 0.8253547088910712, "threshold": 0.39999999999999997, "label_scores": {"MT": {"precision": 0.0, "recall": 0.0, "f1-score": 0.0, "support": 0.0}, "LY": {"precision": 0.9256198347107438, "recall": 0.8296296296296296, "f1-score": 0.875, "support": 135.0}, "SP": {"precision": 0.6858974358974359, "recall": 0.7328767123287672, "f1-score": 0.7086092715231788, "support": 146.0}, "ID": {"precision": 0.8390977443609022, "recall": 0.8134110787172012, "f1-score": 0.8260547742413028, "support": 686.0}, "NA": {"precision": 0.7718692916582098, "recall": 0.8918855534709194, "f1-score": 0.8275486889348275, "support": 4264.0}, "HI": {"precision": 0.7362637362637363, "recall": 0.48905109489051096, "f1-score": 0.5877192982456141, "support": 411.0}, "IN": {"precision": 0.6613233287858117, "recall": 0.7469183359013868, "f1-score": 0.701519536903039, "support": 2596.0}, "OP": {"precision": 0.5612712975098296, "recall": 0.8046031000469704, "f1-score": 0.6612623045744065, "support": 2129.0}, "IP": {"precision": 0.5752212389380531, "recall": 0.48507462686567165, "f1-score": 0.5263157894736843, "support": 402.0}}}