{"f1": 0.2464106245513281, "precision": 0.14189747829681687, "recall": 0.9352861035422343, "accuracy": 0.0, "pr_auc": 0.11491433493390278, "threshold": 0.44999999999999996, "label_scores": {"MT": {"precision": 0.05417814508723599, "recall": 0.921875, "f1-score": 0.10234171725932349, "support": 64.0}, "LY": {"precision": 0.010475423045930701, "recall": 1.0, "f1-score": 0.02073365231259968, "support": 13.0}, "SP": {"precision": 0.012096774193548387, "recall": 1.0, "f1-score": 0.023904382470119518, "support": 15.0}, "ID": {"precision": 0.11564625850340136, "recall": 0.9916666666666667, "f1-score": 0.20713664055700612, "support": 120.0}, "NA": {"precision": 0.45023696682464454, "recall": 0.8769230769230769, "f1-score": 0.5949895615866388, "support": 325.0}, "HI": {"precision": 0.0594059405940594, "recall": 1.0, "f1-score": 0.11214953271028036, "support": 72.0}, "IN": {"precision": 0.25264012997562957, "recall": 0.971875, "f1-score": 0.4010315925209542, "support": 320.0}, "OP": {"precision": 0.13495575221238937, "recall": 0.8133333333333334, "f1-score": 0.23149905123339656, "support": 150.0}, "IP": {"precision": 0.3436645396536007, "recall": 0.9691516709511568, "f1-score": 0.5074024226110363, "support": 389.0}}}