{"f1": 0.2174114259268782, "precision": 0.12327968276183812, "recall": 0.9195302305350153, "accuracy": 0.0, "pr_auc": 0.09445399795061468, "threshold": 0.44999999999999996, "label_scores": {"MT": {"precision": 0.12161444503451939, "recall": 0.8297101449275363, "f1-score": 0.21213524779990736, "support": 276.0}, "LY": {"precision": 0.0023245002324500234, "recall": 1.0, "f1-score": 0.00463821892393321, "support": 5.0}, "SP": {"precision": 0.008368200836820083, "recall": 1.0, "f1-score": 0.016597510373443983, "support": 18.0}, "ID": {"precision": 0.11616161616161616, "recall": 0.9956709956709957, "f1-score": 0.20805065581184984, "support": 231.0}, "NA": {"precision": 0.4968684759916493, "recall": 0.946949602122016, "f1-score": 0.6517571884984026, "support": 754.0}, "HI": {"precision": 0.0540667606958157, "recall": 0.9829059829059829, "f1-score": 0.10249554367201426, "support": 117.0}, "IN": {"precision": 0.1680633147113594, "recall": 0.9972375690607734, "f1-score": 0.28764940239043824, "support": 362.0}, "OP": {"precision": 0.1409921671018277, "recall": 0.7605633802816901, "f1-score": 0.2378854625550661, "support": 284.0}, "IP": {"precision": 0.12995974698102358, "recall": 0.8968253968253969, "f1-score": 0.22702159718734308, "support": 252.0}}}