{"f1": 0.2525056579372777, "precision": 0.1476765989631754, "recall": 0.8702757916241062, "accuracy": 0.0, "pr_auc": 0.1765909712491944, "threshold": 0.49999999999999994, "label_scores": {"MT": {"precision": 0.0, "recall": 0.0, "f1-score": 0.0, "support": 0.0}, "LY": {"precision": 0.01705485554282805, "recall": 0.9925925925925926, "f1-score": 0.033533533533533534, "support": 135.0}, "SP": {"precision": 0.015307192283497589, "recall": 1.0, "f1-score": 0.03015282940933499, "support": 146.0}, "ID": {"precision": 0.10751791965327555, "recall": 0.9402332361516035, "f1-score": 0.19296933433059088, "support": 686.0}, "NA": {"precision": 0.6301562225732842, "recall": 0.8419324577861164, "f1-score": 0.7208111635377974, "support": 4264.0}, "HI": {"precision": 0.03575432913915535, "recall": 0.6982968369829684, "f1-score": 0.06802559848305285, "support": 411.0}, "IN": {"precision": 0.2396297565992458, "recall": 0.8077812018489985, "f1-score": 0.36961311359830795, "support": 2596.0}, "OP": {"precision": 0.22920517560073936, "recall": 0.9901362141850634, "f1-score": 0.3722408617340632, "support": 2129.0}, "IP": {"precision": 0.061375483437027076, "recall": 0.9079601990049752, "f1-score": 0.1149787368089463, "support": 402.0}}}