{"f1": 0.6697177726926011, "precision": 0.656203288490284, "recall": 0.6838006230529595, "accuracy": 0.48493975903614456, "pr_auc": 0.7330947826553865, "threshold": 0.39999999999999997, "label_scores": {"MT": {"precision": 0.0, "recall": 0.0, "f1-score": 0.0, "support": 0.0}, "LY": {"precision": 0.0, "recall": 0.0, "f1-score": 0.0, "support": 4.0}, "SP": {"precision": 0.0, "recall": 0.0, "f1-score": 0.0, "support": 0.0}, "ID": {"precision": 0.5714285714285714, "recall": 0.23529411764705882, "f1-score": 0.3333333333333333, "support": 17.0}, "NA": {"precision": 0.7862595419847328, "recall": 0.911504424778761, "f1-score": 0.8442622950819673, "support": 113.0}, "HI": {"precision": 0.6470588235294118, "recall": 0.34375, "f1-score": 0.4489795918367347, "support": 32.0}, "IN": {"precision": 0.5, "recall": 0.6181818181818182, "f1-score": 0.5528455284552846, "support": 55.0}, "OP": {"precision": 0.4090909090909091, "recall": 0.6, "f1-score": 0.4864864864864865, "support": 30.0}, "IP": {"precision": 0.7870370370370371, "recall": 0.7522123893805309, "f1-score": 0.7692307692307693, "support": 113.0}, "it": {"precision": 0.0, "recall": 0.0, "f1-score": 0.0, "support": 0.0}, "ne": {"precision": 0.6666666666666666, "recall": 0.88, "f1-score": 0.7586206896551725, "support": 75.0}, "sr": {"precision": 0.6, "recall": 0.5, "f1-score": 0.5454545454545454, "support": 6.0}, "nb": {"precision": 0.46153846153846156, "recall": 0.3157894736842105, "f1-score": 0.37499999999999994, "support": 19.0}, "re": {"precision": 1.0, "recall": 0.8333333333333334, "f1-score": 0.9090909090909091, "support": 6.0}, "en": {"precision": 0.0, "recall": 0.0, "f1-score": 0.0, "support": 3.0}, "ra": {"precision": 0.0, "recall": 0.0, "f1-score": 0.0, "support": 2.0}, "dtp": {"precision": 0.21739130434782608, "recall": 0.2631578947368421, "f1-score": 0.23809523809523808, "support": 19.0}, "fi": {"precision": 0.0, "recall": 0.0, "f1-score": 0.0, "support": 1.0}, "lt": {"precision": 0.46153846153846156, "recall": 0.75, "f1-score": 0.5714285714285714, "support": 8.0}, "rv": {"precision": 1.0, "recall": 0.2222222222222222, "f1-score": 0.3636363636363636, "support": 9.0}, "ob": {"precision": 0.3, "recall": 0.6, "f1-score": 0.4, "support": 5.0}, "rs": {"precision": 0.8, "recall": 0.8888888888888888, "f1-score": 0.8421052631578948, "support": 9.0}, "av": {"precision": 0.18181818181818182, "recall": 0.3333333333333333, "f1-score": 0.23529411764705885, "support": 6.0}, "ds": {"precision": 0.8478260869565217, "recall": 0.7358490566037735, "f1-score": 0.7878787878787878, "support": 106.0}, "ed": {"precision": 0.0, "recall": 0.0, "f1-score": 0.0, "support": 4.0}}}