{"f1": 0.7669902912621359, "precision": 0.7444567627494457, "recall": 0.7909305064782096, "accuracy": 0.6026200873362445, "pr_auc": 0.8239133513701316, "threshold": 0.39999999999999997, "label_scores": {"MT": {"precision": 0.8522727272727273, "recall": 0.6818181818181818, "f1-score": 0.7575757575757576, "support": 110.0}, "LY": {"precision": 0.8, "recall": 0.5714285714285714, "f1-score": 0.6666666666666666, "support": 7.0}, "SP": {"precision": 0.8333333333333334, "recall": 0.38461538461538464, "f1-score": 0.5263157894736842, "support": 13.0}, "ID": {"precision": 0.625, "recall": 0.21739130434782608, "f1-score": 0.3225806451612903, "support": 23.0}, "NA": {"precision": 0.8492063492063492, "recall": 0.9344978165938864, "f1-score": 0.8898128898128899, "support": 229.0}, "HI": {"precision": 0.5531914893617021, "recall": 0.7878787878787878, "f1-score": 0.65, "support": 33.0}, "IN": {"precision": 0.7165775401069518, "recall": 0.7243243243243244, "f1-score": 0.7204301075268817, "support": 185.0}, "OP": {"precision": 0.5523809523809524, "recall": 0.6304347826086957, "f1-score": 0.5888324873096448, "support": 92.0}, "IP": {"precision": 0.7312138728323699, "recall": 0.8908450704225352, "f1-score": 0.8031746031746031, "support": 284.0}, "it": {"precision": 1.0, "recall": 0.5714285714285714, "f1-score": 0.7272727272727273, "support": 7.0}, "ne": {"precision": 0.8302752293577982, "recall": 0.9476439790575916, "f1-score": 0.8850855745721272, "support": 191.0}, "sr": {"precision": 0.6875, "recall": 0.7857142857142857, "f1-score": 0.7333333333333334, "support": 14.0}, "nb": {"precision": 0.65, "recall": 0.5652173913043478, "f1-score": 0.6046511627906976, "support": 23.0}, "re": {"precision": 0.9545454545454546, "recall": 1.0, "f1-score": 0.9767441860465117, "support": 21.0}, "en": {"precision": 0.4, "recall": 0.5, "f1-score": 0.4444444444444445, "support": 4.0}, "ra": {"precision": 0.0, "recall": 0.0, "f1-score": 0.0, "support": 0.0}, "dtp": {"precision": 0.5714285714285714, "recall": 0.5217391304347826, "f1-score": 0.5454545454545454, "support": 46.0}, "fi": {"precision": 0.0, "recall": 0.0, "f1-score": 0.0, "support": 3.0}, "lt": {"precision": 0.8297872340425532, "recall": 0.7358490566037735, "f1-score": 0.78, "support": 53.0}, "rv": {"precision": 0.5789473684210527, "recall": 0.3548387096774194, "f1-score": 0.44000000000000006, "support": 31.0}, "ob": {"precision": 0.35294117647058826, "recall": 0.5454545454545454, "f1-score": 0.42857142857142855, "support": 22.0}, "rs": {"precision": 0.9, "recall": 0.9, "f1-score": 0.9, "support": 10.0}, "av": {"precision": 0.6875, "recall": 0.55, "f1-score": 0.6111111111111112, "support": 20.0}, "ds": {"precision": 0.7728937728937729, "recall": 0.8647540983606558, "f1-score": 0.8162475822050291, "support": 244.0}, "ed": {"precision": 0.5882352941176471, "recall": 0.6060606060606061, "f1-score": 0.5970149253731343, "support": 33.0}}}