{"f1": 0.6000326637269312, "precision": 0.6560714285714285, "recall": 0.5528137225398736, "accuracy": 0.2799325463743676, "pr_auc": 0.6389175140560601, "threshold": 0.3, "label_scores": {"MT": {"precision": 0.1875, "recall": 0.7241379310344828, "f1-score": 0.29787234042553196, "support": 29.0}, "LY": {"precision": 1.0, "recall": 0.6666666666666666, "f1-score": 0.8, "support": 12.0}, "SP": {"precision": 0.0, "recall": 0.0, "f1-score": 0.0, "support": 104.0}, "ID": {"precision": 0.47058823529411764, "recall": 0.18181818181818182, "f1-score": 0.26229508196721313, "support": 44.0}, "NA": {"precision": 0.8863157894736842, "recall": 0.7271157167530224, "f1-score": 0.7988614800759013, "support": 579.0}, "HI": {"precision": 0.59375, "recall": 0.5984251968503937, "f1-score": 0.596078431372549, "support": 127.0}, "IN": {"precision": 0.7330960854092526, "recall": 0.3800738007380074, "f1-score": 0.5006075334143378, "support": 542.0}, "OP": {"precision": 0.5774058577405857, "recall": 0.4709897610921502, "f1-score": 0.5187969924812029, "support": 293.0}, "IP": {"precision": 0.646112600536193, "recall": 0.767515923566879, "f1-score": 0.7016011644832605, "support": 314.0}, "it": {"precision": 0.0, "recall": 0.0, "f1-score": 0.0, "support": 13.0}, "ne": {"precision": 0.8059701492537313, "recall": 0.9121621621621622, "f1-score": 0.8557844690966719, "support": 296.0}, "sr": {"precision": 0.8541666666666666, "recall": 0.8913043478260869, "f1-score": 0.8723404255319149, "support": 46.0}, "nb": {"precision": 0.6, "recall": 0.2980132450331126, "f1-score": 0.3982300884955752, "support": 151.0}, "re": {"precision": 0.9166666666666666, "recall": 0.6875, "f1-score": 0.7857142857142857, "support": 16.0}, "en": {"precision": 0.35, "recall": 0.3684210526315789, "f1-score": 0.358974358974359, "support": 19.0}, "ra": {"precision": 0.8571428571428571, "recall": 0.42857142857142855, "f1-score": 0.5714285714285714, "support": 14.0}, "dtp": {"precision": 0.32413793103448274, "recall": 0.24479166666666666, "f1-score": 0.27893175074183973, "support": 192.0}, "fi": {"precision": 1.0, "recall": 0.5, "f1-score": 0.6666666666666666, "support": 2.0}, "lt": {"precision": 0.3076923076923077, "recall": 0.3076923076923077, "f1-score": 0.3076923076923077, "support": 13.0}, "rv": {"precision": 0.6, "recall": 0.46153846153846156, "f1-score": 0.5217391304347826, "support": 65.0}, "ob": {"precision": 0.5384615384615384, "recall": 0.12612612612612611, "f1-score": 0.2043795620437956, "support": 111.0}, "rs": {"precision": 0.6585365853658537, "recall": 0.7714285714285715, "f1-score": 0.7105263157894737, "support": 35.0}, "av": {"precision": 0.36470588235294116, "recall": 0.484375, "f1-score": 0.4161073825503355, "support": 64.0}, "ds": {"precision": 0.6032786885245902, "recall": 0.8, "f1-score": 0.6878504672897197, "support": 230.0}, "ed": {"precision": 0.0, "recall": 0.0, "f1-score": 0.0, "support": 12.0}}}