{"f1": 0.7642130460801916, "precision": 0.7767639902676399, "recall": 0.7520612485276796, "accuracy": 0.6058951965065502, "pr_auc": 0.8274073846208734, "threshold": 0.44999999999999996, "label_scores": {"MT": {"precision": 0.8241758241758241, "recall": 0.6818181818181818, "f1-score": 0.7462686567164177, "support": 110.0}, "LY": {"precision": 0.6666666666666666, "recall": 0.2857142857142857, "f1-score": 0.4, "support": 7.0}, "SP": {"precision": 1.0, "recall": 0.23076923076923078, "f1-score": 0.375, "support": 13.0}, "ID": {"precision": 0.7142857142857143, "recall": 0.21739130434782608, "f1-score": 0.3333333333333333, "support": 23.0}, "NA": {"precision": 0.9099099099099099, "recall": 0.8820960698689956, "f1-score": 0.8957871396895787, "support": 229.0}, "HI": {"precision": 0.7575757575757576, "recall": 0.7575757575757576, "f1-score": 0.7575757575757576, "support": 33.0}, "IN": {"precision": 0.71875, "recall": 0.745945945945946, "f1-score": 0.7320954907161804, "support": 185.0}, "OP": {"precision": 0.6222222222222222, "recall": 0.6086956521739131, "f1-score": 0.6153846153846154, "support": 92.0}, "IP": {"precision": 0.7555555555555555, "recall": 0.8380281690140845, "f1-score": 0.7946577629382303, "support": 284.0}, "it": {"precision": 1.0, "recall": 0.42857142857142855, "f1-score": 0.6, "support": 7.0}, "ne": {"precision": 0.8564356435643564, "recall": 0.9057591623036649, "f1-score": 0.8804071246819339, "support": 191.0}, "sr": {"precision": 0.7692307692307693, "recall": 0.7142857142857143, "f1-score": 0.7407407407407408, "support": 14.0}, "nb": {"precision": 0.7368421052631579, "recall": 0.6086956521739131, "f1-score": 0.6666666666666666, "support": 23.0}, "re": {"precision": 0.9130434782608695, "recall": 1.0, "f1-score": 0.9545454545454545, "support": 21.0}, "en": {"precision": 0.4, "recall": 0.5, "f1-score": 0.4444444444444445, "support": 4.0}, "ra": {"precision": 0.0, "recall": 0.0, "f1-score": 0.0, "support": 0.0}, "dtp": {"precision": 0.5333333333333333, "recall": 0.5217391304347826, "f1-score": 0.5274725274725275, "support": 46.0}, "fi": {"precision": 0.0, "recall": 0.0, "f1-score": 0.0, "support": 3.0}, "lt": {"precision": 0.7906976744186046, "recall": 0.6415094339622641, "f1-score": 0.7083333333333334, "support": 53.0}, "rv": {"precision": 0.5238095238095238, "recall": 0.3548387096774194, "f1-score": 0.4230769230769231, "support": 31.0}, "ob": {"precision": 0.5714285714285714, "recall": 0.18181818181818182, "f1-score": 0.27586206896551724, "support": 22.0}, "rs": {"precision": 0.7692307692307693, "recall": 1.0, "f1-score": 0.8695652173913044, "support": 10.0}, "av": {"precision": 0.8888888888888888, "recall": 0.4, "f1-score": 0.5517241379310346, "support": 20.0}, "ds": {"precision": 0.788235294117647, "recall": 0.8237704918032787, "f1-score": 0.8056112224448898, "support": 244.0}, "ed": {"precision": 0.6, "recall": 0.5454545454545454, "f1-score": 0.5714285714285713, "support": 33.0}}}