{"f1": 0.7838237269918044, "precision": 0.7760042564511839, "recall": 0.7918023887079262, "accuracy": 0.6527196652719666, "pr_auc": 0.8511797368883796, "threshold": 0.44999999999999996, "label_scores": {"MT": {"precision": 0.9885931558935361, "recall": 0.9420289855072463, "f1-score": 0.9647495361781075, "support": 276.0}, "LY": {"precision": 0.0, "recall": 0.0, "f1-score": 0.0, "support": 5.0}, "SP": {"precision": 0.9, "recall": 0.5, "f1-score": 0.6428571428571429, "support": 18.0}, "ID": {"precision": 0.8577981651376146, "recall": 0.8095238095238095, "f1-score": 0.8329621380846324, "support": 231.0}, "NA": {"precision": 0.8051643192488263, "recall": 0.9098143236074271, "f1-score": 0.8542963885429639, "support": 754.0}, "HI": {"precision": 0.7378640776699029, "recall": 0.6495726495726496, "f1-score": 0.6909090909090909, "support": 117.0}, "IN": {"precision": 0.7242424242424242, "recall": 0.6602209944751382, "f1-score": 0.6907514450867053, "support": 362.0}, "OP": {"precision": 0.7339743589743589, "recall": 0.8063380281690141, "f1-score": 0.7684563758389262, "support": 284.0}, "IP": {"precision": 0.7518518518518519, "recall": 0.8055555555555556, "f1-score": 0.7777777777777779, "support": 252.0}, "it": {"precision": 0.8888888888888888, "recall": 0.6153846153846154, "f1-score": 0.7272727272727274, "support": 13.0}, "ne": {"precision": 0.6407766990291263, "recall": 0.88, "f1-score": 0.7415730337078652, "support": 225.0}, "sr": {"precision": 0.9066666666666666, "recall": 0.9577464788732394, "f1-score": 0.9315068493150686, "support": 71.0}, "nb": {"precision": 0.8179012345679012, "recall": 0.7957957957957958, "f1-score": 0.8066971080669711, "support": 333.0}, "re": {"precision": 0.7777777777777778, "recall": 0.875, "f1-score": 0.823529411764706, "support": 8.0}, "en": {"precision": 0.7435897435897436, "recall": 0.6444444444444445, "f1-score": 0.6904761904761906, "support": 45.0}, "ra": {"precision": 1.0, "recall": 0.14285714285714285, "f1-score": 0.25, "support": 14.0}, "dtp": {"precision": 0.5149253731343284, "recall": 0.5073529411764706, "f1-score": 0.5111111111111111, "support": 136.0}, "fi": {"precision": 0.0, "recall": 0.0, "f1-score": 0.0, "support": 4.0}, "lt": {"precision": 0.64, "recall": 0.6153846153846154, "f1-score": 0.6274509803921569, "support": 26.0}, "rv": {"precision": 0.8431372549019608, "recall": 0.7889908256880734, "f1-score": 0.8151658767772513, "support": 109.0}, "ob": {"precision": 0.5, "recall": 0.6470588235294118, "f1-score": 0.5641025641025642, "support": 68.0}, "rs": {"precision": 0.9054054054054054, "recall": 0.7613636363636364, "f1-score": 0.8271604938271605, "support": 88.0}, "av": {"precision": 0.0, "recall": 0.0, "f1-score": 0.0, "support": 12.0}, "ds": {"precision": 0.824390243902439, "recall": 0.7971698113207547, "f1-score": 0.8105515587529976, "support": 212.0}, "ed": {"precision": 0.0, "recall": 0.0, "f1-score": 0.0, "support": 21.0}}}