{"f1": 0.7786529060293318, "precision": 0.7790760869565218, "recall": 0.7782301845819761, "accuracy": 0.6499302649930265, "pr_auc": 0.8537541504858227, "threshold": 0.44999999999999996, "label_scores": {"MT": {"precision": 0.9473684210526315, "recall": 0.9782608695652174, "f1-score": 0.9625668449197862, "support": 276.0}, "LY": {"precision": 0.0, "recall": 0.0, "f1-score": 0.0, "support": 5.0}, "SP": {"precision": 1.0, "recall": 0.5555555555555556, "f1-score": 0.7142857142857143, "support": 18.0}, "ID": {"precision": 0.8311688311688312, "recall": 0.8311688311688312, "f1-score": 0.8311688311688312, "support": 231.0}, "NA": {"precision": 0.8247809762202754, "recall": 0.8740053050397878, "f1-score": 0.8486799742433999, "support": 754.0}, "HI": {"precision": 0.7469879518072289, "recall": 0.5299145299145299, "f1-score": 0.62, "support": 117.0}, "IN": {"precision": 0.7114285714285714, "recall": 0.6878453038674033, "f1-score": 0.6994382022471909, "support": 362.0}, "OP": {"precision": 0.7933579335793358, "recall": 0.7570422535211268, "f1-score": 0.7747747747747749, "support": 284.0}, "IP": {"precision": 0.7414448669201521, "recall": 0.7738095238095238, "f1-score": 0.7572815533980582, "support": 252.0}, "it": {"precision": 1.0, "recall": 0.5384615384615384, "f1-score": 0.7000000000000001, "support": 13.0}, "ne": {"precision": 0.6141975308641975, "recall": 0.8844444444444445, "f1-score": 0.7249544626593807, "support": 225.0}, "sr": {"precision": 0.8888888888888888, "recall": 0.9014084507042254, "f1-score": 0.8951048951048951, "support": 71.0}, "nb": {"precision": 0.826797385620915, "recall": 0.7597597597597597, "f1-score": 0.7918622848200314, "support": 333.0}, "re": {"precision": 0.7777777777777778, "recall": 0.875, "f1-score": 0.823529411764706, "support": 8.0}, "en": {"precision": 0.6470588235294118, "recall": 0.7333333333333333, "f1-score": 0.6875, "support": 45.0}, "ra": {"precision": 1.0, "recall": 0.5714285714285714, "f1-score": 0.7272727272727273, "support": 14.0}, "dtp": {"precision": 0.5170068027210885, "recall": 0.5588235294117647, "f1-score": 0.5371024734982333, "support": 136.0}, "fi": {"precision": 0.0, "recall": 0.0, "f1-score": 0.0, "support": 4.0}, "lt": {"precision": 0.6296296296296297, "recall": 0.6538461538461539, "f1-score": 0.6415094339622641, "support": 26.0}, "rv": {"precision": 0.839622641509434, "recall": 0.8165137614678899, "f1-score": 0.827906976744186, "support": 109.0}, "ob": {"precision": 0.5918367346938775, "recall": 0.4264705882352941, "f1-score": 0.4957264957264957, "support": 68.0}, "rs": {"precision": 0.8690476190476191, "recall": 0.8295454545454546, "f1-score": 0.8488372093023256, "support": 88.0}, "av": {"precision": 0.0, "recall": 0.0, "f1-score": 0.0, "support": 12.0}, "ds": {"precision": 0.8290155440414507, "recall": 0.7547169811320755, "f1-score": 0.7901234567901234, "support": 212.0}, "ed": {"precision": 0.0, "recall": 0.0, "f1-score": 0.0, "support": 21.0}}}