{"f1": 0.6597785977859779, "precision": 0.6269284712482468, "recall": 0.6962616822429907, "accuracy": 0.46686746987951805, "pr_auc": 0.723943915009726, "threshold": 0.35, "label_scores": {"MT": {"precision": 0.0, "recall": 0.0, "f1-score": 0.0, "support": 0.0}, "LY": {"precision": 0.0, "recall": 0.0, "f1-score": 0.0, "support": 4.0}, "SP": {"precision": 0.0, "recall": 0.0, "f1-score": 0.0, "support": 0.0}, "ID": {"precision": 0.5, "recall": 0.23529411764705882, "f1-score": 0.31999999999999995, "support": 17.0}, "NA": {"precision": 0.796875, "recall": 0.9026548672566371, "f1-score": 0.8464730290456431, "support": 113.0}, "HI": {"precision": 0.75, "recall": 0.375, "f1-score": 0.5, "support": 32.0}, "IN": {"precision": 0.40789473684210525, "recall": 0.5636363636363636, "f1-score": 0.4732824427480916, "support": 55.0}, "OP": {"precision": 0.40425531914893614, "recall": 0.6333333333333333, "f1-score": 0.49350649350649345, "support": 30.0}, "IP": {"precision": 0.7692307692307693, "recall": 0.7964601769911505, "f1-score": 0.782608695652174, "support": 113.0}, "it": {"precision": 0.0, "recall": 0.0, "f1-score": 0.0, "support": 0.0}, "ne": {"precision": 0.66, "recall": 0.88, "f1-score": 0.7542857142857142, "support": 75.0}, "sr": {"precision": 0.75, "recall": 0.5, "f1-score": 0.6, "support": 6.0}, "nb": {"precision": 0.4444444444444444, "recall": 0.42105263157894735, "f1-score": 0.43243243243243246, "support": 19.0}, "re": {"precision": 1.0, "recall": 0.8333333333333334, "f1-score": 0.9090909090909091, "support": 6.0}, "en": {"precision": 0.0, "recall": 0.0, "f1-score": 0.0, "support": 3.0}, "ra": {"precision": 0.0, "recall": 0.0, "f1-score": 0.0, "support": 2.0}, "dtp": {"precision": 0.2571428571428571, "recall": 0.47368421052631576, "f1-score": 0.3333333333333333, "support": 19.0}, "fi": {"precision": 0.0, "recall": 0.0, "f1-score": 0.0, "support": 1.0}, "lt": {"precision": 0.4666666666666667, "recall": 0.875, "f1-score": 0.608695652173913, "support": 8.0}, "rv": {"precision": 0.5, "recall": 0.3333333333333333, "f1-score": 0.4, "support": 9.0}, "ob": {"precision": 0.3333333333333333, "recall": 0.8, "f1-score": 0.47058823529411764, "support": 5.0}, "rs": {"precision": 0.7272727272727273, "recall": 0.8888888888888888, "f1-score": 0.7999999999999999, "support": 9.0}, "av": {"precision": 0.18181818181818182, "recall": 0.3333333333333333, "f1-score": 0.23529411764705885, "support": 6.0}, "ds": {"precision": 0.8372093023255814, "recall": 0.6792452830188679, "f1-score": 0.7499999999999999, "support": 106.0}, "ed": {"precision": 1.0, "recall": 0.5, "f1-score": 0.6666666666666666, "support": 4.0}}}