{"f1": 0.5588895120583287, "f1_macro": 0.5748478669478806, "precision": 0.578016241299304, "recall": 0.5409880564603692, "accuracy": 0.300790330079033, "threshold": 0.35, "label_scores": {"MT": {"precision": 0.9016949152542373, "recall": 0.9637681159420289, "f1-score": 0.9316987740805605, "support": 276.0}, "LY": {"precision": 0.0, "recall": 0.0, "f1-score": 0.0, "support": 5.0}, "SP": {"precision": 0.0, "recall": 0.0, "f1-score": 0.0, "support": 18.0}, "ID": {"precision": 0.72, "recall": 0.23376623376623376, "f1-score": 0.35294117647058826, "support": 231.0}, "NA": {"precision": 0.513978494623656, "recall": 0.9509283819628647, "f1-score": 0.6672871102838529, "support": 754.0}, "HI": {"precision": 0.0, "recall": 0.0, "f1-score": 0.0, "support": 117.0}, "IN": {"precision": 0.44471744471744473, "recall": 0.5, "f1-score": 0.47074122236671007, "support": 362.0}, "OP": {"precision": 0.6523605150214592, "recall": 0.5352112676056338, "f1-score": 0.5880077369439071, "support": 284.0}, "IP": {"precision": 0.6105769230769231, "recall": 0.503968253968254, "f1-score": 0.5521739130434783, "support": 252.0}, "it": {"precision": 0.0, "recall": 0.0, "f1-score": 0.0, "support": 13.0}, "ne": {"precision": 0.46078431372549017, "recall": 0.4177777777777778, "f1-score": 0.43822843822843827, "support": 225.0}, "sr": {"precision": 0.0, "recall": 0.0, "f1-score": 0.0, "support": 71.0}, "nb": {"precision": 0.5617715617715617, "recall": 0.7237237237237237, "f1-score": 0.6325459317585301, "support": 333.0}, "re": {"precision": 0.0, "recall": 0.0, "f1-score": 0.0, "support": 8.0}, "en": {"precision": 0.0, "recall": 0.0, "f1-score": 0.0, "support": 45.0}, "ra": {"precision": 0.0, "recall": 0.0, "f1-score": 0.0, "support": 14.0}, "dtp": {"precision": 0.0, "recall": 0.0, "f1-score": 0.0, "support": 136.0}, "fi": {"precision": 0.0, "recall": 0.0, "f1-score": 0.0, "support": 4.0}, "lt": {"precision": 0.0, "recall": 0.0, "f1-score": 0.0, "support": 26.0}, "rv": {"precision": 1.0, "recall": 0.42201834862385323, "f1-score": 0.5935483870967742, "support": 109.0}, "ob": {"precision": 0.0, "recall": 0.0, "f1-score": 0.0, "support": 68.0}, "rs": {"precision": 0.8571428571428571, "recall": 0.5454545454545454, "f1-score": 0.6666666666666665, "support": 88.0}, "av": {"precision": 0.0, "recall": 0.0, "f1-score": 0.0, "support": 12.0}, "ds": {"precision": 0.67, "recall": 0.3160377358490566, "f1-score": 0.42948717948717946, "support": 212.0}, "ed": {"precision": 0.0, "recall": 0.0, "f1-score": 0.0, "support": 21.0}}}