{"f1": 0.7318045862412762, "f1_macro": 0.6474779996452864, "precision": 0.7112403100775194, "recall": 0.7535934291581109, "accuracy": 0.6441048034934498, "threshold": 0.35, "label_scores": {"Forum": {"precision": 0.75, "recall": 0.2608695652173913, "f1-score": 0.3870967741935483, "support": 23.0}, "Information/Explanation": {"precision": 0.5076923076923077, "recall": 0.7674418604651163, "f1-score": 0.611111111111111, "support": 129.0}, "Instruction": {"precision": 0.7419354838709677, "recall": 0.6388888888888888, "f1-score": 0.6865671641791045, "support": 36.0}, "Legal": {"precision": 0.6981132075471698, "recall": 0.6981132075471698, "f1-score": 0.6981132075471698, "support": 53.0}, "News": {"precision": 0.7991803278688525, "recall": 0.9558823529411765, "f1-score": 0.8705357142857144, "support": 204.0}, "Opinion/Argumentation": {"precision": 0.6504065040650406, "recall": 0.5882352941176471, "f1-score": 0.6177606177606176, "support": 136.0}, "Other": {"precision": 0.7777777777777778, "recall": 0.6260162601626016, "f1-score": 0.6936936936936937, "support": 123.0}, "Promotion": {"precision": 0.7865168539325843, "recall": 0.8366533864541833, "f1-score": 0.8108108108108109, "support": 251.0}, "Prose/Lyrical": {"precision": 0.5833333333333334, "recall": 0.3684210526315789, "f1-score": 0.4516129032258065, "support": 19.0}}}