{"f1": 0.65, "precision": 0.7386363636363636, "recall": 0.5803571428571429, "accuracy": 0.5871559633027523, "pr_auc": 0.6981945261684733, "threshold": 0.6499999999999999, "label_scores": {"MT": {"precision": 0.0, "recall": 0.0, "f1-score": 0.0, "support": 3.0}, "LY": {"precision": 1.0, "recall": 1.0, "f1-score": 1.0, "support": 2.0}, "SP": {"precision": 1.0, "recall": 0.5, "f1-score": 0.6666666666666666, "support": 2.0}, "ID": {"precision": 1.0, "recall": 0.5, "f1-score": 0.6666666666666666, "support": 2.0}, "NA": {"precision": 0.84375, "recall": 0.7941176470588235, "f1-score": 0.8181818181818182, "support": 34.0}, "HI": {"precision": 0.0, "recall": 0.0, "f1-score": 0.0, "support": 2.0}, "IN": {"precision": 0.8636363636363636, "recall": 0.4418604651162791, "f1-score": 0.5846153846153846, "support": 43.0}, "OP": {"precision": 0.8, "recall": 0.3333333333333333, "f1-score": 0.47058823529411764, "support": 12.0}, "IP": {"precision": 0.44, "recall": 0.9166666666666666, "f1-score": 0.5945945945945946, "support": 12.0}}}