{"f1": 0.6774193548387096, "precision": 0.7590361445783133, "recall": 0.6116504854368932, "accuracy": 0.58, "pr_auc": 0.705962365278762, "threshold": 0.5999999999999999, "label_scores": {"MT": {"precision": 0.16666666666666666, "recall": 1.0, "f1-score": 0.2857142857142857, "support": 1.0}, "LY": {"precision": 0.0, "recall": 0.0, "f1-score": 0.0, "support": 0.0}, "SP": {"precision": 0.0, "recall": 0.0, "f1-score": 0.0, "support": 0.0}, "ID": {"precision": 0.5, "recall": 0.25, "f1-score": 0.3333333333333333, "support": 4.0}, "NA": {"precision": 0.9, "recall": 0.84375, "f1-score": 0.8709677419354839, "support": 32.0}, "HI": {"precision": 1.0, "recall": 0.14285714285714285, "f1-score": 0.25, "support": 7.0}, "IN": {"precision": 0.631578947368421, "recall": 0.48, "f1-score": 0.5454545454545454, "support": 25.0}, "OP": {"precision": 0.5, "recall": 0.2, "f1-score": 0.2857142857142857, "support": 5.0}, "IP": {"precision": 0.8695652173913043, "recall": 0.6896551724137931, "f1-score": 0.7692307692307693, "support": 29.0}}}