{"f1": 0.7777777777777778, "precision": 0.8344370860927153, "recall": 0.7283236994219653, "accuracy": 0.73125, "pr_auc": 0.7965399972595371, "threshold": 0.49999999999999994, "label_scores": {"MT": {"precision": 0.3333333333333333, "recall": 0.8, "f1-score": 0.47058823529411764, "support": 5.0}, "LY": {"precision": 1.0, "recall": 0.9166666666666666, "f1-score": 0.9565217391304348, "support": 12.0}, "SP": {"precision": 0.0, "recall": 0.0, "f1-score": 0.0, "support": 2.0}, "ID": {"precision": 0.0, "recall": 0.0, "f1-score": 0.0, "support": 1.0}, "NA": {"precision": 0.95, "recall": 0.8941176470588236, "f1-score": 0.9212121212121213, "support": 85.0}, "HI": {"precision": 0.75, "recall": 0.3333333333333333, "f1-score": 0.46153846153846156, "support": 9.0}, "IN": {"precision": 0.7428571428571429, "recall": 0.7647058823529411, "f1-score": 0.7536231884057971, "support": 34.0}, "OP": {"precision": 0.8571428571428571, "recall": 0.5454545454545454, "f1-score": 0.6666666666666666, "support": 11.0}, "IP": {"precision": 0.0, "recall": 0.0, "f1-score": 0.0, "support": 14.0}}}