{"f1": 0.8232044198895028, "precision": 0.8097826086956522, "recall": 0.8370786516853933, "accuracy": 0.725, "pr_auc": 0.8597298047052074, "threshold": 0.39999999999999997, "label_scores": {"MT": {"precision": 0.14285714285714285, "recall": 1.0, "f1-score": 0.25, "support": 1.0}, "LY": {"precision": 1.0, "recall": 1.0, "f1-score": 1.0, "support": 3.0}, "SP": {"precision": 0.0, "recall": 0.0, "f1-score": 0.0, "support": 0.0}, "ID": {"precision": 0.3333333333333333, "recall": 1.0, "f1-score": 0.5, "support": 1.0}, "NA": {"precision": 0.9693877551020408, "recall": 0.95, "f1-score": 0.9595959595959596, "support": 100.0}, "HI": {"precision": 1.0, "recall": 0.5, "f1-score": 0.6666666666666666, "support": 2.0}, "IN": {"precision": 0.5666666666666667, "recall": 0.7083333333333334, "f1-score": 0.6296296296296297, "support": 24.0}, "OP": {"precision": 0.8235294117647058, "recall": 0.8, "f1-score": 0.8115942028985508, "support": 35.0}, "IP": {"precision": 0.375, "recall": 0.25, "f1-score": 0.3, "support": 12.0}}}