{"f1": 0.3895853423336547, "f1_macro": 0.3402739092893458, "precision": 0.327694090382387, "recall": 0.48029891304347827, "accuracy": 0.04004643064422519, "threshold": 0.3, "label_scores": {"MT": {"precision": 0.76, "recall": 0.5, "f1-score": 0.6031746031746031, "support": 38.0}, "LY": {"precision": 0.25, "recall": 0.25, "f1-score": 0.25, "support": 4.0}, "SP": {"precision": 0.21739130434782608, "recall": 0.19230769230769232, "f1-score": 0.20408163265306123, "support": 26.0}, "ID": {"precision": 0.2815533980582524, "recall": 0.25892857142857145, "f1-score": 0.26976744186046514, "support": 112.0}, "NA": {"precision": 0.5, "recall": 0.5898692810457516, "f1-score": 0.5412293853073463, "support": 612.0}, "HI": {"precision": 0.453551912568306, "recall": 0.51875, "f1-score": 0.4839650145772595, "support": 160.0}, "IN": {"precision": 0.47804878048780486, "recall": 0.5798816568047337, "f1-score": 0.5240641711229947, "support": 507.0}, "OP": {"precision": 0.29475982532751094, "recall": 0.6108597285067874, "f1-score": 0.39764359351988215, "support": 221.0}, "IP": {"precision": 0.3253731343283582, "recall": 0.45228215767634855, "f1-score": 0.3784722222222222, "support": 241.0}, "it": {"precision": 0.25, "recall": 0.18181818181818182, "f1-score": 0.2105263157894737, "support": 22.0}, "ne": {"precision": 0.19863013698630136, "recall": 0.38666666666666666, "f1-score": 0.26244343891402716, "support": 150.0}, "sr": {"precision": 0.30303030303030304, "recall": 0.5882352941176471, "f1-score": 0.39999999999999997, "support": 17.0}, "nb": {"precision": 0.21666666666666667, "recall": 0.35135135135135137, "f1-score": 0.26804123711340205, "support": 185.0}, "re": {"precision": 0.3888888888888889, "recall": 1.0, "f1-score": 0.56, "support": 7.0}, "en": {"precision": 0.29213483146067415, "recall": 0.5652173913043478, "f1-score": 0.38518518518518524, "support": 46.0}, "ra": {"precision": 0.07692307692307693, "recall": 0.3333333333333333, "f1-score": 0.125, "support": 6.0}, "dtp": {"precision": 0.15873015873015872, "recall": 0.2808988764044944, "f1-score": 0.2028397565922921, "support": 178.0}, "fi": {"precision": 0.6, "recall": 0.6, "f1-score": 0.6, "support": 5.0}, "lt": {"precision": 0.12903225806451613, "recall": 0.4, "f1-score": 0.1951219512195122, "support": 10.0}, "rv": {"precision": 0.30578512396694213, "recall": 0.5, "f1-score": 0.37948717948717947, "support": 74.0}, "ob": {"precision": 0.14516129032258066, "recall": 0.391304347826087, "f1-score": 0.21176470588235294, "support": 69.0}, "rs": {"precision": 0.17567567567567569, "recall": 0.4642857142857143, "f1-score": 0.25490196078431376, "support": 28.0}, "av": {"precision": 0.09230769230769231, "recall": 0.3333333333333333, "f1-score": 0.14457831325301207, "support": 18.0}, "ds": {"precision": 0.2391304347826087, "recall": 0.4583333333333333, "f1-score": 0.3142857142857143, "support": 144.0}, "ed": {"precision": 0.0, "recall": 0.0, "f1-score": 0.0, "support": 64.0}}}