{"f1": 0.38573206138531724, "f1_macro": 0.36742380033822114, "precision": 0.3220221606648199, "recall": 0.4808686659772492, "accuracy": 0.03074141048824593, "threshold": 0.3, "label_scores": {"MT": {"precision": 0.5925925925925926, "recall": 0.1702127659574468, "f1-score": 0.2644628099173554, "support": 94.0}, "LY": {"precision": 0.0, "recall": 0.0, "f1-score": 0.0, "support": 2.0}, "SP": {"precision": 0.375, "recall": 0.13043478260869565, "f1-score": 0.19354838709677416, "support": 23.0}, "ID": {"precision": 0.125, "recall": 0.05555555555555555, "f1-score": 0.07692307692307691, "support": 18.0}, "NA": {"precision": 0.3125, "recall": 0.5, "f1-score": 0.38461538461538464, "support": 70.0}, "HI": {"precision": 0.36363636363636365, "recall": 0.5925925925925926, "f1-score": 0.4507042253521127, "support": 27.0}, "IN": {"precision": 0.40454545454545454, "recall": 0.6054421768707483, "f1-score": 0.48501362397820164, "support": 147.0}, "OP": {"precision": 0.3877551020408163, "recall": 0.5876288659793815, "f1-score": 0.4672131147540983, "support": 97.0}, "IP": {"precision": 0.32196969696969696, "recall": 0.6115107913669064, "f1-score": 0.4218362282878411, "support": 139.0}, "it": {"precision": 0.0, "recall": 0.0, "f1-score": 0.0, "support": 4.0}, "ne": {"precision": 0.22784810126582278, "recall": 0.4864864864864865, "f1-score": 0.3103448275862069, "support": 37.0}, "sr": {"precision": 0.25, "recall": 0.4444444444444444, "f1-score": 0.32, "support": 9.0}, "nb": {"precision": 0.36363636363636365, "recall": 0.4, "f1-score": 0.380952380952381, "support": 20.0}, "re": {"precision": 0.6923076923076923, "recall": 0.8181818181818182, "f1-score": 0.7500000000000001, "support": 11.0}, "en": {"precision": 0.25, "recall": 0.2, "f1-score": 0.22222222222222224, "support": 10.0}, "ra": {"precision": 0.0, "recall": 0.0, "f1-score": 0.0, "support": 1.0}, "dtp": {"precision": 0.12244897959183673, "recall": 0.21428571428571427, "f1-score": 0.15584415584415584, "support": 28.0}, "fi": {"precision": 0.5, "recall": 1.0, "f1-score": 0.6666666666666666, "support": 4.0}, "lt": {"precision": 0.20454545454545456, "recall": 0.47368421052631576, "f1-score": 0.28571428571428575, "support": 19.0}, "rv": {"precision": 0.38095238095238093, "recall": 0.43243243243243246, "f1-score": 0.4050632911392405, "support": 37.0}, "ob": {"precision": 0.35, "recall": 0.4117647058823529, "f1-score": 0.37837837837837834, "support": 34.0}, "rs": {"precision": 0.3333333333333333, "recall": 0.6, "f1-score": 0.42857142857142855, "support": 5.0}, "av": {"precision": 0.15625, "recall": 0.45454545454545453, "f1-score": 0.2325581395348837, "support": 11.0}, "ds": {"precision": 0.2169811320754717, "recall": 0.6216216216216216, "f1-score": 0.3216783216783217, "support": 74.0}, "ed": {"precision": 0.5757575757575758, "recall": 0.41304347826086957, "f1-score": 0.48101265822784817, "support": 46.0}}}