{"f1": 0.4833169774288518, "f1_macro": 0.40226986935816667, "precision": 0.42788879235447436, "recall": 0.5552423900789177, "accuracy": 0.031363088057901084, "threshold": 0.3, "label_scores": {"MT": {"precision": 0.4722222222222222, "recall": 0.53125, "f1-score": 0.4999999999999999, "support": 32.0}, "LY": {"precision": 0.75, "recall": 0.6, "f1-score": 0.6666666666666665, "support": 5.0}, "SP": {"precision": 0.2222222222222222, "recall": 0.3333333333333333, "f1-score": 0.26666666666666666, "support": 6.0}, "ID": {"precision": 0.21428571428571427, "recall": 0.1111111111111111, "f1-score": 0.14634146341463417, "support": 27.0}, "NA": {"precision": 0.5691056910569106, "recall": 0.5737704918032787, "f1-score": 0.5714285714285714, "support": 244.0}, "HI": {"precision": 0.375, "recall": 0.39473684210526316, "f1-score": 0.3846153846153846, "support": 76.0}, "IN": {"precision": 0.45017182130584193, "recall": 0.5622317596566524, "f1-score": 0.5, "support": 233.0}, "OP": {"precision": 0.4085106382978723, "recall": 0.6037735849056604, "f1-score": 0.48730964467005067, "support": 159.0}, "IP": {"precision": 0.6387434554973822, "recall": 0.7371601208459214, "f1-score": 0.6844319775596073, "support": 331.0}, "it": {"precision": 0.2857142857142857, "recall": 0.5, "f1-score": 0.36363636363636365, "support": 4.0}, "ne": {"precision": 0.24242424242424243, "recall": 0.32, "f1-score": 0.2758620689655172, "support": 50.0}, "sr": {"precision": 0.25, "recall": 0.5, "f1-score": 0.3333333333333333, "support": 4.0}, "nb": {"precision": 0.4585987261146497, "recall": 0.5333333333333333, "f1-score": 0.4931506849315069, "support": 135.0}, "re": {"precision": 0.3333333333333333, "recall": 0.8, "f1-score": 0.47058823529411764, "support": 5.0}, "en": {"precision": 0.35, "recall": 0.5384615384615384, "f1-score": 0.4242424242424242, "support": 13.0}, "ra": {"precision": 0.0, "recall": 0.0, "f1-score": 0.0, "support": 2.0}, "dtp": {"precision": 0.25, "recall": 0.3211009174311927, "f1-score": 0.28112449799196787, "support": 109.0}, "fi": {"precision": 0.5555555555555556, "recall": 0.20833333333333334, "f1-score": 0.30303030303030304, "support": 24.0}, "lt": {"precision": 0.16129032258064516, "recall": 0.25, "f1-score": 0.19607843137254902, "support": 20.0}, "rv": {"precision": 0.38666666666666666, "recall": 0.5686274509803921, "f1-score": 0.4603174603174603, "support": 51.0}, "ob": {"precision": 0.2727272727272727, "recall": 0.45652173913043476, "f1-score": 0.3414634146341463, "support": 46.0}, "rs": {"precision": 0.3333333333333333, "recall": 0.3333333333333333, "f1-score": 0.3333333333333333, "support": 6.0}, "av": {"precision": 0.24242424242424243, "recall": 0.45714285714285713, "f1-score": 0.31683168316831684, "support": 35.0}, "ds": {"precision": 0.3188854489164087, "recall": 0.7744360902255639, "f1-score": 0.4517543859649123, "support": 133.0}, "ed": {"precision": 0.0, "recall": 0.0, "f1-score": 0.0, "support": 24.0}}}