{"f1": 0.6587490102929532, "precision": 0.6698872785829307, "recall": 0.6479750778816199, "accuracy": 0.49096385542168675, "pr_auc": 0.7005698236277311, "threshold": 0.44999999999999996, "label_scores": {"MT": {"precision": 0.0, "recall": 0.0, "f1-score": 0.0, "support": 0.0}, "LY": {"precision": 0.0, "recall": 0.0, "f1-score": 0.0, "support": 4.0}, "SP": {"precision": 0.0, "recall": 0.0, "f1-score": 0.0, "support": 0.0}, "ID": {"precision": 0.42857142857142855, "recall": 0.17647058823529413, "f1-score": 0.25, "support": 17.0}, "NA": {"precision": 0.7906976744186046, "recall": 0.9026548672566371, "f1-score": 0.8429752066115702, "support": 113.0}, "HI": {"precision": 0.8571428571428571, "recall": 0.375, "f1-score": 0.5217391304347825, "support": 32.0}, "IN": {"precision": 0.47368421052631576, "recall": 0.6545454545454545, "f1-score": 0.549618320610687, "support": 55.0}, "OP": {"precision": 0.5333333333333333, "recall": 0.5333333333333333, "f1-score": 0.5333333333333333, "support": 30.0}, "IP": {"precision": 0.8505747126436781, "recall": 0.6548672566371682, "f1-score": 0.7399999999999999, "support": 113.0}, "it": {"precision": 0.0, "recall": 0.0, "f1-score": 0.0, "support": 0.0}, "ne": {"precision": 0.66, "recall": 0.88, "f1-score": 0.7542857142857142, "support": 75.0}, "sr": {"precision": 0.75, "recall": 0.5, "f1-score": 0.6, "support": 6.0}, "nb": {"precision": 0.45454545454545453, "recall": 0.2631578947368421, "f1-score": 0.3333333333333333, "support": 19.0}, "re": {"precision": 1.0, "recall": 0.8333333333333334, "f1-score": 0.9090909090909091, "support": 6.0}, "en": {"precision": 0.0, "recall": 0.0, "f1-score": 0.0, "support": 3.0}, "ra": {"precision": 0.0, "recall": 0.0, "f1-score": 0.0, "support": 2.0}, "dtp": {"precision": 0.22727272727272727, "recall": 0.2631578947368421, "f1-score": 0.24390243902439024, "support": 19.0}, "fi": {"precision": 0.0, "recall": 0.0, "f1-score": 0.0, "support": 1.0}, "lt": {"precision": 0.5384615384615384, "recall": 0.875, "f1-score": 0.6666666666666667, "support": 8.0}, "rv": {"precision": 1.0, "recall": 0.3333333333333333, "f1-score": 0.5, "support": 9.0}, "ob": {"precision": 0.25, "recall": 0.2, "f1-score": 0.22222222222222224, "support": 5.0}, "rs": {"precision": 0.8, "recall": 0.8888888888888888, "f1-score": 0.8421052631578948, "support": 9.0}, "av": {"precision": 0.1111111111111111, "recall": 0.16666666666666666, "f1-score": 0.13333333333333333, "support": 6.0}, "ds": {"precision": 0.8518518518518519, "recall": 0.6509433962264151, "f1-score": 0.7379679144385026, "support": 106.0}, "ed": {"precision": 0.0, "recall": 0.0, "f1-score": 0.0, "support": 4.0}}}