{"f1": 0.805117745225292, "precision": 0.820173781639592, "recall": 0.7906045156591406, "accuracy": 0.6264501160092807, "pr_auc": 0.8695418324302792, "threshold": 0.44999999999999996, "label_scores": {"MT": {"precision": 0.908256880733945, "recall": 0.853448275862069, "f1-score": 0.88, "support": 116.0}, "LY": {"precision": 0.9090909090909091, "recall": 0.6666666666666666, "f1-score": 0.7692307692307692, "support": 15.0}, "SP": {"precision": 0.5, "recall": 0.5714285714285714, "f1-score": 0.5333333333333333, "support": 7.0}, "ID": {"precision": 0.7547169811320755, "recall": 0.7843137254901961, "f1-score": 0.7692307692307692, "support": 51.0}, "NA": {"precision": 0.8538461538461538, "recall": 0.8473282442748091, "f1-score": 0.8505747126436781, "support": 393.0}, "HI": {"precision": 0.7894736842105263, "recall": 0.5769230769230769, "f1-score": 0.6666666666666666, "support": 78.0}, "IN": {"precision": 0.7943661971830986, "recall": 0.834319526627219, "f1-score": 0.8138528138528138, "support": 338.0}, "OP": {"precision": 0.7777777777777778, "recall": 0.6829268292682927, "f1-score": 0.7272727272727273, "support": 164.0}, "IP": {"precision": 0.8722358722358723, "recall": 0.8333333333333334, "f1-score": 0.8523409363745498, "support": 426.0}, "it": {"precision": 0.5, "recall": 0.3333333333333333, "f1-score": 0.4, "support": 6.0}, "ne": {"precision": 0.8192771084337349, "recall": 0.7157894736842105, "f1-score": 0.7640449438202247, "support": 95.0}, "sr": {"precision": 0.6923076923076923, "recall": 0.6428571428571429, "f1-score": 0.6666666666666666, "support": 14.0}, "nb": {"precision": 0.8091603053435115, "recall": 0.8617886178861789, "f1-score": 0.8346456692913387, "support": 246.0}, "re": {"precision": 0.8888888888888888, "recall": 0.8888888888888888, "f1-score": 0.8888888888888888, "support": 18.0}, "en": {"precision": 0.9136690647482014, "recall": 0.9548872180451128, "f1-score": 0.9338235294117647, "support": 133.0}, "ra": {"precision": 0.0, "recall": 0.0, "f1-score": 0.0, "support": 1.0}, "dtp": {"precision": 0.527027027027027, "recall": 0.41935483870967744, "f1-score": 0.467065868263473, "support": 93.0}, "fi": {"precision": 0.9130434782608695, "recall": 0.7, "f1-score": 0.7924528301886793, "support": 30.0}, "lt": {"precision": 0.7619047619047619, "recall": 0.8421052631578947, "f1-score": 0.8, "support": 38.0}, "rv": {"precision": 0.7846153846153846, "recall": 0.75, "f1-score": 0.7669172932330828, "support": 68.0}, "ob": {"precision": 0.8409090909090909, "recall": 0.6851851851851852, "f1-score": 0.7551020408163266, "support": 54.0}, "rs": {"precision": 0.8571428571428571, "recall": 0.6666666666666666, "f1-score": 0.75, "support": 9.0}, "av": {"precision": 0.7777777777777778, "recall": 0.25925925925925924, "f1-score": 0.3888888888888889, "support": 27.0}, "ds": {"precision": 0.8042813455657493, "recall": 0.8296529968454258, "f1-score": 0.8167701863354037, "support": 317.0}, "ed": {"precision": 1.0, "recall": 0.1111111111111111, "f1-score": 0.19999999999999998, "support": 9.0}}}