{"f1": 0.7209424911707343, "precision": 0.6954642530255263, "recall": 0.7483585029546946, "accuracy": 0.49493154979621695, "pr_auc": 0.7983235666863772, "threshold": 0.39999999999999997, "label_scores": {"MT": {"precision": 0.0, "recall": 0.0, "f1-score": 0.0, "support": 0.0}, "LY": {"precision": 0.9553571428571429, "recall": 0.7925925925925926, "f1-score": 0.8663967611336033, "support": 135.0}, "SP": {"precision": 0.5735294117647058, "recall": 0.8013698630136986, "f1-score": 0.6685714285714285, "support": 146.0}, "ID": {"precision": 0.7955493741307371, "recall": 0.8338192419825073, "f1-score": 0.8142348754448399, "support": 686.0}, "NA": {"precision": 0.7642600717989629, "recall": 0.8986866791744841, "f1-score": 0.8260400948480275, "support": 4264.0}, "HI": {"precision": 0.6442307692307693, "recall": 0.6520681265206812, "f1-score": 0.6481257557436518, "support": 411.0}, "IN": {"precision": 0.6757046022119158, "recall": 0.7295839753466872, "f1-score": 0.7016114095202816, "support": 2596.0}, "OP": {"precision": 0.6387234042553191, "recall": 0.7050258337247534, "f1-score": 0.6702388926099576, "support": 2129.0}, "IP": {"precision": 0.5993788819875776, "recall": 0.48009950248756217, "f1-score": 0.5331491712707183, "support": 402.0}, "it": {"precision": 0.5506329113924051, "recall": 0.8365384615384616, "f1-score": 0.6641221374045803, "support": 104.0}, "ne": {"precision": 0.778498985801217, "recall": 0.8134802882577363, "f1-score": 0.7956053067993366, "support": 2359.0}, "sr": {"precision": 0.85383502170767, "recall": 0.9291338582677166, "f1-score": 0.889894419306184, "support": 635.0}, "nb": {"precision": 0.606280193236715, "recall": 0.6952908587257618, "f1-score": 0.6477419354838709, "support": 722.0}, "re": {"precision": 0.7941176470588235, "recall": 0.7297297297297297, "f1-score": 0.7605633802816901, "support": 37.0}, "en": {"precision": 0.6240601503759399, "recall": 0.7685185185185185, "f1-score": 0.6887966804979253, "support": 108.0}, "ra": {"precision": 0.6648648648648648, "recall": 0.6507936507936508, "f1-score": 0.6577540106951871, "support": 189.0}, "dtp": {"precision": 0.5504587155963303, "recall": 0.4954128440366973, "f1-score": 0.5214872042491551, "support": 1090.0}, "fi": {"precision": 0.7, "recall": 0.4057971014492754, "f1-score": 0.5137614678899083, "support": 69.0}, "lt": {"precision": 0.675, "recall": 0.675, "f1-score": 0.675, "support": 40.0}, "rv": {"precision": 0.6847290640394089, "recall": 0.6763990267639902, "f1-score": 0.6805385556915544, "support": 411.0}, "ob": {"precision": 0.5526819923371648, "recall": 0.5490009514747859, "f1-score": 0.5508353221957041, "support": 1051.0}, "rs": {"precision": 0.6594594594594595, "recall": 0.7770700636942676, "f1-score": 0.7134502923976608, "support": 157.0}, "av": {"precision": 0.46062992125984253, "recall": 0.4957627118644068, "f1-score": 0.4775510204081632, "support": 236.0}, "ds": {"precision": 0.6290909090909091, "recall": 0.6178571428571429, "f1-score": 0.6234234234234235, "support": 280.0}, "ed": {"precision": 0.0, "recall": 0.0, "f1-score": 0.0, "support": 19.0}}}