{"f1": 0.659877800407332, "precision": 0.7105263157894737, "recall": 0.6159695817490495, "accuracy": 0.47368421052631576, "pr_auc": 0.677865522994033, "threshold": 0.5499999999999999, "label_scores": {"MT": {"precision": 0.8235294117647058, "recall": 0.8235294117647058, "f1-score": 0.8235294117647058, "support": 17.0}, "LY": {"precision": 0.0, "recall": 0.0, "f1-score": 0.0, "support": 0.0}, "SP": {"precision": 0.0, "recall": 0.0, "f1-score": 0.0, "support": 0.0}, "ID": {"precision": 1.0, "recall": 0.5, "f1-score": 0.6666666666666666, "support": 4.0}, "NA": {"precision": 0.7142857142857143, "recall": 0.7407407407407407, "f1-score": 0.7272727272727273, "support": 27.0}, "HI": {"precision": 0.8571428571428571, "recall": 0.6, "f1-score": 0.7058823529411764, "support": 10.0}, "IN": {"precision": 0.7741935483870968, "recall": 0.5333333333333333, "f1-score": 0.631578947368421, "support": 45.0}, "OP": {"precision": 0.5, "recall": 0.3333333333333333, "f1-score": 0.4, "support": 9.0}, "IP": {"precision": 0.6808510638297872, "recall": 0.8421052631578947, "f1-score": 0.7529411764705882, "support": 38.0}, "it": {"precision": 0.0, "recall": 0.0, "f1-score": 0.0, "support": 0.0}, "ne": {"precision": 1.0, "recall": 0.6363636363636364, "f1-score": 0.7777777777777778, "support": 11.0}, "sr": {"precision": 1.0, "recall": 0.8, "f1-score": 0.888888888888889, "support": 5.0}, "nb": {"precision": 0.5454545454545454, "recall": 0.75, "f1-score": 0.631578947368421, "support": 8.0}, "re": {"precision": 1.0, "recall": 0.5, "f1-score": 0.6666666666666666, "support": 6.0}, "en": {"precision": 0.6, "recall": 1.0, "f1-score": 0.7499999999999999, "support": 3.0}, "ra": {"precision": 0.0, "recall": 0.0, "f1-score": 0.0, "support": 0.0}, "dtp": {"precision": 0.45454545454545453, "recall": 0.2, "f1-score": 0.2777777777777778, "support": 25.0}, "fi": {"precision": 1.0, "recall": 0.16666666666666666, "f1-score": 0.2857142857142857, "support": 6.0}, "lt": {"precision": 0.5, "recall": 1.0, "f1-score": 0.6666666666666666, "support": 1.0}, "rv": {"precision": 0.3333333333333333, "recall": 0.3333333333333333, "f1-score": 0.3333333333333333, "support": 3.0}, "ob": {"precision": 0.0, "recall": 0.0, "f1-score": 0.0, "support": 2.0}, "rs": {"precision": 0.0, "recall": 0.0, "f1-score": 0.0, "support": 1.0}, "av": {"precision": 0.0, "recall": 0.0, "f1-score": 0.0, "support": 3.0}, "ds": {"precision": 0.6976744186046512, "recall": 0.8823529411764706, "f1-score": 0.7792207792207793, "support": 34.0}, "ed": {"precision": 0.0, "recall": 0.0, "f1-score": 0.0, "support": 5.0}}}