{"f1": 0.7852294325278305, "precision": 0.7854426941879413, "recall": 0.7850162866449512, "accuracy": 0.6541143654114365, "pr_auc": 0.8592085977794969, "threshold": 0.44999999999999996, "label_scores": {"MT": {"precision": 0.977859778597786, "recall": 0.9601449275362319, "f1-score": 0.9689213893967094, "support": 276.0}, "LY": {"precision": 0.0, "recall": 0.0, "f1-score": 0.0, "support": 5.0}, "SP": {"precision": 1.0, "recall": 0.4444444444444444, "f1-score": 0.6153846153846153, "support": 18.0}, "ID": {"precision": 0.8472222222222222, "recall": 0.7922077922077922, "f1-score": 0.8187919463087249, "support": 231.0}, "NA": {"precision": 0.8080568720379147, "recall": 0.9045092838196287, "f1-score": 0.853566958698373, "support": 754.0}, "HI": {"precision": 0.7888888888888889, "recall": 0.6068376068376068, "f1-score": 0.6859903381642511, "support": 117.0}, "IN": {"precision": 0.7030812324929971, "recall": 0.6933701657458563, "f1-score": 0.698191933240612, "support": 362.0}, "OP": {"precision": 0.83399209486166, "recall": 0.7429577464788732, "f1-score": 0.7858472998137803, "support": 284.0}, "IP": {"precision": 0.7453874538745388, "recall": 0.8015873015873016, "f1-score": 0.7724665391969409, "support": 252.0}, "it": {"precision": 1.0, "recall": 0.38461538461538464, "f1-score": 0.5555555555555556, "support": 13.0}, "ne": {"precision": 0.6063218390804598, "recall": 0.9377777777777778, "f1-score": 0.7364746945898779, "support": 225.0}, "sr": {"precision": 0.9117647058823529, "recall": 0.8732394366197183, "f1-score": 0.8920863309352517, "support": 71.0}, "nb": {"precision": 0.8382838283828383, "recall": 0.7627627627627628, "f1-score": 0.7987421383647799, "support": 333.0}, "re": {"precision": 0.75, "recall": 0.75, "f1-score": 0.75, "support": 8.0}, "en": {"precision": 0.6842105263157895, "recall": 0.5777777777777777, "f1-score": 0.6265060240963854, "support": 45.0}, "ra": {"precision": 0.0, "recall": 0.0, "f1-score": 0.0, "support": 14.0}, "dtp": {"precision": 0.5194805194805194, "recall": 0.5882352941176471, "f1-score": 0.5517241379310345, "support": 136.0}, "fi": {"precision": 1.0, "recall": 0.5, "f1-score": 0.6666666666666666, "support": 4.0}, "lt": {"precision": 0.7368421052631579, "recall": 0.5384615384615384, "f1-score": 0.6222222222222222, "support": 26.0}, "rv": {"precision": 0.875, "recall": 0.8348623853211009, "f1-score": 0.8544600938967136, "support": 109.0}, "ob": {"precision": 0.6808510638297872, "recall": 0.47058823529411764, "f1-score": 0.5565217391304348, "support": 68.0}, "rs": {"precision": 0.9166666666666666, "recall": 0.75, "f1-score": 0.8250000000000001, "support": 88.0}, "av": {"precision": 0.0, "recall": 0.0, "f1-score": 0.0, "support": 12.0}, "ds": {"precision": 0.8415841584158416, "recall": 0.8018867924528302, "f1-score": 0.821256038647343, "support": 212.0}, "ed": {"precision": 0.0, "recall": 0.0, "f1-score": 0.0, "support": 21.0}}}