{"f1": 0.7480176211453745, "precision": 0.7945718296677585, "recall": 0.7066167290886392, "accuracy": 0.5616438356164384, "pr_auc": 0.8226858282924224, "threshold": 0.49999999999999994, "label_scores": {"MT": {"precision": 0.9375, "recall": 0.703125, "f1-score": 0.8035714285714286, "support": 64.0}, "LY": {"precision": 0.875, "recall": 0.5384615384615384, "f1-score": 0.6666666666666667, "support": 13.0}, "SP": {"precision": 0.8333333333333334, "recall": 0.3333333333333333, "f1-score": 0.47619047619047616, "support": 15.0}, "ID": {"precision": 0.8928571428571429, "recall": 0.8333333333333334, "f1-score": 0.8620689655172413, "support": 120.0}, "NA": {"precision": 0.790625, "recall": 0.7784615384615384, "f1-score": 0.7844961240310077, "support": 325.0}, "HI": {"precision": 0.8478260869565217, "recall": 0.5416666666666666, "f1-score": 0.6610169491525423, "support": 72.0}, "IN": {"precision": 0.7960526315789473, "recall": 0.75625, "f1-score": 0.7756410256410255, "support": 320.0}, "OP": {"precision": 0.8076923076923077, "recall": 0.56, "f1-score": 0.6614173228346457, "support": 150.0}, "IP": {"precision": 0.8385269121813032, "recall": 0.7609254498714653, "f1-score": 0.797843665768194, "support": 389.0}, "it": {"precision": 1.0, "recall": 0.5, "f1-score": 0.6666666666666666, "support": 8.0}, "ne": {"precision": 0.7054794520547946, "recall": 0.8306451612903226, "f1-score": 0.7629629629629631, "support": 124.0}, "sr": {"precision": 0.9523809523809523, "recall": 0.8695652173913043, "f1-score": 0.909090909090909, "support": 23.0}, "nb": {"precision": 0.79, "recall": 0.6171875, "f1-score": 0.6929824561403509, "support": 128.0}, "re": {"precision": 1.0, "recall": 0.8095238095238095, "f1-score": 0.8947368421052632, "support": 21.0}, "en": {"precision": 0.8, "recall": 0.8235294117647058, "f1-score": 0.8115942028985507, "support": 34.0}, "ra": {"precision": 0.0, "recall": 0.0, "f1-score": 0.0, "support": 10.0}, "dtp": {"precision": 0.5793103448275863, "recall": 0.5637583892617449, "f1-score": 0.5714285714285715, "support": 149.0}, "fi": {"precision": 1.0, "recall": 0.8333333333333334, "f1-score": 0.9090909090909091, "support": 6.0}, "lt": {"precision": 0.8666666666666667, "recall": 0.6842105263157895, "f1-score": 0.7647058823529413, "support": 38.0}, "rv": {"precision": 0.8360655737704918, "recall": 0.6710526315789473, "f1-score": 0.7445255474452555, "support": 76.0}, "ob": {"precision": 0.8571428571428571, "recall": 0.2222222222222222, "f1-score": 0.35294117647058826, "support": 27.0}, "rs": {"precision": 0.8571428571428571, "recall": 0.8571428571428571, "f1-score": 0.8571428571428571, "support": 7.0}, "av": {"precision": 0.75, "recall": 0.10714285714285714, "f1-score": 0.1875, "support": 28.0}, "ds": {"precision": 0.7677165354330708, "recall": 0.7926829268292683, "f1-score": 0.78, "support": 246.0}, "ed": {"precision": 0.0, "recall": 0.0, "f1-score": 0.0, "support": 10.0}}}