{"f1": 0.8028828828828829, "precision": 0.7945791726105563, "recall": 0.8113619810633649, "accuracy": 0.6040216550657386, "pr_auc": 0.8729733691083021, "threshold": 0.39999999999999997, "label_scores": {"MT": {"precision": 0.9009009009009009, "recall": 0.8620689655172413, "f1-score": 0.881057268722467, "support": 116.0}, "LY": {"precision": 0.875, "recall": 0.4666666666666667, "f1-score": 0.608695652173913, "support": 15.0}, "SP": {"precision": 0.8, "recall": 0.5714285714285714, "f1-score": 0.6666666666666666, "support": 7.0}, "ID": {"precision": 0.82, "recall": 0.803921568627451, "f1-score": 0.8118811881188118, "support": 51.0}, "NA": {"precision": 0.8419753086419753, "recall": 0.8676844783715013, "f1-score": 0.8546365914786967, "support": 393.0}, "HI": {"precision": 0.7246376811594203, "recall": 0.6410256410256411, "f1-score": 0.6802721088435374, "support": 78.0}, "IN": {"precision": 0.7334963325183375, "recall": 0.8875739644970414, "f1-score": 0.8032128514056225, "support": 338.0}, "OP": {"precision": 0.7708333333333334, "recall": 0.676829268292683, "f1-score": 0.7207792207792207, "support": 164.0}, "IP": {"precision": 0.8433179723502304, "recall": 0.8591549295774648, "f1-score": 0.8511627906976744, "support": 426.0}, "it": {"precision": 0.75, "recall": 0.5, "f1-score": 0.6, "support": 6.0}, "ne": {"precision": 0.7789473684210526, "recall": 0.7789473684210526, "f1-score": 0.7789473684210526, "support": 95.0}, "sr": {"precision": 0.9090909090909091, "recall": 0.7142857142857143, "f1-score": 0.8, "support": 14.0}, "nb": {"precision": 0.8352941176470589, "recall": 0.8658536585365854, "f1-score": 0.8502994011976048, "support": 246.0}, "re": {"precision": 0.8888888888888888, "recall": 0.8888888888888888, "f1-score": 0.8888888888888888, "support": 18.0}, "en": {"precision": 0.9615384615384616, "recall": 0.9398496240601504, "f1-score": 0.9505703422053231, "support": 133.0}, "ra": {"precision": 0.0, "recall": 0.0, "f1-score": 0.0, "support": 1.0}, "dtp": {"precision": 0.4264705882352941, "recall": 0.6236559139784946, "f1-score": 0.5065502183406113, "support": 93.0}, "fi": {"precision": 0.9545454545454546, "recall": 0.7, "f1-score": 0.8076923076923077, "support": 30.0}, "lt": {"precision": 0.7619047619047619, "recall": 0.8421052631578947, "f1-score": 0.8, "support": 38.0}, "rv": {"precision": 0.7575757575757576, "recall": 0.7352941176470589, "f1-score": 0.746268656716418, "support": 68.0}, "ob": {"precision": 0.8333333333333334, "recall": 0.5555555555555556, "f1-score": 0.6666666666666667, "support": 54.0}, "rs": {"precision": 0.6666666666666666, "recall": 0.4444444444444444, "f1-score": 0.5333333333333333, "support": 9.0}, "av": {"precision": 0.625, "recall": 0.37037037037037035, "f1-score": 0.4651162790697674, "support": 27.0}, "ds": {"precision": 0.7885196374622356, "recall": 0.8233438485804416, "f1-score": 0.8055555555555556, "support": 317.0}, "ed": {"precision": 1.0, "recall": 0.1111111111111111, "f1-score": 0.19999999999999998, "support": 9.0}}}