{"f1": 0.6471165988494457, "f1_macro": 0.6034469613779009, "precision": 0.6456369575361642, "recall": 0.6486030376898556, "accuracy": 0.5554394398578744, "threshold": 0.44999999999999996, "label_scores": {"Forum": {"precision": 0.8020679468242246, "recall": 0.7915451895043731, "f1-score": 0.7967718268525311, "support": 686.0}, "Information/Explanation": {"precision": 0.7442295695570805, "recall": 0.4787319422150883, "f1-score": 0.5826617826617827, "support": 2492.0}, "Instruction": {"precision": 0.6240409207161125, "recall": 0.5224839400428265, "f1-score": 0.5687645687645687, "support": 467.0}, "Legal": {"precision": 0.6341463414634146, "recall": 0.65, "f1-score": 0.6419753086419754, "support": 40.0}, "News": {"precision": 0.8703396851698426, "recall": 0.7105174163003044, "f1-score": 0.7823496555576244, "support": 2957.0}, "Opinion/Argumentation": {"precision": 0.6341538461538462, "recall": 0.7875429881543753, "f1-score": 0.7025737174024204, "support": 2617.0}, "Other": {"precision": 0.5291005291005291, "recall": 0.684931506849315, "f1-score": 0.5970149253731344, "support": 146.0}, "Promotion": {"precision": 0.2607781282860147, "recall": 0.6475195822454308, "f1-score": 0.3718140929535232, "support": 383.0}, "Prose/Lyrical": {"precision": 0.33527939949958296, "recall": 0.45785876993166286, "f1-score": 0.3870967741935484, "support": 878.0}}}