{"f1": 0.7625516834022444, "precision": 0.7648104265402843, "recall": 0.7603062426383981, "accuracy": 0.62117903930131, "pr_auc": 0.8125827096863355, "threshold": 0.44999999999999996, "label_scores": {"MT": {"precision": 0.9024390243902439, "recall": 0.6727272727272727, "f1-score": 0.7708333333333333, "support": 110.0}, "LY": {"precision": 1.0, "recall": 0.14285714285714285, "f1-score": 0.25, "support": 7.0}, "SP": {"precision": 1.0, "recall": 0.46153846153846156, "f1-score": 0.631578947368421, "support": 13.0}, "ID": {"precision": 0.5833333333333334, "recall": 0.30434782608695654, "f1-score": 0.4, "support": 23.0}, "NA": {"precision": 0.8508064516129032, "recall": 0.9213973799126638, "f1-score": 0.8846960167714885, "support": 229.0}, "HI": {"precision": 0.7575757575757576, "recall": 0.7575757575757576, "f1-score": 0.7575757575757576, "support": 33.0}, "IN": {"precision": 0.7035175879396985, "recall": 0.7567567567567568, "f1-score": 0.7291666666666666, "support": 185.0}, "OP": {"precision": 0.6351351351351351, "recall": 0.5108695652173914, "f1-score": 0.5662650602409639, "support": 92.0}, "IP": {"precision": 0.7476340694006309, "recall": 0.8345070422535211, "f1-score": 0.7886855241264558, "support": 284.0}, "it": {"precision": 1.0, "recall": 0.42857142857142855, "f1-score": 0.6, "support": 7.0}, "ne": {"precision": 0.8348623853211009, "recall": 0.9528795811518325, "f1-score": 0.8899755501222494, "support": 191.0}, "sr": {"precision": 0.7777777777777778, "recall": 0.5, "f1-score": 0.6086956521739131, "support": 14.0}, "nb": {"precision": 0.7647058823529411, "recall": 0.5652173913043478, "f1-score": 0.65, "support": 23.0}, "re": {"precision": 1.0, "recall": 1.0, "f1-score": 1.0, "support": 21.0}, "en": {"precision": 0.4, "recall": 0.5, "f1-score": 0.4444444444444445, "support": 4.0}, "ra": {"precision": 0.0, "recall": 0.0, "f1-score": 0.0, "support": 0.0}, "dtp": {"precision": 0.5, "recall": 0.6521739130434783, "f1-score": 0.5660377358490566, "support": 46.0}, "fi": {"precision": 1.0, "recall": 0.3333333333333333, "f1-score": 0.5, "support": 3.0}, "lt": {"precision": 0.8461538461538461, "recall": 0.6226415094339622, "f1-score": 0.7173913043478259, "support": 53.0}, "rv": {"precision": 0.5555555555555556, "recall": 0.3225806451612903, "f1-score": 0.40816326530612246, "support": 31.0}, "ob": {"precision": 0.23529411764705882, "recall": 0.18181818181818182, "f1-score": 0.20512820512820512, "support": 22.0}, "rs": {"precision": 0.875, "recall": 0.7, "f1-score": 0.7777777777777777, "support": 10.0}, "av": {"precision": 0.6923076923076923, "recall": 0.45, "f1-score": 0.5454545454545455, "support": 20.0}, "ds": {"precision": 0.7703703703703704, "recall": 0.8524590163934426, "f1-score": 0.8093385214007783, "support": 244.0}, "ed": {"precision": 0.7647058823529411, "recall": 0.3939393939393939, "f1-score": 0.5199999999999999, "support": 33.0}}}