{"f1": 0.8047690014903129, "precision": 0.8059701492537313, "recall": 0.8035714285714286, "accuracy": 0.65, "pr_auc": 0.8735816438405304, "threshold": 0.35, "label_scores": {"MT": {"precision": 0.14285714285714285, "recall": 1.0, "f1-score": 0.25, "support": 1.0}, "LY": {"precision": 1.0, "recall": 1.0, "f1-score": 1.0, "support": 3.0}, "SP": {"precision": 0.0, "recall": 0.0, "f1-score": 0.0, "support": 0.0}, "ID": {"precision": 0.1111111111111111, "recall": 1.0, "f1-score": 0.19999999999999998, "support": 1.0}, "NA": {"precision": 0.9411764705882353, "recall": 0.96, "f1-score": 0.9504950495049505, "support": 100.0}, "HI": {"precision": 1.0, "recall": 0.5, "f1-score": 0.6666666666666666, "support": 2.0}, "IN": {"precision": 0.7, "recall": 0.5833333333333334, "f1-score": 0.6363636363636365, "support": 24.0}, "OP": {"precision": 0.7777777777777778, "recall": 0.8, "f1-score": 0.7887323943661971, "support": 35.0}, "IP": {"precision": 0.5, "recall": 0.3333333333333333, "f1-score": 0.4, "support": 12.0}, "it": {"precision": 0.0, "recall": 0.0, "f1-score": 0.0, "support": 0.0}, "ne": {"precision": 0.9120879120879121, "recall": 1.0, "f1-score": 0.9540229885057472, "support": 83.0}, "sr": {"precision": 0.8333333333333334, "recall": 1.0, "f1-score": 0.9090909090909091, "support": 5.0}, "nb": {"precision": 0.5, "recall": 0.25, "f1-score": 0.3333333333333333, "support": 4.0}, "re": {"precision": 0.0, "recall": 0.0, "f1-score": 0.0, "support": 0.0}, "en": {"precision": 0.8571428571428571, "recall": 1.0, "f1-score": 0.923076923076923, "support": 6.0}, "ra": {"precision": 0.0, "recall": 0.0, "f1-score": 0.0, "support": 0.0}, "dtp": {"precision": 0.4444444444444444, "recall": 0.5, "f1-score": 0.47058823529411764, "support": 8.0}, "fi": {"precision": 0.0, "recall": 0.0, "f1-score": 0.0, "support": 5.0}, "lt": {"precision": 0.0, "recall": 0.0, "f1-score": 0.0, "support": 1.0}, "rv": {"precision": 1.0, "recall": 0.5, "f1-score": 0.6666666666666666, "support": 2.0}, "ob": {"precision": 0.4444444444444444, "recall": 0.8, "f1-score": 0.5714285714285714, "support": 5.0}, "rs": {"precision": 0.7857142857142857, "recall": 0.55, "f1-score": 0.6470588235294117, "support": 20.0}, "av": {"precision": 1.0, "recall": 0.5, "f1-score": 0.6666666666666666, "support": 8.0}, "ds": {"precision": 0.5, "recall": 0.16666666666666666, "f1-score": 0.25, "support": 6.0}, "ed": {"precision": 0.5, "recall": 0.4, "f1-score": 0.4444444444444445, "support": 5.0}}}