{"f1": 0.6800773338243418, "precision": 0.6743039707895938, "recall": 0.6859504132231405, "accuracy": 0.5544989027066569, "pr_auc": 0.7100933941815587, "threshold": 0.44999999999999996, "label_scores": {"MT": {"precision": 0.0, "recall": 0.0, "f1-score": 0.0, "support": 0.0}, "LY": {"precision": 0.968421052631579, "recall": 0.6814814814814815, "f1-score": 0.8, "support": 135.0}, "SP": {"precision": 0.6289308176100629, "recall": 0.684931506849315, "f1-score": 0.6557377049180327, "support": 146.0}, "ID": {"precision": 0.8020679468242246, "recall": 0.7915451895043731, "f1-score": 0.7967718268525311, "support": 686.0}, "NA": {"precision": 0.7386150966936993, "recall": 0.8330206378986866, "f1-score": 0.7829824754766891, "support": 4264.0}, "HI": {"precision": 0.5840220385674931, "recall": 0.5158150851581509, "f1-score": 0.5478036175710596, "support": 411.0}, "IN": {"precision": 0.7811750599520384, "recall": 0.5019260400616333, "f1-score": 0.6111632270168855, "support": 2596.0}, "OP": {"precision": 0.6068996822514753, "recall": 0.6279943635509629, "f1-score": 0.6172668513388736, "support": 2129.0}, "IP": {"precision": 0.2607781282860147, "recall": 0.6169154228855721, "f1-score": 0.3665927568366592, "support": 402.0}}}