{"f1": 0.7691318327974277, "f1_macro": 0.7351139535806985, "precision": 0.78580814717477, "recall": 0.7531486146095718, "accuracy": 0.6326372776488786, "threshold": 0.39999999999999997, "label_scores": {"MT": {"precision": 0.9701492537313433, "recall": 0.5603448275862069, "f1-score": 0.7103825136612022, "support": 116.0}, "LY": {"precision": 0.8333333333333334, "recall": 0.6666666666666666, "f1-score": 0.7407407407407408, "support": 15.0}, "SP": {"precision": 0.8, "recall": 0.5714285714285714, "f1-score": 0.6666666666666666, "support": 7.0}, "ID": {"precision": 0.76, "recall": 0.7450980392156863, "f1-score": 0.7524752475247525, "support": 51.0}, "NA": {"precision": 0.8579088471849866, "recall": 0.8142493638676844, "f1-score": 0.8355091383812011, "support": 393.0}, "HI": {"precision": 0.6419753086419753, "recall": 0.6666666666666666, "f1-score": 0.6540880503144653, "support": 78.0}, "IN": {"precision": 0.6468085106382979, "recall": 0.8994082840236687, "f1-score": 0.7524752475247525, "support": 338.0}, "OP": {"precision": 0.7801418439716312, "recall": 0.6707317073170732, "f1-score": 0.7213114754098361, "support": 164.0}, "IP": {"precision": 0.9071207430340558, "recall": 0.687793427230047, "f1-score": 0.7823765020026703, "support": 426.0}}}