{"f1": 0.7930648769574944, "f1_macro": 0.7515855108741125, "precision": 0.8084378563283923, "recall": 0.7782656421514819, "accuracy": 0.6191588785046729, "threshold": 0.44999999999999996, "label_scores": {"MT": {"precision": 0.9375, "recall": 0.7894736842105263, "f1-score": 0.8571428571428572, "support": 38.0}, "LY": {"precision": 1.0, "recall": 0.6666666666666666, "f1-score": 0.8, "support": 3.0}, "SP": {"precision": 0.8, "recall": 0.6666666666666666, "f1-score": 0.7272727272727272, "support": 6.0}, "ID": {"precision": 0.8333333333333334, "recall": 0.7692307692307693, "f1-score": 0.8, "support": 13.0}, "NA": {"precision": 0.8357142857142857, "recall": 0.9069767441860465, "f1-score": 0.8698884758364313, "support": 129.0}, "HI": {"precision": 0.8095238095238095, "recall": 0.6538461538461539, "f1-score": 0.7234042553191489, "support": 26.0}, "IN": {"precision": 0.8035714285714286, "recall": 0.75, "f1-score": 0.7758620689655172, "support": 120.0}, "OP": {"precision": 0.7017543859649122, "recall": 0.7407407407407407, "f1-score": 0.7207207207207207, "support": 54.0}, "IP": {"precision": 0.8549618320610687, "recall": 0.8235294117647058, "f1-score": 0.8389513108614233, "support": 136.0}, "it": {"precision": 0.6666666666666666, "recall": 0.4, "f1-score": 0.5, "support": 5.0}, "ne": {"precision": 0.8, "recall": 0.8, "f1-score": 0.8000000000000002, "support": 30.0}, "sr": {"precision": 1.0, "recall": 1.0, "f1-score": 1.0, "support": 6.0}, "nb": {"precision": 0.8275862068965517, "recall": 0.8470588235294118, "f1-score": 0.8372093023255814, "support": 85.0}, "re": {"precision": 1.0, "recall": 1.0, "f1-score": 1.0, "support": 4.0}, "en": {"precision": 1.0, "recall": 0.9393939393939394, "f1-score": 0.96875, "support": 33.0}, "ra": {"precision": 0.0, "recall": 0.0, "f1-score": 0.0, "support": 1.0}, "dtp": {"precision": 0.625, "recall": 0.4878048780487805, "f1-score": 0.547945205479452, "support": 41.0}, "fi": {"precision": 1.0, "recall": 0.46153846153846156, "f1-score": 0.631578947368421, "support": 13.0}, "lt": {"precision": 0.7333333333333333, "recall": 0.6470588235294118, "f1-score": 0.6875, "support": 17.0}, "rv": {"precision": 0.8181818181818182, "recall": 0.8181818181818182, "f1-score": 0.8181818181818182, "support": 22.0}, "ob": {"precision": 0.7222222222222222, "recall": 0.6842105263157895, "f1-score": 0.7027027027027027, "support": 19.0}, "rs": {"precision": 1.0, "recall": 0.6, "f1-score": 0.7499999999999999, "support": 5.0}, "av": {"precision": 0.14285714285714285, "recall": 0.16666666666666666, "f1-score": 0.15384615384615383, "support": 6.0}, "ds": {"precision": 0.76, "recall": 0.7916666666666666, "f1-score": 0.7755102040816326, "support": 96.0}, "ed": {"precision": 0.0, "recall": 0.0, "f1-score": 0.0, "support": 3.0}}}