{"f1": 0.7184486483638087, "f1_macro": 0.6676928496035571, "precision": 0.6899099281449246, "recall": 0.7494503078276166, "accuracy": 0.4938656685381576, "threshold": 0.39999999999999997, "label_scores": {"MT": {"precision": 0.0, "recall": 0.0, "f1-score": 0.0, "support": 0.0}, "LY": {"precision": 0.9649122807017544, "recall": 0.8088235294117647, "f1-score": 0.88, "support": 68.0}, "SP": {"precision": 0.6705882352941176, "recall": 0.7702702702702703, "f1-score": 0.7169811320754716, "support": 74.0}, "ID": {"precision": 0.8256880733944955, "recall": 0.782608695652174, "f1-score": 0.8035714285714286, "support": 345.0}, "NA": {"precision": 0.8001741401828472, "recall": 0.8629107981220657, "f1-score": 0.8303591597018297, "support": 2130.0}, "HI": {"precision": 0.5035460992907801, "recall": 0.696078431372549, "f1-score": 0.5843621399176955, "support": 204.0}, "IN": {"precision": 0.6574983628028814, "recall": 0.773497688751926, "f1-score": 0.7107964601769912, "support": 1298.0}, "OP": {"precision": 0.6203921568627451, "recall": 0.7448210922787194, "f1-score": 0.6769362430466409, "support": 1062.0}, "IP": {"precision": 0.5389221556886228, "recall": 0.44776119402985076, "f1-score": 0.48913043478260876, "support": 201.0}, "it": {"precision": 0.6567164179104478, "recall": 0.7857142857142857, "f1-score": 0.7154471544715447, "support": 56.0}, "ne": {"precision": 0.7608695652173914, "recall": 0.8132530120481928, "f1-score": 0.7861896838602329, "support": 1162.0}, "sr": {"precision": 0.8459214501510574, "recall": 0.9240924092409241, "f1-score": 0.8832807570977917, "support": 303.0}, "nb": {"precision": 0.6794117647058824, "recall": 0.6078947368421053, "f1-score": 0.6416666666666667, "support": 380.0}, "re": {"precision": 0.7058823529411765, "recall": 0.8, "f1-score": 0.7500000000000001, "support": 15.0}, "en": {"precision": 0.9534883720930233, "recall": 0.7321428571428571, "f1-score": 0.8282828282828282, "support": 56.0}, "ra": {"precision": 0.8524590163934426, "recall": 0.5148514851485149, "f1-score": 0.6419753086419753, "support": 101.0}, "dtp": {"precision": 0.5237315875613748, "recall": 0.6072106261859582, "f1-score": 0.5623901581722319, "support": 527.0}, "fi": {"precision": 0.7, "recall": 0.1891891891891892, "f1-score": 0.2978723404255319, "support": 37.0}, "lt": {"precision": 0.6428571428571429, "recall": 0.5, "f1-score": 0.5625000000000001, "support": 18.0}, "rv": {"precision": 0.6868131868131868, "recall": 0.6613756613756614, "f1-score": 0.6738544474393531, "support": 189.0}, "ob": {"precision": 0.5346020761245674, "recall": 0.5830188679245283, "f1-score": 0.5577617328519855, "support": 530.0}, "rs": {"precision": 0.6666666666666666, "recall": 0.7323943661971831, "f1-score": 0.697986577181208, "support": 71.0}, "av": {"precision": 0.3850574712643678, "recall": 0.5275590551181102, "f1-score": 0.4451827242524917, "support": 127.0}, "ds": {"precision": 0.672566371681416, "recall": 0.5757575757575758, "f1-score": 0.6204081632653062, "support": 132.0}, "ed": {"precision": 0.0, "recall": 0.0, "f1-score": 0.0, "support": 10.0}}}