{"f1": 0.7693761814744802, "f1_macro": 0.7015113801567563, "precision": 0.7999213836477987, "recall": 0.7410779315367808, "accuracy": 0.5638051044083526, "threshold": 0.44999999999999996, "label_scores": {"MT": {"precision": 0.925531914893617, "recall": 0.75, "f1-score": 0.8285714285714285, "support": 116.0}, "LY": {"precision": 0.0, "recall": 0.0, "f1-score": 0.0, "support": 15.0}, "SP": {"precision": 0.0, "recall": 0.0, "f1-score": 0.0, "support": 7.0}, "ID": {"precision": 0.8695652173913043, "recall": 0.39215686274509803, "f1-score": 0.5405405405405406, "support": 51.0}, "NA": {"precision": 0.8261964735516373, "recall": 0.8346055979643766, "f1-score": 0.830379746835443, "support": 393.0}, "HI": {"precision": 0.7454545454545455, "recall": 0.5256410256410257, "f1-score": 0.6165413533834586, "support": 78.0}, "IN": {"precision": 0.7645429362880887, "recall": 0.8165680473372781, "f1-score": 0.7896995708154506, "support": 338.0}, "OP": {"precision": 0.7315436241610739, "recall": 0.6646341463414634, "f1-score": 0.6964856230031949, "support": 164.0}, "IP": {"precision": 0.8254716981132075, "recall": 0.8215962441314554, "f1-score": 0.8235294117647057, "support": 426.0}, "it": {"precision": 0.0, "recall": 0.0, "f1-score": 0.0, "support": 6.0}, "ne": {"precision": 0.782608695652174, "recall": 0.7578947368421053, "f1-score": 0.7700534759358288, "support": 95.0}, "sr": {"precision": 1.0, "recall": 0.5, "f1-score": 0.6666666666666666, "support": 14.0}, "nb": {"precision": 0.8163265306122449, "recall": 0.8130081300813008, "f1-score": 0.814663951120163, "support": 246.0}, "re": {"precision": 0.875, "recall": 0.7777777777777778, "f1-score": 0.823529411764706, "support": 18.0}, "en": {"precision": 0.9130434782608695, "recall": 0.9473684210526315, "f1-score": 0.9298892988929889, "support": 133.0}, "ra": {"precision": 0.0, "recall": 0.0, "f1-score": 0.0, "support": 1.0}, "dtp": {"precision": 0.4642857142857143, "recall": 0.41935483870967744, "f1-score": 0.44067796610169496, "support": 93.0}, "fi": {"precision": 1.0, "recall": 0.5666666666666667, "f1-score": 0.7234042553191489, "support": 30.0}, "lt": {"precision": 0.7083333333333334, "recall": 0.4473684210526316, "f1-score": 0.5483870967741936, "support": 38.0}, "rv": {"precision": 0.8958333333333334, "recall": 0.6323529411764706, "f1-score": 0.7413793103448276, "support": 68.0}, "ob": {"precision": 0.775, "recall": 0.5740740740740741, "f1-score": 0.6595744680851063, "support": 54.0}, "rs": {"precision": 0.0, "recall": 0.0, "f1-score": 0.0, "support": 9.0}, "av": {"precision": 0.7142857142857143, "recall": 0.18518518518518517, "f1-score": 0.2941176470588235, "support": 27.0}, "ds": {"precision": 0.7832817337461301, "recall": 0.7981072555205048, "f1-score": 0.790625, "support": 317.0}, "ed": {"precision": 0.0, "recall": 0.0, "f1-score": 0.0, "support": 9.0}}}