{"f1": 0.764061943752225, "precision": 0.7335725882252414, "recall": 0.7971956541925899, "accuracy": 0.6238896436409238, "threshold": 0.39999999999999997, "label_scores": {"MT": {"precision": 0.0, "recall": 0.0, "f1-score": 0.0, "support": 0.0}, "LY": {"precision": 0.9166666666666666, "recall": 0.8962962962962963, "f1-score": 0.9063670411985019, "support": 135.0}, "SP": {"precision": 0.6894409937888198, "recall": 0.7602739726027398, "f1-score": 0.7231270358306189, "support": 146.0}, "ID": {"precision": 0.8586309523809523, "recall": 0.8411078717201166, "f1-score": 0.8497790868924889, "support": 686.0}, "NA": {"precision": 0.8054181896366372, "recall": 0.8785178236397748, "f1-score": 0.8403813796971397, "support": 4264.0}, "HI": {"precision": 0.6351648351648351, "recall": 0.7031630170316302, "f1-score": 0.6674364896073902, "support": 411.0}, "IN": {"precision": 0.7029922423346878, "recall": 0.7330508474576272, "f1-score": 0.717706958325476, "support": 2596.0}, "OP": {"precision": 0.6292569659442725, "recall": 0.7637388445279474, "f1-score": 0.6900063653723743, "support": 2129.0}, "IP": {"precision": 0.6217008797653959, "recall": 0.527363184079602, "f1-score": 0.5706594885598923, "support": 402.0}}}