{"f1": 0.7403700472889215, "precision": 0.7322012350163458, "recall": 0.7487231869254342, "accuracy": 0.6086320409656182, "threshold": 0.44999999999999996, "label_scores": {"MT": {"precision": 0.0, "recall": 0.0, "f1-score": 0.0, "support": 0.0}, "LY": {"precision": 0.9256198347107438, "recall": 0.8296296296296296, "f1-score": 0.875, "support": 135.0}, "SP": {"precision": 0.6809815950920245, "recall": 0.7602739726027398, "f1-score": 0.7184466019417476, "support": 146.0}, "ID": {"precision": 0.8607198748043818, "recall": 0.8017492711370262, "f1-score": 0.8301886792452831, "support": 686.0}, "NA": {"precision": 0.8323338930199089, "recall": 0.8137898686679175, "f1-score": 0.8229574291473971, "support": 4264.0}, "HI": {"precision": 0.6834319526627219, "recall": 0.5620437956204379, "f1-score": 0.6168224299065421, "support": 411.0}, "IN": {"precision": 0.6681978798586572, "recall": 0.7284283513097073, "f1-score": 0.6970143752303724, "support": 2596.0}, "OP": {"precision": 0.6204794798862251, "recall": 0.7172381399718177, "f1-score": 0.665359477124183, "support": 2129.0}, "IP": {"precision": 0.6129032258064516, "recall": 0.4253731343283582, "f1-score": 0.5022026431718063, "support": 402.0}}}