{"f1": 0.8173472617917062, "precision": 0.821769573520051, "recall": 0.8129722921914357, "accuracy": 0.6929621036349575, "threshold": 0.44999999999999996, "label_scores": {"MT": {"precision": 0.9306930693069307, "recall": 0.8103448275862069, "f1-score": 0.8663594470046083, "support": 116.0}, "LY": {"precision": 0.9090909090909091, "recall": 0.6666666666666666, "f1-score": 0.7692307692307692, "support": 15.0}, "SP": {"precision": 0.7142857142857143, "recall": 0.7142857142857143, "f1-score": 0.7142857142857143, "support": 7.0}, "ID": {"precision": 0.8, "recall": 0.7058823529411765, "f1-score": 0.7500000000000001, "support": 51.0}, "NA": {"precision": 0.875, "recall": 0.8371501272264631, "f1-score": 0.8556566970091027, "support": 393.0}, "HI": {"precision": 0.75, "recall": 0.5769230769230769, "f1-score": 0.6521739130434783, "support": 78.0}, "IN": {"precision": 0.76657824933687, "recall": 0.8550295857988166, "f1-score": 0.8083916083916084, "support": 338.0}, "OP": {"precision": 0.7283950617283951, "recall": 0.7195121951219512, "f1-score": 0.7239263803680983, "support": 164.0}, "IP": {"precision": 0.8449074074074074, "recall": 0.8568075117370892, "f1-score": 0.8508158508158509, "support": 426.0}}}