{"f1": 0.6442307692307692, "precision": 0.6979166666666666, "recall": 0.5982142857142857, "accuracy": 0.6055045871559633, "threshold": 0.5999999999999999, "label_scores": {"MT": {"precision": 0.0, "recall": 0.0, "f1-score": 0.0, "support": 3.0}, "LY": {"precision": 1.0, "recall": 1.0, "f1-score": 1.0, "support": 2.0}, "SP": {"precision": 1.0, "recall": 0.5, "f1-score": 0.6666666666666666, "support": 2.0}, "ID": {"precision": 1.0, "recall": 0.5, "f1-score": 0.6666666666666666, "support": 2.0}, "NA": {"precision": 0.7567567567567568, "recall": 0.8235294117647058, "f1-score": 0.7887323943661971, "support": 34.0}, "HI": {"precision": 0.5, "recall": 0.5, "f1-score": 0.5, "support": 2.0}, "IN": {"precision": 0.8947368421052632, "recall": 0.3953488372093023, "f1-score": 0.5483870967741935, "support": 43.0}, "OP": {"precision": 0.625, "recall": 0.4166666666666667, "f1-score": 0.5, "support": 12.0}, "IP": {"precision": 0.46153846153846156, "recall": 1.0, "f1-score": 0.631578947368421, "support": 12.0}}}