{"f1": 0.6971830985915494, "precision": 0.7388059701492538, "recall": 0.66, "accuracy": 0.5939849624060151, "threshold": 0.5499999999999999, "label_scores": {"MT": {"precision": 0.8235294117647058, "recall": 0.8235294117647058, "f1-score": 0.8235294117647058, "support": 17.0}, "LY": {"precision": 0.0, "recall": 0.0, "f1-score": 0.0, "support": 0.0}, "SP": {"precision": 0.0, "recall": 0.0, "f1-score": 0.0, "support": 0.0}, "ID": {"precision": 1.0, "recall": 0.5, "f1-score": 0.6666666666666666, "support": 4.0}, "NA": {"precision": 0.7692307692307693, "recall": 0.7407407407407407, "f1-score": 0.7547169811320754, "support": 27.0}, "HI": {"precision": 0.6666666666666666, "recall": 0.4, "f1-score": 0.5, "support": 10.0}, "IN": {"precision": 0.8064516129032258, "recall": 0.5555555555555556, "f1-score": 0.6578947368421053, "support": 45.0}, "OP": {"precision": 0.3333333333333333, "recall": 0.2222222222222222, "f1-score": 0.26666666666666666, "support": 9.0}, "IP": {"precision": 0.6956521739130435, "recall": 0.8421052631578947, "f1-score": 0.761904761904762, "support": 38.0}}}