{"f1": 0.7836298932384342, "precision": 0.8204172876304023, "recall": 0.75, "accuracy": 0.6663980660757454, "threshold": 0.49999999999999994, "label_scores": {"MT": {"precision": 0.975609756097561, "recall": 0.625, "f1-score": 0.7619047619047619, "support": 64.0}, "LY": {"precision": 0.9230769230769231, "recall": 0.9230769230769231, "f1-score": 0.9230769230769231, "support": 13.0}, "SP": {"precision": 0.9, "recall": 0.6, "f1-score": 0.7200000000000001, "support": 15.0}, "ID": {"precision": 0.911504424778761, "recall": 0.8583333333333333, "f1-score": 0.8841201716738197, "support": 120.0}, "NA": {"precision": 0.8127090301003345, "recall": 0.7476923076923077, "f1-score": 0.7788461538461539, "support": 325.0}, "HI": {"precision": 0.8571428571428571, "recall": 0.5833333333333334, "f1-score": 0.6942148760330579, "support": 72.0}, "IN": {"precision": 0.8044871794871795, "recall": 0.784375, "f1-score": 0.7943037974683546, "support": 320.0}, "OP": {"precision": 0.7265625, "recall": 0.62, "f1-score": 0.6690647482014388, "support": 150.0}, "IP": {"precision": 0.8169761273209549, "recall": 0.7917737789203085, "f1-score": 0.8041775456919061, "support": 389.0}}}