{"f1": 0.7945290643456637, "precision": 0.7845303867403315, "recall": 0.8047858942065491, "accuracy": 0.645784996133024, "threshold": 0.39999999999999997, "label_scores": {"MT": {"precision": 0.8347107438016529, "recall": 0.8706896551724138, "f1-score": 0.8523206751054853, "support": 116.0}, "LY": {"precision": 1.0, "recall": 0.6, "f1-score": 0.7499999999999999, "support": 15.0}, "SP": {"precision": 0.0, "recall": 0.0, "f1-score": 0.0, "support": 7.0}, "ID": {"precision": 0.6607142857142857, "recall": 0.7254901960784313, "f1-score": 0.6915887850467289, "support": 51.0}, "NA": {"precision": 0.8530183727034121, "recall": 0.8269720101781171, "f1-score": 0.8397932816537468, "support": 393.0}, "HI": {"precision": 0.75, "recall": 0.6538461538461539, "f1-score": 0.6986301369863015, "support": 78.0}, "IN": {"precision": 0.7762039660056658, "recall": 0.8106508875739645, "f1-score": 0.7930535455861072, "support": 338.0}, "OP": {"precision": 0.5951219512195122, "recall": 0.7439024390243902, "f1-score": 0.6612466124661247, "support": 164.0}, "IP": {"precision": 0.823394495412844, "recall": 0.8427230046948356, "f1-score": 0.8329466357308585, "support": 426.0}}}