{"f1": 0.7833802207314434, "precision": 0.7795004306632214, "recall": 0.7872988255763376, "accuracy": 0.7099023709902371, "threshold": 0.44999999999999996, "label_scores": {"MT": {"precision": 0.9708029197080292, "recall": 0.9637681159420289, "f1-score": 0.9672727272727273, "support": 276.0}, "LY": {"precision": 1.0, "recall": 0.2, "f1-score": 0.33333333333333337, "support": 5.0}, "SP": {"precision": 1.0, "recall": 0.05555555555555555, "f1-score": 0.10526315789473684, "support": 18.0}, "ID": {"precision": 0.845, "recall": 0.7316017316017316, "f1-score": 0.7842227378190255, "support": 231.0}, "NA": {"precision": 0.7920193470374849, "recall": 0.8687002652519894, "f1-score": 0.8285895003162554, "support": 754.0}, "HI": {"precision": 0.8, "recall": 0.5128205128205128, "f1-score": 0.625, "support": 117.0}, "IN": {"precision": 0.7333333333333333, "recall": 0.638121546961326, "f1-score": 0.6824224519940915, "support": 362.0}, "OP": {"precision": 0.6165413533834586, "recall": 0.8661971830985915, "f1-score": 0.7203513909224011, "support": 284.0}, "IP": {"precision": 0.7869565217391304, "recall": 0.7182539682539683, "f1-score": 0.7510373443983402, "support": 252.0}}}