{"f1": 0.5990631027831358, "precision": 0.6858044164037855, "recall": 0.5318003913894325, "accuracy": 0.3473861720067454, "threshold": 0.3, "label_scores": {"MT": {"precision": 0.1919191919191919, "recall": 0.6551724137931034, "f1-score": 0.296875, "support": 29.0}, "LY": {"precision": 0.875, "recall": 0.5833333333333334, "f1-score": 0.7000000000000001, "support": 12.0}, "SP": {"precision": 1.0, "recall": 0.009615384615384616, "f1-score": 0.01904761904761905, "support": 104.0}, "ID": {"precision": 0.3333333333333333, "recall": 0.25, "f1-score": 0.28571428571428575, "support": 44.0}, "NA": {"precision": 0.8799171842650103, "recall": 0.7340241796200345, "f1-score": 0.8003766478342749, "support": 579.0}, "HI": {"precision": 0.5231788079470199, "recall": 0.6220472440944882, "f1-score": 0.5683453237410072, "support": 127.0}, "IN": {"precision": 0.7215686274509804, "recall": 0.33948339483394835, "f1-score": 0.46173149309912176, "support": 542.0}, "OP": {"precision": 0.624390243902439, "recall": 0.43686006825938567, "f1-score": 0.5140562248995983, "support": 293.0}, "IP": {"precision": 0.6657142857142857, "recall": 0.7420382165605095, "f1-score": 0.7018072289156626, "support": 314.0}}}