{"f1": 0.7219090361775493, "f1_macro": 0.6846947920789254, "precision": 0.7210014212310047, "recall": 0.722818939061815, "accuracy": 0.5143335425821302, "threshold": 0.44999999999999996, "label_scores": {"MT": {"precision": 0.0, "recall": 0.0, "f1-score": 0.0, "support": 0.0}, "LY": {"precision": 0.9661016949152542, "recall": 0.8382352941176471, "f1-score": 0.8976377952755905, "support": 68.0}, "SP": {"precision": 0.684931506849315, "recall": 0.684931506849315, "f1-score": 0.684931506849315, "support": 73.0}, "ID": {"precision": 0.8685897435897436, "recall": 0.7855072463768116, "f1-score": 0.8249619482496194, "support": 345.0}, "NA": {"precision": 0.7976903336184773, "recall": 0.8751759737212577, "f1-score": 0.8346386216155739, "support": 2131.0}, "HI": {"precision": 0.7531645569620253, "recall": 0.5804878048780487, "f1-score": 0.6556473829201102, "support": 205.0}, "IN": {"precision": 0.6731301939058172, "recall": 0.74884437596302, "f1-score": 0.7089715536105033, "support": 1298.0}, "OP": {"precision": 0.6672950047125353, "recall": 0.6666666666666666, "f1-score": 0.6669806877060762, "support": 1062.0}, "IP": {"precision": 0.6774193548387096, "recall": 0.417910447761194, "f1-score": 0.5169230769230769, "support": 201.0}, "it": {"precision": 0.6101694915254238, "recall": 0.6545454545454545, "f1-score": 0.6315789473684211, "support": 55.0}, "ne": {"precision": 0.7665505226480837, "recall": 0.7815275310834814, "f1-score": 0.773966578715919, "support": 1126.0}, "sr": {"precision": 0.863013698630137, "recall": 0.9402985074626866, "f1-score": 0.9, "support": 335.0}, "nb": {"precision": 0.6589327146171694, "recall": 0.72264631043257, "f1-score": 0.6893203883495145, "support": 393.0}, "re": {"precision": 0.7, "recall": 0.7, "f1-score": 0.7, "support": 20.0}, "en": {"precision": 0.7872340425531915, "recall": 0.7872340425531915, "f1-score": 0.7872340425531915, "support": 47.0}, "ra": {"precision": 0.7540983606557377, "recall": 0.4423076923076923, "f1-score": 0.5575757575757575, "support": 104.0}, "dtp": {"precision": 0.5251937984496124, "recall": 0.5046554934823091, "f1-score": 0.5147198480531814, "support": 537.0}, "fi": {"precision": 0.782608695652174, "recall": 0.6206896551724138, "f1-score": 0.6923076923076923, "support": 29.0}, "lt": {"precision": 0.9230769230769231, "recall": 0.631578947368421, "f1-score": 0.7499999999999999, "support": 19.0}, "rv": {"precision": 0.6371681415929203, "recall": 0.7024390243902439, "f1-score": 0.6682134570765661, "support": 205.0}, "ob": {"precision": 0.6082474226804123, "recall": 0.44612476370510395, "f1-score": 0.5147219193020719, "support": 529.0}, "rs": {"precision": 0.6911764705882353, "recall": 0.7230769230769231, "f1-score": 0.7067669172932332, "support": 65.0}, "av": {"precision": 0.53, "recall": 0.4108527131782946, "f1-score": 0.46288209606986896, "support": 129.0}, "ds": {"precision": 0.672566371681416, "recall": 0.5547445255474452, "f1-score": 0.6080000000000001, "support": 137.0}, "ed": {"precision": 0.0, "recall": 0.0, "f1-score": 0.0, "support": 11.0}}}