{"f1": 0.8076923076923077, "precision": 0.821123595505618, "recall": 0.7946933449325794, "accuracy": 0.7443049744304975, "pr_auc": 0.8896250182436934, "threshold": 0.49999999999999994, "label_scores": {"MT": {"precision": 0.9888475836431226, "recall": 0.9637681159420289, "f1-score": 0.9761467889908256, "support": 276.0}, "LY": {"precision": 0.6666666666666666, "recall": 0.4, "f1-score": 0.5, "support": 5.0}, "SP": {"precision": 1.0, "recall": 0.4444444444444444, "f1-score": 0.6153846153846153, "support": 18.0}, "ID": {"precision": 0.89, "recall": 0.7705627705627706, "f1-score": 0.8259860788863109, "support": 231.0}, "NA": {"precision": 0.8196319018404908, "recall": 0.8859416445623343, "f1-score": 0.8514977692797963, "support": 754.0}, "HI": {"precision": 0.75, "recall": 0.6153846153846154, "f1-score": 0.676056338028169, "support": 117.0}, "IN": {"precision": 0.675, "recall": 0.7458563535911602, "f1-score": 0.7086614173228346, "support": 362.0}, "OP": {"precision": 0.8518518518518519, "recall": 0.647887323943662, "f1-score": 0.7360000000000001, "support": 284.0}, "IP": {"precision": 0.8211009174311926, "recall": 0.7103174603174603, "f1-score": 0.7617021276595745, "support": 252.0}}}