{"f1": 0.7352777261749953, "precision": 0.7354826721174393, "recall": 0.7350728944191661, "accuracy": 0.6109311317797053, "pr_auc": 0.8199531348208547, "threshold": 0.44999999999999996, "label_scores": {"MT": {"precision": 0.0, "recall": 0.0, "f1-score": 0.0, "support": 0.0}, "LY": {"precision": 0.9396551724137931, "recall": 0.8074074074074075, "f1-score": 0.8685258964143427, "support": 135.0}, "SP": {"precision": 0.7307692307692307, "recall": 0.6506849315068494, "f1-score": 0.6884057971014493, "support": 146.0}, "ID": {"precision": 0.8564516129032258, "recall": 0.7740524781341108, "f1-score": 0.8131699846860644, "support": 686.0}, "NA": {"precision": 0.7830109335576114, "recall": 0.873358348968105, "f1-score": 0.825720620842572, "support": 4264.0}, "HI": {"precision": 0.7208480565371025, "recall": 0.49635036496350365, "f1-score": 0.5878962536023055, "support": 411.0}, "IN": {"precision": 0.6471367096987752, "recall": 0.7530816640986132, "f1-score": 0.6961011215951576, "support": 2596.0}, "OP": {"precision": 0.7102977667493796, "recall": 0.5378111789572569, "f1-score": 0.6121357925688319, "support": 2129.0}, "IP": {"precision": 0.6830357142857143, "recall": 0.3805970149253731, "f1-score": 0.4888178913738019, "support": 402.0}}}