{"f1": 0.7164015359297861, "f1_macro": 0.6546513230635622, "precision": 0.7239467849223947, "recall": 0.7090119435396308, "accuracy": 0.5750813575081357, "threshold": 0.39999999999999997, "label_scores": {"MT": {"precision": 0.9846743295019157, "recall": 0.9311594202898551, "f1-score": 0.957169459962756, "support": 276.0}, "LY": {"precision": 0.0, "recall": 0.0, "f1-score": 0.0, "support": 5.0}, "SP": {"precision": 0.0, "recall": 0.0, "f1-score": 0.0, "support": 18.0}, "ID": {"precision": 0.7969543147208121, "recall": 0.6796536796536796, "f1-score": 0.7336448598130841, "support": 231.0}, "NA": {"precision": 0.764638346727899, "recall": 0.883289124668435, "f1-score": 0.8196923076923077, "support": 754.0}, "HI": {"precision": 0.660377358490566, "recall": 0.29914529914529914, "f1-score": 0.411764705882353, "support": 117.0}, "IN": {"precision": 0.6074270557029178, "recall": 0.6325966850828729, "f1-score": 0.6197564276048714, "support": 362.0}, "OP": {"precision": 0.7509433962264151, "recall": 0.7007042253521126, "f1-score": 0.7249544626593807, "support": 284.0}, "IP": {"precision": 0.7063492063492064, "recall": 0.7063492063492064, "f1-score": 0.7063492063492064, "support": 252.0}, "it": {"precision": 0.0, "recall": 0.0, "f1-score": 0.0, "support": 13.0}, "ne": {"precision": 0.56657223796034, "recall": 0.8888888888888888, "f1-score": 0.6920415224913495, "support": 225.0}, "sr": {"precision": 0.8666666666666667, "recall": 0.9154929577464789, "f1-score": 0.8904109589041095, "support": 71.0}, "nb": {"precision": 0.7560240963855421, "recall": 0.7537537537537538, "f1-score": 0.7548872180451126, "support": 333.0}, "re": {"precision": 0.0, "recall": 0.0, "f1-score": 0.0, "support": 8.0}, "en": {"precision": 0.75, "recall": 0.06666666666666667, "f1-score": 0.12244897959183675, "support": 45.0}, "ra": {"precision": 0.0, "recall": 0.0, "f1-score": 0.0, "support": 14.0}, "dtp": {"precision": 0.38513513513513514, "recall": 0.41911764705882354, "f1-score": 0.4014084507042254, "support": 136.0}, "fi": {"precision": 0.0, "recall": 0.0, "f1-score": 0.0, "support": 4.0}, "lt": {"precision": 0.0, "recall": 0.0, "f1-score": 0.0, "support": 26.0}, "rv": {"precision": 0.9558823529411765, "recall": 0.5963302752293578, "f1-score": 0.7344632768361582, "support": 109.0}, "ob": {"precision": 0.5, "recall": 0.3382352941176471, "f1-score": 0.4035087719298246, "support": 68.0}, "rs": {"precision": 0.8450704225352113, "recall": 0.6818181818181818, "f1-score": 0.7547169811320754, "support": 88.0}, "av": {"precision": 0.0, "recall": 0.0, "f1-score": 0.0, "support": 12.0}, "ds": {"precision": 0.7106382978723405, "recall": 0.7877358490566038, "f1-score": 0.7472035794183445, "support": 212.0}, "ed": {"precision": 0.0, "recall": 0.0, "f1-score": 0.0, "support": 21.0}}}