{"f1": 0.6666666666666666, "f1_macro": 0.5665380528931384, "precision": 0.6485436893203883, "recall": 0.6858316221765913, "accuracy": 0.584061135371179, "threshold": 0.39999999999999997, "label_scores": {"Forum": {"precision": 0.5, "recall": 0.2608695652173913, "f1-score": 0.3428571428571428, "support": 23.0}, "Information/Explanation": {"precision": 0.47904191616766467, "recall": 0.6201550387596899, "f1-score": 0.5405405405405406, "support": 129.0}, "Instruction": {"precision": 0.36585365853658536, "recall": 0.8333333333333334, "f1-score": 0.5084745762711864, "support": 36.0}, "Legal": {"precision": 0.875, "recall": 0.5283018867924528, "f1-score": 0.6588235294117648, "support": 53.0}, "News": {"precision": 0.7330827067669173, "recall": 0.9558823529411765, "f1-score": 0.8297872340425533, "support": 204.0}, "Opinion/Argumentation": {"precision": 0.8028169014084507, "recall": 0.41911764705882354, "f1-score": 0.5507246376811594, "support": 136.0}, "Other": {"precision": 0.9183673469387755, "recall": 0.36585365853658536, "f1-score": 0.5232558139534884, "support": 123.0}, "Promotion": {"precision": 0.7157190635451505, "recall": 0.852589641434263, "f1-score": 0.7781818181818181, "support": 251.0}, "Prose/Lyrical": {"precision": 0.25, "recall": 0.6842105263157895, "f1-score": 0.36619718309859156, "support": 19.0}}}