{"f1": 0.6725297465080187, "precision": 0.6792058516196448, "recall": 0.6659836065573771, "accuracy": 0.6004366812227074, "threshold": 0.44999999999999996, "label_scores": {"MT": {"precision": 0.95, "recall": 0.34545454545454546, "f1-score": 0.5066666666666667, "support": 110.0}, "LY": {"precision": 1.0, "recall": 0.2857142857142857, "f1-score": 0.4444444444444445, "support": 7.0}, "SP": {"precision": 0.7142857142857143, "recall": 0.38461538461538464, "f1-score": 0.5, "support": 13.0}, "ID": {"precision": 0.5, "recall": 0.17391304347826086, "f1-score": 0.25806451612903225, "support": 23.0}, "NA": {"precision": 0.7087378640776699, "recall": 0.9563318777292577, "f1-score": 0.8141263940520446, "support": 229.0}, "HI": {"precision": 0.36486486486486486, "recall": 0.8181818181818182, "f1-score": 0.5046728971962617, "support": 33.0}, "IN": {"precision": 0.639344262295082, "recall": 0.6324324324324324, "f1-score": 0.6358695652173914, "support": 185.0}, "OP": {"precision": 0.5660377358490566, "recall": 0.32608695652173914, "f1-score": 0.4137931034482759, "support": 92.0}, "IP": {"precision": 0.7402135231316725, "recall": 0.7323943661971831, "f1-score": 0.7362831858407078, "support": 284.0}}}