{"f1": 0.7358615747989703, "precision": 0.7144550373615047, "recall": 0.7585905012037645, "accuracy": 0.5196990281116104, "threshold": 0.39999999999999997, "label_scores": {"LY": {"precision": 0.9435483870967742, "recall": 0.8666666666666667, "f1-score": 0.9034749034749036, "support": 135.0}, "SP": {"precision": 0.6728395061728395, "recall": 0.7465753424657534, "f1-score": 0.7077922077922078, "support": 146.0}, "ID": {"precision": 0.8396501457725948, "recall": 0.8396501457725948, "f1-score": 0.8396501457725948, "support": 686.0}, "NA": {"precision": 0.8041568459395757, "recall": 0.8801594746716698, "f1-score": 0.8404433993953644, "support": 4264.0}, "HI": {"precision": 0.6056338028169014, "recall": 0.732360097323601, "f1-score": 0.6629955947136563, "support": 411.0}, "IN": {"precision": 0.7005113221329438, "recall": 0.7388289676425269, "f1-score": 0.7191601049868765, "support": 2596.0}, "OP": {"precision": 0.644891122278057, "recall": 0.72334429309535, "f1-score": 0.6818684967899048, "support": 2129.0}, "IP": {"precision": 0.6052631578947368, "recall": 0.5149253731343284, "f1-score": 0.5564516129032258, "support": 402.0}, "it": {"precision": 0.6258992805755396, "recall": 0.8365384615384616, "f1-score": 0.7160493827160493, "support": 104.0}, "ne": {"precision": 0.7804878048780488, "recall": 0.841034336583298, "f1-score": 0.8096306876147724, "support": 2359.0}, "sr": {"precision": 0.8389355742296919, "recall": 0.9433070866141732, "f1-score": 0.888065233506301, "support": 635.0}, "nb": {"precision": 0.6662180349932705, "recall": 0.685595567867036, "f1-score": 0.6757679180887372, "support": 722.0}, "re": {"precision": 0.7948717948717948, "recall": 0.8378378378378378, "f1-score": 0.8157894736842105, "support": 37.0}, "en": {"precision": 0.84375, "recall": 0.75, "f1-score": 0.7941176470588235, "support": 108.0}, "ra": {"precision": 0.68, "recall": 0.6296296296296297, "f1-score": 0.6538461538461539, "support": 189.0}, "dtp": {"precision": 0.5328467153284672, "recall": 0.5357798165137615, "f1-score": 0.534309240622141, "support": 1090.0}, "fi": {"precision": 0.75, "recall": 0.34782608695652173, "f1-score": 0.4752475247524752, "support": 69.0}, "lt": {"precision": 0.8846153846153846, "recall": 0.575, "f1-score": 0.696969696969697, "support": 40.0}, "rv": {"precision": 0.7111111111111111, "recall": 0.7007299270072993, "f1-score": 0.7058823529411764, "support": 411.0}, "ob": {"precision": 0.552930056710775, "recall": 0.5566127497621313, "f1-score": 0.5547652916073968, "support": 1051.0}, "rs": {"precision": 0.6871508379888268, "recall": 0.7834394904458599, "f1-score": 0.7321428571428572, "support": 157.0}, "av": {"precision": 0.5079365079365079, "recall": 0.5423728813559322, "f1-score": 0.5245901639344263, "support": 236.0}, "ds": {"precision": 0.6295081967213115, "recall": 0.6857142857142857, "f1-score": 0.6564102564102565, "support": 280.0}, "ed": {"precision": 0.0, "recall": 0.0, "f1-score": 0.0, "support": 19.0}}}