{"f1": 0.7016067329762816, "f1_macro": 0.6576015752319585, "precision": 0.7389202256244963, "recall": 0.6678805535324108, "accuracy": 0.4586233565351895, "threshold": 0.39999999999999997, "label_scores": {"MT": {"precision": 0.9230769230769231, "recall": 0.7241379310344828, "f1-score": 0.8115942028985507, "support": 116.0}, "LY": {"precision": 0.0, "recall": 0.0, "f1-score": 0.0, "support": 15.0}, "SP": {"precision": 0.0, "recall": 0.0, "f1-score": 0.0, "support": 7.0}, "ID": {"precision": 0.0, "recall": 0.0, "f1-score": 0.0, "support": 51.0}, "NA": {"precision": 0.6909090909090909, "recall": 0.8702290076335878, "f1-score": 0.7702702702702704, "support": 393.0}, "HI": {"precision": 0.5714285714285714, "recall": 0.15384615384615385, "f1-score": 0.24242424242424246, "support": 78.0}, "IN": {"precision": 0.7492795389048992, "recall": 0.7692307692307693, "f1-score": 0.759124087591241, "support": 338.0}, "OP": {"precision": 0.7851239669421488, "recall": 0.5792682926829268, "f1-score": 0.6666666666666666, "support": 164.0}, "IP": {"precision": 0.8065268065268065, "recall": 0.812206572769953, "f1-score": 0.8093567251461988, "support": 426.0}, "it": {"precision": 0.0, "recall": 0.0, "f1-score": 0.0, "support": 6.0}, "ne": {"precision": 0.6206896551724138, "recall": 0.7578947368421053, "f1-score": 0.6824644549763034, "support": 95.0}, "sr": {"precision": 0.0, "recall": 0.0, "f1-score": 0.0, "support": 14.0}, "nb": {"precision": 0.8015564202334631, "recall": 0.8373983739837398, "f1-score": 0.8190854870775348, "support": 246.0}, "re": {"precision": 0.0, "recall": 0.0, "f1-score": 0.0, "support": 18.0}, "en": {"precision": 0.8689655172413793, "recall": 0.9473684210526315, "f1-score": 0.9064748201438849, "support": 133.0}, "ra": {"precision": 0.0, "recall": 0.0, "f1-score": 0.0, "support": 1.0}, "dtp": {"precision": 0.21794871794871795, "recall": 0.1827956989247312, "f1-score": 0.19883040935672514, "support": 93.0}, "fi": {"precision": 0.0, "recall": 0.0, "f1-score": 0.0, "support": 30.0}, "lt": {"precision": 0.0, "recall": 0.0, "f1-score": 0.0, "support": 38.0}, "rv": {"precision": 0.9166666666666666, "recall": 0.3235294117647059, "f1-score": 0.4782608695652174, "support": 68.0}, "ob": {"precision": 0.0, "recall": 0.0, "f1-score": 0.0, "support": 54.0}, "rs": {"precision": 0.0, "recall": 0.0, "f1-score": 0.0, "support": 9.0}, "av": {"precision": 0.0, "recall": 0.0, "f1-score": 0.0, "support": 27.0}, "ds": {"precision": 0.7039106145251397, "recall": 0.7949526813880127, "f1-score": 0.7466666666666668, "support": 317.0}, "ed": {"precision": 0.0, "recall": 0.0, "f1-score": 0.0, "support": 9.0}}}