{"f1": 0.7428917120387175, "f1_macro": 0.7040474368937883, "precision": 0.7375034648433891, "recall": 0.7483592724545284, "accuracy": 0.6396697669557948, "threshold": 0.44999999999999996, "label_scores": {"Forum": {"precision": 0.8544117647058823, "recall": 0.8469387755102041, "f1-score": 0.8506588579795021, "support": 686.0}, "Information/Explanation": {"precision": 0.6738732136313668, "recall": 0.7379614767255217, "f1-score": 0.7044627466002682, "support": 2492.0}, "Instruction": {"precision": 0.7275064267352185, "recall": 0.6059957173447538, "f1-score": 0.6612149532710281, "support": 467.0}, "Legal": {"precision": 0.7647058823529411, "recall": 0.65, "f1-score": 0.7027027027027027, "support": 40.0}, "News": {"precision": 0.8279325988334414, "recall": 0.864051403449442, "f1-score": 0.8456064868442826, "support": 2957.0}, "Opinion/Argumentation": {"precision": 0.743211792086889, "recall": 0.7321360336262897, "f1-score": 0.7376323387872954, "support": 2617.0}, "Other": {"precision": 0.7948717948717948, "recall": 0.636986301369863, "f1-score": 0.7072243346007604, "support": 146.0}, "Promotion": {"precision": 0.6724738675958188, "recall": 0.5039164490861618, "f1-score": 0.5761194029850747, "support": 383.0}, "Prose/Lyrical": {"precision": 0.5373781148429035, "recall": 0.5649202733485194, "f1-score": 0.5508051082731816, "support": 878.0}}}