{"f1": 0.7725190839694657, "precision": 0.7674418604651163, "recall": 0.7776639344262295, "accuracy": 0.6888646288209607, "threshold": 0.44999999999999996, "label_scores": {"MT": {"precision": 0.8539325842696629, "recall": 0.6909090909090909, "f1-score": 0.763819095477387, "support": 110.0}, "LY": {"precision": 0.75, "recall": 0.42857142857142855, "f1-score": 0.5454545454545454, "support": 7.0}, "SP": {"precision": 0.6666666666666666, "recall": 0.46153846153846156, "f1-score": 0.5454545454545455, "support": 13.0}, "ID": {"precision": 0.7, "recall": 0.30434782608695654, "f1-score": 0.42424242424242425, "support": 23.0}, "NA": {"precision": 0.8385826771653543, "recall": 0.9301310043668122, "f1-score": 0.8819875776397516, "support": 229.0}, "HI": {"precision": 0.6511627906976745, "recall": 0.8484848484848485, "f1-score": 0.736842105263158, "support": 33.0}, "IN": {"precision": 0.7513812154696132, "recall": 0.7351351351351352, "f1-score": 0.7431693989071039, "support": 185.0}, "OP": {"precision": 0.6438356164383562, "recall": 0.5108695652173914, "f1-score": 0.5696969696969697, "support": 92.0}, "IP": {"precision": 0.745398773006135, "recall": 0.8556338028169014, "f1-score": 0.7967213114754098, "support": 284.0}}}