{"f1": 0.7006535947712418, "precision": 0.639618138424821, "recall": 0.7745664739884393, "accuracy": 0.5047318611987381, "threshold": 0.35, "label_scores": {"MT": {"precision": 0.2222222222222222, "recall": 0.4, "f1-score": 0.2857142857142857, "support": 5.0}, "LY": {"precision": 0.5, "recall": 0.6666666666666666, "f1-score": 0.5714285714285715, "support": 3.0}, "SP": {"precision": 0.0, "recall": 0.0, "f1-score": 0.0, "support": 1.0}, "ID": {"precision": 0.5454545454545454, "recall": 0.75, "f1-score": 0.631578947368421, "support": 8.0}, "NA": {"precision": 0.85, "recall": 0.8762886597938144, "f1-score": 0.8629441624365483, "support": 97.0}, "HI": {"precision": 0.3333333333333333, "recall": 0.6666666666666666, "f1-score": 0.4444444444444444, "support": 12.0}, "IN": {"precision": 0.4714285714285714, "recall": 0.9705882352941176, "f1-score": 0.6346153846153846, "support": 68.0}, "OP": {"precision": 0.4583333333333333, "recall": 0.2972972972972973, "f1-score": 0.36065573770491804, "support": 37.0}, "IP": {"precision": 0.8380952380952381, "recall": 0.7652173913043478, "f1-score": 0.8, "support": 115.0}}}