{"f1": 0.6996756756756757, "f1_macro": 0.5862611239562815, "precision": 0.7281728172817282, "recall": 0.6733250104036621, "accuracy": 0.48186946011281223, "threshold": 0.39999999999999997, "label_scores": {"MT": {"precision": 1.0, "recall": 0.53125, "f1-score": 0.6938775510204082, "support": 64.0}, "LY": {"precision": 0.0, "recall": 0.0, "f1-score": 0.0, "support": 13.0}, "SP": {"precision": 1.0, "recall": 0.06666666666666667, "f1-score": 0.125, "support": 15.0}, "ID": {"precision": 0.8839285714285714, "recall": 0.825, "f1-score": 0.8534482758620688, "support": 120.0}, "NA": {"precision": 0.739938080495356, "recall": 0.7353846153846154, "f1-score": 0.7376543209876544, "support": 325.0}, "HI": {"precision": 0.59375, "recall": 0.5277777777777778, "f1-score": 0.5588235294117648, "support": 72.0}, "IN": {"precision": 0.7699680511182109, "recall": 0.753125, "f1-score": 0.7614533965244866, "support": 320.0}, "OP": {"precision": 0.6521739130434783, "recall": 0.6, "f1-score": 0.6250000000000001, "support": 150.0}, "IP": {"precision": 0.773067331670823, "recall": 0.7969151670951157, "f1-score": 0.7848101265822784, "support": 389.0}, "it": {"precision": 1.0, "recall": 0.125, "f1-score": 0.2222222222222222, "support": 8.0}, "ne": {"precision": 0.6861313868613139, "recall": 0.7580645161290323, "f1-score": 0.7203065134099618, "support": 124.0}, "sr": {"precision": 0.9, "recall": 0.391304347826087, "f1-score": 0.5454545454545454, "support": 23.0}, "nb": {"precision": 0.6846846846846847, "recall": 0.59375, "f1-score": 0.6359832635983264, "support": 128.0}, "re": {"precision": 1.0, "recall": 0.42857142857142855, "f1-score": 0.6, "support": 21.0}, "en": {"precision": 0.7297297297297297, "recall": 0.7941176470588235, "f1-score": 0.7605633802816901, "support": 34.0}, "ra": {"precision": 0.0, "recall": 0.0, "f1-score": 0.0, "support": 10.0}, "dtp": {"precision": 0.527027027027027, "recall": 0.5234899328859061, "f1-score": 0.5252525252525252, "support": 149.0}, "fi": {"precision": 1.0, "recall": 0.6666666666666666, "f1-score": 0.8, "support": 6.0}, "lt": {"precision": 1.0, "recall": 0.15789473684210525, "f1-score": 0.2727272727272727, "support": 38.0}, "rv": {"precision": 0.8571428571428571, "recall": 0.631578947368421, "f1-score": 0.7272727272727273, "support": 76.0}, "ob": {"precision": 0.5333333333333333, "recall": 0.2962962962962963, "f1-score": 0.38095238095238093, "support": 27.0}, "rs": {"precision": 0.0, "recall": 0.0, "f1-score": 0.0, "support": 7.0}, "av": {"precision": 0.6666666666666666, "recall": 0.14285714285714285, "f1-score": 0.23529411764705882, "support": 28.0}, "ds": {"precision": 0.6824324324324325, "recall": 0.8211382113821138, "f1-score": 0.7453874538745388, "support": 246.0}, "ed": {"precision": 0.0, "recall": 0.0, "f1-score": 0.0, "support": 10.0}}}