{"f1": 0.9134967596506058, "f1_macro": 0.8765013221934252, "precision": 0.9284077892325315, "recall": 0.899057127010538, "accuracy": 0.7762073027090695, "threshold": 0.44999999999999996, "label_scores": {"MT": {"precision": 0.9418604651162791, "recall": 0.9, "f1-score": 0.9204545454545455, "support": 90.0}, "LY": {"precision": 1.0, "recall": 1.0, "f1-score": 1.0, "support": 4.0}, "SP": {"precision": 1.0, "recall": 1.0, "f1-score": 1.0, "support": 3.0}, "ID": {"precision": 0.8695652173913043, "recall": 0.7692307692307693, "f1-score": 0.8163265306122449, "support": 26.0}, "NA": {"precision": 0.9536679536679536, "recall": 0.95, "f1-score": 0.951830443159923, "support": 260.0}, "HI": {"precision": 0.7837837837837838, "recall": 0.725, "f1-score": 0.7532467532467533, "support": 40.0}, "IN": {"precision": 0.9453125, "recall": 0.9718875502008032, "f1-score": 0.9584158415841584, "support": 249.0}, "OP": {"precision": 0.8552631578947368, "recall": 0.8441558441558441, "f1-score": 0.8496732026143792, "support": 77.0}, "IP": {"precision": 0.9142857142857143, "recall": 0.875, "f1-score": 0.8942115768463074, "support": 256.0}, "it": {"precision": 1.0, "recall": 0.5, "f1-score": 0.6666666666666666, "support": 2.0}, "ne": {"precision": 0.9298245614035088, "recall": 0.8833333333333333, "f1-score": 0.905982905982906, "support": 60.0}, "sr": {"precision": 1.0, "recall": 1.0, "f1-score": 1.0, "support": 10.0}, "nb": {"precision": 0.9491525423728814, "recall": 0.9438202247191011, "f1-score": 0.9464788732394366, "support": 178.0}, "re": {"precision": 1.0, "recall": 0.9090909090909091, "f1-score": 0.9523809523809523, "support": 11.0}, "en": {"precision": 0.9758064516129032, "recall": 0.968, "f1-score": 0.9718875502008033, "support": 125.0}, "ra": {"precision": 0.0, "recall": 0.0, "f1-score": 0.0, "support": 0.0}, "dtp": {"precision": 0.8103448275862069, "recall": 0.746031746031746, "f1-score": 0.7768595041322314, "support": 63.0}, "fi": {"precision": 0.9444444444444444, "recall": 0.8947368421052632, "f1-score": 0.918918918918919, "support": 19.0}, "lt": {"precision": 0.96875, "recall": 0.9393939393939394, "f1-score": 0.9538461538461539, "support": 33.0}, "rv": {"precision": 0.8780487804878049, "recall": 0.9, "f1-score": 0.888888888888889, "support": 40.0}, "ob": {"precision": 0.7777777777777778, "recall": 0.7777777777777778, "f1-score": 0.7777777777777778, "support": 18.0}, "rs": {"precision": 1.0, "recall": 0.8333333333333334, "f1-score": 0.9090909090909091, "support": 6.0}, "av": {"precision": 0.8, "recall": 0.3076923076923077, "f1-score": 0.4444444444444444, "support": 13.0}, "ds": {"precision": 0.949748743718593, "recall": 0.8590909090909091, "f1-score": 0.9021479713603819, "support": 220.0}, "ed": {"precision": 0.0, "recall": 0.0, "f1-score": 0.0, "support": 0.0}}}