{"f1": 0.8410906712916891, "f1_macro": 0.7995359168954322, "precision": 0.8648696058940475, "recall": 0.8185843156787869, "accuracy": 0.6607882715393605, "threshold": 0.44999999999999996, "label_scores": {"MT": {"precision": 0.0, "recall": 0.0, "f1-score": 0.0, "support": 0.0}, "LY": {"precision": 0.9868421052631579, "recall": 0.9375, "f1-score": 0.9615384615384615, "support": 160.0}, "SP": {"precision": 0.9548872180451128, "recall": 0.8141025641025641, "f1-score": 0.8788927335640139, "support": 156.0}, "ID": {"precision": 0.9779735682819384, "recall": 0.8740157480314961, "f1-score": 0.9230769230769231, "support": 762.0}, "NA": {"precision": 0.8889627659574468, "recall": 0.9241935483870968, "f1-score": 0.9062358788974244, "support": 4340.0}, "HI": {"precision": 0.7493333333333333, "recall": 0.7533512064343163, "f1-score": 0.7513368983957218, "support": 373.0}, "IN": {"precision": 0.7421991084695394, "recall": 0.8778558875219684, "f1-score": 0.8043478260869565, "support": 2276.0}, "OP": {"precision": 0.8809255079006773, "recall": 0.7712450592885376, "f1-score": 0.8224446786090622, "support": 2024.0}, "IP": {"precision": 0.7901234567901234, "recall": 0.75, "f1-score": 0.7695390781563126, "support": 256.0}, "it": {"precision": 0.9504950495049505, "recall": 0.7741935483870968, "f1-score": 0.8533333333333333, "support": 124.0}, "ne": {"precision": 0.9035901573215006, "recall": 0.8763693270735524, "f1-score": 0.8897715988083416, "support": 2556.0}, "sr": {"precision": 0.9626168224299065, "recall": 0.9243589743589744, "f1-score": 0.9431000654022237, "support": 780.0}, "nb": {"precision": 0.9227722772277228, "recall": 0.7092846270928462, "f1-score": 0.802065404475043, "support": 657.0}, "re": {"precision": 0.9090909090909091, "recall": 0.75, "f1-score": 0.821917808219178, "support": 40.0}, "en": {"precision": 0.99, "recall": 0.7857142857142857, "f1-score": 0.8761061946902654, "support": 126.0}, "ra": {"precision": 0.8484848484848485, "recall": 0.5925925925925926, "f1-score": 0.6978193146417444, "support": 189.0}, "dtp": {"precision": 0.7481940144478845, "recall": 0.6898192197906755, "f1-score": 0.7178217821782178, "support": 1051.0}, "fi": {"precision": 0.7906976744186046, "recall": 0.5483870967741935, "f1-score": 0.6476190476190475, "support": 62.0}, "lt": {"precision": 0.9428571428571428, "recall": 0.66, "f1-score": 0.7764705882352942, "support": 50.0}, "rv": {"precision": 0.9526627218934911, "recall": 0.7076923076923077, "f1-score": 0.8121059268600254, "support": 455.0}, "ob": {"precision": 0.8669724770642202, "recall": 0.5630585898709036, "f1-score": 0.6827212522576761, "support": 1007.0}, "rs": {"precision": 0.991869918699187, "recall": 0.6892655367231638, "f1-score": 0.8133333333333332, "support": 177.0}, "av": {"precision": 0.8714285714285714, "recall": 0.273542600896861, "f1-score": 0.41638225255972694, "support": 223.0}, "ds": {"precision": 0.84688995215311, "recall": 0.7972972972972973, "f1-score": 0.8213457076566125, "support": 222.0}, "ed": {"precision": 0.0, "recall": 0.0, "f1-score": 0.0, "support": 3.0}}}