{"f1": 0.9182467372568333, "f1_macro": 0.8491248134984715, "precision": 0.923248328794256, "recall": 0.9132990448199853, "accuracy": 0.8345509239363988, "threshold": 0.44999999999999996, "label_scores": {"MT": {"precision": 0.9913294797687862, "recall": 0.9828080229226361, "f1-score": 0.9870503597122302, "support": 349.0}, "LY": {"precision": 1.0, "recall": 0.6666666666666666, "f1-score": 0.8, "support": 6.0}, "SP": {"precision": 1.0, "recall": 0.9090909090909091, "f1-score": 0.9523809523809523, "support": 11.0}, "ID": {"precision": 0.9773755656108597, "recall": 0.8744939271255061, "f1-score": 0.9230769230769232, "support": 247.0}, "NA": {"precision": 0.9198266522210184, "recall": 0.9702857142857143, "f1-score": 0.9443826473859845, "support": 875.0}, "HI": {"precision": 0.8932038834951457, "recall": 0.8598130841121495, "f1-score": 0.8761904761904761, "support": 107.0}, "IN": {"precision": 0.864951768488746, "recall": 0.9026845637583892, "f1-score": 0.8834154351395732, "support": 298.0}, "OP": {"precision": 0.9319727891156463, "recall": 0.9351535836177475, "f1-score": 0.9335604770017036, "support": 293.0}, "IP": {"precision": 0.8972602739726028, "recall": 0.9003436426116839, "f1-score": 0.8987993138936535, "support": 291.0}, "it": {"precision": 1.0, "recall": 0.6666666666666666, "f1-score": 0.8, "support": 6.0}, "ne": {"precision": 0.8988095238095238, "recall": 0.937888198757764, "f1-score": 0.9179331306990882, "support": 322.0}, "sr": {"precision": 0.9789473684210527, "recall": 0.9789473684210527, "f1-score": 0.9789473684210527, "support": 95.0}, "nb": {"precision": 0.9421487603305785, "recall": 0.9095744680851063, "f1-score": 0.9255751014884979, "support": 376.0}, "re": {"precision": 1.0, "recall": 0.8, "f1-score": 0.888888888888889, "support": 10.0}, "en": {"precision": 0.8857142857142857, "recall": 0.7560975609756098, "f1-score": 0.8157894736842105, "support": 41.0}, "ra": {"precision": 0.7777777777777778, "recall": 0.8235294117647058, "f1-score": 0.7999999999999999, "support": 17.0}, "dtp": {"precision": 0.7868852459016393, "recall": 0.7111111111111111, "f1-score": 0.7470817120622567, "support": 135.0}, "fi": {"precision": 0.8, "recall": 0.6666666666666666, "f1-score": 0.7272727272727272, "support": 6.0}, "lt": {"precision": 0.9130434782608695, "recall": 0.7, "f1-score": 0.7924528301886793, "support": 30.0}, "rv": {"precision": 0.937984496124031, "recall": 0.952755905511811, "f1-score": 0.9453125, "support": 127.0}, "ob": {"precision": 0.8867924528301887, "recall": 0.746031746031746, "f1-score": 0.8103448275862069, "support": 63.0}, "rs": {"precision": 0.989247311827957, "recall": 0.92, "f1-score": 0.9533678756476685, "support": 100.0}, "av": {"precision": 0.0, "recall": 0.0, "f1-score": 0.0, "support": 2.0}, "ds": {"precision": 0.9669421487603306, "recall": 0.8602941176470589, "f1-score": 0.9105058365758755, "support": 272.0}, "ed": {"precision": 0.125, "recall": 0.25, "f1-score": 0.16666666666666666, "support": 4.0}}}