{"f1": 0.735627836611195, "f1_macro": 0.6881973212329767, "precision": 0.7651455546813533, "recall": 0.7083029861616897, "accuracy": 0.5088940448569219, "threshold": 0.39999999999999997, "label_scores": {"MT": {"precision": 0.9130434782608695, "recall": 0.7241379310344828, "f1-score": 0.8076923076923076, "support": 116.0}, "LY": {"precision": 0.0, "recall": 0.0, "f1-score": 0.0, "support": 15.0}, "SP": {"precision": 0.0, "recall": 0.0, "f1-score": 0.0, "support": 7.0}, "ID": {"precision": 0.0, "recall": 0.0, "f1-score": 0.0, "support": 51.0}, "NA": {"precision": 0.7843601895734598, "recall": 0.8422391857506362, "f1-score": 0.8122699386503068, "support": 393.0}, "HI": {"precision": 0.7037037037037037, "recall": 0.24358974358974358, "f1-score": 0.3619047619047619, "support": 78.0}, "IN": {"precision": 0.7643835616438356, "recall": 0.8254437869822485, "f1-score": 0.7937411095305832, "support": 338.0}, "OP": {"precision": 0.6917293233082706, "recall": 0.5609756097560976, "f1-score": 0.6195286195286195, "support": 164.0}, "IP": {"precision": 0.7918552036199095, "recall": 0.8215962441314554, "f1-score": 0.8064516129032258, "support": 426.0}, "it": {"precision": 0.0, "recall": 0.0, "f1-score": 0.0, "support": 6.0}, "ne": {"precision": 0.7816091954022989, "recall": 0.7157894736842105, "f1-score": 0.7472527472527474, "support": 95.0}, "sr": {"precision": 0.0, "recall": 0.0, "f1-score": 0.0, "support": 14.0}, "nb": {"precision": 0.7790262172284644, "recall": 0.8455284552845529, "f1-score": 0.810916179337232, "support": 246.0}, "re": {"precision": 0.0, "recall": 0.0, "f1-score": 0.0, "support": 18.0}, "en": {"precision": 0.9037037037037037, "recall": 0.9172932330827067, "f1-score": 0.9104477611940299, "support": 133.0}, "ra": {"precision": 0.0, "recall": 0.0, "f1-score": 0.0, "support": 1.0}, "dtp": {"precision": 0.3707865168539326, "recall": 0.3548387096774194, "f1-score": 0.3626373626373627, "support": 93.0}, "fi": {"precision": 1.0, "recall": 0.5666666666666667, "f1-score": 0.7234042553191489, "support": 30.0}, "lt": {"precision": 0.7894736842105263, "recall": 0.39473684210526316, "f1-score": 0.5263157894736843, "support": 38.0}, "rv": {"precision": 0.8333333333333334, "recall": 0.5147058823529411, "f1-score": 0.6363636363636362, "support": 68.0}, "ob": {"precision": 0.6808510638297872, "recall": 0.5925925925925926, "f1-score": 0.6336633663366336, "support": 54.0}, "rs": {"precision": 0.0, "recall": 0.0, "f1-score": 0.0, "support": 9.0}, "av": {"precision": 0.0, "recall": 0.0, "f1-score": 0.0, "support": 27.0}, "ds": {"precision": 0.7262569832402235, "recall": 0.8201892744479495, "f1-score": 0.7703703703703704, "support": 317.0}, "ed": {"precision": 0.0, "recall": 0.0, "f1-score": 0.0, "support": 9.0}}}