{"f1": 0.7909763835037013, "precision": 0.8195763330898466, "recall": 0.7643051771117166, "accuracy": 0.6752618855761483, "pr_auc": 0.8706461123623748, "threshold": 0.49999999999999994, "label_scores": {"MT": {"precision": 0.975609756097561, "recall": 0.625, "f1-score": 0.7619047619047619, "support": 64.0}, "LY": {"precision": 0.8571428571428571, "recall": 0.9230769230769231, "f1-score": 0.888888888888889, "support": 13.0}, "SP": {"precision": 0.75, "recall": 0.4, "f1-score": 0.5217391304347827, "support": 15.0}, "ID": {"precision": 0.8852459016393442, "recall": 0.9, "f1-score": 0.8925619834710743, "support": 120.0}, "NA": {"precision": 0.7701149425287356, "recall": 0.8246153846153846, "f1-score": 0.7964338781575037, "support": 325.0}, "HI": {"precision": 0.7936507936507936, "recall": 0.6944444444444444, "f1-score": 0.7407407407407406, "support": 72.0}, "IN": {"precision": 0.8409893992932862, "recall": 0.74375, "f1-score": 0.7893864013266997, "support": 320.0}, "OP": {"precision": 0.8301886792452831, "recall": 0.5866666666666667, "f1-score": 0.6875, "support": 150.0}, "IP": {"precision": 0.8125, "recall": 0.8020565552699229, "f1-score": 0.8072445019404917, "support": 389.0}}}