{"f1": 0.8299018055115617, "precision": 0.8349267049075845, "recall": 0.8249370277078085, "accuracy": 0.7037896365042536, "pr_auc": 0.9006192314763595, "threshold": 0.44999999999999996, "label_scores": {"MT": {"precision": 0.9326923076923077, "recall": 0.8362068965517241, "f1-score": 0.8818181818181818, "support": 116.0}, "LY": {"precision": 0.7142857142857143, "recall": 0.6666666666666666, "f1-score": 0.689655172413793, "support": 15.0}, "SP": {"precision": 0.75, "recall": 0.8571428571428571, "f1-score": 0.7999999999999999, "support": 7.0}, "ID": {"precision": 0.7692307692307693, "recall": 0.7843137254901961, "f1-score": 0.7766990291262137, "support": 51.0}, "NA": {"precision": 0.8518518518518519, "recall": 0.8778625954198473, "f1-score": 0.8646616541353385, "support": 393.0}, "HI": {"precision": 0.7857142857142857, "recall": 0.7051282051282052, "f1-score": 0.7432432432432433, "support": 78.0}, "IN": {"precision": 0.8211143695014663, "recall": 0.8284023668639053, "f1-score": 0.8247422680412372, "support": 338.0}, "OP": {"precision": 0.782312925170068, "recall": 0.7012195121951219, "f1-score": 0.7395498392282958, "support": 164.0}, "IP": {"precision": 0.8457943925233645, "recall": 0.8497652582159625, "f1-score": 0.847775175644028, "support": 426.0}}}