{"f1": 0.8195247270391778, "precision": 0.8069139966273187, "recall": 0.8325358851674641, "accuracy": 0.7522082752208276, "pr_auc": 0.8979928699969191, "threshold": 0.44999999999999996, "label_scores": {"MT": {"precision": 0.9888059701492538, "recall": 0.9601449275362319, "f1-score": 0.974264705882353, "support": 276.0}, "LY": {"precision": 0.5, "recall": 0.8, "f1-score": 0.6153846153846154, "support": 5.0}, "SP": {"precision": 0.6923076923076923, "recall": 0.5, "f1-score": 0.5806451612903226, "support": 18.0}, "ID": {"precision": 0.85, "recall": 0.8095238095238095, "f1-score": 0.8292682926829269, "support": 231.0}, "NA": {"precision": 0.7771679473106476, "recall": 0.9389920424403183, "f1-score": 0.8504504504504505, "support": 754.0}, "HI": {"precision": 0.6946564885496184, "recall": 0.7777777777777778, "f1-score": 0.7338709677419355, "support": 117.0}, "IN": {"precision": 0.7484662576687117, "recall": 0.6740331491712708, "f1-score": 0.7093023255813954, "support": 362.0}, "OP": {"precision": 0.8464566929133859, "recall": 0.7570422535211268, "f1-score": 0.7992565055762082, "support": 284.0}, "IP": {"precision": 0.7925311203319502, "recall": 0.7579365079365079, "f1-score": 0.7748478701825559, "support": 252.0}}}