{"f1": 0.7916896488325061, "f1_macro": 0.7108773905759536, "precision": 0.7994801336799109, "recall": 0.7840495265841224, "accuracy": 0.5908739365815932, "threshold": 0.39999999999999997, "label_scores": {"MT": {"precision": 0.8839285714285714, "recall": 0.853448275862069, "f1-score": 0.868421052631579, "support": 116.0}, "LY": {"precision": 1.0, "recall": 0.06666666666666667, "f1-score": 0.125, "support": 15.0}, "SP": {"precision": 0.0, "recall": 0.0, "f1-score": 0.0, "support": 7.0}, "ID": {"precision": 0.8, "recall": 0.5490196078431373, "f1-score": 0.6511627906976745, "support": 51.0}, "NA": {"precision": 0.855, "recall": 0.8702290076335878, "f1-score": 0.862547288776797, "support": 393.0}, "HI": {"precision": 0.7321428571428571, "recall": 0.5256410256410257, "f1-score": 0.6119402985074627, "support": 78.0}, "IN": {"precision": 0.7653333333333333, "recall": 0.849112426035503, "f1-score": 0.8050490883590464, "support": 338.0}, "OP": {"precision": 0.7631578947368421, "recall": 0.7073170731707317, "f1-score": 0.7341772151898733, "support": 164.0}, "IP": {"precision": 0.8228699551569507, "recall": 0.8615023474178404, "f1-score": 0.841743119266055, "support": 426.0}, "it": {"precision": 0.0, "recall": 0.0, "f1-score": 0.0, "support": 6.0}, "ne": {"precision": 0.8314606741573034, "recall": 0.7789473684210526, "f1-score": 0.8043478260869564, "support": 95.0}, "sr": {"precision": 1.0, "recall": 0.5714285714285714, "f1-score": 0.7272727272727273, "support": 14.0}, "nb": {"precision": 0.8313725490196079, "recall": 0.8617886178861789, "f1-score": 0.8463073852295409, "support": 246.0}, "re": {"precision": 0.9375, "recall": 0.8333333333333334, "f1-score": 0.8823529411764706, "support": 18.0}, "en": {"precision": 0.9084507042253521, "recall": 0.9699248120300752, "f1-score": 0.9381818181818181, "support": 133.0}, "ra": {"precision": 0.0, "recall": 0.0, "f1-score": 0.0, "support": 1.0}, "dtp": {"precision": 0.43564356435643564, "recall": 0.4731182795698925, "f1-score": 0.4536082474226804, "support": 93.0}, "fi": {"precision": 1.0, "recall": 0.6666666666666666, "f1-score": 0.8, "support": 30.0}, "lt": {"precision": 0.7714285714285715, "recall": 0.7105263157894737, "f1-score": 0.7397260273972601, "support": 38.0}, "rv": {"precision": 0.8333333333333334, "recall": 0.7352941176470589, "f1-score": 0.78125, "support": 68.0}, "ob": {"precision": 0.6379310344827587, "recall": 0.6851851851851852, "f1-score": 0.6607142857142857, "support": 54.0}, "rs": {"precision": 0.0, "recall": 0.0, "f1-score": 0.0, "support": 9.0}, "av": {"precision": 0.8333333333333334, "recall": 0.18518518518518517, "f1-score": 0.303030303030303, "support": 27.0}, "ds": {"precision": 0.7699386503067485, "recall": 0.7917981072555205, "f1-score": 0.7807153965785382, "support": 317.0}, "ed": {"precision": 0.0, "recall": 0.0, "f1-score": 0.0, "support": 9.0}}}