{"f1": 0.8094786729857819, "f1_macro": 0.687505106678561, "precision": 0.8123018389346861, "recall": 0.8066750629722922, "accuracy": 0.6867749419953596, "threshold": 0.39999999999999997, "label_scores": {"MT": {"precision": 0.8839285714285714, "recall": 0.853448275862069, "f1-score": 0.868421052631579, "support": 116.0}, "LY": {"precision": 1.0, "recall": 0.06666666666666667, "f1-score": 0.125, "support": 15.0}, "SP": {"precision": 0.0, "recall": 0.0, "f1-score": 0.0, "support": 7.0}, "ID": {"precision": 0.8, "recall": 0.5490196078431373, "f1-score": 0.6511627906976745, "support": 51.0}, "NA": {"precision": 0.855, "recall": 0.8702290076335878, "f1-score": 0.862547288776797, "support": 393.0}, "HI": {"precision": 0.7321428571428571, "recall": 0.5256410256410257, "f1-score": 0.6119402985074627, "support": 78.0}, "IN": {"precision": 0.7653333333333333, "recall": 0.849112426035503, "f1-score": 0.8050490883590464, "support": 338.0}, "OP": {"precision": 0.7631578947368421, "recall": 0.7073170731707317, "f1-score": 0.7341772151898733, "support": 164.0}, "IP": {"precision": 0.8228699551569507, "recall": 0.8615023474178404, "f1-score": 0.841743119266055, "support": 426.0}}}