{"f1": 0.7446290143964561, "precision": 0.7585740072202166, "recall": 0.7311874728142671, "accuracy": 0.6694560669456067, "threshold": 0.49999999999999994, "label_scores": {"MT": {"precision": 0.9097472924187726, "recall": 0.9130434782608695, "f1-score": 0.911392405063291, "support": 276.0}, "LY": {"precision": 0.25, "recall": 0.2, "f1-score": 0.22222222222222224, "support": 5.0}, "SP": {"precision": 0.7692307692307693, "recall": 0.5555555555555556, "f1-score": 0.6451612903225806, "support": 18.0}, "ID": {"precision": 0.9329268292682927, "recall": 0.6623376623376623, "f1-score": 0.7746835443037976, "support": 231.0}, "NA": {"precision": 0.8451704545454546, "recall": 0.7891246684350133, "f1-score": 0.8161865569272978, "support": 754.0}, "HI": {"precision": 0.7358490566037735, "recall": 0.3333333333333333, "f1-score": 0.4588235294117647, "support": 117.0}, "IN": {"precision": 0.6413612565445026, "recall": 0.6767955801104972, "f1-score": 0.6586021505376344, "support": 362.0}, "OP": {"precision": 0.6402877697841727, "recall": 0.6267605633802817, "f1-score": 0.6334519572953737, "support": 284.0}, "IP": {"precision": 0.6099706744868035, "recall": 0.8253968253968254, "f1-score": 0.7015177065767284, "support": 252.0}}}