{"f1": 0.712597547380156, "f1_macro": 0.6812061889054323, "precision": 0.7293473299863076, "recall": 0.6965998256320837, "accuracy": 0.6485355648535565, "threshold": 0.49999999999999994, "label_scores": {"Forum": {"precision": 0.9329268292682927, "recall": 0.6623376623376623, "f1-score": 0.7746835443037976, "support": 231.0}, "Information/Explanation": {"precision": 0.6044568245125348, "recall": 0.6516516516516516, "f1-score": 0.6271676300578034, "support": 333.0}, "Instruction": {"precision": 0.7547169811320755, "recall": 0.3305785123966942, "f1-score": 0.4597701149425288, "support": 121.0}, "Legal": {"precision": 0.7272727272727273, "recall": 0.6153846153846154, "f1-score": 0.6666666666666667, "support": 26.0}, "News": {"precision": 0.7620689655172413, "recall": 0.7466216216216216, "f1-score": 0.7542662116040956, "support": 296.0}, "Opinion/Argumentation": {"precision": 0.7533460803059273, "recall": 0.7242647058823529, "f1-score": 0.7385192127460168, "support": 544.0}, "Other": {"precision": 0.903448275862069, "recall": 0.891156462585034, "f1-score": 0.8972602739726028, "support": 294.0}, "Promotion": {"precision": 0.6011904761904762, "recall": 0.8744588744588745, "f1-score": 0.7125220458553791, "support": 231.0}, "Prose/Lyrical": {"precision": 0.6038961038961039, "recall": 0.42660550458715596, "f1-score": 0.5, "support": 218.0}}}