{"f1": 0.7606819616922753, "precision": 0.7695911413969335, "recall": 0.7519766957969205, "accuracy": 0.5656728444802579, "pr_auc": 0.8276580888304521, "threshold": 0.44999999999999996, "label_scores": {"MT": {"precision": 0.9787234042553191, "recall": 0.71875, "f1-score": 0.8288288288288289, "support": 64.0}, "LY": {"precision": 0.9166666666666666, "recall": 0.8461538461538461, "f1-score": 0.8799999999999999, "support": 13.0}, "SP": {"precision": 0.875, "recall": 0.4666666666666667, "f1-score": 0.608695652173913, "support": 15.0}, "ID": {"precision": 0.9459459459459459, "recall": 0.875, "f1-score": 0.9090909090909091, "support": 120.0}, "NA": {"precision": 0.8069620253164557, "recall": 0.7846153846153846, "f1-score": 0.7956318252730109, "support": 325.0}, "HI": {"precision": 0.7377049180327869, "recall": 0.625, "f1-score": 0.6766917293233082, "support": 72.0}, "IN": {"precision": 0.7558139534883721, "recall": 0.8125, "f1-score": 0.783132530120482, "support": 320.0}, "OP": {"precision": 0.7304964539007093, "recall": 0.6866666666666666, "f1-score": 0.7079037800687284, "support": 150.0}, "IP": {"precision": 0.7858942065491183, "recall": 0.8020565552699229, "f1-score": 0.7938931297709922, "support": 389.0}, "it": {"precision": 0.8, "recall": 0.5, "f1-score": 0.6153846153846154, "support": 8.0}, "ne": {"precision": 0.768595041322314, "recall": 0.75, "f1-score": 0.7591836734693879, "support": 124.0}, "sr": {"precision": 0.9090909090909091, "recall": 0.8695652173913043, "f1-score": 0.888888888888889, "support": 23.0}, "nb": {"precision": 0.7413793103448276, "recall": 0.671875, "f1-score": 0.7049180327868853, "support": 128.0}, "re": {"precision": 1.0, "recall": 0.8571428571428571, "f1-score": 0.923076923076923, "support": 21.0}, "en": {"precision": 0.78125, "recall": 0.7352941176470589, "f1-score": 0.7575757575757576, "support": 34.0}, "ra": {"precision": 1.0, "recall": 0.2, "f1-score": 0.33333333333333337, "support": 10.0}, "dtp": {"precision": 0.6122448979591837, "recall": 0.6040268456375839, "f1-score": 0.6081081081081081, "support": 149.0}, "fi": {"precision": 0.8333333333333334, "recall": 0.8333333333333334, "f1-score": 0.8333333333333334, "support": 6.0}, "lt": {"precision": 0.7941176470588235, "recall": 0.7105263157894737, "f1-score": 0.7499999999999999, "support": 38.0}, "rv": {"precision": 0.875, "recall": 0.7368421052631579, "f1-score": 0.7999999999999999, "support": 76.0}, "ob": {"precision": 0.5333333333333333, "recall": 0.5925925925925926, "f1-score": 0.5614035087719299, "support": 27.0}, "rs": {"precision": 0.8333333333333334, "recall": 0.7142857142857143, "f1-score": 0.7692307692307692, "support": 7.0}, "av": {"precision": 0.6153846153846154, "recall": 0.2857142857142857, "f1-score": 0.3902439024390244, "support": 28.0}, "ds": {"precision": 0.7050847457627119, "recall": 0.8455284552845529, "f1-score": 0.7689463955637708, "support": 246.0}, "ed": {"precision": 0.0, "recall": 0.0, "f1-score": 0.0, "support": 10.0}}}