{"f1": 0.8164698372167252, "precision": 0.827831715210356, "recall": 0.8054156171284634, "accuracy": 0.6960556844547564, "pr_auc": 0.8910808625725708, "threshold": 0.44999999999999996, "label_scores": {"MT": {"precision": 0.8813559322033898, "recall": 0.896551724137931, "f1-score": 0.888888888888889, "support": 116.0}, "LY": {"precision": 0.9166666666666666, "recall": 0.7333333333333333, "f1-score": 0.8148148148148148, "support": 15.0}, "SP": {"precision": 1.0, "recall": 0.42857142857142855, "f1-score": 0.6, "support": 7.0}, "ID": {"precision": 0.8372093023255814, "recall": 0.7058823529411765, "f1-score": 0.7659574468085107, "support": 51.0}, "NA": {"precision": 0.9075144508670521, "recall": 0.7989821882951654, "f1-score": 0.8497970230040597, "support": 393.0}, "HI": {"precision": 0.7272727272727273, "recall": 0.6153846153846154, "f1-score": 0.6666666666666667, "support": 78.0}, "IN": {"precision": 0.7564766839378239, "recall": 0.863905325443787, "f1-score": 0.8066298342541437, "support": 338.0}, "OP": {"precision": 0.7605633802816901, "recall": 0.6585365853658537, "f1-score": 0.7058823529411764, "support": 164.0}, "IP": {"precision": 0.8461538461538461, "recall": 0.852112676056338, "f1-score": 0.8491228070175438, "support": 426.0}}}