{"f1": 0.6509186351706036, "precision": 0.6595744680851063, "recall": 0.6424870466321243, "accuracy": 0.391304347826087, "pr_auc": 0.703781445968922, "threshold": 0.35, "label_scores": {"MT": {"precision": 0.3333333333333333, "recall": 0.6666666666666666, "f1-score": 0.4444444444444444, "support": 3.0}, "LY": {"precision": 0.0, "recall": 0.0, "f1-score": 0.0, "support": 0.0}, "SP": {"precision": 0.0, "recall": 0.0, "f1-score": 0.0, "support": 0.0}, "ID": {"precision": 1.0, "recall": 0.25, "f1-score": 0.4, "support": 8.0}, "NA": {"precision": 0.9142857142857143, "recall": 0.8205128205128205, "f1-score": 0.8648648648648648, "support": 39.0}, "HI": {"precision": 0.6666666666666666, "recall": 0.5, "f1-score": 0.5714285714285715, "support": 8.0}, "IN": {"precision": 0.8095238095238095, "recall": 0.5666666666666667, "f1-score": 0.6666666666666666, "support": 30.0}, "OP": {"precision": 0.6428571428571429, "recall": 0.5294117647058824, "f1-score": 0.5806451612903226, "support": 17.0}, "IP": {"precision": 0.48, "recall": 0.75, "f1-score": 0.5853658536585366, "support": 16.0}, "it": {"precision": 0.0, "recall": 0.0, "f1-score": 0.0, "support": 0.0}, "ne": {"precision": 0.8888888888888888, "recall": 0.8888888888888888, "f1-score": 0.8888888888888888, "support": 27.0}, "sr": {"precision": 0.625, "recall": 1.0, "f1-score": 0.7692307692307693, "support": 5.0}, "nb": {"precision": 0.0, "recall": 0.0, "f1-score": 0.0, "support": 3.0}, "re": {"precision": 1.0, "recall": 1.0, "f1-score": 1.0, "support": 2.0}, "en": {"precision": 1.0, "recall": 1.0, "f1-score": 1.0, "support": 1.0}, "ra": {"precision": 0.0, "recall": 0.0, "f1-score": 0.0, "support": 2.0}, "dtp": {"precision": 0.375, "recall": 0.5, "f1-score": 0.42857142857142855, "support": 6.0}, "fi": {"precision": 0.0, "recall": 0.0, "f1-score": 0.0, "support": 2.0}, "lt": {"precision": 0.5, "recall": 1.0, "f1-score": 0.6666666666666666, "support": 2.0}, "rv": {"precision": 0.6666666666666666, "recall": 0.3333333333333333, "f1-score": 0.4444444444444444, "support": 6.0}, "ob": {"precision": 0.6666666666666666, "recall": 0.3333333333333333, "f1-score": 0.4444444444444444, "support": 6.0}, "rs": {"precision": 0.8, "recall": 0.6666666666666666, "f1-score": 0.7272727272727272, "support": 6.0}, "av": {"precision": 1.0, "recall": 1.0, "f1-score": 1.0, "support": 1.0}, "ds": {"precision": 0.0, "recall": 0.0, "f1-score": 0.0, "support": 0.0}, "ed": {"precision": 0.0, "recall": 0.0, "f1-score": 0.0, "support": 3.0}}}