{"f1": 0.7706348141189101, "precision": 0.7621449429254048, "recall": 0.7793159609120521, "accuracy": 0.6378428637842863, "pr_auc": 0.8433475813569273, "threshold": 0.44999999999999996, "label_scores": {"MT": {"precision": 0.9883268482490273, "recall": 0.9202898550724637, "f1-score": 0.9530956848030019, "support": 276.0}, "LY": {"precision": 0.0, "recall": 0.0, "f1-score": 0.0, "support": 5.0}, "SP": {"precision": 1.0, "recall": 0.2222222222222222, "f1-score": 0.3636363636363636, "support": 18.0}, "ID": {"precision": 0.8571428571428571, "recall": 0.7792207792207793, "f1-score": 0.8163265306122449, "support": 231.0}, "NA": {"precision": 0.7906178489702517, "recall": 0.916445623342175, "f1-score": 0.8488943488943488, "support": 754.0}, "HI": {"precision": 0.7666666666666667, "recall": 0.5897435897435898, "f1-score": 0.6666666666666667, "support": 117.0}, "IN": {"precision": 0.7024793388429752, "recall": 0.7044198895027625, "f1-score": 0.703448275862069, "support": 362.0}, "OP": {"precision": 0.7896678966789668, "recall": 0.7535211267605634, "f1-score": 0.7711711711711711, "support": 284.0}, "IP": {"precision": 0.7246376811594203, "recall": 0.7936507936507936, "f1-score": 0.7575757575757576, "support": 252.0}, "it": {"precision": 1.0, "recall": 0.3076923076923077, "f1-score": 0.47058823529411764, "support": 13.0}, "ne": {"precision": 0.6085626911314985, "recall": 0.8844444444444445, "f1-score": 0.7210144927536233, "support": 225.0}, "sr": {"precision": 0.9178082191780822, "recall": 0.9436619718309859, "f1-score": 0.9305555555555556, "support": 71.0}, "nb": {"precision": 0.7739130434782608, "recall": 0.8018018018018018, "f1-score": 0.7876106194690266, "support": 333.0}, "re": {"precision": 0.8571428571428571, "recall": 0.75, "f1-score": 0.7999999999999999, "support": 8.0}, "en": {"precision": 0.7105263157894737, "recall": 0.6, "f1-score": 0.6506024096385543, "support": 45.0}, "ra": {"precision": 0.0, "recall": 0.0, "f1-score": 0.0, "support": 14.0}, "dtp": {"precision": 0.42196531791907516, "recall": 0.5367647058823529, "f1-score": 0.4724919093851133, "support": 136.0}, "fi": {"precision": 0.0, "recall": 0.0, "f1-score": 0.0, "support": 4.0}, "lt": {"precision": 0.625, "recall": 0.5769230769230769, "f1-score": 0.6, "support": 26.0}, "rv": {"precision": 0.9021739130434783, "recall": 0.7614678899082569, "f1-score": 0.8258706467661693, "support": 109.0}, "ob": {"precision": 0.5342465753424658, "recall": 0.5735294117647058, "f1-score": 0.553191489361702, "support": 68.0}, "rs": {"precision": 0.8873239436619719, "recall": 0.7159090909090909, "f1-score": 0.7924528301886792, "support": 88.0}, "av": {"precision": 0.0, "recall": 0.0, "f1-score": 0.0, "support": 12.0}, "ds": {"precision": 0.8341968911917098, "recall": 0.7594339622641509, "f1-score": 0.7950617283950616, "support": 212.0}, "ed": {"precision": 0.0, "recall": 0.0, "f1-score": 0.0, "support": 21.0}}}