{"f1": 0.6246624662466247, "precision": 0.6263537906137184, "recall": 0.6229802513464991, "accuracy": 0.3911671924290221, "pr_auc": 0.6734168767412813, "threshold": 0.39999999999999997, "label_scores": {"MT": {"precision": 0.0, "recall": 0.0, "f1-score": 0.0, "support": 5.0}, "LY": {"precision": 0.0, "recall": 0.0, "f1-score": 0.0, "support": 3.0}, "SP": {"precision": 0.0, "recall": 0.0, "f1-score": 0.0, "support": 1.0}, "ID": {"precision": 0.4117647058823529, "recall": 0.875, "f1-score": 0.56, "support": 8.0}, "NA": {"precision": 0.8271604938271605, "recall": 0.6907216494845361, "f1-score": 0.7528089887640449, "support": 97.0}, "HI": {"precision": 0.3333333333333333, "recall": 0.5, "f1-score": 0.4, "support": 12.0}, "IN": {"precision": 0.5327102803738317, "recall": 0.8382352941176471, "f1-score": 0.6514285714285715, "support": 68.0}, "OP": {"precision": 0.3225806451612903, "recall": 0.2702702702702703, "f1-score": 0.2941176470588235, "support": 37.0}, "IP": {"precision": 0.8113207547169812, "recall": 0.7478260869565218, "f1-score": 0.7782805429864253, "support": 115.0}, "it": {"precision": 0.0, "recall": 0.0, "f1-score": 0.0, "support": 0.0}, "ne": {"precision": 0.475, "recall": 0.7916666666666666, "f1-score": 0.5937499999999999, "support": 24.0}, "sr": {"precision": 1.0, "recall": 0.7142857142857143, "f1-score": 0.8333333333333333, "support": 7.0}, "nb": {"precision": 0.25, "recall": 0.4, "f1-score": 0.3076923076923077, "support": 10.0}, "re": {"precision": 0.0, "recall": 0.0, "f1-score": 0.0, "support": 0.0}, "en": {"precision": 1.0, "recall": 1.0, "f1-score": 1.0, "support": 1.0}, "ra": {"precision": 0.0, "recall": 0.0, "f1-score": 0.0, "support": 6.0}, "dtp": {"precision": 0.15, "recall": 0.21428571428571427, "f1-score": 0.1764705882352941, "support": 14.0}, "fi": {"precision": 0.0, "recall": 0.0, "f1-score": 0.0, "support": 5.0}, "lt": {"precision": 0.7857142857142857, "recall": 0.6470588235294118, "f1-score": 0.7096774193548386, "support": 17.0}, "rv": {"precision": 0.4444444444444444, "recall": 0.26666666666666666, "f1-score": 0.33333333333333337, "support": 15.0}, "ob": {"precision": 0.25, "recall": 0.2, "f1-score": 0.22222222222222224, "support": 5.0}, "rs": {"precision": 0.0, "recall": 0.0, "f1-score": 0.0, "support": 0.0}, "av": {"precision": 0.4, "recall": 0.2222222222222222, "f1-score": 0.2857142857142857, "support": 9.0}, "ds": {"precision": 0.8421052631578947, "recall": 0.6666666666666666, "f1-score": 0.744186046511628, "support": 96.0}, "ed": {"precision": 0.0, "recall": 0.0, "f1-score": 0.0, "support": 2.0}}}