{"f1": 0.6628324946081956, "precision": 0.6154873164218959, "recall": 0.7180685358255452, "accuracy": 0.4457831325301205, "pr_auc": 0.7251744656615171, "threshold": 0.35, "label_scores": {"MT": {"precision": 0.0, "recall": 0.0, "f1-score": 0.0, "support": 0.0}, "LY": {"precision": 0.0, "recall": 0.0, "f1-score": 0.0, "support": 4.0}, "SP": {"precision": 0.0, "recall": 0.0, "f1-score": 0.0, "support": 0.0}, "ID": {"precision": 0.4444444444444444, "recall": 0.23529411764705882, "f1-score": 0.30769230769230765, "support": 17.0}, "NA": {"precision": 0.7446808510638298, "recall": 0.9292035398230089, "f1-score": 0.8267716535433071, "support": 113.0}, "HI": {"precision": 0.5185185185185185, "recall": 0.4375, "f1-score": 0.47457627118644063, "support": 32.0}, "IN": {"precision": 0.4482758620689655, "recall": 0.7090909090909091, "f1-score": 0.5492957746478873, "support": 55.0}, "OP": {"precision": 0.4634146341463415, "recall": 0.6333333333333333, "f1-score": 0.5352112676056339, "support": 30.0}, "IP": {"precision": 0.7627118644067796, "recall": 0.7964601769911505, "f1-score": 0.7792207792207791, "support": 113.0}, "it": {"precision": 0.0, "recall": 0.0, "f1-score": 0.0, "support": 0.0}, "ne": {"precision": 0.638095238095238, "recall": 0.8933333333333333, "f1-score": 0.7444444444444445, "support": 75.0}, "sr": {"precision": 0.6, "recall": 0.5, "f1-score": 0.5454545454545454, "support": 6.0}, "nb": {"precision": 0.375, "recall": 0.3157894736842105, "f1-score": 0.34285714285714286, "support": 19.0}, "re": {"precision": 1.0, "recall": 0.8333333333333334, "f1-score": 0.9090909090909091, "support": 6.0}, "en": {"precision": 0.0, "recall": 0.0, "f1-score": 0.0, "support": 3.0}, "ra": {"precision": 0.0, "recall": 0.0, "f1-score": 0.0, "support": 2.0}, "dtp": {"precision": 0.2222222222222222, "recall": 0.5263157894736842, "f1-score": 0.3125, "support": 19.0}, "fi": {"precision": 0.0, "recall": 0.0, "f1-score": 0.0, "support": 1.0}, "lt": {"precision": 0.4666666666666667, "recall": 0.875, "f1-score": 0.608695652173913, "support": 8.0}, "rv": {"precision": 1.0, "recall": 0.3333333333333333, "f1-score": 0.5, "support": 9.0}, "ob": {"precision": 0.25, "recall": 0.6, "f1-score": 0.35294117647058826, "support": 5.0}, "rs": {"precision": 0.7777777777777778, "recall": 0.7777777777777778, "f1-score": 0.7777777777777778, "support": 9.0}, "av": {"precision": 0.18181818181818182, "recall": 0.3333333333333333, "f1-score": 0.23529411764705885, "support": 6.0}, "ds": {"precision": 0.8735632183908046, "recall": 0.7169811320754716, "f1-score": 0.7875647668393783, "support": 106.0}, "ed": {"precision": 0.5, "recall": 0.25, "f1-score": 0.3333333333333333, "support": 4.0}}}