{"f1": 0.5948999354422206, "precision": 0.6414897319874695, "recall": 0.5546193198916641, "accuracy": 0.26812816188870153, "pr_auc": 0.6418076639707451, "threshold": 0.3, "label_scores": {"MT": {"precision": 0.21359223300970873, "recall": 0.7586206896551724, "f1-score": 0.3333333333333333, "support": 29.0}, "LY": {"precision": 1.0, "recall": 0.5833333333333334, "f1-score": 0.7368421052631579, "support": 12.0}, "SP": {"precision": 0.0, "recall": 0.0, "f1-score": 0.0, "support": 104.0}, "ID": {"precision": 0.42857142857142855, "recall": 0.20454545454545456, "f1-score": 0.27692307692307694, "support": 44.0}, "NA": {"precision": 0.8585657370517928, "recall": 0.7443868739205527, "f1-score": 0.7974098057354302, "support": 579.0}, "HI": {"precision": 0.5126582278481012, "recall": 0.6377952755905512, "f1-score": 0.5684210526315789, "support": 127.0}, "IN": {"precision": 0.7097902097902098, "recall": 0.37453874538745385, "f1-score": 0.49033816425120774, "support": 542.0}, "OP": {"precision": 0.6804733727810651, "recall": 0.3924914675767918, "f1-score": 0.4978354978354979, "support": 293.0}, "IP": {"precision": 0.6056338028169014, "recall": 0.821656050955414, "f1-score": 0.6972972972972973, "support": 314.0}, "it": {"precision": 0.0, "recall": 0.0, "f1-score": 0.0, "support": 13.0}, "ne": {"precision": 0.7637362637362637, "recall": 0.9391891891891891, "f1-score": 0.8424242424242424, "support": 296.0}, "sr": {"precision": 0.84, "recall": 0.9130434782608695, "f1-score": 0.8749999999999999, "support": 46.0}, "nb": {"precision": 0.5769230769230769, "recall": 0.2980132450331126, "f1-score": 0.39301310043668125, "support": 151.0}, "re": {"precision": 0.7857142857142857, "recall": 0.6875, "f1-score": 0.7333333333333334, "support": 16.0}, "en": {"precision": 0.5833333333333334, "recall": 0.3684210526315789, "f1-score": 0.4516129032258065, "support": 19.0}, "ra": {"precision": 1.0, "recall": 0.07142857142857142, "f1-score": 0.13333333333333333, "support": 14.0}, "dtp": {"precision": 0.29411764705882354, "recall": 0.2864583333333333, "f1-score": 0.29023746701846964, "support": 192.0}, "fi": {"precision": 0.0, "recall": 0.0, "f1-score": 0.0, "support": 2.0}, "lt": {"precision": 0.3333333333333333, "recall": 0.23076923076923078, "f1-score": 0.27272727272727276, "support": 13.0}, "rv": {"precision": 0.6666666666666666, "recall": 0.24615384615384617, "f1-score": 0.3595505617977528, "support": 65.0}, "ob": {"precision": 0.4838709677419355, "recall": 0.13513513513513514, "f1-score": 0.21126760563380287, "support": 111.0}, "rs": {"precision": 0.7027027027027027, "recall": 0.7428571428571429, "f1-score": 0.7222222222222223, "support": 35.0}, "av": {"precision": 0.3582089552238806, "recall": 0.375, "f1-score": 0.36641221374045807, "support": 64.0}, "ds": {"precision": 0.610062893081761, "recall": 0.8434782608695652, "f1-score": 0.7080291970802919, "support": 230.0}, "ed": {"precision": 0.0, "recall": 0.0, "f1-score": 0.0, "support": 12.0}}}