{"f1": 0.69375, "precision": 0.69375, "recall": 0.69375, "accuracy": 0.38235294117647056, "pr_auc": 0.7300592213884697, "threshold": 0.35, "label_scores": {"MT": {"precision": 1.0, "recall": 0.5, "f1-score": 0.6666666666666666, "support": 2.0}, "LY": {"precision": 1.0, "recall": 0.3333333333333333, "f1-score": 0.5, "support": 3.0}, "SP": {"precision": 0.0, "recall": 0.0, "f1-score": 0.0, "support": 1.0}, "ID": {"precision": 0.0, "recall": 0.0, "f1-score": 0.0, "support": 0.0}, "NA": {"precision": 0.8, "recall": 1.0, "f1-score": 0.888888888888889, "support": 20.0}, "HI": {"precision": 0.5, "recall": 0.5, "f1-score": 0.5, "support": 6.0}, "IN": {"precision": 0.6470588235294118, "recall": 0.6875, "f1-score": 0.6666666666666667, "support": 16.0}, "OP": {"precision": 0.7777777777777778, "recall": 0.3684210526315789, "f1-score": 0.5, "support": 19.0}, "IP": {"precision": 0.6333333333333333, "recall": 0.8260869565217391, "f1-score": 0.7169811320754716, "support": 23.0}, "it": {"precision": 0.0, "recall": 0.0, "f1-score": 0.0, "support": 0.0}, "ne": {"precision": 0.8947368421052632, "recall": 1.0, "f1-score": 0.9444444444444444, "support": 17.0}, "sr": {"precision": 0.5714285714285714, "recall": 0.8, "f1-score": 0.6666666666666666, "support": 5.0}, "nb": {"precision": 0.0, "recall": 0.0, "f1-score": 0.0, "support": 0.0}, "re": {"precision": 0.0, "recall": 0.0, "f1-score": 0.0, "support": 0.0}, "en": {"precision": 0.0, "recall": 0.0, "f1-score": 0.0, "support": 1.0}, "ra": {"precision": 0.0, "recall": 0.0, "f1-score": 0.0, "support": 0.0}, "dtp": {"precision": 0.5, "recall": 0.38461538461538464, "f1-score": 0.4347826086956522, "support": 13.0}, "fi": {"precision": 0.0, "recall": 0.0, "f1-score": 0.0, "support": 0.0}, "lt": {"precision": 1.0, "recall": 1.0, "f1-score": 1.0, "support": 1.0}, "rv": {"precision": 0.0, "recall": 0.0, "f1-score": 0.0, "support": 1.0}, "ob": {"precision": 0.5, "recall": 1.0, "f1-score": 0.6666666666666666, "support": 1.0}, "rs": {"precision": 0.0, "recall": 0.0, "f1-score": 0.0, "support": 0.0}, "av": {"precision": 1.0, "recall": 0.5, "f1-score": 0.6666666666666666, "support": 8.0}, "ds": {"precision": 0.7272727272727273, "recall": 0.8, "f1-score": 0.761904761904762, "support": 20.0}, "ed": {"precision": 0.5, "recall": 0.3333333333333333, "f1-score": 0.4, "support": 3.0}}}