{"f1": 0.6805953062392673, "precision": 0.6620267260579065, "recall": 0.7002355712603062, "accuracy": 0.5294759825327511, "threshold": 0.39999999999999997, "label_scores": {"MT": {"precision": 0.9615384615384616, "recall": 0.45454545454545453, "f1-score": 0.617283950617284, "support": 110.0}, "LY": {"precision": 0.8, "recall": 0.5714285714285714, "f1-score": 0.6666666666666666, "support": 7.0}, "SP": {"precision": 0.8571428571428571, "recall": 0.46153846153846156, "f1-score": 0.6, "support": 13.0}, "ID": {"precision": 0.5384615384615384, "recall": 0.30434782608695654, "f1-score": 0.3888888888888889, "support": 23.0}, "NA": {"precision": 0.6538461538461539, "recall": 0.9650655021834061, "f1-score": 0.7795414462081128, "support": 229.0}, "HI": {"precision": 0.2967032967032967, "recall": 0.8181818181818182, "f1-score": 0.435483870967742, "support": 33.0}, "IN": {"precision": 0.659217877094972, "recall": 0.6378378378378379, "f1-score": 0.6483516483516484, "support": 185.0}, "OP": {"precision": 0.6065573770491803, "recall": 0.40217391304347827, "f1-score": 0.4836601307189543, "support": 92.0}, "IP": {"precision": 0.7209302325581395, "recall": 0.7640845070422535, "f1-score": 0.7418803418803418, "support": 284.0}, "it": {"precision": 1.0, "recall": 0.7142857142857143, "f1-score": 0.8333333333333333, "support": 7.0}, "ne": {"precision": 0.7096774193548387, "recall": 0.9214659685863874, "f1-score": 0.8018223234624147, "support": 191.0}, "sr": {"precision": 0.4782608695652174, "recall": 0.7857142857142857, "f1-score": 0.5945945945945946, "support": 14.0}, "nb": {"precision": 0.5185185185185185, "recall": 0.6086956521739131, "f1-score": 0.5599999999999999, "support": 23.0}, "re": {"precision": 0.9444444444444444, "recall": 0.8095238095238095, "f1-score": 0.8717948717948718, "support": 21.0}, "en": {"precision": 0.13333333333333333, "recall": 0.5, "f1-score": 0.2105263157894737, "support": 4.0}, "ra": {"precision": 0.0, "recall": 0.0, "f1-score": 0.0, "support": 0.0}, "dtp": {"precision": 0.4482758620689655, "recall": 0.5652173913043478, "f1-score": 0.4999999999999999, "support": 46.0}, "fi": {"precision": 0.25, "recall": 0.3333333333333333, "f1-score": 0.28571428571428575, "support": 3.0}, "lt": {"precision": 0.8333333333333334, "recall": 0.5660377358490566, "f1-score": 0.6741573033707865, "support": 53.0}, "rv": {"precision": 0.6923076923076923, "recall": 0.2903225806451613, "f1-score": 0.4090909090909091, "support": 31.0}, "ob": {"precision": 0.2631578947368421, "recall": 0.22727272727272727, "f1-score": 0.24390243902439024, "support": 22.0}, "rs": {"precision": 0.8181818181818182, "recall": 0.9, "f1-score": 0.8571428571428572, "support": 10.0}, "av": {"precision": 0.375, "recall": 0.15, "f1-score": 0.21428571428571425, "support": 20.0}, "ds": {"precision": 0.7348484848484849, "recall": 0.7950819672131147, "f1-score": 0.7637795275590552, "support": 244.0}, "ed": {"precision": 0.0, "recall": 0.0, "f1-score": 0.0, "support": 33.0}}}