{"f1": 0.7204633817345077, "precision": 0.6972815235754877, "recall": 0.7452396585686146, "accuracy": 0.4905423764238687, "pr_auc": 0.794386081122584, "threshold": 0.39999999999999997, "label_scores": {"MT": {"precision": 0.0, "recall": 0.0, "f1-score": 0.0, "support": 0.0}, "LY": {"precision": 0.9565217391304348, "recall": 0.8148148148148148, "f1-score": 0.8800000000000001, "support": 135.0}, "SP": {"precision": 0.6987179487179487, "recall": 0.7465753424657534, "f1-score": 0.7218543046357616, "support": 146.0}, "ID": {"precision": 0.8525835866261399, "recall": 0.8177842565597667, "f1-score": 0.8348214285714285, "support": 686.0}, "NA": {"precision": 0.762547113667923, "recall": 0.9015009380863039, "f1-score": 0.8262224610424505, "support": 4264.0}, "HI": {"precision": 0.5488721804511278, "recall": 0.7104622871046229, "f1-score": 0.6193001060445388, "support": 411.0}, "IN": {"precision": 0.6876155268022182, "recall": 0.7164869029275809, "f1-score": 0.7017543859649122, "support": 2596.0}, "OP": {"precision": 0.6326023996690112, "recall": 0.7181775481446688, "f1-score": 0.6726792784865816, "support": 2129.0}, "IP": {"precision": 0.5613577023498695, "recall": 0.5348258706467661, "f1-score": 0.5477707006369427, "support": 402.0}, "it": {"precision": 0.6370370370370371, "recall": 0.8269230769230769, "f1-score": 0.7196652719665272, "support": 104.0}, "ne": {"precision": 0.7825211437776883, "recall": 0.8236540907164053, "f1-score": 0.8025609252375052, "support": 2359.0}, "sr": {"precision": 0.8682634730538922, "recall": 0.9133858267716536, "f1-score": 0.8902532617037605, "support": 635.0}, "nb": {"precision": 0.6067551266586249, "recall": 0.6966759002770083, "f1-score": 0.6486137975499678, "support": 722.0}, "re": {"precision": 0.8181818181818182, "recall": 0.7297297297297297, "f1-score": 0.7714285714285715, "support": 37.0}, "en": {"precision": 0.6910569105691057, "recall": 0.7870370370370371, "f1-score": 0.735930735930736, "support": 108.0}, "ra": {"precision": 0.8083333333333333, "recall": 0.5132275132275133, "f1-score": 0.627831715210356, "support": 189.0}, "dtp": {"precision": 0.4957983193277311, "recall": 0.4871559633027523, "f1-score": 0.49143914854234155, "support": 1090.0}, "fi": {"precision": 0.8125, "recall": 0.18840579710144928, "f1-score": 0.3058823529411765, "support": 69.0}, "lt": {"precision": 0.6857142857142857, "recall": 0.6, "f1-score": 0.64, "support": 40.0}, "rv": {"precision": 0.676605504587156, "recall": 0.7177615571776156, "f1-score": 0.6965761511216058, "support": 411.0}, "ob": {"precision": 0.5691318327974276, "recall": 0.50523311132255, "f1-score": 0.5352822580645161, "support": 1051.0}, "rs": {"precision": 0.6775956284153005, "recall": 0.7898089171974523, "f1-score": 0.7294117647058822, "support": 157.0}, "av": {"precision": 0.4789473684210526, "recall": 0.3855932203389831, "f1-score": 0.4272300469483568, "support": 236.0}, "ds": {"precision": 0.6513409961685823, "recall": 0.6071428571428571, "f1-score": 0.6284658040665434, "support": 280.0}, "ed": {"precision": 0.0, "recall": 0.0, "f1-score": 0.0, "support": 19.0}}}