{"f1": 0.7422958397534669, "f1_macro": 0.6459684866784385, "precision": 0.7878168438266557, "recall": 0.7017479970866716, "accuracy": 0.5421500386697602, "threshold": 0.44999999999999996, "label_scores": {"MT": {"precision": 0.9239130434782609, "recall": 0.7327586206896551, "f1-score": 0.8173076923076923, "support": 116.0}, "LY": {"precision": 0.0, "recall": 0.0, "f1-score": 0.0, "support": 15.0}, "SP": {"precision": 0.0, "recall": 0.0, "f1-score": 0.0, "support": 7.0}, "ID": {"precision": 1.0, "recall": 0.29411764705882354, "f1-score": 0.45454545454545453, "support": 51.0}, "NA": {"precision": 0.8059701492537313, "recall": 0.8244274809160306, "f1-score": 0.8150943396226414, "support": 393.0}, "HI": {"precision": 0.5588235294117647, "recall": 0.24358974358974358, "f1-score": 0.33928571428571425, "support": 78.0}, "IN": {"precision": 0.8029411764705883, "recall": 0.8076923076923077, "f1-score": 0.8053097345132744, "support": 338.0}, "OP": {"precision": 0.6620689655172414, "recall": 0.5853658536585366, "f1-score": 0.6213592233009708, "support": 164.0}, "IP": {"precision": 0.8564102564102564, "recall": 0.784037558685446, "f1-score": 0.8186274509803921, "support": 426.0}, "it": {"precision": 0.0, "recall": 0.0, "f1-score": 0.0, "support": 6.0}, "ne": {"precision": 0.7582417582417582, "recall": 0.7263157894736842, "f1-score": 0.7419354838709676, "support": 95.0}, "sr": {"precision": 0.0, "recall": 0.0, "f1-score": 0.0, "support": 14.0}, "nb": {"precision": 0.7857142857142857, "recall": 0.8048780487804879, "f1-score": 0.7951807228915663, "support": 246.0}, "re": {"precision": 0.0, "recall": 0.0, "f1-score": 0.0, "support": 18.0}, "en": {"precision": 0.8689655172413793, "recall": 0.9473684210526315, "f1-score": 0.9064748201438849, "support": 133.0}, "ra": {"precision": 0.0, "recall": 0.0, "f1-score": 0.0, "support": 1.0}, "dtp": {"precision": 0.47540983606557374, "recall": 0.3118279569892473, "f1-score": 0.37662337662337664, "support": 93.0}, "fi": {"precision": 0.85, "recall": 0.5666666666666667, "f1-score": 0.68, "support": 30.0}, "lt": {"precision": 0.85, "recall": 0.4473684210526316, "f1-score": 0.5862068965517242, "support": 38.0}, "rv": {"precision": 0.8444444444444444, "recall": 0.5588235294117647, "f1-score": 0.672566371681416, "support": 68.0}, "ob": {"precision": 0.68, "recall": 0.6296296296296297, "f1-score": 0.6538461538461539, "support": 54.0}, "rs": {"precision": 0.0, "recall": 0.0, "f1-score": 0.0, "support": 9.0}, "av": {"precision": 0.3333333333333333, "recall": 0.07407407407407407, "f1-score": 0.12121212121212122, "support": 27.0}, "ds": {"precision": 0.7606060606060606, "recall": 0.7917981072555205, "f1-score": 0.775888717156105, "support": 317.0}, "ed": {"precision": 0.0, "recall": 0.0, "f1-score": 0.0, "support": 9.0}}}