{"f1": 0.6905710491367862, "precision": 0.6683804627249358, "recall": 0.7142857142857143, "accuracy": 0.5843373493975904, "threshold": 0.39999999999999997, "label_scores": {"MT": {"precision": 0.0, "recall": 0.0, "f1-score": 0.0, "support": 0.0}, "LY": {"precision": 0.5, "recall": 0.25, "f1-score": 0.3333333333333333, "support": 4.0}, "SP": {"precision": 0.0, "recall": 0.0, "f1-score": 0.0, "support": 0.0}, "ID": {"precision": 0.5714285714285714, "recall": 0.23529411764705882, "f1-score": 0.3333333333333333, "support": 17.0}, "NA": {"precision": 0.762962962962963, "recall": 0.911504424778761, "f1-score": 0.8306451612903226, "support": 113.0}, "HI": {"precision": 0.7083333333333334, "recall": 0.53125, "f1-score": 0.6071428571428571, "support": 32.0}, "IN": {"precision": 0.49295774647887325, "recall": 0.6363636363636364, "f1-score": 0.5555555555555555, "support": 55.0}, "OP": {"precision": 0.4594594594594595, "recall": 0.5666666666666667, "f1-score": 0.5074626865671642, "support": 30.0}, "IP": {"precision": 0.7980769230769231, "recall": 0.7345132743362832, "f1-score": 0.7649769585253456, "support": 113.0}}}