{"f1": 0.7000000000000001, "precision": 0.7058823529411765, "recall": 0.6942148760330579, "accuracy": 0.5760869565217391, "threshold": 0.3, "label_scores": {"MT": {"precision": 0.25, "recall": 0.6666666666666666, "f1-score": 0.36363636363636365, "support": 3.0}, "LY": {"precision": 0.0, "recall": 0.0, "f1-score": 0.0, "support": 0.0}, "SP": {"precision": 0.0, "recall": 0.0, "f1-score": 0.0, "support": 0.0}, "ID": {"precision": 0.8, "recall": 0.5, "f1-score": 0.6153846153846154, "support": 8.0}, "NA": {"precision": 0.8918918918918919, "recall": 0.8461538461538461, "f1-score": 0.868421052631579, "support": 39.0}, "HI": {"precision": 0.75, "recall": 0.375, "f1-score": 0.5, "support": 8.0}, "IN": {"precision": 0.8, "recall": 0.6666666666666666, "f1-score": 0.7272727272727272, "support": 30.0}, "OP": {"precision": 0.6875, "recall": 0.6470588235294118, "f1-score": 0.6666666666666667, "support": 17.0}, "IP": {"precision": 0.4583333333333333, "recall": 0.6875, "f1-score": 0.5499999999999999, "support": 16.0}}}