{"f1": 0.8063005534269903, "precision": 0.7894956231763235, "recall": 0.823836450630709, "accuracy": 0.7326824732682473, "threshold": 0.44999999999999996, "label_scores": {"MT": {"precision": 0.9817518248175182, "recall": 0.9746376811594203, "f1-score": 0.9781818181818182, "support": 276.0}, "LY": {"precision": 0.25, "recall": 0.2, "f1-score": 0.22222222222222224, "support": 5.0}, "SP": {"precision": 0.75, "recall": 0.5, "f1-score": 0.6, "support": 18.0}, "ID": {"precision": 0.8447488584474886, "recall": 0.8008658008658008, "f1-score": 0.8222222222222222, "support": 231.0}, "NA": {"precision": 0.7814645308924485, "recall": 0.9058355437665783, "f1-score": 0.8390663390663391, "support": 754.0}, "HI": {"precision": 0.7314814814814815, "recall": 0.6752136752136753, "f1-score": 0.7022222222222222, "support": 117.0}, "IN": {"precision": 0.6972222222222222, "recall": 0.6933701657458563, "f1-score": 0.6952908587257618, "support": 362.0}, "OP": {"precision": 0.7809187279151943, "recall": 0.778169014084507, "f1-score": 0.7795414462081129, "support": 284.0}, "IP": {"precision": 0.7396226415094339, "recall": 0.7777777777777778, "f1-score": 0.7582205029013539, "support": 252.0}}}