{"f1": 0.8248658882928368, "precision": 0.8266919671094244, "recall": 0.8230478589420654, "accuracy": 0.6945088940448569, "threshold": 0.44999999999999996, "label_scores": {"MT": {"precision": 0.9047619047619048, "recall": 0.8189655172413793, "f1-score": 0.8597285067873304, "support": 116.0}, "LY": {"precision": 0.8461538461538461, "recall": 0.7333333333333333, "f1-score": 0.7857142857142856, "support": 15.0}, "SP": {"precision": 0.8333333333333334, "recall": 0.7142857142857143, "f1-score": 0.7692307692307692, "support": 7.0}, "ID": {"precision": 0.9024390243902439, "recall": 0.7254901960784313, "f1-score": 0.8043478260869564, "support": 51.0}, "NA": {"precision": 0.8589743589743589, "recall": 0.8524173027989822, "f1-score": 0.8556832694763729, "support": 393.0}, "HI": {"precision": 0.6835443037974683, "recall": 0.6923076923076923, "f1-score": 0.6878980891719746, "support": 78.0}, "IN": {"precision": 0.797752808988764, "recall": 0.8402366863905325, "f1-score": 0.8184438040345822, "support": 338.0}, "OP": {"precision": 0.8115942028985508, "recall": 0.6829268292682927, "f1-score": 0.7417218543046358, "support": 164.0}, "IP": {"precision": 0.82560706401766, "recall": 0.8779342723004695, "f1-score": 0.8509670079635949, "support": 426.0}}}