{"f1": 0.6923076923076923, "precision": 0.7090909090909091, "recall": 0.6763005780346821, "accuracy": 0.5741324921135647, "threshold": 0.44999999999999996, "label_scores": {"MT": {"precision": 0.2222222222222222, "recall": 0.4, "f1-score": 0.2857142857142857, "support": 5.0}, "LY": {"precision": 0.3333333333333333, "recall": 0.3333333333333333, "f1-score": 0.3333333333333333, "support": 3.0}, "SP": {"precision": 0.0, "recall": 0.0, "f1-score": 0.0, "support": 1.0}, "ID": {"precision": 0.6, "recall": 0.75, "f1-score": 0.6666666666666665, "support": 8.0}, "NA": {"precision": 0.9146341463414634, "recall": 0.7731958762886598, "f1-score": 0.8379888268156425, "support": 97.0}, "HI": {"precision": 0.375, "recall": 0.5, "f1-score": 0.42857142857142855, "support": 12.0}, "IN": {"precision": 0.5794392523364486, "recall": 0.9117647058823529, "f1-score": 0.7085714285714285, "support": 68.0}, "OP": {"precision": 0.4117647058823529, "recall": 0.1891891891891892, "f1-score": 0.2592592592592593, "support": 37.0}, "IP": {"precision": 0.8928571428571429, "recall": 0.6521739130434783, "f1-score": 0.7537688442211055, "support": 115.0}}}