{"f1": 0.6669266770670828, "f1_macro": 0.5700017917615824, "precision": 0.6354042806183116, "recall": 0.7017399868680236, "accuracy": 0.407566098860905, "threshold": 0.35, "label_scores": {"MT": {"precision": 0.0, "recall": 0.0, "f1-score": 0.0, "support": 0.0}, "LY": {"precision": 0.9008264462809917, "recall": 0.8074074074074075, "f1-score": 0.8515625, "support": 135.0}, "SP": {"precision": 0.8409090909090909, "recall": 0.2534246575342466, "f1-score": 0.38947368421052636, "support": 146.0}, "ID": {"precision": 0.763235294117647, "recall": 0.7565597667638484, "f1-score": 0.7598828696925329, "support": 686.0}, "NA": {"precision": 0.7437600644122383, "recall": 0.8665572232645403, "f1-score": 0.800476603119584, "support": 4264.0}, "HI": {"precision": 0.5176991150442478, "recall": 0.5693430656934306, "f1-score": 0.5422943221320974, "support": 411.0}, "IN": {"precision": 0.6256868131868132, "recall": 0.7018489984591679, "f1-score": 0.6615831517792301, "support": 2596.0}, "OP": {"precision": 0.5312183597705029, "recall": 0.7393142320338187, "f1-score": 0.6182246661429693, "support": 2129.0}, "IP": {"precision": 0.6585365853658537, "recall": 0.3358208955223881, "f1-score": 0.44481054365733114, "support": 402.0}, "it": {"precision": 0.8148148148148148, "recall": 0.21153846153846154, "f1-score": 0.3358778625954198, "support": 104.0}, "ne": {"precision": 0.7590705258866693, "recall": 0.7893175074183977, "f1-score": 0.7738985868661679, "support": 2359.0}, "sr": {"precision": 0.8216833095577746, "recall": 0.9070866141732283, "f1-score": 0.8622754491017963, "support": 635.0}, "nb": {"precision": 0.5369198312236287, "recall": 0.7049861495844876, "f1-score": 0.6095808383233534, "support": 722.0}, "re": {"precision": 0.0, "recall": 0.0, "f1-score": 0.0, "support": 37.0}, "en": {"precision": 0.0, "recall": 0.0, "f1-score": 0.0, "support": 108.0}, "ra": {"precision": 0.8767123287671232, "recall": 0.3386243386243386, "f1-score": 0.48854961832061067, "support": 189.0}, "dtp": {"precision": 0.4108944182918628, "recall": 0.5605504587155963, "f1-score": 0.4741948001552192, "support": 1090.0}, "fi": {"precision": 0.0, "recall": 0.0, "f1-score": 0.0, "support": 69.0}, "lt": {"precision": 0.0, "recall": 0.0, "f1-score": 0.0, "support": 40.0}, "rv": {"precision": 0.6786703601108033, "recall": 0.5961070559610706, "f1-score": 0.6347150259067358, "support": 411.0}, "ob": {"precision": 0.41081777205408887, "recall": 0.6070409134157945, "f1-score": 0.4900153609831029, "support": 1051.0}, "rs": {"precision": 0.7203389830508474, "recall": 0.5414012738853503, "f1-score": 0.6181818181818182, "support": 157.0}, "av": {"precision": 0.7, "recall": 0.029661016949152543, "f1-score": 0.056910569105691054, "support": 236.0}, "ds": {"precision": 0.75, "recall": 0.2892857142857143, "f1-score": 0.41752577319587625, "support": 280.0}, "ed": {"precision": 0.0, "recall": 0.0, "f1-score": 0.0, "support": 19.0}}}