{"f1": 0.7386591730228823, "precision": 0.713454827452501, "recall": 0.7657095297544736, "accuracy": 0.508460918614021, "pr_auc": 0.8097975830108288, "threshold": 0.39999999999999997, "label_scores": {"MT": {"precision": 0.8392857142857143, "recall": 0.734375, "f1-score": 0.7833333333333332, "support": 64.0}, "LY": {"precision": 0.8571428571428571, "recall": 0.9230769230769231, "f1-score": 0.888888888888889, "support": 13.0}, "SP": {"precision": 0.75, "recall": 0.4, "f1-score": 0.5217391304347827, "support": 15.0}, "ID": {"precision": 0.9439252336448598, "recall": 0.8416666666666667, "f1-score": 0.8898678414096917, "support": 120.0}, "NA": {"precision": 0.7356948228882834, "recall": 0.8307692307692308, "f1-score": 0.7803468208092486, "support": 325.0}, "HI": {"precision": 0.5802469135802469, "recall": 0.6527777777777778, "f1-score": 0.6143790849673203, "support": 72.0}, "IN": {"precision": 0.7408450704225352, "recall": 0.821875, "f1-score": 0.7792592592592593, "support": 320.0}, "OP": {"precision": 0.7627118644067796, "recall": 0.6, "f1-score": 0.6716417910447762, "support": 150.0}, "IP": {"precision": 0.7280898876404495, "recall": 0.8329048843187661, "f1-score": 0.776978417266187, "support": 389.0}, "it": {"precision": 0.8333333333333334, "recall": 0.625, "f1-score": 0.7142857142857143, "support": 8.0}, "ne": {"precision": 0.6737588652482269, "recall": 0.7661290322580645, "f1-score": 0.7169811320754716, "support": 124.0}, "sr": {"precision": 0.9130434782608695, "recall": 0.9130434782608695, "f1-score": 0.9130434782608695, "support": 23.0}, "nb": {"precision": 0.7355371900826446, "recall": 0.6953125, "f1-score": 0.714859437751004, "support": 128.0}, "re": {"precision": 0.8571428571428571, "recall": 0.8571428571428571, "f1-score": 0.8571428571428571, "support": 21.0}, "en": {"precision": 0.8285714285714286, "recall": 0.8529411764705882, "f1-score": 0.8405797101449276, "support": 34.0}, "ra": {"precision": 1.0, "recall": 0.1, "f1-score": 0.18181818181818182, "support": 10.0}, "dtp": {"precision": 0.4792626728110599, "recall": 0.697986577181208, "f1-score": 0.5683060109289617, "support": 149.0}, "fi": {"precision": 0.7142857142857143, "recall": 0.8333333333333334, "f1-score": 0.7692307692307692, "support": 6.0}, "lt": {"precision": 0.8333333333333334, "recall": 0.6578947368421053, "f1-score": 0.7352941176470588, "support": 38.0}, "rv": {"precision": 0.8620689655172413, "recall": 0.6578947368421053, "f1-score": 0.746268656716418, "support": 76.0}, "ob": {"precision": 0.6190476190476191, "recall": 0.48148148148148145, "f1-score": 0.5416666666666666, "support": 27.0}, "rs": {"precision": 0.6666666666666666, "recall": 0.8571428571428571, "f1-score": 0.75, "support": 7.0}, "av": {"precision": 0.4666666666666667, "recall": 0.25, "f1-score": 0.32558139534883723, "support": 28.0}, "ds": {"precision": 0.6563467492260062, "recall": 0.8617886178861789, "f1-score": 0.7451669595782073, "support": 246.0}, "ed": {"precision": 0.0, "recall": 0.0, "f1-score": 0.0, "support": 10.0}}}