{"f1": 0.8323170731707318, "precision": 0.853125, "recall": 0.8125, "accuracy": 0.6875, "pr_auc": 0.9088031392857534, "threshold": 0.39999999999999997, "label_scores": {"MT": {"precision": 0.25, "recall": 1.0, "f1-score": 0.4, "support": 1.0}, "LY": {"precision": 1.0, "recall": 1.0, "f1-score": 1.0, "support": 3.0}, "SP": {"precision": 0.0, "recall": 0.0, "f1-score": 0.0, "support": 0.0}, "ID": {"precision": 0.3333333333333333, "recall": 1.0, "f1-score": 0.5, "support": 1.0}, "NA": {"precision": 0.95, "recall": 0.95, "f1-score": 0.9500000000000001, "support": 100.0}, "HI": {"precision": 1.0, "recall": 1.0, "f1-score": 1.0, "support": 2.0}, "IN": {"precision": 0.6818181818181818, "recall": 0.625, "f1-score": 0.6521739130434783, "support": 24.0}, "OP": {"precision": 0.8235294117647058, "recall": 0.8, "f1-score": 0.8115942028985507, "support": 35.0}, "IP": {"precision": 0.45454545454545453, "recall": 0.4166666666666667, "f1-score": 0.43478260869565216, "support": 12.0}, "it": {"precision": 0.0, "recall": 0.0, "f1-score": 0.0, "support": 0.0}, "ne": {"precision": 0.9540229885057471, "recall": 1.0, "f1-score": 0.976470588235294, "support": 83.0}, "sr": {"precision": 0.7142857142857143, "recall": 1.0, "f1-score": 0.8333333333333333, "support": 5.0}, "nb": {"precision": 0.5, "recall": 0.25, "f1-score": 0.3333333333333333, "support": 4.0}, "re": {"precision": 0.0, "recall": 0.0, "f1-score": 0.0, "support": 0.0}, "en": {"precision": 0.8571428571428571, "recall": 1.0, "f1-score": 0.923076923076923, "support": 6.0}, "ra": {"precision": 0.0, "recall": 0.0, "f1-score": 0.0, "support": 0.0}, "dtp": {"precision": 0.5714285714285714, "recall": 0.5, "f1-score": 0.5333333333333333, "support": 8.0}, "fi": {"precision": 0.0, "recall": 0.0, "f1-score": 0.0, "support": 5.0}, "lt": {"precision": 0.0, "recall": 0.0, "f1-score": 0.0, "support": 1.0}, "rv": {"precision": 1.0, "recall": 0.5, "f1-score": 0.6666666666666666, "support": 2.0}, "ob": {"precision": 0.5, "recall": 0.6, "f1-score": 0.5454545454545454, "support": 5.0}, "rs": {"precision": 0.875, "recall": 0.7, "f1-score": 0.7777777777777777, "support": 20.0}, "av": {"precision": 1.0, "recall": 0.375, "f1-score": 0.5454545454545454, "support": 8.0}, "ds": {"precision": 1.0, "recall": 0.16666666666666666, "f1-score": 0.2857142857142857, "support": 6.0}, "ed": {"precision": 0.5, "recall": 0.4, "f1-score": 0.4444444444444445, "support": 5.0}}}