{"f1": 0.7338189386056191, "precision": 0.7035115722266561, "recall": 0.766855154414963, "accuracy": 0.6285448628544863, "pr_auc": 0.7887673028686251, "threshold": 0.44999999999999996, "label_scores": {"MT": {"precision": 0.9680365296803652, "recall": 0.7681159420289855, "f1-score": 0.8565656565656565, "support": 276.0}, "LY": {"precision": 0.3333333333333333, "recall": 0.2, "f1-score": 0.25, "support": 5.0}, "SP": {"precision": 0.7692307692307693, "recall": 0.5555555555555556, "f1-score": 0.6451612903225806, "support": 18.0}, "ID": {"precision": 0.9133333333333333, "recall": 0.5930735930735931, "f1-score": 0.7191601049868765, "support": 231.0}, "NA": {"precision": 0.7795180722891566, "recall": 0.8580901856763926, "f1-score": 0.816919191919192, "support": 754.0}, "HI": {"precision": 0.5533980582524272, "recall": 0.48717948717948717, "f1-score": 0.5181818181818182, "support": 117.0}, "IN": {"precision": 0.5805739514348786, "recall": 0.7265193370165746, "f1-score": 0.645398773006135, "support": 362.0}, "OP": {"precision": 0.6792452830188679, "recall": 0.7605633802816901, "f1-score": 0.7176079734219268, "support": 284.0}, "IP": {"precision": 0.5275779376498801, "recall": 0.873015873015873, "f1-score": 0.6576980568011959, "support": 252.0}}}