{"f1": 0.7677781056358808, "precision": 0.7693672383205205, "recall": 0.7661955241460542, "accuracy": 0.6375545851528385, "pr_auc": 0.8146336570187525, "threshold": 0.44999999999999996, "label_scores": {"MT": {"precision": 0.9210526315789473, "recall": 0.6363636363636364, "f1-score": 0.7526881720430109, "support": 110.0}, "LY": {"precision": 0.75, "recall": 0.42857142857142855, "f1-score": 0.5454545454545454, "support": 7.0}, "SP": {"precision": 1.0, "recall": 0.38461538461538464, "f1-score": 0.5555555555555556, "support": 13.0}, "ID": {"precision": 0.7777777777777778, "recall": 0.30434782608695654, "f1-score": 0.43750000000000006, "support": 23.0}, "NA": {"precision": 0.833976833976834, "recall": 0.9432314410480349, "f1-score": 0.8852459016393441, "support": 229.0}, "HI": {"precision": 0.5869565217391305, "recall": 0.8181818181818182, "f1-score": 0.6835443037974683, "support": 33.0}, "IN": {"precision": 0.7318435754189944, "recall": 0.7081081081081081, "f1-score": 0.7197802197802197, "support": 185.0}, "OP": {"precision": 0.6875, "recall": 0.4782608695652174, "f1-score": 0.5641025641025642, "support": 92.0}, "IP": {"precision": 0.7423312883435583, "recall": 0.852112676056338, "f1-score": 0.7934426229508196, "support": 284.0}, "it": {"precision": 1.0, "recall": 0.5714285714285714, "f1-score": 0.7272727272727273, "support": 7.0}, "ne": {"precision": 0.8181818181818182, "recall": 0.9424083769633508, "f1-score": 0.8759124087591241, "support": 191.0}, "sr": {"precision": 0.8333333333333334, "recall": 0.7142857142857143, "f1-score": 0.7692307692307692, "support": 14.0}, "nb": {"precision": 0.7272727272727273, "recall": 0.6956521739130435, "f1-score": 0.711111111111111, "support": 23.0}, "re": {"precision": 0.9545454545454546, "recall": 1.0, "f1-score": 0.9767441860465117, "support": 21.0}, "en": {"precision": 0.16666666666666666, "recall": 0.25, "f1-score": 0.2, "support": 4.0}, "ra": {"precision": 0.0, "recall": 0.0, "f1-score": 0.0, "support": 0.0}, "dtp": {"precision": 0.5573770491803278, "recall": 0.7391304347826086, "f1-score": 0.6355140186915887, "support": 46.0}, "fi": {"precision": 0.0, "recall": 0.0, "f1-score": 0.0, "support": 3.0}, "lt": {"precision": 0.8717948717948718, "recall": 0.6415094339622641, "f1-score": 0.7391304347826088, "support": 53.0}, "rv": {"precision": 0.6666666666666666, "recall": 0.3225806451612903, "f1-score": 0.4347826086956521, "support": 31.0}, "ob": {"precision": 0.14285714285714285, "recall": 0.045454545454545456, "f1-score": 0.06896551724137931, "support": 22.0}, "rs": {"precision": 0.8181818181818182, "recall": 0.9, "f1-score": 0.8571428571428572, "support": 10.0}, "av": {"precision": 0.8181818181818182, "recall": 0.45, "f1-score": 0.5806451612903226, "support": 20.0}, "ds": {"precision": 0.7789855072463768, "recall": 0.8811475409836066, "f1-score": 0.8269230769230769, "support": 244.0}, "ed": {"precision": 0.7058823529411765, "recall": 0.36363636363636365, "f1-score": 0.48000000000000004, "support": 33.0}}}