{"f1": 0.5997396680767979, "precision": 0.6528515763372299, "recall": 0.5546193198916641, "accuracy": 0.28330522765598654, "pr_auc": 0.6471808159997785, "threshold": 0.3, "label_scores": {"MT": {"precision": 0.22115384615384615, "recall": 0.7931034482758621, "f1-score": 0.34586466165413526, "support": 29.0}, "LY": {"precision": 0.8181818181818182, "recall": 0.75, "f1-score": 0.7826086956521738, "support": 12.0}, "SP": {"precision": 0.0, "recall": 0.0, "f1-score": 0.0, "support": 104.0}, "ID": {"precision": 0.47058823529411764, "recall": 0.18181818181818182, "f1-score": 0.26229508196721313, "support": 44.0}, "NA": {"precision": 0.8732394366197183, "recall": 0.7495682210708118, "f1-score": 0.8066914498141265, "support": 579.0}, "HI": {"precision": 0.47126436781609193, "recall": 0.6456692913385826, "f1-score": 0.5448504983388704, "support": 127.0}, "IN": {"precision": 0.7559055118110236, "recall": 0.35424354243542433, "f1-score": 0.48241206030150746, "support": 542.0}, "OP": {"precision": 0.6417910447761194, "recall": 0.4402730375426621, "f1-score": 0.5222672064777327, "support": 293.0}, "IP": {"precision": 0.6298200514138818, "recall": 0.7802547770700637, "f1-score": 0.6970128022759602, "support": 314.0}, "it": {"precision": 0.0, "recall": 0.0, "f1-score": 0.0, "support": 13.0}, "ne": {"precision": 0.7777777777777778, "recall": 0.9222972972972973, "f1-score": 0.8438948995363215, "support": 296.0}, "sr": {"precision": 0.8181818181818182, "recall": 0.9782608695652174, "f1-score": 0.8910891089108911, "support": 46.0}, "nb": {"precision": 0.5813953488372093, "recall": 0.33112582781456956, "f1-score": 0.4219409282700422, "support": 151.0}, "re": {"precision": 0.7857142857142857, "recall": 0.6875, "f1-score": 0.7333333333333334, "support": 16.0}, "en": {"precision": 0.8333333333333334, "recall": 0.2631578947368421, "f1-score": 0.39999999999999997, "support": 19.0}, "ra": {"precision": 0.8571428571428571, "recall": 0.42857142857142855, "f1-score": 0.5714285714285714, "support": 14.0}, "dtp": {"precision": 0.30177514792899407, "recall": 0.265625, "f1-score": 0.28254847645429365, "support": 192.0}, "fi": {"precision": 0.3333333333333333, "recall": 0.5, "f1-score": 0.4, "support": 2.0}, "lt": {"precision": 0.36363636363636365, "recall": 0.3076923076923077, "f1-score": 0.33333333333333337, "support": 13.0}, "rv": {"precision": 0.7096774193548387, "recall": 0.3384615384615385, "f1-score": 0.4583333333333334, "support": 65.0}, "ob": {"precision": 0.5384615384615384, "recall": 0.12612612612612611, "f1-score": 0.2043795620437956, "support": 111.0}, "rs": {"precision": 0.75, "recall": 0.6857142857142857, "f1-score": 0.7164179104477612, "support": 35.0}, "av": {"precision": 0.37662337662337664, "recall": 0.453125, "f1-score": 0.4113475177304965, "support": 64.0}, "ds": {"precision": 0.62, "recall": 0.808695652173913, "f1-score": 0.7018867924528303, "support": 230.0}, "ed": {"precision": 0.0, "recall": 0.0, "f1-score": 0.0, "support": 12.0}}}