{"f1": 0.7675949367088608, "precision": 0.7587587587587588, "recall": 0.7766393442622951, "accuracy": 0.6910480349344978, "pr_auc": 0.8408356329767062, "threshold": 0.39999999999999997, "label_scores": {"MT": {"precision": 0.8085106382978723, "recall": 0.6909090909090909, "f1-score": 0.7450980392156863, "support": 110.0}, "LY": {"precision": 0.5714285714285714, "recall": 0.5714285714285714, "f1-score": 0.5714285714285714, "support": 7.0}, "SP": {"precision": 0.7, "recall": 0.5384615384615384, "f1-score": 0.608695652173913, "support": 13.0}, "ID": {"precision": 0.6, "recall": 0.2608695652173913, "f1-score": 0.36363636363636365, "support": 23.0}, "NA": {"precision": 0.8791666666666667, "recall": 0.9213973799126638, "f1-score": 0.8997867803837953, "support": 229.0}, "HI": {"precision": 0.6944444444444444, "recall": 0.7575757575757576, "f1-score": 0.7246376811594203, "support": 33.0}, "IN": {"precision": 0.6844444444444444, "recall": 0.8324324324324325, "f1-score": 0.7512195121951221, "support": 185.0}, "OP": {"precision": 0.5555555555555556, "recall": 0.5978260869565217, "f1-score": 0.5759162303664922, "support": 92.0}, "IP": {"precision": 0.7913669064748201, "recall": 0.7746478873239436, "f1-score": 0.7829181494661922, "support": 284.0}}}