{"f1": 0.8191304347826087, "precision": 0.81877444589309, "recall": 0.8194867333623315, "accuracy": 0.7545327754532776, "pr_auc": 0.9002940619726649, "threshold": 0.44999999999999996, "label_scores": {"MT": {"precision": 0.9889705882352942, "recall": 0.9746376811594203, "f1-score": 0.9817518248175183, "support": 276.0}, "LY": {"precision": 0.375, "recall": 0.6, "f1-score": 0.4615384615384615, "support": 5.0}, "SP": {"precision": 0.7692307692307693, "recall": 0.5555555555555556, "f1-score": 0.6451612903225806, "support": 18.0}, "ID": {"precision": 0.8872549019607843, "recall": 0.7835497835497836, "f1-score": 0.832183908045977, "support": 231.0}, "NA": {"precision": 0.8381795195954488, "recall": 0.8793103448275862, "f1-score": 0.858252427184466, "support": 754.0}, "HI": {"precision": 0.7788461538461539, "recall": 0.6923076923076923, "f1-score": 0.7330316742081447, "support": 117.0}, "IN": {"precision": 0.6912928759894459, "recall": 0.7237569060773481, "f1-score": 0.7071524966261808, "support": 362.0}, "OP": {"precision": 0.7777777777777778, "recall": 0.8133802816901409, "f1-score": 0.7951807228915664, "support": 284.0}, "IP": {"precision": 0.7896995708154506, "recall": 0.7301587301587301, "f1-score": 0.758762886597938, "support": 252.0}}}