{"f1": 0.6807313642756679, "precision": 0.6974063400576369, "recall": 0.6648351648351648, "accuracy": 0.6024096385542169, "threshold": 0.49999999999999994, "label_scores": {"MT": {"precision": 0.0, "recall": 0.0, "f1-score": 0.0, "support": 0.0}, "LY": {"precision": 0.0, "recall": 0.0, "f1-score": 0.0, "support": 4.0}, "SP": {"precision": 0.0, "recall": 0.0, "f1-score": 0.0, "support": 0.0}, "ID": {"precision": 0.6, "recall": 0.17647058823529413, "f1-score": 0.2727272727272727, "support": 17.0}, "NA": {"precision": 0.7874015748031497, "recall": 0.8849557522123894, "f1-score": 0.8333333333333335, "support": 113.0}, "HI": {"precision": 0.8571428571428571, "recall": 0.375, "f1-score": 0.5217391304347825, "support": 32.0}, "IN": {"precision": 0.5, "recall": 0.6, "f1-score": 0.5454545454545454, "support": 55.0}, "OP": {"precision": 0.5925925925925926, "recall": 0.5333333333333333, "f1-score": 0.5614035087719299, "support": 30.0}, "IP": {"precision": 0.7959183673469388, "recall": 0.6902654867256637, "f1-score": 0.7393364928909952, "support": 113.0}}}