{"f1": 0.6893617021276596, "precision": 0.7105263157894737, "recall": 0.6694214876033058, "accuracy": 0.5543478260869565, "threshold": 0.35, "label_scores": {"MT": {"precision": 0.25, "recall": 0.6666666666666666, "f1-score": 0.36363636363636365, "support": 3.0}, "LY": {"precision": 0.0, "recall": 0.0, "f1-score": 0.0, "support": 0.0}, "SP": {"precision": 0.0, "recall": 0.0, "f1-score": 0.0, "support": 0.0}, "ID": {"precision": 1.0, "recall": 0.375, "f1-score": 0.5454545454545454, "support": 8.0}, "NA": {"precision": 0.8918918918918919, "recall": 0.8461538461538461, "f1-score": 0.868421052631579, "support": 39.0}, "HI": {"precision": 1.0, "recall": 0.25, "f1-score": 0.4, "support": 8.0}, "IN": {"precision": 0.8076923076923077, "recall": 0.7, "f1-score": 0.75, "support": 30.0}, "OP": {"precision": 0.7692307692307693, "recall": 0.5882352941176471, "f1-score": 0.6666666666666667, "support": 17.0}, "IP": {"precision": 0.4, "recall": 0.625, "f1-score": 0.48780487804878053, "support": 16.0}}}