{"f1": 0.6570048309178744, "precision": 0.6538461538461539, "recall": 0.6601941747572816, "accuracy": 0.59, "threshold": 0.49999999999999994, "label_scores": {"MT": {"precision": 0.16666666666666666, "recall": 1.0, "f1-score": 0.2857142857142857, "support": 1.0}, "LY": {"precision": 0.0, "recall": 0.0, "f1-score": 0.0, "support": 0.0}, "SP": {"precision": 0.0, "recall": 0.0, "f1-score": 0.0, "support": 0.0}, "ID": {"precision": 0.5, "recall": 0.25, "f1-score": 0.3333333333333333, "support": 4.0}, "NA": {"precision": 0.8285714285714286, "recall": 0.90625, "f1-score": 0.8656716417910447, "support": 32.0}, "HI": {"precision": 1.0, "recall": 0.14285714285714285, "f1-score": 0.25, "support": 7.0}, "IN": {"precision": 0.4782608695652174, "recall": 0.44, "f1-score": 0.4583333333333333, "support": 25.0}, "OP": {"precision": 0.25, "recall": 0.2, "f1-score": 0.22222222222222224, "support": 5.0}, "IP": {"precision": 0.7272727272727273, "recall": 0.8275862068965517, "f1-score": 0.7741935483870968, "support": 29.0}}}