{"f1": 0.8193832599118943, "precision": 0.8188679245283019, "recall": 0.8198992443324937, "accuracy": 0.6921887084300077, "threshold": 0.44999999999999996, "label_scores": {"MT": {"precision": 0.897196261682243, "recall": 0.8275862068965517, "f1-score": 0.8609865470852017, "support": 116.0}, "LY": {"precision": 0.9090909090909091, "recall": 0.6666666666666666, "f1-score": 0.7692307692307692, "support": 15.0}, "SP": {"precision": 0.7142857142857143, "recall": 0.7142857142857143, "f1-score": 0.7142857142857143, "support": 7.0}, "ID": {"precision": 0.8536585365853658, "recall": 0.6862745098039216, "f1-score": 0.7608695652173912, "support": 51.0}, "NA": {"precision": 0.8641025641025641, "recall": 0.8575063613231552, "f1-score": 0.8607918263090677, "support": 393.0}, "HI": {"precision": 0.7931034482758621, "recall": 0.5897435897435898, "f1-score": 0.676470588235294, "support": 78.0}, "IN": {"precision": 0.7552631578947369, "recall": 0.849112426035503, "f1-score": 0.7994428969359332, "support": 338.0}, "OP": {"precision": 0.773972602739726, "recall": 0.6890243902439024, "f1-score": 0.7290322580645161, "support": 164.0}, "IP": {"precision": 0.8288888888888889, "recall": 0.8755868544600939, "f1-score": 0.8515981735159817, "support": 426.0}}}