{"f1": 0.6224627875507444, "precision": 0.6965475469412478, "recall": 0.5626223091976517, "accuracy": 0.3684654300168634, "threshold": 0.3, "label_scores": {"MT": {"precision": 0.21568627450980393, "recall": 0.7586206896551724, "f1-score": 0.33587786259541985, "support": 29.0}, "LY": {"precision": 0.8461538461538461, "recall": 0.9166666666666666, "f1-score": 0.8799999999999999, "support": 12.0}, "SP": {"precision": 0.5, "recall": 0.009615384615384616, "f1-score": 0.01886792452830189, "support": 104.0}, "ID": {"precision": 0.5384615384615384, "recall": 0.1590909090909091, "f1-score": 0.2456140350877193, "support": 44.0}, "NA": {"precision": 0.8737270875763747, "recall": 0.7409326424870466, "f1-score": 0.8018691588785046, "support": 579.0}, "HI": {"precision": 0.5826771653543307, "recall": 0.5826771653543307, "f1-score": 0.5826771653543307, "support": 127.0}, "IN": {"precision": 0.6925373134328359, "recall": 0.4280442804428044, "f1-score": 0.5290763968072976, "support": 542.0}, "OP": {"precision": 0.6273584905660378, "recall": 0.4539249146757679, "f1-score": 0.5267326732673268, "support": 293.0}, "IP": {"precision": 0.6769662921348315, "recall": 0.767515923566879, "f1-score": 0.719402985074627, "support": 314.0}}}