{"f1": 0.7080139372822299, "f1_macro": 0.6820978323839644, "precision": 0.7165021156558533, "recall": 0.699724517906336, "accuracy": 0.5954875100725222, "threshold": 0.39999999999999997, "label_scores": {"Forum": {"precision": 0.94, "recall": 0.7833333333333333, "f1-score": 0.8545454545454546, "support": 120.0}, "Information/Explanation": {"precision": 0.5641646489104116, "recall": 0.8381294964028777, "f1-score": 0.6743849493487699, "support": 278.0}, "Instruction": {"precision": 0.6666666666666666, "recall": 0.5641025641025641, "f1-score": 0.611111111111111, "support": 78.0}, "Legal": {"precision": 0.8, "recall": 0.5263157894736842, "f1-score": 0.6349206349206348, "support": 38.0}, "News": {"precision": 0.6927374301675978, "recall": 0.8435374149659864, "f1-score": 0.7607361963190186, "support": 147.0}, "Opinion/Argumentation": {"precision": 0.827027027027027, "recall": 0.583969465648855, "f1-score": 0.6845637583892618, "support": 262.0}, "Other": {"precision": 0.9259259259259259, "recall": 0.6329113924050633, "f1-score": 0.7518796992481204, "support": 79.0}, "Promotion": {"precision": 0.8866666666666667, "recall": 0.7018469656992085, "f1-score": 0.7835051546391754, "support": 379.0}, "Prose/Lyrical": {"precision": 0.3333333333333333, "recall": 0.4507042253521127, "f1-score": 0.38323353293413176, "support": 71.0}}}