{"f1": 0.7251536342445433, "precision": 0.7387737478411054, "recall": 0.712026633374948, "accuracy": 0.5020145044319098, "threshold": 0.39999999999999997, "label_scores": {"MT": {"precision": 0.95, "recall": 0.59375, "f1-score": 0.7307692307692308, "support": 64.0}, "LY": {"precision": 1.0, "recall": 0.8461538461538461, "f1-score": 0.9166666666666666, "support": 13.0}, "SP": {"precision": 0.6666666666666666, "recall": 0.5333333333333333, "f1-score": 0.5925925925925926, "support": 15.0}, "ID": {"precision": 0.9223300970873787, "recall": 0.7916666666666666, "f1-score": 0.8520179372197311, "support": 120.0}, "NA": {"precision": 0.7682926829268293, "recall": 0.7753846153846153, "f1-score": 0.7718223583460949, "support": 325.0}, "HI": {"precision": 0.7454545454545455, "recall": 0.5694444444444444, "f1-score": 0.6456692913385828, "support": 72.0}, "IN": {"precision": 0.6683046683046683, "recall": 0.85, "f1-score": 0.7482806052269602, "support": 320.0}, "OP": {"precision": 0.6923076923076923, "recall": 0.66, "f1-score": 0.6757679180887373, "support": 150.0}, "IP": {"precision": 0.8738170347003155, "recall": 0.712082262210797, "f1-score": 0.7847025495750708, "support": 389.0}, "it": {"precision": 0.6666666666666666, "recall": 0.5, "f1-score": 0.5714285714285715, "support": 8.0}, "ne": {"precision": 0.68, "recall": 0.8225806451612904, "f1-score": 0.7445255474452556, "support": 124.0}, "sr": {"precision": 0.8461538461538461, "recall": 0.9565217391304348, "f1-score": 0.8979591836734695, "support": 23.0}, "nb": {"precision": 0.7804878048780488, "recall": 0.5, "f1-score": 0.6095238095238096, "support": 128.0}, "re": {"precision": 1.0, "recall": 0.7142857142857143, "f1-score": 0.8333333333333333, "support": 21.0}, "en": {"precision": 0.6136363636363636, "recall": 0.7941176470588235, "f1-score": 0.6923076923076923, "support": 34.0}, "ra": {"precision": 0.6666666666666666, "recall": 0.2, "f1-score": 0.30769230769230765, "support": 10.0}, "dtp": {"precision": 0.5125, "recall": 0.5503355704697986, "f1-score": 0.5307443365695792, "support": 149.0}, "fi": {"precision": 0.0, "recall": 0.0, "f1-score": 0.0, "support": 6.0}, "lt": {"precision": 0.8666666666666667, "recall": 0.6842105263157895, "f1-score": 0.7647058823529413, "support": 38.0}, "rv": {"precision": 0.7702702702702703, "recall": 0.75, "f1-score": 0.7600000000000001, "support": 76.0}, "ob": {"precision": 0.5555555555555556, "recall": 0.5555555555555556, "f1-score": 0.5555555555555556, "support": 27.0}, "rs": {"precision": 0.6666666666666666, "recall": 0.5714285714285714, "f1-score": 0.6153846153846153, "support": 7.0}, "av": {"precision": 0.5714285714285714, "recall": 0.14285714285714285, "f1-score": 0.2285714285714286, "support": 28.0}, "ds": {"precision": 0.7211895910780669, "recall": 0.7886178861788617, "f1-score": 0.7533980582524272, "support": 246.0}, "ed": {"precision": 0.0, "recall": 0.0, "f1-score": 0.0, "support": 10.0}}}