{"f1": 0.7184963690730458, "precision": 0.7380430013163668, "recall": 0.6999583853516438, "accuracy": 0.5060435132957293, "threshold": 0.39999999999999997, "label_scores": {"MT": {"precision": 0.9767441860465116, "recall": 0.65625, "f1-score": 0.7850467289719625, "support": 64.0}, "LY": {"precision": 0.9230769230769231, "recall": 0.9230769230769231, "f1-score": 0.9230769230769231, "support": 13.0}, "SP": {"precision": 0.7272727272727273, "recall": 0.5333333333333333, "f1-score": 0.6153846153846153, "support": 15.0}, "ID": {"precision": 0.94, "recall": 0.7833333333333333, "f1-score": 0.8545454545454546, "support": 120.0}, "NA": {"precision": 0.75, "recall": 0.7661538461538462, "f1-score": 0.7579908675799087, "support": 325.0}, "HI": {"precision": 0.65625, "recall": 0.5833333333333334, "f1-score": 0.6176470588235293, "support": 72.0}, "IN": {"precision": 0.6318181818181818, "recall": 0.86875, "f1-score": 0.7315789473684211, "support": 320.0}, "OP": {"precision": 0.7479674796747967, "recall": 0.6133333333333333, "f1-score": 0.6739926739926739, "support": 150.0}, "IP": {"precision": 0.89, "recall": 0.6863753213367609, "f1-score": 0.7750362844702468, "support": 389.0}, "it": {"precision": 1.0, "recall": 0.25, "f1-score": 0.4, "support": 8.0}, "ne": {"precision": 0.6623376623376623, "recall": 0.8225806451612904, "f1-score": 0.7338129496402878, "support": 124.0}, "sr": {"precision": 0.8461538461538461, "recall": 0.9565217391304348, "f1-score": 0.8979591836734695, "support": 23.0}, "nb": {"precision": 0.8, "recall": 0.46875, "f1-score": 0.5911330049261083, "support": 128.0}, "re": {"precision": 1.0, "recall": 0.7619047619047619, "f1-score": 0.8648648648648648, "support": 21.0}, "en": {"precision": 0.717948717948718, "recall": 0.8235294117647058, "f1-score": 0.767123287671233, "support": 34.0}, "ra": {"precision": 1.0, "recall": 0.1, "f1-score": 0.18181818181818182, "support": 10.0}, "dtp": {"precision": 0.49696969696969695, "recall": 0.5503355704697986, "f1-score": 0.5222929936305732, "support": 149.0}, "fi": {"precision": 1.0, "recall": 0.3333333333333333, "f1-score": 0.5, "support": 6.0}, "lt": {"precision": 0.8, "recall": 0.5263157894736842, "f1-score": 0.6349206349206348, "support": 38.0}, "rv": {"precision": 0.8059701492537313, "recall": 0.7105263157894737, "f1-score": 0.7552447552447553, "support": 76.0}, "ob": {"precision": 0.625, "recall": 0.5555555555555556, "f1-score": 0.5882352941176471, "support": 27.0}, "rs": {"precision": 0.7142857142857143, "recall": 0.7142857142857143, "f1-score": 0.7142857142857143, "support": 7.0}, "av": {"precision": 0.75, "recall": 0.10714285714285714, "f1-score": 0.1875, "support": 28.0}, "ds": {"precision": 0.7560975609756098, "recall": 0.7560975609756098, "f1-score": 0.7560975609756099, "support": 246.0}, "ed": {"precision": 0.0, "recall": 0.0, "f1-score": 0.0, "support": 10.0}}}