{"f1": 0.7240736907472574, "f1_macro": 0.6972939454667776, "precision": 0.7203459637561779, "recall": 0.7278401997503121, "accuracy": 0.5012087026591459, "threshold": 0.39999999999999997, "label_scores": {"MT": {"precision": 0.8461538461538461, "recall": 0.6875, "f1-score": 0.7586206896551724, "support": 64.0}, "LY": {"precision": 1.0, "recall": 0.6153846153846154, "f1-score": 0.761904761904762, "support": 13.0}, "SP": {"precision": 1.0, "recall": 0.26666666666666666, "f1-score": 0.4210526315789474, "support": 15.0}, "ID": {"precision": 0.9252336448598131, "recall": 0.825, "f1-score": 0.8722466960352423, "support": 120.0}, "NA": {"precision": 0.7243243243243244, "recall": 0.8246153846153846, "f1-score": 0.7712230215827338, "support": 325.0}, "HI": {"precision": 0.7222222222222222, "recall": 0.5416666666666666, "f1-score": 0.619047619047619, "support": 72.0}, "IN": {"precision": 0.7410714285714286, "recall": 0.778125, "f1-score": 0.7591463414634146, "support": 320.0}, "OP": {"precision": 0.6577181208053692, "recall": 0.6533333333333333, "f1-score": 0.6555183946488293, "support": 150.0}, "IP": {"precision": 0.751207729468599, "recall": 0.7994858611825193, "f1-score": 0.7745952677459527, "support": 389.0}, "it": {"precision": 1.0, "recall": 0.5, "f1-score": 0.6666666666666666, "support": 8.0}, "ne": {"precision": 0.6827586206896552, "recall": 0.7983870967741935, "f1-score": 0.7360594795539033, "support": 124.0}, "sr": {"precision": 0.9090909090909091, "recall": 0.8695652173913043, "f1-score": 0.888888888888889, "support": 23.0}, "nb": {"precision": 0.7094017094017094, "recall": 0.6484375, "f1-score": 0.6775510204081632, "support": 128.0}, "re": {"precision": 1.0, "recall": 0.7142857142857143, "f1-score": 0.8333333333333333, "support": 21.0}, "en": {"precision": 0.9, "recall": 0.7941176470588235, "f1-score": 0.84375, "support": 34.0}, "ra": {"precision": 0.0, "recall": 0.0, "f1-score": 0.0, "support": 10.0}, "dtp": {"precision": 0.4918032786885246, "recall": 0.6040268456375839, "f1-score": 0.5421686746987951, "support": 149.0}, "fi": {"precision": 1.0, "recall": 0.8333333333333334, "f1-score": 0.9090909090909091, "support": 6.0}, "lt": {"precision": 0.88, "recall": 0.5789473684210527, "f1-score": 0.6984126984126985, "support": 38.0}, "rv": {"precision": 0.8, "recall": 0.6842105263157895, "f1-score": 0.7375886524822695, "support": 76.0}, "ob": {"precision": 0.44, "recall": 0.4074074074074074, "f1-score": 0.4230769230769231, "support": 27.0}, "rs": {"precision": 0.6666666666666666, "recall": 0.5714285714285714, "f1-score": 0.6153846153846153, "support": 7.0}, "av": {"precision": 0.5833333333333334, "recall": 0.25, "f1-score": 0.35000000000000003, "support": 28.0}, "ds": {"precision": 0.6785714285714286, "recall": 0.7723577235772358, "f1-score": 0.7224334600760456, "support": 246.0}, "ed": {"precision": 0.0, "recall": 0.0, "f1-score": 0.0, "support": 10.0}}}