{"f1": 0.7376804380288701, "f1_macro": 0.6595107487503852, "precision": 0.7159420289855073, "recall": 0.7607802874743327, "accuracy": 0.6462882096069869, "threshold": 0.35, "label_scores": {"Forum": {"precision": 0.6666666666666666, "recall": 0.17391304347826086, "f1-score": 0.27586206896551724, "support": 23.0}, "Information/Explanation": {"precision": 0.5307262569832403, "recall": 0.7364341085271318, "f1-score": 0.6168831168831169, "support": 129.0}, "Instruction": {"precision": 0.8064516129032258, "recall": 0.6944444444444444, "f1-score": 0.746268656716418, "support": 36.0}, "Legal": {"precision": 0.7735849056603774, "recall": 0.7735849056603774, "f1-score": 0.7735849056603775, "support": 53.0}, "News": {"precision": 0.8495575221238938, "recall": 0.9411764705882353, "f1-score": 0.8930232558139535, "support": 204.0}, "Opinion/Argumentation": {"precision": 0.6214285714285714, "recall": 0.6397058823529411, "f1-score": 0.6304347826086957, "support": 136.0}, "Other": {"precision": 0.9066666666666666, "recall": 0.5528455284552846, "f1-score": 0.6868686868686869, "support": 123.0}, "Promotion": {"precision": 0.7156862745098039, "recall": 0.8725099601593626, "f1-score": 0.7863554757630162, "support": 251.0}, "Prose/Lyrical": {"precision": 0.5263157894736842, "recall": 0.5263157894736842, "f1-score": 0.5263157894736842, "support": 19.0}}}