{"f1": 0.7490701001430615, "precision": 0.7284362826933779, "recall": 0.7709069493521791, "accuracy": 0.5818777292576419, "threshold": 0.35, "label_scores": {"MT": {"precision": 0.9066666666666666, "recall": 0.6181818181818182, "f1-score": 0.7351351351351351, "support": 110.0}, "LY": {"precision": 0.0, "recall": 0.0, "f1-score": 0.0, "support": 7.0}, "SP": {"precision": 0.0, "recall": 0.0, "f1-score": 0.0, "support": 13.0}, "ID": {"precision": 0.6666666666666666, "recall": 0.17391304347826086, "f1-score": 0.27586206896551724, "support": 23.0}, "NA": {"precision": 0.8393574297188755, "recall": 0.9126637554585153, "f1-score": 0.8744769874476988, "support": 229.0}, "HI": {"precision": 0.8064516129032258, "recall": 0.7575757575757576, "f1-score": 0.7812499999999999, "support": 33.0}, "IN": {"precision": 0.6379310344827587, "recall": 0.8, "f1-score": 0.709832134292566, "support": 185.0}, "OP": {"precision": 0.4918032786885246, "recall": 0.6521739130434783, "f1-score": 0.5607476635514019, "support": 92.0}, "IP": {"precision": 0.7176470588235294, "recall": 0.8591549295774648, "f1-score": 0.782051282051282, "support": 284.0}, "it": {"precision": 0.0, "recall": 0.0, "f1-score": 0.0, "support": 7.0}, "ne": {"precision": 0.8256880733944955, "recall": 0.9424083769633508, "f1-score": 0.8801955990220048, "support": 191.0}, "sr": {"precision": 1.0, "recall": 0.6428571428571429, "f1-score": 0.782608695652174, "support": 14.0}, "nb": {"precision": 0.6666666666666666, "recall": 0.43478260869565216, "f1-score": 0.5263157894736841, "support": 23.0}, "re": {"precision": 0.9130434782608695, "recall": 1.0, "f1-score": 0.9545454545454545, "support": 21.0}, "en": {"precision": 0.0, "recall": 0.0, "f1-score": 0.0, "support": 4.0}, "ra": {"precision": 0.0, "recall": 0.0, "f1-score": 0.0, "support": 0.0}, "dtp": {"precision": 0.5384615384615384, "recall": 0.45652173913043476, "f1-score": 0.49411764705882355, "support": 46.0}, "fi": {"precision": 0.0, "recall": 0.0, "f1-score": 0.0, "support": 3.0}, "lt": {"precision": 0.7735849056603774, "recall": 0.7735849056603774, "f1-score": 0.7735849056603775, "support": 53.0}, "rv": {"precision": 0.45454545454545453, "recall": 0.4838709677419355, "f1-score": 0.46874999999999994, "support": 31.0}, "ob": {"precision": 0.4, "recall": 0.2727272727272727, "f1-score": 0.3243243243243243, "support": 22.0}, "rs": {"precision": 0.9090909090909091, "recall": 1.0, "f1-score": 0.9523809523809523, "support": 10.0}, "av": {"precision": 0.5294117647058824, "recall": 0.45, "f1-score": 0.48648648648648646, "support": 20.0}, "ds": {"precision": 0.7563636363636363, "recall": 0.8524590163934426, "f1-score": 0.8015414258188823, "support": 244.0}, "ed": {"precision": 0.6176470588235294, "recall": 0.6363636363636364, "f1-score": 0.6268656716417911, "support": 33.0}}}