{"f1": 0.8194370685077006, "f1_macro": 0.7778122248241178, "precision": 0.821618743343983, "recall": 0.8172669491525424, "accuracy": 0.7125581395348837, "threshold": 0.44999999999999996, "label_scores": {"MT": {"precision": 0.9852941176470589, "recall": 0.9640287769784173, "f1-score": 0.9745454545454545, "support": 139.0}, "LY": {"precision": 1.0, "recall": 0.3333333333333333, "f1-score": 0.5, "support": 3.0}, "SP": {"precision": 1.0, "recall": 0.5714285714285714, "f1-score": 0.7272727272727273, "support": 7.0}, "ID": {"precision": 0.8165137614678899, "recall": 0.8240740740740741, "f1-score": 0.8202764976958524, "support": 108.0}, "NA": {"precision": 0.8641975308641975, "recall": 0.8838383838383839, "f1-score": 0.8739076154806491, "support": 396.0}, "HI": {"precision": 0.7021276595744681, "recall": 0.6, "f1-score": 0.6470588235294118, "support": 55.0}, "IN": {"precision": 0.7361963190184049, "recall": 0.6976744186046512, "f1-score": 0.7164179104477612, "support": 172.0}, "OP": {"precision": 0.7727272727272727, "recall": 0.8439716312056738, "f1-score": 0.8067796610169492, "support": 141.0}, "IP": {"precision": 0.7857142857142857, "recall": 0.8208955223880597, "f1-score": 0.8029197080291971, "support": 134.0}, "it": {"precision": 1.0, "recall": 0.42857142857142855, "f1-score": 0.6, "support": 7.0}, "ne": {"precision": 0.782258064516129, "recall": 0.776, "f1-score": 0.7791164658634537, "support": 125.0}, "sr": {"precision": 0.9333333333333333, "recall": 1.0, "f1-score": 0.9655172413793104, "support": 42.0}, "nb": {"precision": 0.8793103448275862, "recall": 0.864406779661017, "f1-score": 0.8717948717948718, "support": 177.0}, "re": {"precision": 1.0, "recall": 1.0, "f1-score": 1.0, "support": 4.0}, "en": {"precision": 0.6818181818181818, "recall": 0.75, "f1-score": 0.7142857142857143, "support": 20.0}, "ra": {"precision": 0.42857142857142855, "recall": 0.75, "f1-score": 0.5454545454545454, "support": 4.0}, "dtp": {"precision": 0.6666666666666666, "recall": 0.5405405405405406, "f1-score": 0.5970149253731343, "support": 74.0}, "fi": {"precision": 0.0, "recall": 0.0, "f1-score": 0.0, "support": 4.0}, "lt": {"precision": 0.8125, "recall": 0.7647058823529411, "f1-score": 0.787878787878788, "support": 17.0}, "rv": {"precision": 0.8363636363636363, "recall": 0.8679245283018868, "f1-score": 0.8518518518518519, "support": 53.0}, "ob": {"precision": 0.7804878048780488, "recall": 0.8421052631578947, "f1-score": 0.810126582278481, "support": 38.0}, "rs": {"precision": 0.8444444444444444, "recall": 0.95, "f1-score": 0.8941176470588236, "support": 40.0}, "av": {"precision": 0.0, "recall": 0.0, "f1-score": 0.0, "support": 4.0}, "ds": {"precision": 0.8083333333333333, "recall": 0.8434782608695652, "f1-score": 0.8255319148936171, "support": 115.0}, "ed": {"precision": 0.0, "recall": 0.0, "f1-score": 0.0, "support": 9.0}}}