{"f1": 0.6193088315962698, "precision": 0.7047440699126092, "recall": 0.5523483365949119, "accuracy": 0.3794266441821248, "threshold": 0.3, "label_scores": {"MT": {"precision": 0.2, "recall": 0.7241379310344828, "f1-score": 0.31343283582089554, "support": 29.0}, "LY": {"precision": 0.8, "recall": 0.6666666666666666, "f1-score": 0.7272727272727272, "support": 12.0}, "SP": {"precision": 0.6666666666666666, "recall": 0.019230769230769232, "f1-score": 0.037383177570093455, "support": 104.0}, "ID": {"precision": 0.5294117647058824, "recall": 0.20454545454545456, "f1-score": 0.29508196721311475, "support": 44.0}, "NA": {"precision": 0.8788501026694046, "recall": 0.7392055267702936, "f1-score": 0.8030018761726079, "support": 579.0}, "HI": {"precision": 0.5202702702702703, "recall": 0.6062992125984252, "f1-score": 0.5599999999999999, "support": 127.0}, "IN": {"precision": 0.7429577464788732, "recall": 0.3892988929889299, "f1-score": 0.5108958837772397, "support": 542.0}, "OP": {"precision": 0.6322869955156951, "recall": 0.4812286689419795, "f1-score": 0.5465116279069767, "support": 293.0}, "IP": {"precision": 0.7138461538461538, "recall": 0.7388535031847133, "f1-score": 0.7261345852895149, "support": 314.0}}}