{"f1": 0.6507177033492823, "precision": 0.7010309278350515, "recall": 0.6071428571428571, "accuracy": 0.5963302752293578, "threshold": 0.6499999999999999, "label_scores": {"MT": {"precision": 0.0, "recall": 0.0, "f1-score": 0.0, "support": 3.0}, "LY": {"precision": 1.0, "recall": 1.0, "f1-score": 1.0, "support": 2.0}, "SP": {"precision": 1.0, "recall": 0.5, "f1-score": 0.6666666666666666, "support": 2.0}, "ID": {"precision": 1.0, "recall": 0.5, "f1-score": 0.6666666666666666, "support": 2.0}, "NA": {"precision": 0.7567567567567568, "recall": 0.8235294117647058, "f1-score": 0.7887323943661971, "support": 34.0}, "HI": {"precision": 0.5, "recall": 0.5, "f1-score": 0.5, "support": 2.0}, "IN": {"precision": 0.9473684210526315, "recall": 0.4186046511627907, "f1-score": 0.5806451612903226, "support": 43.0}, "OP": {"precision": 0.8333333333333334, "recall": 0.4166666666666667, "f1-score": 0.5555555555555556, "support": 12.0}, "IP": {"precision": 0.41379310344827586, "recall": 1.0, "f1-score": 0.5853658536585366, "support": 12.0}}}