{"f1": 0.5968992248062016, "precision": 0.5099337748344371, "recall": 0.719626168224299, "accuracy": 0.43, "threshold": 0.3, "label_scores": {"MT": {"precision": 0.3333333333333333, "recall": 0.25, "f1-score": 0.28571428571428575, "support": 4.0}, "LY": {"precision": 0.0, "recall": 0.0, "f1-score": 0.0, "support": 0.0}, "SP": {"precision": 0.5, "recall": 1.0, "f1-score": 0.6666666666666666, "support": 1.0}, "ID": {"precision": 0.4444444444444444, "recall": 1.0, "f1-score": 0.6153846153846153, "support": 4.0}, "NA": {"precision": 0.8095238095238095, "recall": 0.4722222222222222, "f1-score": 0.5964912280701755, "support": 36.0}, "HI": {"precision": 0.5, "recall": 0.6, "f1-score": 0.5454545454545454, "support": 10.0}, "IN": {"precision": 0.32608695652173914, "recall": 1.0, "f1-score": 0.4918032786885246, "support": 15.0}, "OP": {"precision": 0.08333333333333333, "recall": 0.25, "f1-score": 0.125, "support": 4.0}, "IP": {"precision": 0.6956521739130435, "recall": 0.9696969696969697, "f1-score": 0.810126582278481, "support": 33.0}}}