{"f1": 0.6853146853146853, "precision": 0.698005698005698, "recall": 0.6730769230769231, "accuracy": 0.608433734939759, "threshold": 0.49999999999999994, "label_scores": {"MT": {"precision": 0.0, "recall": 0.0, "f1-score": 0.0, "support": 0.0}, "LY": {"precision": 0.0, "recall": 0.0, "f1-score": 0.0, "support": 4.0}, "SP": {"precision": 0.0, "recall": 0.0, "f1-score": 0.0, "support": 0.0}, "ID": {"precision": 0.6666666666666666, "recall": 0.23529411764705882, "f1-score": 0.3478260869565218, "support": 17.0}, "NA": {"precision": 0.7669172932330827, "recall": 0.9026548672566371, "f1-score": 0.8292682926829268, "support": 113.0}, "HI": {"precision": 0.7619047619047619, "recall": 0.5, "f1-score": 0.6037735849056604, "support": 32.0}, "IN": {"precision": 0.4827586206896552, "recall": 0.509090909090909, "f1-score": 0.49557522123893805, "support": 55.0}, "OP": {"precision": 0.5714285714285714, "recall": 0.5333333333333333, "f1-score": 0.5517241379310344, "support": 30.0}, "IP": {"precision": 0.8144329896907216, "recall": 0.6991150442477876, "f1-score": 0.7523809523809524, "support": 113.0}}}