{"f1": 0.7455250046133972, "precision": 0.7408086549922068, "recall": 0.750301792181261, "accuracy": 0.6185599331173581, "threshold": 0.44999999999999996, "label_scores": {"MT": {"precision": 0.0, "recall": 0.0, "f1-score": 0.0, "support": 0.0}, "LY": {"precision": 0.9338842975206612, "recall": 0.837037037037037, "f1-score": 0.8828125, "support": 135.0}, "SP": {"precision": 0.6891891891891891, "recall": 0.6986301369863014, "f1-score": 0.6938775510204082, "support": 146.0}, "ID": {"precision": 0.8649921507064364, "recall": 0.8032069970845481, "f1-score": 0.8329554043839758, "support": 686.0}, "NA": {"precision": 0.8073578595317725, "recall": 0.849202626641651, "f1-score": 0.8277517430563492, "support": 4264.0}, "HI": {"precision": 0.6666666666666666, "recall": 0.6228710462287105, "f1-score": 0.6440251572327045, "support": 411.0}, "IN": {"precision": 0.68547197640118, "recall": 0.7161016949152542, "f1-score": 0.7004521477015825, "support": 2596.0}, "OP": {"precision": 0.6531924666972898, "recall": 0.6679192108971348, "f1-score": 0.660473757547608, "support": 2129.0}, "IP": {"precision": 0.6666666666666666, "recall": 0.3880597014925373, "f1-score": 0.490566037735849, "support": 402.0}}}