{"f1": 0.7841144362883493, "precision": 0.8114530580444098, "recall": 0.758557902403496, "accuracy": 0.5978344934261408, "pr_auc": 0.8408169160198966, "threshold": 0.44999999999999996, "label_scores": {"MT": {"precision": 0.8899082568807339, "recall": 0.8362068965517241, "f1-score": 0.8622222222222222, "support": 116.0}, "LY": {"precision": 0.0, "recall": 0.0, "f1-score": 0.0, "support": 15.0}, "SP": {"precision": 0.0, "recall": 0.0, "f1-score": 0.0, "support": 7.0}, "ID": {"precision": 0.9375, "recall": 0.5882352941176471, "f1-score": 0.7228915662650602, "support": 51.0}, "NA": {"precision": 0.8459595959595959, "recall": 0.8524173027989822, "f1-score": 0.8491761723700887, "support": 393.0}, "HI": {"precision": 0.7543859649122807, "recall": 0.5512820512820513, "f1-score": 0.6370370370370372, "support": 78.0}, "IN": {"precision": 0.8104956268221575, "recall": 0.8224852071005917, "f1-score": 0.8164464023494861, "support": 338.0}, "OP": {"precision": 0.732484076433121, "recall": 0.7012195121951219, "f1-score": 0.7165109034267911, "support": 164.0}, "IP": {"precision": 0.8686868686868687, "recall": 0.8075117370892019, "f1-score": 0.8369829683698298, "support": 426.0}, "it": {"precision": 0.0, "recall": 0.0, "f1-score": 0.0, "support": 6.0}, "ne": {"precision": 0.7956989247311828, "recall": 0.7789473684210526, "f1-score": 0.7872340425531914, "support": 95.0}, "sr": {"precision": 1.0, "recall": 0.35714285714285715, "f1-score": 0.5263157894736842, "support": 14.0}, "nb": {"precision": 0.803030303030303, "recall": 0.8617886178861789, "f1-score": 0.8313725490196078, "support": 246.0}, "re": {"precision": 0.8823529411764706, "recall": 0.8333333333333334, "f1-score": 0.8571428571428571, "support": 18.0}, "en": {"precision": 0.9130434782608695, "recall": 0.9473684210526315, "f1-score": 0.9298892988929889, "support": 133.0}, "ra": {"precision": 0.0, "recall": 0.0, "f1-score": 0.0, "support": 1.0}, "dtp": {"precision": 0.4875, "recall": 0.41935483870967744, "f1-score": 0.4508670520231214, "support": 93.0}, "fi": {"precision": 1.0, "recall": 0.6, "f1-score": 0.7499999999999999, "support": 30.0}, "lt": {"precision": 0.7586206896551724, "recall": 0.5789473684210527, "f1-score": 0.6567164179104478, "support": 38.0}, "rv": {"precision": 0.7540983606557377, "recall": 0.6764705882352942, "f1-score": 0.7131782945736433, "support": 68.0}, "ob": {"precision": 0.6271186440677966, "recall": 0.6851851851851852, "f1-score": 0.6548672566371682, "support": 54.0}, "rs": {"precision": 0.0, "recall": 0.0, "f1-score": 0.0, "support": 9.0}, "av": {"precision": 0.625, "recall": 0.18518518518518517, "f1-score": 0.2857142857142857, "support": 27.0}, "ds": {"precision": 0.7934426229508197, "recall": 0.7634069400630915, "f1-score": 0.7781350482315113, "support": 317.0}, "ed": {"precision": 0.0, "recall": 0.0, "f1-score": 0.0, "support": 9.0}}}