{"f1": 0.7817824377457404, "f1_macro": 0.6924131642132565, "precision": 0.8088135593220339, "recall": 0.7564996829422955, "accuracy": 0.6774941995359629, "threshold": 0.44999999999999996, "label_scores": {"Forum": {"precision": 0.9375, "recall": 0.5882352941176471, "f1-score": 0.7228915662650602, "support": 51.0}, "Information/Explanation": {"precision": 0.7398648648648649, "recall": 0.8081180811808119, "f1-score": 0.7724867724867726, "support": 271.0}, "Instruction": {"precision": 0.8133333333333334, "recall": 0.5700934579439252, "f1-score": 0.6703296703296704, "support": 107.0}, "Legal": {"precision": 0.7586206896551724, "recall": 0.5789473684210527, "f1-score": 0.6567164179104478, "support": 38.0}, "News": {"precision": 0.8163265306122449, "recall": 0.7339449541284404, "f1-score": 0.7729468599033816, "support": 109.0}, "Opinion/Argumentation": {"precision": 0.8275862068965517, "recall": 0.8527918781725888, "f1-score": 0.84, "support": 394.0}, "Other": {"precision": 0.8899082568807339, "recall": 0.7886178861788617, "f1-score": 0.8362068965517241, "support": 123.0}, "Promotion": {"precision": 0.8636363636363636, "recall": 0.8201438848920863, "f1-score": 0.8413284132841329, "support": 417.0}, "Prose/Lyrical": {"precision": 0.17647058823529413, "recall": 0.08955223880597014, "f1-score": 0.1188118811881188, "support": 67.0}}}