{"f1": 0.5405639913232104, "f1_macro": 0.45365295208546974, "precision": 0.5379965457685665, "recall": 0.5431560592850916, "accuracy": 0.46443514644351463, "threshold": 0.44999999999999996, "label_scores": {"Forum": {"precision": 0.8961038961038961, "recall": 0.5974025974025974, "f1-score": 0.7168831168831169, "support": 231.0}, "Information/Explanation": {"precision": 0.29754601226993865, "recall": 0.8738738738738738, "f1-score": 0.4439359267734554, "support": 333.0}, "Instruction": {"precision": 0.47540983606557374, "recall": 0.2396694214876033, "f1-score": 0.3186813186813187, "support": 121.0}, "Legal": {"precision": 1.0, "recall": 0.038461538461538464, "f1-score": 0.07407407407407407, "support": 26.0}, "News": {"precision": 0.7508305647840532, "recall": 0.7635135135135135, "f1-score": 0.7571189279731994, "support": 296.0}, "Opinion/Argumentation": {"precision": 0.7276507276507277, "recall": 0.6433823529411765, "f1-score": 0.6829268292682927, "support": 544.0}, "Other": {"precision": 0.8571428571428571, "recall": 0.02040816326530612, "f1-score": 0.03986710963455149, "support": 294.0}, "Promotion": {"precision": 0.6917808219178082, "recall": 0.43722943722943725, "f1-score": 0.5358090185676392, "support": 231.0}, "Prose/Lyrical": {"precision": 0.5561497326203209, "recall": 0.47706422018348627, "f1-score": 0.5135802469135803, "support": 218.0}}}