{"f1": 0.7378824803682643, "f1_macro": 0.6864532123824567, "precision": 0.7113644274277758, "recall": 0.7664541533845866, "accuracy": 0.6167833629428362, "threshold": 0.39999999999999997, "label_scores": {"Forum": {"precision": 0.856929955290611, "recall": 0.8381924198250729, "f1-score": 0.847457627118644, "support": 686.0}, "Information/Explanation": {"precision": 0.6719910846953938, "recall": 0.7259229534510433, "f1-score": 0.6979166666666666, "support": 2492.0}, "Instruction": {"precision": 0.6606425702811245, "recall": 0.7044967880085653, "f1-score": 0.6818652849740933, "support": 467.0}, "Legal": {"precision": 0.8947368421052632, "recall": 0.425, "f1-score": 0.576271186440678, "support": 40.0}, "News": {"precision": 0.8148496240601504, "recall": 0.8796077105174163, "f1-score": 0.8459912180842413, "support": 2957.0}, "Opinion/Argumentation": {"precision": 0.7033723331039229, "recall": 0.7810470003821169, "f1-score": 0.7401774397972117, "support": 2617.0}, "Other": {"precision": 0.6606060606060606, "recall": 0.7465753424657534, "f1-score": 0.7009646302250804, "support": 146.0}, "Promotion": {"precision": 0.60932944606414, "recall": 0.5456919060052219, "f1-score": 0.5757575757575758, "support": 383.0}, "Prose/Lyrical": {"precision": 0.47912524850894633, "recall": 0.5489749430523918, "f1-score": 0.5116772823779193, "support": 878.0}}}