{"f1": 0.619047619047619, "f1_macro": 0.6419131934131934, "precision": 0.5416666666666666, "recall": 0.7222222222222222, "accuracy": 0.057692307692307696, "threshold": 0.44999999999999996, "label_scores": {"MT": {"precision": 0.6153846153846154, "recall": 0.7272727272727273, "f1-score": 0.6666666666666667, "support": 11.0}, "LY": {"precision": 0.0, "recall": 0.0, "f1-score": 0.0, "support": 0.0}, "SP": {"precision": 1.0, "recall": 1.0, "f1-score": 1.0, "support": 1.0}, "ID": {"precision": 1.0, "recall": 0.16666666666666666, "f1-score": 0.2857142857142857, "support": 6.0}, "NA": {"precision": 0.6206896551724138, "recall": 0.8571428571428571, "f1-score": 0.7200000000000001, "support": 21.0}, "HI": {"precision": 0.46153846153846156, "recall": 0.8571428571428571, "f1-score": 0.6, "support": 7.0}, "IN": {"precision": 0.5227272727272727, "recall": 0.8846153846153846, "f1-score": 0.6571428571428571, "support": 26.0}, "OP": {"precision": 0.4166666666666667, "recall": 0.625, "f1-score": 0.5, "support": 16.0}, "IP": {"precision": 0.5111111111111111, "recall": 0.7931034482758621, "f1-score": 0.6216216216216216, "support": 29.0}, "it": {"precision": 0.0, "recall": 0.0, "f1-score": 0.0, "support": 0.0}, "ne": {"precision": 0.5, "recall": 0.8, "f1-score": 0.6153846153846154, "support": 10.0}, "sr": {"precision": 0.6, "recall": 1.0, "f1-score": 0.7499999999999999, "support": 3.0}, "nb": {"precision": 0.6, "recall": 0.75, "f1-score": 0.6666666666666665, "support": 8.0}, "re": {"precision": 0.8, "recall": 1.0, "f1-score": 0.888888888888889, "support": 4.0}, "en": {"precision": 0.0, "recall": 0.0, "f1-score": 0.0, "support": 2.0}, "ra": {"precision": 0.0, "recall": 0.0, "f1-score": 0.0, "support": 0.0}, "dtp": {"precision": 0.6, "recall": 0.6, "f1-score": 0.6, "support": 5.0}, "fi": {"precision": 1.0, "recall": 1.0, "f1-score": 1.0, "support": 1.0}, "lt": {"precision": 0.8571428571428571, "recall": 0.8571428571428571, "f1-score": 0.8571428571428571, "support": 7.0}, "rv": {"precision": 0.42857142857142855, "recall": 0.6, "f1-score": 0.5, "support": 5.0}, "ob": {"precision": 0.2, "recall": 0.25, "f1-score": 0.22222222222222224, "support": 4.0}, "rs": {"precision": 0.0, "recall": 0.0, "f1-score": 0.0, "support": 0.0}, "av": {"precision": 1.0, "recall": 0.4, "f1-score": 0.5714285714285715, "support": 5.0}, "ds": {"precision": 0.5454545454545454, "recall": 0.7058823529411765, "f1-score": 0.6153846153846153, "support": 17.0}, "ed": {"precision": 0.6666666666666666, "recall": 0.4, "f1-score": 0.5, "support": 10.0}}}