{"f1": 0.8113137327874954, "f1_macro": 0.7208076013241999, "precision": 0.8014705882352942, "recall": 0.8214016578749058, "accuracy": 0.7513089005235603, "threshold": 0.44999999999999996, "label_scores": {"MT": {"precision": 0.9701492537313433, "recall": 0.6565656565656566, "f1-score": 0.7831325301204819, "support": 99.0}, "LY": {"precision": 0.6666666666666666, "recall": 0.8, "f1-score": 0.7272727272727272, "support": 5.0}, "SP": {"precision": 1.0, "recall": 0.45454545454545453, "f1-score": 0.625, "support": 11.0}, "ID": {"precision": 0.625, "recall": 0.45454545454545453, "f1-score": 0.5263157894736842, "support": 11.0}, "NA": {"precision": 0.8888888888888888, "recall": 0.9435897435897436, "f1-score": 0.9154228855721394, "support": 195.0}, "HI": {"precision": 0.8235294117647058, "recall": 0.8235294117647058, "f1-score": 0.8235294117647058, "support": 17.0}, "IN": {"precision": 0.7371794871794872, "recall": 0.8273381294964028, "f1-score": 0.7796610169491525, "support": 139.0}, "OP": {"precision": 0.8157894736842105, "recall": 0.5081967213114754, "f1-score": 0.6262626262626263, "support": 61.0}, "IP": {"precision": 0.7807692307692308, "recall": 0.8982300884955752, "f1-score": 0.8353909465020576, "support": 226.0}, "it": {"precision": 1.0, "recall": 0.8333333333333334, "f1-score": 0.9090909090909091, "support": 6.0}, "ne": {"precision": 0.8864864864864865, "recall": 0.9265536723163842, "f1-score": 0.9060773480662982, "support": 177.0}, "sr": {"precision": 0.6363636363636364, "recall": 0.7777777777777778, "f1-score": 0.7000000000000001, "support": 9.0}, "nb": {"precision": 0.7, "recall": 0.7777777777777778, "f1-score": 0.7368421052631577, "support": 9.0}, "re": {"precision": 1.0, "recall": 1.0, "f1-score": 1.0, "support": 12.0}, "en": {"precision": 0.2857142857142857, "recall": 1.0, "f1-score": 0.4444444444444445, "support": 2.0}, "ra": {"precision": 0.0, "recall": 0.0, "f1-score": 0.0, "support": 0.0}, "dtp": {"precision": 0.5106382978723404, "recall": 0.6486486486486487, "f1-score": 0.5714285714285715, "support": 37.0}, "fi": {"precision": 0.0, "recall": 0.0, "f1-score": 0.0, "support": 1.0}, "lt": {"precision": 0.6923076923076923, "recall": 0.8181818181818182, "f1-score": 0.7500000000000001, "support": 33.0}, "rv": {"precision": 0.5, "recall": 0.2777777777777778, "f1-score": 0.35714285714285715, "support": 18.0}, "ob": {"precision": 0.0, "recall": 0.0, "f1-score": 0.0, "support": 16.0}, "rs": {"precision": 0.75, "recall": 0.9, "f1-score": 0.8181818181818182, "support": 10.0}, "av": {"precision": 0.75, "recall": 0.5, "f1-score": 0.6, "support": 12.0}, "ds": {"precision": 0.8043478260869565, "recall": 0.9203980099502488, "f1-score": 0.8584686774941996, "support": 201.0}, "ed": {"precision": 0.5789473684210527, "recall": 0.55, "f1-score": 0.5641025641025641, "support": 20.0}}}