{"f1": 0.5682451253481895, "f1_macro": 0.6028169708476614, "precision": 0.8095238095238095, "recall": 0.43776824034334766, "accuracy": 0.0, "threshold": 0.44999999999999996, "label_scores": {"MT": {"precision": 0.0, "recall": 0.0, "f1-score": 0.0, "support": 12.0}, "LY": {"precision": 1.0, "recall": 0.6666666666666666, "f1-score": 0.8, "support": 3.0}, "SP": {"precision": 1.0, "recall": 0.25, "f1-score": 0.4, "support": 4.0}, "ID": {"precision": 0.6666666666666666, "recall": 0.7272727272727273, "f1-score": 0.6956521739130435, "support": 11.0}, "NA": {"precision": 0.9354838709677419, "recall": 0.47540983606557374, "f1-score": 0.6304347826086957, "support": 61.0}, "HI": {"precision": 0.8571428571428571, "recall": 0.21428571428571427, "f1-score": 0.34285714285714286, "support": 28.0}, "IN": {"precision": 0.8823529411764706, "recall": 0.5555555555555556, "f1-score": 0.6818181818181819, "support": 54.0}, "OP": {"precision": 0.8421052631578947, "recall": 0.34782608695652173, "f1-score": 0.49230769230769234, "support": 46.0}, "IP": {"precision": 0.8461538461538461, "recall": 0.4782608695652174, "f1-score": 0.6111111111111112, "support": 69.0}, "it": {"precision": 1.0, "recall": 0.5, "f1-score": 0.6666666666666666, "support": 2.0}, "ne": {"precision": 0.7272727272727273, "recall": 0.5333333333333333, "f1-score": 0.6153846153846153, "support": 15.0}, "sr": {"precision": 1.0, "recall": 0.6666666666666666, "f1-score": 0.8, "support": 3.0}, "nb": {"precision": 0.7692307692307693, "recall": 0.3225806451612903, "f1-score": 0.45454545454545453, "support": 31.0}, "re": {"precision": 0.75, "recall": 0.6, "f1-score": 0.6666666666666665, "support": 5.0}, "en": {"precision": 1.0, "recall": 0.75, "f1-score": 0.8571428571428571, "support": 4.0}, "ra": {"precision": 0.0, "recall": 0.0, "f1-score": 0.0, "support": 0.0}, "dtp": {"precision": 0.7857142857142857, "recall": 0.3548387096774194, "f1-score": 0.48888888888888893, "support": 31.0}, "fi": {"precision": 0.0, "recall": 0.0, "f1-score": 0.0, "support": 1.0}, "lt": {"precision": 1.0, "recall": 0.4444444444444444, "f1-score": 0.6153846153846153, "support": 9.0}, "rv": {"precision": 0.9166666666666666, "recall": 0.5, "f1-score": 0.6470588235294118, "support": 22.0}, "ob": {"precision": 1.0, "recall": 0.2, "f1-score": 0.33333333333333337, "support": 5.0}, "rs": {"precision": 1.0, "recall": 1.0, "f1-score": 1.0, "support": 1.0}, "av": {"precision": 0.5, "recall": 0.14285714285714285, "f1-score": 0.22222222222222224, "support": 14.0}, "ds": {"precision": 0.6285714285714286, "recall": 0.6470588235294118, "f1-score": 0.6376811594202899, "support": 34.0}, "ed": {"precision": 0.0, "recall": 0.0, "f1-score": 0.0, "support": 1.0}}}