{"f1": 0.6484098939929329, "f1_macro": 0.5227263164769813, "precision": 0.6382608695652174, "recall": 0.6588868940754039, "accuracy": 0.4384858044164038, "threshold": 0.39999999999999997, "label_scores": {"MT": {"precision": 0.3333333333333333, "recall": 0.4, "f1-score": 0.3636363636363636, "support": 5.0}, "LY": {"precision": 0.4, "recall": 0.6666666666666666, "f1-score": 0.5, "support": 3.0}, "SP": {"precision": 0.0, "recall": 0.0, "f1-score": 0.0, "support": 1.0}, "ID": {"precision": 0.5454545454545454, "recall": 0.75, "f1-score": 0.631578947368421, "support": 8.0}, "NA": {"precision": 0.8620689655172413, "recall": 0.7731958762886598, "f1-score": 0.8152173913043478, "support": 97.0}, "HI": {"precision": 0.36363636363636365, "recall": 0.3333333333333333, "f1-score": 0.34782608695652173, "support": 12.0}, "IN": {"precision": 0.5, "recall": 0.9411764705882353, "f1-score": 0.6530612244897959, "support": 68.0}, "OP": {"precision": 0.42105263157894735, "recall": 0.21621621621621623, "f1-score": 0.28571428571428575, "support": 37.0}, "IP": {"precision": 0.8645833333333334, "recall": 0.7217391304347827, "f1-score": 0.7867298578199053, "support": 115.0}, "it": {"precision": 0.0, "recall": 0.0, "f1-score": 0.0, "support": 0.0}, "ne": {"precision": 0.5142857142857142, "recall": 0.75, "f1-score": 0.6101694915254237, "support": 24.0}, "sr": {"precision": 1.0, "recall": 1.0, "f1-score": 1.0, "support": 7.0}, "nb": {"precision": 0.2, "recall": 0.2, "f1-score": 0.20000000000000004, "support": 10.0}, "re": {"precision": 0.0, "recall": 0.0, "f1-score": 0.0, "support": 0.0}, "en": {"precision": 0.3333333333333333, "recall": 1.0, "f1-score": 0.5, "support": 1.0}, "ra": {"precision": 0.625, "recall": 0.8333333333333334, "f1-score": 0.7142857142857143, "support": 6.0}, "dtp": {"precision": 0.2, "recall": 0.42857142857142855, "f1-score": 0.27272727272727276, "support": 14.0}, "fi": {"precision": 0.0, "recall": 0.0, "f1-score": 0.0, "support": 5.0}, "lt": {"precision": 0.6666666666666666, "recall": 0.5882352941176471, "f1-score": 0.625, "support": 17.0}, "rv": {"precision": 0.4166666666666667, "recall": 0.3333333333333333, "f1-score": 0.3703703703703704, "support": 15.0}, "ob": {"precision": 1.0, "recall": 0.2, "f1-score": 0.33333333333333337, "support": 5.0}, "rs": {"precision": 0.0, "recall": 0.0, "f1-score": 0.0, "support": 0.0}, "av": {"precision": 0.5, "recall": 0.1111111111111111, "f1-score": 0.1818181818181818, "support": 9.0}, "ds": {"precision": 0.788235294117647, "recall": 0.6979166666666666, "f1-score": 0.7403314917127071, "support": 96.0}, "ed": {"precision": 0.0, "recall": 0.0, "f1-score": 0.0, "support": 2.0}}}