{"f1": 0.8109036273878514, "precision": 0.8004237288135593, "recall": 0.8216615919965202, "accuracy": 0.7433751743375174, "pr_auc": 0.884236930280185, "threshold": 0.44999999999999996, "label_scores": {"MT": {"precision": 0.988929889298893, "recall": 0.9710144927536232, "f1-score": 0.979890310786106, "support": 276.0}, "LY": {"precision": 0.25, "recall": 0.2, "f1-score": 0.22222222222222224, "support": 5.0}, "SP": {"precision": 0.7857142857142857, "recall": 0.6111111111111112, "f1-score": 0.6875000000000001, "support": 18.0}, "ID": {"precision": 0.8900523560209425, "recall": 0.7359307359307359, "f1-score": 0.8056872037914692, "support": 231.0}, "NA": {"precision": 0.8211678832116789, "recall": 0.8952254641909815, "f1-score": 0.8565989847715737, "support": 754.0}, "HI": {"precision": 0.78, "recall": 0.6666666666666666, "f1-score": 0.7188940092165899, "support": 117.0}, "IN": {"precision": 0.6615384615384615, "recall": 0.712707182320442, "f1-score": 0.6861702127659575, "support": 362.0}, "OP": {"precision": 0.7633333333333333, "recall": 0.8063380281690141, "f1-score": 0.7842465753424657, "support": 284.0}, "IP": {"precision": 0.7425373134328358, "recall": 0.7896825396825397, "f1-score": 0.7653846153846154, "support": 252.0}}}