{"f1": 0.5076923076923077, "f1_macro": 0.5670258980785297, "precision": 0.5689655172413793, "recall": 0.4583333333333333, "accuracy": 0.29, "threshold": 0.49999999999999994, "label_scores": {"MT": {"precision": 0.0, "recall": 0.0, "f1-score": 0.0, "support": 0.0}, "LY": {"precision": 0.0, "recall": 0.0, "f1-score": 0.0, "support": 0.0}, "SP": {"precision": 1.0, "recall": 1.0, "f1-score": 1.0, "support": 1.0}, "ID": {"precision": 0.6666666666666666, "recall": 1.0, "f1-score": 0.8, "support": 4.0}, "NA": {"precision": 0.8888888888888888, "recall": 0.24242424242424243, "f1-score": 0.38095238095238093, "support": 33.0}, "HI": {"precision": 1.0, "recall": 0.25, "f1-score": 0.4, "support": 8.0}, "IN": {"precision": 0.5, "recall": 0.7857142857142857, "f1-score": 0.6111111111111112, "support": 14.0}, "OP": {"precision": 0.0, "recall": 0.0, "f1-score": 0.0, "support": 1.0}, "IP": {"precision": 0.8709677419354839, "recall": 0.84375, "f1-score": 0.8571428571428571, "support": 32.0}, "it": {"precision": 0.0, "recall": 0.0, "f1-score": 0.0, "support": 1.0}, "ne": {"precision": 0.0, "recall": 0.0, "f1-score": 0.0, "support": 3.0}, "sr": {"precision": 0.0, "recall": 0.0, "f1-score": 0.0, "support": 0.0}, "nb": {"precision": 1.0, "recall": 0.26666666666666666, "f1-score": 0.4210526315789474, "support": 30.0}, "re": {"precision": 0.0, "recall": 0.0, "f1-score": 0.0, "support": 0.0}, "en": {"precision": 0.0, "recall": 0.0, "f1-score": 0.0, "support": 0.0}, "ra": {"precision": 0.0, "recall": 0.0, "f1-score": 0.0, "support": 0.0}, "dtp": {"precision": 0.75, "recall": 0.375, "f1-score": 0.5, "support": 8.0}, "fi": {"precision": 0.0, "recall": 0.0, "f1-score": 0.0, "support": 0.0}, "lt": {"precision": 0.3333333333333333, "recall": 1.0, "f1-score": 0.5, "support": 1.0}, "rv": {"precision": 0.0, "recall": 0.0, "f1-score": 0.0, "support": 0.0}, "ob": {"precision": 0.0, "recall": 0.0, "f1-score": 0.0, "support": 0.0}, "rs": {"precision": 0.0, "recall": 0.0, "f1-score": 0.0, "support": 0.0}, "av": {"precision": 0.0, "recall": 0.0, "f1-score": 0.0, "support": 1.0}, "ds": {"precision": 0.0, "recall": 0.0, "f1-score": 0.0, "support": 0.0}, "ed": {"precision": 0.0, "recall": 0.0, "f1-score": 0.0, "support": 0.0}, "MIX": {"precision": 0.3333333333333333, "recall": 0.14285714285714285, "f1-score": 0.2, "support": 7.0}}}