{"f1": 0.7847573682643644, "f1_macro": 0.7066755353851153, "precision": 0.759435321233074, "recall": 0.8118263012011088, "accuracy": 0.6778221778221778, "threshold": 0.44999999999999996, "label_scores": {"MT": {"precision": 0.9865470852017937, "recall": 0.9691629955947136, "f1-score": 0.9777777777777777, "support": 227.0}, "LY": {"precision": 0.3333333333333333, "recall": 0.25, "f1-score": 0.28571428571428575, "support": 4.0}, "SP": {"precision": 0.7692307692307693, "recall": 0.5882352941176471, "f1-score": 0.6666666666666667, "support": 17.0}, "ID": {"precision": 0.8888888888888888, "recall": 0.7476635514018691, "f1-score": 0.8121827411167512, "support": 214.0}, "NA": {"precision": 0.8158567774936062, "recall": 0.9153515064562411, "f1-score": 0.8627450980392157, "support": 697.0}, "HI": {"precision": 0.7590361445783133, "recall": 0.7325581395348837, "f1-score": 0.7455621301775147, "support": 86.0}, "IN": {"precision": 0.6450704225352113, "recall": 0.722397476340694, "f1-score": 0.6815476190476191, "support": 317.0}, "OP": {"precision": 0.7148760330578512, "recall": 0.8046511627906977, "f1-score": 0.7571115973741793, "support": 215.0}, "IP": {"precision": 0.7341269841269841, "recall": 0.8222222222222222, "f1-score": 0.7756813417190777, "support": 225.0}, "it": {"precision": 0.7142857142857143, "recall": 0.4166666666666667, "f1-score": 0.5263157894736842, "support": 12.0}, "ne": {"precision": 0.630718954248366, "recall": 0.9018691588785047, "f1-score": 0.7423076923076924, "support": 214.0}, "sr": {"precision": 0.8933333333333333, "recall": 0.9852941176470589, "f1-score": 0.9370629370629371, "support": 68.0}, "nb": {"precision": 0.8305647840531561, "recall": 0.7911392405063291, "f1-score": 0.8103727714748784, "support": 316.0}, "re": {"precision": 0.7142857142857143, "recall": 0.8333333333333334, "f1-score": 0.7692307692307692, "support": 6.0}, "en": {"precision": 0.5918367346938775, "recall": 0.725, "f1-score": 0.6516853932584269, "support": 40.0}, "ra": {"precision": 0.6428571428571429, "recall": 0.6428571428571429, "f1-score": 0.6428571428571429, "support": 14.0}, "dtp": {"precision": 0.4888888888888889, "recall": 0.5641025641025641, "f1-score": 0.5238095238095238, "support": 117.0}, "fi": {"precision": 1.0, "recall": 0.25, "f1-score": 0.4, "support": 4.0}, "lt": {"precision": 0.7142857142857143, "recall": 0.6818181818181818, "f1-score": 0.6976744186046512, "support": 22.0}, "rv": {"precision": 0.6164383561643836, "recall": 0.8333333333333334, "f1-score": 0.7086614173228347, "support": 54.0}, "ob": {"precision": 0.65, "recall": 0.5735294117647058, "f1-score": 0.609375, "support": 68.0}, "rs": {"precision": 0.8875, "recall": 0.8554216867469879, "f1-score": 0.8711656441717791, "support": 83.0}, "av": {"precision": 0.0, "recall": 0.0, "f1-score": 0.0, "support": 8.0}, "ds": {"precision": 0.7788461538461539, "recall": 0.8181818181818182, "f1-score": 0.7980295566502463, "support": 198.0}, "ed": {"precision": 0.0, "recall": 0.0, "f1-score": 0.0, "support": 21.0}}}