{"f1": 0.5508684863523573, "f1_macro": 0.5898865756799162, "precision": 0.5842105263157895, "recall": 0.5211267605633803, "accuracy": 0.44360902255639095, "threshold": 0.49999999999999994, "label_scores": {"MT": {"precision": 0.9285714285714286, "recall": 0.8666666666666667, "f1-score": 0.896551724137931, "support": 15.0}, "LY": {"precision": 0.0, "recall": 0.0, "f1-score": 0.0, "support": 0.0}, "SP": {"precision": 0.0, "recall": 0.0, "f1-score": 0.0, "support": 0.0}, "ID": {"precision": 1.0, "recall": 1.0, "f1-score": 1.0, "support": 2.0}, "NA": {"precision": 0.7368421052631579, "recall": 0.6086956521739131, "f1-score": 0.6666666666666666, "support": 23.0}, "HI": {"precision": 0.6666666666666666, "recall": 0.25, "f1-score": 0.36363636363636365, "support": 8.0}, "IN": {"precision": 0.7142857142857143, "recall": 0.4838709677419355, "f1-score": 0.5769230769230769, "support": 31.0}, "OP": {"precision": 1.0, "recall": 0.125, "f1-score": 0.2222222222222222, "support": 8.0}, "IP": {"precision": 0.47619047619047616, "recall": 0.8, "f1-score": 0.5970149253731344, "support": 25.0}, "it": {"precision": 0.0, "recall": 0.0, "f1-score": 0.0, "support": 0.0}, "ne": {"precision": 1.0, "recall": 0.6, "f1-score": 0.7499999999999999, "support": 10.0}, "sr": {"precision": 1.0, "recall": 0.25, "f1-score": 0.4, "support": 4.0}, "nb": {"precision": 0.4, "recall": 0.6666666666666666, "f1-score": 0.5, "support": 6.0}, "re": {"precision": 1.0, "recall": 0.3333333333333333, "f1-score": 0.5, "support": 6.0}, "en": {"precision": 0.75, "recall": 1.0, "f1-score": 0.8571428571428571, "support": 3.0}, "ra": {"precision": 0.0, "recall": 0.0, "f1-score": 0.0, "support": 0.0}, "dtp": {"precision": 0.5714285714285714, "recall": 0.3076923076923077, "f1-score": 0.4, "support": 13.0}, "fi": {"precision": 0.0, "recall": 0.0, "f1-score": 0.0, "support": 4.0}, "lt": {"precision": 1.0, "recall": 1.0, "f1-score": 1.0, "support": 1.0}, "rv": {"precision": 1.0, "recall": 0.3333333333333333, "f1-score": 0.5, "support": 3.0}, "ob": {"precision": 0.0, "recall": 0.0, "f1-score": 0.0, "support": 2.0}, "rs": {"precision": 0.0, "recall": 0.0, "f1-score": 0.0, "support": 1.0}, "av": {"precision": 0.0, "recall": 0.0, "f1-score": 0.0, "support": 2.0}, "ds": {"precision": 0.5, "recall": 0.9047619047619048, "f1-score": 0.6440677966101696, "support": 21.0}, "ed": {"precision": 0.0, "recall": 0.0, "f1-score": 0.0, "support": 4.0}, "MIX": {"precision": 0.16666666666666666, "recall": 0.14285714285714285, "f1-score": 0.15384615384615383, "support": 21.0}}}