{"f1": 0.6895604395604396, "f1_macro": 0.5838361967919381, "precision": 0.6895604395604396, "recall": 0.6895604395604396, "accuracy": 0.6114457831325302, "threshold": 0.44999999999999996, "label_scores": {"MT": {"precision": 0.0, "recall": 0.0, "f1-score": 0.0, "support": 0.0}, "LY": {"precision": 0.0, "recall": 0.0, "f1-score": 0.0, "support": 4.0}, "SP": {"precision": 0.0, "recall": 0.0, "f1-score": 0.0, "support": 0.0}, "ID": {"precision": 0.5714285714285714, "recall": 0.23529411764705882, "f1-score": 0.3333333333333333, "support": 17.0}, "NA": {"precision": 0.8046875, "recall": 0.911504424778761, "f1-score": 0.8547717842323652, "support": 113.0}, "HI": {"precision": 0.8461538461538461, "recall": 0.34375, "f1-score": 0.4888888888888889, "support": 32.0}, "IN": {"precision": 0.46875, "recall": 0.5454545454545454, "f1-score": 0.5042016806722689, "support": 55.0}, "OP": {"precision": 0.5483870967741935, "recall": 0.5666666666666667, "f1-score": 0.5573770491803278, "support": 30.0}, "IP": {"precision": 0.7678571428571429, "recall": 0.7610619469026548, "f1-score": 0.7644444444444445, "support": 113.0}}}