{"f1": 0.5696594427244581, "f1_macro": 0.6407106502888237, "precision": 0.773109243697479, "recall": 0.45098039215686275, "accuracy": 0.0, "threshold": 0.44999999999999996, "label_scores": {"MT": {"precision": 1.0, "recall": 1.0, "f1-score": 1.0, "support": 1.0}, "LY": {"precision": 0.0, "recall": 0.0, "f1-score": 0.0, "support": 1.0}, "SP": {"precision": 0.0, "recall": 0.0, "f1-score": 0.0, "support": 0.0}, "ID": {"precision": 0.8571428571428571, "recall": 0.5454545454545454, "f1-score": 0.6666666666666665, "support": 11.0}, "NA": {"precision": 0.85, "recall": 0.4594594594594595, "f1-score": 0.5964912280701754, "support": 37.0}, "HI": {"precision": 0.75, "recall": 0.16666666666666666, "f1-score": 0.27272727272727276, "support": 18.0}, "IN": {"precision": 0.9523809523809523, "recall": 0.5882352941176471, "f1-score": 0.7272727272727274, "support": 34.0}, "OP": {"precision": 0.8571428571428571, "recall": 0.35294117647058826, "f1-score": 0.5, "support": 17.0}, "IP": {"precision": 0.9090909090909091, "recall": 0.45454545454545453, "f1-score": 0.6060606060606061, "support": 22.0}, "it": {"precision": 0.0, "recall": 0.0, "f1-score": 0.0, "support": 0.0}, "ne": {"precision": 0.5454545454545454, "recall": 0.75, "f1-score": 0.631578947368421, "support": 8.0}, "sr": {"precision": 1.0, "recall": 1.0, "f1-score": 1.0, "support": 3.0}, "nb": {"precision": 0.6666666666666666, "recall": 0.2222222222222222, "f1-score": 0.3333333333333333, "support": 9.0}, "re": {"precision": 1.0, "recall": 1.0, "f1-score": 1.0, "support": 1.0}, "en": {"precision": 0.6666666666666666, "recall": 0.8, "f1-score": 0.7272727272727272, "support": 5.0}, "ra": {"precision": 0.0, "recall": 0.0, "f1-score": 0.0, "support": 0.0}, "dtp": {"precision": 0.36363636363636365, "recall": 0.36363636363636365, "f1-score": 0.36363636363636365, "support": 11.0}, "fi": {"precision": 0.0, "recall": 0.0, "f1-score": 0.0, "support": 0.0}, "lt": {"precision": 0.0, "recall": 0.0, "f1-score": 0.0, "support": 4.0}, "rv": {"precision": 1.0, "recall": 0.5, "f1-score": 0.6666666666666666, "support": 4.0}, "ob": {"precision": 0.0, "recall": 0.0, "f1-score": 0.0, "support": 0.0}, "rs": {"precision": 1.0, "recall": 0.4, "f1-score": 0.5714285714285715, "support": 5.0}, "av": {"precision": 0.0, "recall": 0.0, "f1-score": 0.0, "support": 3.0}, "ds": {"precision": 0.7142857142857143, "recall": 0.5, "f1-score": 0.588235294117647, "support": 10.0}, "ed": {"precision": 0.0, "recall": 0.0, "f1-score": 0.0, "support": 0.0}}}