{"f1": 0.7835186396337475, "f1_macro": 0.6723222802834369, "precision": 0.7577482605945604, "recall": 0.8111035883547731, "accuracy": 0.6713450292397661, "threshold": 0.44999999999999996, "label_scores": {"MT": {"precision": 0.9125, "recall": 0.6636363636363637, "f1-score": 0.768421052631579, "support": 110.0}, "LY": {"precision": 0.5714285714285714, "recall": 0.8, "f1-score": 0.6666666666666666, "support": 5.0}, "SP": {"precision": 1.0, "recall": 0.5, "f1-score": 0.6666666666666666, "support": 12.0}, "ID": {"precision": 0.6666666666666666, "recall": 0.42857142857142855, "f1-score": 0.5217391304347826, "support": 14.0}, "NA": {"precision": 0.8558951965065502, "recall": 0.937799043062201, "f1-score": 0.8949771689497716, "support": 209.0}, "HI": {"precision": 0.6296296296296297, "recall": 0.8095238095238095, "f1-score": 0.7083333333333334, "support": 21.0}, "IN": {"precision": 0.6855670103092784, "recall": 0.8364779874213837, "f1-score": 0.7535410764872521, "support": 159.0}, "OP": {"precision": 0.6551724137931034, "recall": 0.5205479452054794, "f1-score": 0.580152671755725, "support": 73.0}, "IP": {"precision": 0.7408637873754153, "recall": 0.8849206349206349, "f1-score": 0.8065099457504521, "support": 252.0}, "it": {"precision": 1.0, "recall": 0.8333333333333334, "f1-score": 0.9090909090909091, "support": 6.0}, "ne": {"precision": 0.8535353535353535, "recall": 0.9184782608695652, "f1-score": 0.8848167539267014, "support": 184.0}, "sr": {"precision": 0.625, "recall": 0.8333333333333334, "f1-score": 0.7142857142857143, "support": 12.0}, "nb": {"precision": 0.625, "recall": 0.7692307692307693, "f1-score": 0.6896551724137931, "support": 13.0}, "re": {"precision": 0.9285714285714286, "recall": 1.0, "f1-score": 0.962962962962963, "support": 13.0}, "en": {"precision": 0.2857142857142857, "recall": 0.6666666666666666, "f1-score": 0.4, "support": 3.0}, "ra": {"precision": 0.0, "recall": 0.0, "f1-score": 0.0, "support": 0.0}, "dtp": {"precision": 0.5294117647058824, "recall": 0.6585365853658537, "f1-score": 0.5869565217391304, "support": 41.0}, "fi": {"precision": 1.0, "recall": 0.5, "f1-score": 0.6666666666666666, "support": 2.0}, "lt": {"precision": 0.6976744186046512, "recall": 0.8333333333333334, "f1-score": 0.759493670886076, "support": 36.0}, "rv": {"precision": 0.4666666666666667, "recall": 0.3181818181818182, "f1-score": 0.3783783783783784, "support": 22.0}, "ob": {"precision": 0.2, "recall": 0.05263157894736842, "f1-score": 0.08333333333333333, "support": 19.0}, "rs": {"precision": 0.6428571428571429, "recall": 0.9, "f1-score": 0.75, "support": 10.0}, "av": {"precision": 0.8, "recall": 0.5, "f1-score": 0.6153846153846154, "support": 16.0}, "ds": {"precision": 0.7808764940239044, "recall": 0.9074074074074074, "f1-score": 0.8394004282655246, "support": 216.0}, "ed": {"precision": 0.5833333333333334, "recall": 0.4827586206896552, "f1-score": 0.5283018867924529, "support": 29.0}}}