{"f1": 0.6071661237785017, "precision": 0.6616968406105787, "recall": 0.5609389106229311, "accuracy": 0.28836424957841483, "pr_auc": 0.6497588410874311, "threshold": 0.3, "label_scores": {"MT": {"precision": 0.20588235294117646, "recall": 0.7241379310344828, "f1-score": 0.32061068702290074, "support": 29.0}, "LY": {"precision": 0.8333333333333334, "recall": 0.8333333333333334, "f1-score": 0.8333333333333334, "support": 12.0}, "SP": {"precision": 1.0, "recall": 0.009615384615384616, "f1-score": 0.01904761904761905, "support": 104.0}, "ID": {"precision": 0.45, "recall": 0.20454545454545456, "f1-score": 0.28125, "support": 44.0}, "NA": {"precision": 0.8729508196721312, "recall": 0.7357512953367875, "f1-score": 0.7985004686035614, "support": 579.0}, "HI": {"precision": 0.5352112676056338, "recall": 0.5984251968503937, "f1-score": 0.5650557620817844, "support": 127.0}, "IN": {"precision": 0.6619718309859155, "recall": 0.43357933579335795, "f1-score": 0.5239687848383501, "support": 542.0}, "OP": {"precision": 0.6632653061224489, "recall": 0.44368600682593856, "f1-score": 0.5316973415132924, "support": 293.0}, "IP": {"precision": 0.6685082872928176, "recall": 0.7707006369426752, "f1-score": 0.7159763313609467, "support": 314.0}, "it": {"precision": 0.0, "recall": 0.0, "f1-score": 0.0, "support": 13.0}, "ne": {"precision": 0.8212121212121212, "recall": 0.9155405405405406, "f1-score": 0.865814696485623, "support": 296.0}, "sr": {"precision": 0.8076923076923077, "recall": 0.9130434782608695, "f1-score": 0.8571428571428571, "support": 46.0}, "nb": {"precision": 0.5977011494252874, "recall": 0.3443708609271523, "f1-score": 0.4369747899159664, "support": 151.0}, "re": {"precision": 0.7857142857142857, "recall": 0.6875, "f1-score": 0.7333333333333333, "support": 16.0}, "en": {"precision": 0.8333333333333334, "recall": 0.2631578947368421, "f1-score": 0.4, "support": 19.0}, "ra": {"precision": 0.6, "recall": 0.42857142857142855, "f1-score": 0.5, "support": 14.0}, "dtp": {"precision": 0.3167701863354037, "recall": 0.265625, "f1-score": 0.28895184135977336, "support": 192.0}, "fi": {"precision": 0.5, "recall": 0.5, "f1-score": 0.5, "support": 2.0}, "lt": {"precision": 0.3076923076923077, "recall": 0.3076923076923077, "f1-score": 0.3076923076923077, "support": 13.0}, "rv": {"precision": 0.6190476190476191, "recall": 0.4, "f1-score": 0.48598130841121495, "support": 65.0}, "ob": {"precision": 0.5384615384615384, "recall": 0.12612612612612611, "f1-score": 0.20437956204379562, "support": 111.0}, "rs": {"precision": 0.7586206896551724, "recall": 0.6285714285714286, "f1-score": 0.6875, "support": 35.0}, "av": {"precision": 0.4745762711864407, "recall": 0.4375, "f1-score": 0.45528455284552843, "support": 64.0}, "ds": {"precision": 0.6073825503355704, "recall": 0.7869565217391304, "f1-score": 0.6856060606060606, "support": 230.0}, "ed": {"precision": 0.0, "recall": 0.0, "f1-score": 0.0, "support": 12.0}}}