{"f1": 0.6649138182880515, "f1_macro": 0.5591160169864948, "precision": 0.8048090523338048, "recall": 0.5664509706321553, "accuracy": 0.11613406079501169, "threshold": 0.39999999999999997, "label_scores": {"MT": {"precision": 0.0, "recall": 0.0, "f1-score": 0.0, "support": 0.0}, "LY": {"precision": 1.0, "recall": 0.16666666666666666, "f1-score": 0.2857142857142857, "support": 6.0}, "SP": {"precision": 0.7272727272727273, "recall": 0.5161290322580645, "f1-score": 0.6037735849056604, "support": 31.0}, "ID": {"precision": 0.6111111111111112, "recall": 0.34375, "f1-score": 0.44000000000000006, "support": 32.0}, "NA": {"precision": 0.9274924471299094, "recall": 0.737094837935174, "f1-score": 0.8214046822742473, "support": 833.0}, "HI": {"precision": 0.8367346938775511, "recall": 0.36936936936936937, "f1-score": 0.5125000000000001, "support": 111.0}, "IN": {"precision": 0.8846153846153846, "recall": 0.5542168674698795, "f1-score": 0.6814814814814815, "support": 747.0}, "OP": {"precision": 0.8267898383371824, "recall": 0.611965811965812, "f1-score": 0.7033398821218074, "support": 585.0}, "IP": {"precision": 0.7916666666666666, "recall": 0.41304347826086957, "f1-score": 0.5428571428571429, "support": 138.0}, "it": {"precision": 0.6111111111111112, "recall": 0.5789473684210527, "f1-score": 0.5945945945945946, "support": 19.0}, "ne": {"precision": 0.771875, "recall": 0.6534391534391535, "f1-score": 0.7077363896848137, "support": 378.0}, "sr": {"precision": 0.7272727272727273, "recall": 0.8421052631578947, "f1-score": 0.7804878048780488, "support": 76.0}, "nb": {"precision": 0.7037037037037037, "recall": 0.3958333333333333, "f1-score": 0.5066666666666667, "support": 144.0}, "re": {"precision": 0.6666666666666666, "recall": 1.0, "f1-score": 0.8, "support": 2.0}, "en": {"precision": 0.0, "recall": 0.0, "f1-score": 0.0, "support": 4.0}, "ra": {"precision": 0.5714285714285714, "recall": 0.17391304347826086, "f1-score": 0.26666666666666666, "support": 23.0}, "dtp": {"precision": 0.5824175824175825, "recall": 0.33865814696485624, "f1-score": 0.42828282828282827, "support": 313.0}, "fi": {"precision": 0.8, "recall": 0.2, "f1-score": 0.32000000000000006, "support": 20.0}, "lt": {"precision": 0.5, "recall": 0.5, "f1-score": 0.5, "support": 2.0}, "rv": {"precision": 0.7083333333333334, "recall": 0.4594594594594595, "f1-score": 0.5573770491803279, "support": 74.0}, "ob": {"precision": 0.7009345794392523, "recall": 0.4918032786885246, "f1-score": 0.5780346820809248, "support": 305.0}, "rs": {"precision": 0.5428571428571428, "recall": 0.7307692307692307, "f1-score": 0.6229508196721311, "support": 26.0}, "av": {"precision": 0.5517241379310345, "recall": 0.25806451612903225, "f1-score": 0.3516483516483517, "support": 62.0}, "ds": {"precision": 0.7903225806451613, "recall": 0.620253164556962, "f1-score": 0.6950354609929077, "support": 79.0}, "ed": {"precision": 0.0, "recall": 0.0, "f1-score": 0.0, "support": 8.0}}}