{"f1": 0.5560609506481692, "f1_macro": 0.4688816572966216, "precision": 0.4409377817853922, "recall": 0.752539242843952, "accuracy": 0.0, "threshold": 0.39999999999999997, "label_scores": {"MT": {"precision": 0.0, "recall": 0.0, "f1-score": 0.0, "support": 0.0}, "LY": {"precision": 0.42857142857142855, "recall": 0.25, "f1-score": 0.3157894736842105, "support": 12.0}, "SP": {"precision": 0.5925925925925926, "recall": 0.6153846153846154, "f1-score": 0.6037735849056604, "support": 26.0}, "ID": {"precision": 0.40350877192982454, "recall": 0.5609756097560976, "f1-score": 0.46938775510204084, "support": 41.0}, "NA": {"precision": 0.5048780487804878, "recall": 0.9366515837104072, "f1-score": 0.6561014263074485, "support": 663.0}, "HI": {"precision": 0.5222222222222223, "recall": 0.8173913043478261, "f1-score": 0.6372881355932204, "support": 115.0}, "IN": {"precision": 0.3834443387250238, "recall": 0.8685344827586207, "f1-score": 0.5320132013201321, "support": 464.0}, "OP": {"precision": 0.4064711830131446, "recall": 0.8357588357588358, "f1-score": 0.5469387755102041, "support": 481.0}, "IP": {"precision": 0.4019607843137255, "recall": 0.7068965517241379, "f1-score": 0.5125000000000001, "support": 116.0}, "it": {"precision": 0.6190476190476191, "recall": 0.7222222222222222, "f1-score": 0.6666666666666666, "support": 18.0}, "ne": {"precision": 0.5, "recall": 0.7883597883597884, "f1-score": 0.6119096509240246, "support": 378.0}, "sr": {"precision": 0.3235294117647059, "recall": 0.5789473684210527, "f1-score": 0.4150943396226416, "support": 19.0}, "nb": {"precision": 0.589041095890411, "recall": 0.5149700598802395, "f1-score": 0.549520766773163, "support": 167.0}, "re": {"precision": 0.5, "recall": 0.2, "f1-score": 0.28571428571428575, "support": 5.0}, "en": {"precision": 0.2222222222222222, "recall": 0.6666666666666666, "f1-score": 0.3333333333333333, "support": 3.0}, "ra": {"precision": 0.0, "recall": 0.0, "f1-score": 0.0, "support": 14.0}, "dtp": {"precision": 0.3709677419354839, "recall": 0.46, "f1-score": 0.4107142857142857, "support": 200.0}, "fi": {"precision": 1.0, "recall": 0.1, "f1-score": 0.18181818181818182, "support": 10.0}, "lt": {"precision": 0.0, "recall": 0.0, "f1-score": 0.0, "support": 3.0}, "rv": {"precision": 0.5, "recall": 0.3875, "f1-score": 0.4366197183098592, "support": 80.0}, "ob": {"precision": 0.39094650205761317, "recall": 0.6859205776173285, "f1-score": 0.49803407601572736, "support": 277.0}, "rs": {"precision": 0.3333333333333333, "recall": 0.4, "f1-score": 0.3636363636363636, "support": 10.0}, "av": {"precision": 0.2962962962962963, "recall": 0.2962962962962963, "f1-score": 0.2962962962962963, "support": 54.0}, "ds": {"precision": 0.4409448818897638, "recall": 0.6436781609195402, "f1-score": 0.5233644859813084, "support": 87.0}, "ed": {"precision": 0.0, "recall": 0.0, "f1-score": 0.0, "support": 6.0}}}