{"f1": 0.6994535519125683, "precision": 0.6808510638297872, "recall": 0.7191011235955056, "accuracy": 0.4852941176470588, "threshold": 0.3, "label_scores": {"Forum": {"precision": 0.0, "recall": 0.0, "f1-score": 0.0, "support": 0.0}, "Information/Explanation": {"precision": 0.6470588235294118, "recall": 0.7333333333333333, "f1-score": 0.6875, "support": 15.0}, "Instruction": {"precision": 0.5714285714285714, "recall": 0.6666666666666666, "f1-score": 0.6153846153846153, "support": 6.0}, "Legal": {"precision": 1.0, "recall": 1.0, "f1-score": 1.0, "support": 1.0}, "News": {"precision": 0.8695652173913043, "recall": 1.0, "f1-score": 0.9302325581395349, "support": 20.0}, "Opinion/Argumentation": {"precision": 0.8888888888888888, "recall": 0.38095238095238093, "f1-score": 0.5333333333333333, "support": 21.0}, "Other": {"precision": 0.25, "recall": 0.3333333333333333, "f1-score": 0.28571428571428575, "support": 3.0}, "Promotion": {"precision": 0.6296296296296297, "recall": 0.85, "f1-score": 0.723404255319149, "support": 20.0}, "Prose/Lyrical": {"precision": 0.4, "recall": 0.6666666666666666, "f1-score": 0.5, "support": 3.0}}}