{"f1": 0.8262548262548263, "f1_macro": 0.7044680544680545, "precision": 0.9224137931034483, "recall": 0.7482517482517482, "accuracy": 0.66875, "threshold": 0.5499999999999999, "label_scores": {"MT": {"precision": 0.0, "recall": 0.0, "f1-score": 0.0, "support": 0.0}, "LY": {"precision": 1.0, "recall": 1.0, "f1-score": 1.0, "support": 2.0}, "SP": {"precision": 0.0, "recall": 0.0, "f1-score": 0.0, "support": 0.0}, "ID": {"precision": 0.3333333333333333, "recall": 1.0, "f1-score": 0.5, "support": 1.0}, "NA": {"precision": 1.0, "recall": 0.9680851063829787, "f1-score": 0.9837837837837838, "support": 94.0}, "HI": {"precision": 1.0, "recall": 1.0, "f1-score": 1.0, "support": 1.0}, "IN": {"precision": 0.7272727272727273, "recall": 0.6153846153846154, "f1-score": 0.6666666666666667, "support": 13.0}, "OP": {"precision": 0.625, "recall": 0.47619047619047616, "f1-score": 0.5405405405405405, "support": 21.0}, "IP": {"precision": 1.0, "recall": 0.1111111111111111, "f1-score": 0.19999999999999998, "support": 9.0}, "it": {"precision": 0.0, "recall": 0.0, "f1-score": 0.0, "support": 0.0}, "ne": {"precision": 0.9878048780487805, "recall": 0.9759036144578314, "f1-score": 0.9818181818181818, "support": 83.0}, "sr": {"precision": 1.0, "recall": 1.0, "f1-score": 1.0, "support": 5.0}, "nb": {"precision": 0.0, "recall": 0.0, "f1-score": 0.0, "support": 1.0}, "re": {"precision": 0.0, "recall": 0.0, "f1-score": 0.0, "support": 0.0}, "en": {"precision": 0.8571428571428571, "recall": 1.0, "f1-score": 0.923076923076923, "support": 6.0}, "ra": {"precision": 0.0, "recall": 0.0, "f1-score": 0.0, "support": 0.0}, "dtp": {"precision": 0.0, "recall": 0.0, "f1-score": 0.0, "support": 2.0}, "fi": {"precision": 0.0, "recall": 0.0, "f1-score": 0.0, "support": 0.0}, "lt": {"precision": 0.0, "recall": 0.0, "f1-score": 0.0, "support": 1.0}, "rv": {"precision": 1.0, "recall": 0.5, "f1-score": 0.6666666666666666, "support": 2.0}, "ob": {"precision": 1.0, "recall": 0.2, "f1-score": 0.33333333333333337, "support": 5.0}, "rs": {"precision": 0.8333333333333334, "recall": 0.5555555555555556, "f1-score": 0.6666666666666667, "support": 9.0}, "av": {"precision": 0.0, "recall": 0.0, "f1-score": 0.0, "support": 3.0}, "ds": {"precision": 1.0, "recall": 0.25, "f1-score": 0.4, "support": 4.0}, "ed": {"precision": 0.0, "recall": 0.0, "f1-score": 0.0, "support": 5.0}, "MIX": {"precision": 0.0, "recall": 0.0, "f1-score": 0.0, "support": 19.0}}}