{"f1": 0.7894736842105262, "f1_macro": 0.6498348794439119, "precision": 0.7988165680473372, "recall": 0.7803468208092486, "accuracy": 0.7375, "threshold": 0.44999999999999996, "label_scores": {"MT": {"precision": 0.2857142857142857, "recall": 0.8, "f1-score": 0.4210526315789473, "support": 5.0}, "LY": {"precision": 1.0, "recall": 1.0, "f1-score": 1.0, "support": 12.0}, "SP": {"precision": 0.0, "recall": 0.0, "f1-score": 0.0, "support": 2.0}, "ID": {"precision": 0.0, "recall": 0.0, "f1-score": 0.0, "support": 1.0}, "NA": {"precision": 0.9506172839506173, "recall": 0.9058823529411765, "f1-score": 0.927710843373494, "support": 85.0}, "HI": {"precision": 0.6, "recall": 0.3333333333333333, "f1-score": 0.42857142857142855, "support": 9.0}, "IN": {"precision": 0.717948717948718, "recall": 0.8235294117647058, "f1-score": 0.767123287671233, "support": 34.0}, "OP": {"precision": 0.5384615384615384, "recall": 0.6363636363636364, "f1-score": 0.5833333333333334, "support": 11.0}, "IP": {"precision": 0.8, "recall": 0.2857142857142857, "f1-score": 0.4210526315789473, "support": 14.0}}}