{"f1": 0.7776233495482974, "f1_macro": 0.7794070733758356, "precision": 0.7936170212765957, "recall": 0.7622615803814714, "accuracy": 0.6663980660757454, "threshold": 0.44999999999999996, "label_scores": {"MT": {"precision": 0.92, "recall": 0.71875, "f1-score": 0.8070175438596492, "support": 64.0}, "LY": {"precision": 0.9230769230769231, "recall": 0.9230769230769231, "f1-score": 0.9230769230769231, "support": 13.0}, "SP": {"precision": 0.9, "recall": 0.6, "f1-score": 0.7200000000000001, "support": 15.0}, "ID": {"precision": 0.9035087719298246, "recall": 0.8583333333333333, "f1-score": 0.8803418803418803, "support": 120.0}, "NA": {"precision": 0.8076923076923077, "recall": 0.7753846153846153, "f1-score": 0.7912087912087913, "support": 325.0}, "HI": {"precision": 0.7457627118644068, "recall": 0.6111111111111112, "f1-score": 0.6717557251908397, "support": 72.0}, "IN": {"precision": 0.7689969604863222, "recall": 0.790625, "f1-score": 0.7796610169491526, "support": 320.0}, "OP": {"precision": 0.7054263565891473, "recall": 0.6066666666666667, "f1-score": 0.6523297491039426, "support": 150.0}, "IP": {"precision": 0.7842639593908629, "recall": 0.794344473007712, "f1-score": 0.7892720306513409, "support": 389.0}}}