{"f1": 0.7090909090909091, "precision": 0.6882352941176471, "recall": 0.73125, "accuracy": 0.39705882352941174, "pr_auc": 0.7537512637823881, "threshold": 0.3, "label_scores": {"MT": {"precision": 0.5, "recall": 0.5, "f1-score": 0.5, "support": 2.0}, "LY": {"precision": 1.0, "recall": 0.6666666666666666, "f1-score": 0.8, "support": 3.0}, "SP": {"precision": 0.0, "recall": 0.0, "f1-score": 0.0, "support": 1.0}, "ID": {"precision": 0.0, "recall": 0.0, "f1-score": 0.0, "support": 0.0}, "NA": {"precision": 0.8, "recall": 1.0, "f1-score": 0.8888888888888888, "support": 20.0}, "HI": {"precision": 0.5714285714285714, "recall": 0.6666666666666666, "f1-score": 0.6153846153846154, "support": 6.0}, "IN": {"precision": 0.6666666666666666, "recall": 0.75, "f1-score": 0.7058823529411765, "support": 16.0}, "OP": {"precision": 0.8, "recall": 0.42105263157894735, "f1-score": 0.5517241379310345, "support": 19.0}, "IP": {"precision": 0.6206896551724138, "recall": 0.782608695652174, "f1-score": 0.6923076923076923, "support": 23.0}, "it": {"precision": 0.0, "recall": 0.0, "f1-score": 0.0, "support": 0.0}, "ne": {"precision": 0.85, "recall": 1.0, "f1-score": 0.918918918918919, "support": 17.0}, "sr": {"precision": 0.7142857142857143, "recall": 1.0, "f1-score": 0.8333333333333334, "support": 5.0}, "nb": {"precision": 0.0, "recall": 0.0, "f1-score": 0.0, "support": 0.0}, "re": {"precision": 0.0, "recall": 0.0, "f1-score": 0.0, "support": 0.0}, "en": {"precision": 0.0, "recall": 0.0, "f1-score": 0.0, "support": 1.0}, "ra": {"precision": 0.0, "recall": 0.0, "f1-score": 0.0, "support": 0.0}, "dtp": {"precision": 0.5555555555555556, "recall": 0.38461538461538464, "f1-score": 0.45454545454545453, "support": 13.0}, "fi": {"precision": 0.0, "recall": 0.0, "f1-score": 0.0, "support": 0.0}, "lt": {"precision": 1.0, "recall": 1.0, "f1-score": 1.0, "support": 1.0}, "rv": {"precision": 0.0, "recall": 0.0, "f1-score": 0.0, "support": 1.0}, "ob": {"precision": 0.5, "recall": 1.0, "f1-score": 0.6666666666666666, "support": 1.0}, "rs": {"precision": 0.0, "recall": 0.0, "f1-score": 0.0, "support": 0.0}, "av": {"precision": 1.0, "recall": 0.625, "f1-score": 0.7692307692307693, "support": 8.0}, "ds": {"precision": 0.7083333333333334, "recall": 0.85, "f1-score": 0.7727272727272727, "support": 20.0}, "ed": {"precision": 0.5, "recall": 0.3333333333333333, "f1-score": 0.4, "support": 3.0}}}