{"f1": 0.6754468485418627, "f1_macro": 0.6820734976724107, "precision": 0.6179001721170396, "recall": 0.7448132780082988, "accuracy": 0.21226415094339623, "threshold": 0.44999999999999996, "label_scores": {"MT": {"precision": 0.85, "recall": 0.8095238095238095, "f1-score": 0.8292682926829269, "support": 21.0}, "LY": {"precision": 1.0, "recall": 1.0, "f1-score": 1.0, "support": 1.0}, "SP": {"precision": 0.8, "recall": 0.5714285714285714, "f1-score": 0.6666666666666666, "support": 7.0}, "ID": {"precision": 0.3333333333333333, "recall": 0.25, "f1-score": 0.28571428571428575, "support": 4.0}, "NA": {"precision": 0.6842105263157895, "recall": 0.7878787878787878, "f1-score": 0.732394366197183, "support": 66.0}, "HI": {"precision": 0.6333333333333333, "recall": 0.9047619047619048, "f1-score": 0.7450980392156863, "support": 21.0}, "IN": {"precision": 0.5888888888888889, "recall": 0.8548387096774194, "f1-score": 0.6973684210526316, "support": 62.0}, "OP": {"precision": 0.6271186440677966, "recall": 0.7872340425531915, "f1-score": 0.6981132075471698, "support": 47.0}, "IP": {"precision": 0.5463917525773195, "recall": 0.7794117647058824, "f1-score": 0.6424242424242425, "support": 68.0}, "it": {"precision": 0.75, "recall": 0.75, "f1-score": 0.75, "support": 4.0}, "ne": {"precision": 0.3333333333333333, "recall": 0.6666666666666666, "f1-score": 0.4444444444444444, "support": 9.0}, "sr": {"precision": 1.0, "recall": 1.0, "f1-score": 1.0, "support": 2.0}, "nb": {"precision": 0.7647058823529411, "recall": 0.6666666666666666, "f1-score": 0.7123287671232877, "support": 39.0}, "re": {"precision": 1.0, "recall": 1.0, "f1-score": 1.0, "support": 8.0}, "en": {"precision": 0.3, "recall": 1.0, "f1-score": 0.4615384615384615, "support": 3.0}, "ra": {"precision": 0.0, "recall": 0.0, "f1-score": 0.0, "support": 3.0}, "dtp": {"precision": 0.38636363636363635, "recall": 0.7083333333333334, "f1-score": 0.5, "support": 24.0}, "fi": {"precision": 1.0, "recall": 1.0, "f1-score": 1.0, "support": 5.0}, "lt": {"precision": 1.0, "recall": 0.6666666666666666, "f1-score": 0.8, "support": 6.0}, "rv": {"precision": 0.75, "recall": 0.8888888888888888, "f1-score": 0.8135593220338982, "support": 27.0}, "ob": {"precision": 0.75, "recall": 0.6, "f1-score": 0.6666666666666665, "support": 5.0}, "rs": {"precision": 0.25, "recall": 1.0, "f1-score": 0.4, "support": 1.0}, "av": {"precision": 0.2857142857142857, "recall": 0.16666666666666666, "f1-score": 0.2105263157894737, "support": 12.0}, "ds": {"precision": 0.782608695652174, "recall": 0.5294117647058824, "f1-score": 0.631578947368421, "support": 34.0}, "ed": {"precision": 0.0, "recall": 0.0, "f1-score": 0.0, "support": 3.0}}}