{"f1": 0.8486531519022494, "f1_macro": 0.7865320625780838, "precision": 0.834061135371179, "recall": 0.8637648388920294, "accuracy": 0.737108190091001, "threshold": 0.49999999999999994, "label_scores": {"MT": {"precision": 0.9210526315789473, "recall": 0.9210526315789473, "f1-score": 0.9210526315789473, "support": 38.0}, "LY": {"precision": 0.8888888888888888, "recall": 0.8888888888888888, "f1-score": 0.8888888888888888, "support": 9.0}, "SP": {"precision": 0.5, "recall": 0.5, "f1-score": 0.5, "support": 2.0}, "ID": {"precision": 0.8421052631578947, "recall": 0.7111111111111111, "f1-score": 0.7710843373493975, "support": 45.0}, "NA": {"precision": 0.8937728937728938, "recall": 0.9037037037037037, "f1-score": 0.8987108655616942, "support": 270.0}, "HI": {"precision": 0.7741935483870968, "recall": 0.7741935483870968, "f1-score": 0.7741935483870968, "support": 31.0}, "IN": {"precision": 0.7951388888888888, "recall": 0.9462809917355371, "f1-score": 0.8641509433962264, "support": 242.0}, "OP": {"precision": 0.7325581395348837, "recall": 0.7974683544303798, "f1-score": 0.7636363636363637, "support": 79.0}, "IP": {"precision": 0.8652482269503546, "recall": 0.8937728937728938, "f1-score": 0.8792792792792793, "support": 273.0}, "it": {"precision": 0.0, "recall": 0.0, "f1-score": 0.0, "support": 1.0}, "ne": {"precision": 0.8243243243243243, "recall": 0.8243243243243243, "f1-score": 0.8243243243243243, "support": 74.0}, "sr": {"precision": 0.7272727272727273, "recall": 0.8888888888888888, "f1-score": 0.7999999999999999, "support": 9.0}, "nb": {"precision": 0.9, "recall": 0.9053254437869822, "f1-score": 0.9026548672566372, "support": 169.0}, "re": {"precision": 1.0, "recall": 1.0, "f1-score": 1.0, "support": 9.0}, "en": {"precision": 0.9375, "recall": 0.967741935483871, "f1-score": 0.9523809523809523, "support": 124.0}, "ra": {"precision": 0.0, "recall": 0.0, "f1-score": 0.0, "support": 1.0}, "dtp": {"precision": 0.56, "recall": 0.5185185185185185, "f1-score": 0.5384615384615384, "support": 54.0}, "fi": {"precision": 1.0, "recall": 0.4, "f1-score": 0.5714285714285715, "support": 5.0}, "lt": {"precision": 0.8064516129032258, "recall": 0.8064516129032258, "f1-score": 0.8064516129032258, "support": 31.0}, "rv": {"precision": 0.6, "recall": 0.75, "f1-score": 0.6666666666666665, "support": 16.0}, "ob": {"precision": 0.7142857142857143, "recall": 0.625, "f1-score": 0.6666666666666666, "support": 48.0}, "rs": {"precision": 0.5555555555555556, "recall": 0.8333333333333334, "f1-score": 0.6666666666666667, "support": 6.0}, "av": {"precision": 0.6666666666666666, "recall": 1.0, "f1-score": 0.8, "support": 4.0}, "ds": {"precision": 0.8304347826086956, "recall": 0.8642533936651584, "f1-score": 0.8470066518847007, "support": 221.0}, "ed": {"precision": 0.0, "recall": 0.0, "f1-score": 0.0, "support": 8.0}}}