{"f1": 0.7548441449031171, "precision": 0.764179104477612, "recall": 0.7457344985434873, "accuracy": 0.5697018533440773, "pr_auc": 0.8306946991314152, "threshold": 0.44999999999999996, "label_scores": {"MT": {"precision": 0.92, "recall": 0.71875, "f1-score": 0.8070175438596491, "support": 64.0}, "LY": {"precision": 0.9230769230769231, "recall": 0.9230769230769231, "f1-score": 0.9230769230769231, "support": 13.0}, "SP": {"precision": 0.9, "recall": 0.6, "f1-score": 0.72, "support": 15.0}, "ID": {"precision": 0.9035087719298246, "recall": 0.8583333333333333, "f1-score": 0.8803418803418803, "support": 120.0}, "NA": {"precision": 0.8076923076923077, "recall": 0.7753846153846153, "f1-score": 0.7912087912087912, "support": 325.0}, "HI": {"precision": 0.7457627118644068, "recall": 0.6111111111111112, "f1-score": 0.6717557251908397, "support": 72.0}, "IN": {"precision": 0.7689969604863222, "recall": 0.790625, "f1-score": 0.7796610169491526, "support": 320.0}, "OP": {"precision": 0.7054263565891473, "recall": 0.6066666666666667, "f1-score": 0.6523297491039427, "support": 150.0}, "IP": {"precision": 0.7842639593908629, "recall": 0.794344473007712, "f1-score": 0.789272030651341, "support": 389.0}, "it": {"precision": 0.8571428571428571, "recall": 0.75, "f1-score": 0.8, "support": 8.0}, "ne": {"precision": 0.717391304347826, "recall": 0.7983870967741935, "f1-score": 0.7557251908396947, "support": 124.0}, "sr": {"precision": 0.875, "recall": 0.9130434782608695, "f1-score": 0.8936170212765957, "support": 23.0}, "nb": {"precision": 0.7757009345794392, "recall": 0.6484375, "f1-score": 0.7063829787234043, "support": 128.0}, "re": {"precision": 0.9473684210526315, "recall": 0.8571428571428571, "f1-score": 0.9, "support": 21.0}, "en": {"precision": 0.7560975609756098, "recall": 0.9117647058823529, "f1-score": 0.8266666666666667, "support": 34.0}, "ra": {"precision": 0.4, "recall": 0.2, "f1-score": 0.26666666666666666, "support": 10.0}, "dtp": {"precision": 0.5886075949367089, "recall": 0.6241610738255033, "f1-score": 0.6058631921824105, "support": 149.0}, "fi": {"precision": 1.0, "recall": 0.8333333333333334, "f1-score": 0.9090909090909091, "support": 6.0}, "lt": {"precision": 0.8529411764705882, "recall": 0.7631578947368421, "f1-score": 0.8055555555555556, "support": 38.0}, "rv": {"precision": 0.8208955223880597, "recall": 0.7236842105263158, "f1-score": 0.7692307692307693, "support": 76.0}, "ob": {"precision": 0.6666666666666666, "recall": 0.5185185185185185, "f1-score": 0.5833333333333334, "support": 27.0}, "rs": {"precision": 0.5, "recall": 1.0, "f1-score": 0.6666666666666666, "support": 7.0}, "av": {"precision": 0.3333333333333333, "recall": 0.14285714285714285, "f1-score": 0.2, "support": 28.0}, "ds": {"precision": 0.7279151943462897, "recall": 0.8373983739837398, "f1-score": 0.77882797731569, "support": 246.0}, "ed": {"precision": 0.0, "recall": 0.0, "f1-score": 0.0, "support": 10.0}}}