{"f1": 0.8418657565415244, "f1_macro": 0.8068533025786553, "precision": 0.8767772511848341, "recall": 0.8096280087527352, "accuracy": 0.5985915492957746, "threshold": 0.49999999999999994, "label_scores": {"MT": {"precision": 0.9206349206349206, "recall": 0.9354838709677419, "f1-score": 0.9279999999999999, "support": 62.0}, "LY": {"precision": 1.0, "recall": 1.0, "f1-score": 1.0, "support": 1.0}, "SP": {"precision": 0.75, "recall": 1.0, "f1-score": 0.8571428571428571, "support": 3.0}, "ID": {"precision": 0.0, "recall": 0.0, "f1-score": 0.0, "support": 0.0}, "NA": {"precision": 0.9767441860465116, "recall": 0.84, "f1-score": 0.9032258064516129, "support": 50.0}, "HI": {"precision": 0.8571428571428571, "recall": 0.8181818181818182, "f1-score": 0.8372093023255814, "support": 22.0}, "IN": {"precision": 0.7560975609756098, "recall": 0.9117647058823529, "f1-score": 0.8266666666666665, "support": 34.0}, "OP": {"precision": 0.8723404255319149, "recall": 0.7884615384615384, "f1-score": 0.8282828282828283, "support": 52.0}, "IP": {"precision": 0.8363636363636363, "recall": 0.7931034482758621, "f1-score": 0.8141592920353982, "support": 58.0}, "it": {"precision": 1.0, "recall": 0.6666666666666666, "f1-score": 0.8, "support": 3.0}, "ne": {"precision": 1.0, "recall": 0.25, "f1-score": 0.4, "support": 4.0}, "sr": {"precision": 0.0, "recall": 0.0, "f1-score": 0.0, "support": 1.0}, "nb": {"precision": 0.9375, "recall": 0.8108108108108109, "f1-score": 0.8695652173913043, "support": 37.0}, "re": {"precision": 1.0, "recall": 0.8333333333333334, "f1-score": 0.9090909090909091, "support": 6.0}, "en": {"precision": 0.0, "recall": 0.0, "f1-score": 0.0, "support": 0.0}, "ra": {"precision": 0.0, "recall": 0.0, "f1-score": 0.0, "support": 0.0}, "dtp": {"precision": 0.6666666666666666, "recall": 0.4444444444444444, "f1-score": 0.5333333333333333, "support": 9.0}, "fi": {"precision": 1.0, "recall": 0.8947368421052632, "f1-score": 0.9444444444444444, "support": 19.0}, "lt": {"precision": 0.0, "recall": 0.0, "f1-score": 0.0, "support": 0.0}, "rv": {"precision": 0.9459459459459459, "recall": 0.8974358974358975, "f1-score": 0.9210526315789475, "support": 39.0}, "ob": {"precision": 0.0, "recall": 0.0, "f1-score": 0.0, "support": 3.0}, "rs": {"precision": 0.0, "recall": 0.0, "f1-score": 0.0, "support": 0.0}, "av": {"precision": 0.7142857142857143, "recall": 0.5, "f1-score": 0.588235294117647, "support": 10.0}, "ds": {"precision": 0.8157894736842105, "recall": 0.7045454545454546, "f1-score": 0.7560975609756098, "support": 44.0}, "ed": {"precision": 0.0, "recall": 0.0, "f1-score": 0.0, "support": 0.0}}}