{"f1": 0.6666666666666666, "f1_macro": 0.6780591515885633, "precision": 0.6710526315789473, "recall": 0.6623376623376623, "accuracy": 0.5714285714285714, "threshold": 0.44999999999999996, "label_scores": {"Forum": {"precision": 1.0, "recall": 0.5, "f1-score": 0.6666666666666666, "support": 4.0}, "Information/Explanation": {"precision": 0.6875, "recall": 0.55, "f1-score": 0.6111111111111112, "support": 40.0}, "Instruction": {"precision": 0.8333333333333334, "recall": 0.625, "f1-score": 0.7142857142857143, "support": 16.0}, "Legal": {"precision": 0.3333333333333333, "recall": 1.0, "f1-score": 0.5, "support": 1.0}, "News": {"precision": 0.8571428571428571, "recall": 0.75, "f1-score": 0.7999999999999999, "support": 16.0}, "Opinion/Argumentation": {"precision": 0.6875, "recall": 0.5238095238095238, "f1-score": 0.5945945945945946, "support": 21.0}, "Other": {"precision": 0.8235294117647058, "recall": 0.8235294117647058, "f1-score": 0.8235294117647058, "support": 17.0}, "Promotion": {"precision": 0.6, "recall": 0.8823529411764706, "f1-score": 0.7142857142857143, "support": 34.0}, "Prose/Lyrical": {"precision": 0.0, "recall": 0.0, "f1-score": 0.0, "support": 5.0}}}