{"f1": 0.7058823529411765, "f1_macro": 0.7001384815900945, "precision": 0.75, "recall": 0.6666666666666666, "accuracy": 0.5147058823529411, "threshold": 0.39999999999999997, "label_scores": {"MT": {"precision": 1.0, "recall": 0.5, "f1-score": 0.6666666666666666, "support": 2.0}, "LY": {"precision": 1.0, "recall": 0.6666666666666666, "f1-score": 0.8, "support": 3.0}, "SP": {"precision": 0.0, "recall": 0.0, "f1-score": 0.0, "support": 1.0}, "ID": {"precision": 0.0, "recall": 0.0, "f1-score": 0.0, "support": 0.0}, "NA": {"precision": 0.8333333333333334, "recall": 1.0, "f1-score": 0.9090909090909091, "support": 20.0}, "HI": {"precision": 0.8, "recall": 0.6666666666666666, "f1-score": 0.7272727272727272, "support": 6.0}, "IN": {"precision": 0.6666666666666666, "recall": 0.625, "f1-score": 0.6451612903225806, "support": 16.0}, "OP": {"precision": 0.75, "recall": 0.3157894736842105, "f1-score": 0.44444444444444436, "support": 19.0}, "IP": {"precision": 0.68, "recall": 0.7391304347826086, "f1-score": 0.7083333333333334, "support": 23.0}}}