{"f1": 0.582210242587601, "f1_macro": 0.6238713401383885, "precision": 0.48868778280542985, "recall": 0.72, "accuracy": 0.0, "threshold": 0.44999999999999996, "label_scores": {"MT": {"precision": 0.6153846153846154, "recall": 0.7272727272727273, "f1-score": 0.6666666666666667, "support": 11.0}, "LY": {"precision": 0.0, "recall": 0.0, "f1-score": 0.0, "support": 0.0}, "SP": {"precision": 1.0, "recall": 1.0, "f1-score": 1.0, "support": 1.0}, "ID": {"precision": 1.0, "recall": 0.3333333333333333, "f1-score": 0.5, "support": 3.0}, "NA": {"precision": 0.5454545454545454, "recall": 0.8571428571428571, "f1-score": 0.6666666666666665, "support": 14.0}, "HI": {"precision": 0.3, "recall": 0.75, "f1-score": 0.4285714285714285, "support": 4.0}, "IN": {"precision": 0.47368421052631576, "recall": 0.9, "f1-score": 0.6206896551724138, "support": 20.0}, "OP": {"precision": 0.35, "recall": 0.5833333333333334, "f1-score": 0.4375, "support": 12.0}, "IP": {"precision": 0.4878048780487805, "recall": 0.7692307692307693, "f1-score": 0.5970149253731344, "support": 26.0}, "it": {"precision": 0.0, "recall": 0.0, "f1-score": 0.0, "support": 0.0}, "ne": {"precision": 0.38461538461538464, "recall": 0.7142857142857143, "f1-score": 0.5, "support": 7.0}, "sr": {"precision": 0.6, "recall": 1.0, "f1-score": 0.7499999999999999, "support": 3.0}, "nb": {"precision": 0.5, "recall": 0.75, "f1-score": 0.6, "support": 4.0}, "re": {"precision": 0.5, "recall": 1.0, "f1-score": 0.6666666666666666, "support": 1.0}, "en": {"precision": 0.0, "recall": 0.0, "f1-score": 0.0, "support": 1.0}, "ra": {"precision": 0.0, "recall": 0.0, "f1-score": 0.0, "support": 0.0}, "dtp": {"precision": 0.75, "recall": 0.75, "f1-score": 0.75, "support": 4.0}, "fi": {"precision": 1.0, "recall": 1.0, "f1-score": 1.0, "support": 1.0}, "lt": {"precision": 0.75, "recall": 1.0, "f1-score": 0.8571428571428571, "support": 3.0}, "rv": {"precision": 0.4, "recall": 0.5, "f1-score": 0.4444444444444445, "support": 4.0}, "ob": {"precision": 0.25, "recall": 0.3333333333333333, "f1-score": 0.28571428571428575, "support": 3.0}, "rs": {"precision": 0.0, "recall": 0.0, "f1-score": 0.0, "support": 0.0}, "av": {"precision": 1.0, "recall": 0.5, "f1-score": 0.6666666666666666, "support": 4.0}, "ds": {"precision": 0.5238095238095238, "recall": 0.7333333333333333, "f1-score": 0.611111111111111, "support": 15.0}, "ed": {"precision": 0.6, "recall": 0.3333333333333333, "f1-score": 0.42857142857142855, "support": 9.0}}}