{"f1": 0.6685393258426966, "f1_macro": 0.6986644029169399, "precision": 0.8814814814814815, "recall": 0.5384615384615384, "accuracy": 0.09836065573770492, "threshold": 0.44999999999999996, "label_scores": {"MT": {"precision": 0.0, "recall": 0.0, "f1-score": 0.0, "support": 0.0}, "LY": {"precision": 0.0, "recall": 0.0, "f1-score": 0.0, "support": 2.0}, "SP": {"precision": 0.0, "recall": 0.0, "f1-score": 0.0, "support": 1.0}, "ID": {"precision": 0.0, "recall": 0.0, "f1-score": 0.0, "support": 9.0}, "NA": {"precision": 0.875, "recall": 0.7, "f1-score": 0.7777777777777777, "support": 20.0}, "HI": {"precision": 0.8888888888888888, "recall": 0.6666666666666666, "f1-score": 0.761904761904762, "support": 12.0}, "IN": {"precision": 0.875, "recall": 0.5384615384615384, "f1-score": 0.6666666666666667, "support": 26.0}, "OP": {"precision": 0.8, "recall": 0.21052631578947367, "f1-score": 0.3333333333333333, "support": 19.0}, "IP": {"precision": 0.96, "recall": 0.75, "f1-score": 0.8421052631578947, "support": 32.0}, "it": {"precision": 0.0, "recall": 0.0, "f1-score": 0.0, "support": 1.0}, "ne": {"precision": 0.8571428571428571, "recall": 0.8571428571428571, "f1-score": 0.8571428571428571, "support": 7.0}, "sr": {"precision": 1.0, "recall": 0.5, "f1-score": 0.6666666666666666, "support": 2.0}, "nb": {"precision": 0.75, "recall": 0.6, "f1-score": 0.6666666666666665, "support": 10.0}, "re": {"precision": 1.0, "recall": 1.0, "f1-score": 1.0, "support": 8.0}, "en": {"precision": 0.0, "recall": 0.0, "f1-score": 0.0, "support": 1.0}, "ra": {"precision": 0.0, "recall": 0.0, "f1-score": 0.0, "support": 0.0}, "dtp": {"precision": 0.5, "recall": 0.6, "f1-score": 0.5454545454545454, "support": 5.0}, "fi": {"precision": 0.0, "recall": 0.0, "f1-score": 0.0, "support": 1.0}, "lt": {"precision": 1.0, "recall": 0.35294117647058826, "f1-score": 0.5217391304347826, "support": 17.0}, "rv": {"precision": 0.6666666666666666, "recall": 0.2222222222222222, "f1-score": 0.3333333333333333, "support": 9.0}, "ob": {"precision": 0.0, "recall": 0.0, "f1-score": 0.0, "support": 3.0}, "rs": {"precision": 0.0, "recall": 0.0, "f1-score": 0.0, "support": 0.0}, "av": {"precision": 0.0, "recall": 0.0, "f1-score": 0.0, "support": 4.0}, "ds": {"precision": 1.0, "recall": 0.6785714285714286, "f1-score": 0.8085106382978724, "support": 28.0}, "ed": {"precision": 1.0, "recall": 1.0, "f1-score": 1.0, "support": 4.0}}}