{"f1": 0.7080291970802919, "precision": 0.782258064516129, "recall": 0.6466666666666666, "accuracy": 0.6165413533834586, "threshold": 0.6499999999999999, "label_scores": {"MT": {"precision": 0.8125, "recall": 0.7647058823529411, "f1-score": 0.787878787878788, "support": 17.0}, "LY": {"precision": 0.0, "recall": 0.0, "f1-score": 0.0, "support": 0.0}, "SP": {"precision": 0.0, "recall": 0.0, "f1-score": 0.0, "support": 0.0}, "ID": {"precision": 1.0, "recall": 0.5, "f1-score": 0.6666666666666666, "support": 4.0}, "NA": {"precision": 0.8260869565217391, "recall": 0.7037037037037037, "f1-score": 0.76, "support": 27.0}, "HI": {"precision": 0.5833333333333334, "recall": 0.7, "f1-score": 0.6363636363636365, "support": 10.0}, "IN": {"precision": 0.9166666666666666, "recall": 0.4888888888888889, "f1-score": 0.6376811594202899, "support": 45.0}, "OP": {"precision": 0.4, "recall": 0.2222222222222222, "f1-score": 0.2857142857142857, "support": 9.0}, "IP": {"precision": 0.7619047619047619, "recall": 0.8421052631578947, "f1-score": 0.8, "support": 38.0}}}