{"f1": 0.8153549217242119, "precision": 0.8041455160744501, "recall": 0.8268812527185733, "accuracy": 0.7508135750813575, "threshold": 0.44999999999999996, "label_scores": {"MT": {"precision": 0.9926739926739927, "recall": 0.9818840579710145, "f1-score": 0.9872495446265938, "support": 276.0}, "LY": {"precision": 0.5, "recall": 0.4, "f1-score": 0.4444444444444445, "support": 5.0}, "SP": {"precision": 0.7333333333333333, "recall": 0.6111111111111112, "f1-score": 0.6666666666666666, "support": 18.0}, "ID": {"precision": 0.8709677419354839, "recall": 0.8181818181818182, "f1-score": 0.84375, "support": 231.0}, "NA": {"precision": 0.8086642599277978, "recall": 0.8912466843501327, "f1-score": 0.84794952681388, "support": 754.0}, "HI": {"precision": 0.6052631578947368, "recall": 0.7863247863247863, "f1-score": 0.6840148698884758, "support": 117.0}, "IN": {"precision": 0.7553516819571865, "recall": 0.6823204419889503, "f1-score": 0.7169811320754716, "support": 362.0}, "OP": {"precision": 0.7927272727272727, "recall": 0.7676056338028169, "f1-score": 0.7799642218246869, "support": 284.0}, "IP": {"precision": 0.737037037037037, "recall": 0.7896825396825397, "f1-score": 0.7624521072796935, "support": 252.0}}}