{"f1": 0.7771545130035695, "precision": 0.7736040609137056, "recall": 0.7807377049180327, "accuracy": 0.7030567685589519, "threshold": 0.44999999999999996, "label_scores": {"MT": {"precision": 0.8478260869565217, "recall": 0.7090909090909091, "f1-score": 0.7722772277227722, "support": 110.0}, "LY": {"precision": 0.8, "recall": 0.5714285714285714, "f1-score": 0.6666666666666666, "support": 7.0}, "SP": {"precision": 0.7, "recall": 0.5384615384615384, "f1-score": 0.608695652173913, "support": 13.0}, "ID": {"precision": 0.6153846153846154, "recall": 0.34782608695652173, "f1-score": 0.4444444444444444, "support": 23.0}, "NA": {"precision": 0.8818565400843882, "recall": 0.9126637554585153, "f1-score": 0.8969957081545065, "support": 229.0}, "HI": {"precision": 0.6, "recall": 0.8181818181818182, "f1-score": 0.6923076923076923, "support": 33.0}, "IN": {"precision": 0.776536312849162, "recall": 0.7513513513513513, "f1-score": 0.7637362637362637, "support": 185.0}, "OP": {"precision": 0.6071428571428571, "recall": 0.5543478260869565, "f1-score": 0.5795454545454545, "support": 92.0}, "IP": {"precision": 0.746875, "recall": 0.8415492957746479, "f1-score": 0.7913907284768212, "support": 284.0}}}