{"f1": 0.6079561042524005, "precision": 0.6920674578388507, "recall": 0.5420743639921722, "accuracy": 0.3676222596964587, "threshold": 0.3, "label_scores": {"MT": {"precision": 0.19811320754716982, "recall": 0.7241379310344828, "f1-score": 0.3111111111111111, "support": 29.0}, "LY": {"precision": 0.9, "recall": 0.75, "f1-score": 0.8181818181818182, "support": 12.0}, "SP": {"precision": 0.5, "recall": 0.009615384615384616, "f1-score": 0.01886792452830189, "support": 104.0}, "ID": {"precision": 0.42105263157894735, "recall": 0.18181818181818182, "f1-score": 0.25396825396825395, "support": 44.0}, "NA": {"precision": 0.8947368421052632, "recall": 0.7340241796200345, "f1-score": 0.8064516129032258, "support": 579.0}, "HI": {"precision": 0.4941860465116279, "recall": 0.6692913385826772, "f1-score": 0.568561872909699, "support": 127.0}, "IN": {"precision": 0.763265306122449, "recall": 0.34501845018450183, "f1-score": 0.4752223634053367, "support": 542.0}, "OP": {"precision": 0.6035242290748899, "recall": 0.46757679180887374, "f1-score": 0.5269230769230769, "support": 293.0}, "IP": {"precision": 0.6811594202898551, "recall": 0.7484076433121019, "f1-score": 0.7132018209408194, "support": 314.0}}}