{"f1": 0.6144728633811603, "f1_macro": 0.43909125030391855, "precision": 0.5852644087938206, "recall": 0.6467498358502954, "accuracy": 0.3481032500783781, "threshold": 0.35, "label_scores": {"MT": {"precision": 0.0, "recall": 0.0, "f1-score": 0.0, "support": 0.0}, "LY": {"precision": 1.0, "recall": 0.014814814814814815, "f1-score": 0.029197080291970802, "support": 135.0}, "SP": {"precision": 0.0, "recall": 0.0, "f1-score": 0.0, "support": 146.0}, "ID": {"precision": 0.8160136286201022, "recall": 0.6982507288629738, "f1-score": 0.7525530243519246, "support": 686.0}, "NA": {"precision": 0.6881818181818182, "recall": 0.8876641651031895, "f1-score": 0.7752970094223679, "support": 4264.0}, "HI": {"precision": 0.7142857142857143, "recall": 0.012165450121654502, "f1-score": 0.02392344497607656, "support": 411.0}, "IN": {"precision": 0.5441092771770063, "recall": 0.736517719568567, "f1-score": 0.6258592471358428, "support": 2596.0}, "OP": {"precision": 0.497923744809362, "recall": 0.619539689995303, "f1-score": 0.5521138551695269, "support": 2129.0}, "IP": {"precision": 0.2, "recall": 0.0024875621890547263, "f1-score": 0.004914004914004914, "support": 402.0}, "it": {"precision": 0.0, "recall": 0.0, "f1-score": 0.0, "support": 104.0}, "ne": {"precision": 0.6588661832564272, "recall": 0.847392963119966, "f1-score": 0.7413313554607824, "support": 2359.0}, "sr": {"precision": 0.8564437194127243, "recall": 0.8267716535433071, "f1-score": 0.8413461538461539, "support": 635.0}, "nb": {"precision": 0.5594315245478036, "recall": 0.5997229916897507, "f1-score": 0.5788770053475936, "support": 722.0}, "re": {"precision": 0.0, "recall": 0.0, "f1-score": 0.0, "support": 37.0}, "en": {"precision": 0.0, "recall": 0.0, "f1-score": 0.0, "support": 108.0}, "ra": {"precision": 0.8714285714285714, "recall": 0.32275132275132273, "f1-score": 0.47104247104247104, "support": 189.0}, "dtp": {"precision": 0.3399168399168399, "recall": 0.6, "f1-score": 0.43397478433974784, "support": 1090.0}, "fi": {"precision": 0.0, "recall": 0.0, "f1-score": 0.0, "support": 69.0}, "lt": {"precision": 0.0, "recall": 0.0, "f1-score": 0.0, "support": 40.0}, "rv": {"precision": 0.7741935483870968, "recall": 0.17518248175182483, "f1-score": 0.2857142857142857, "support": 411.0}, "ob": {"precision": 0.40310077519379844, "recall": 0.544243577545195, "f1-score": 0.46315789473684205, "support": 1051.0}, "rs": {"precision": 0.0, "recall": 0.0, "f1-score": 0.0, "support": 157.0}, "av": {"precision": 0.0, "recall": 0.0, "f1-score": 0.0, "support": 236.0}, "ds": {"precision": 0.3333333333333333, "recall": 0.0035714285714285713, "f1-score": 0.007067137809187279, "support": 280.0}, "ed": {"precision": 0.0, "recall": 0.0, "f1-score": 0.0, "support": 19.0}}}