{"f1": 0.7172011661807581, "f1_macro": 0.4797914414372615, "precision": 0.75, "recall": 0.6871508379888268, "accuracy": 0.675, "threshold": 0.35, "label_scores": {"Forum": {"precision": 0.125, "recall": 1.0, "f1-score": 0.2222222222222222, "support": 1.0}, "Information/Explanation": {"precision": 0.6666666666666666, "recall": 0.3333333333333333, "f1-score": 0.4444444444444444, "support": 18.0}, "Instruction": {"precision": 1.0, "recall": 0.14285714285714285, "f1-score": 0.25, "support": 7.0}, "Legal": {"precision": 1.0, "recall": 1.0, "f1-score": 1.0, "support": 1.0}, "News": {"precision": 0.9666666666666667, "recall": 0.9886363636363636, "f1-score": 0.9775280898876404, "support": 88.0}, "Opinion/Argumentation": {"precision": 0.6296296296296297, "recall": 0.6538461538461539, "f1-score": 0.6415094339622641, "support": 26.0}, "Other": {"precision": 0.1, "recall": 1.0, "f1-score": 0.18181818181818182, "support": 1.0}, "Promotion": {"precision": 0.18181818181818182, "recall": 0.2857142857142857, "f1-score": 0.2222222222222222, "support": 7.0}, "Prose/Lyrical": {"precision": 1.0, "recall": 0.23333333333333334, "f1-score": 0.37837837837837834, "support": 30.0}}}