{"f1": 0.7165109034267912, "precision": 0.7263157894736842, "recall": 0.7069672131147541, "accuracy": 0.6157205240174672, "threshold": 0.44999999999999996, "label_scores": {"MT": {"precision": 0.673469387755102, "recall": 0.6, "f1-score": 0.6346153846153846, "support": 110.0}, "LY": {"precision": 1.0, "recall": 0.42857142857142855, "f1-score": 0.6, "support": 7.0}, "SP": {"precision": 0.5714285714285714, "recall": 0.3076923076923077, "f1-score": 0.4, "support": 13.0}, "ID": {"precision": 0.7142857142857143, "recall": 0.21739130434782608, "f1-score": 0.3333333333333333, "support": 23.0}, "NA": {"precision": 0.7677902621722846, "recall": 0.8951965065502183, "f1-score": 0.8266129032258065, "support": 229.0}, "HI": {"precision": 0.6097560975609756, "recall": 0.7575757575757576, "f1-score": 0.6756756756756757, "support": 33.0}, "IN": {"precision": 0.8110236220472441, "recall": 0.5567567567567567, "f1-score": 0.6602564102564102, "support": 185.0}, "OP": {"precision": 0.6938775510204082, "recall": 0.3695652173913043, "f1-score": 0.48226950354609927, "support": 92.0}, "IP": {"precision": 0.698005698005698, "recall": 0.8626760563380281, "f1-score": 0.7716535433070867, "support": 284.0}}}