{"f1": 0.6590736522399393, "f1_macro": 0.5547088986006864, "precision": 0.642962962962963, "recall": 0.67601246105919, "accuracy": 0.45481927710843373, "threshold": 0.39999999999999997, "label_scores": {"MT": {"precision": 0.0, "recall": 0.0, "f1-score": 0.0, "support": 0.0}, "LY": {"precision": 0.0, "recall": 0.0, "f1-score": 0.0, "support": 4.0}, "SP": {"precision": 0.0, "recall": 0.0, "f1-score": 0.0, "support": 0.0}, "ID": {"precision": 0.5, "recall": 0.29411764705882354, "f1-score": 0.37037037037037035, "support": 17.0}, "NA": {"precision": 0.7651515151515151, "recall": 0.8938053097345132, "f1-score": 0.8244897959183674, "support": 113.0}, "HI": {"precision": 0.76, "recall": 0.59375, "f1-score": 0.6666666666666666, "support": 32.0}, "IN": {"precision": 0.5294117647058824, "recall": 0.6545454545454545, "f1-score": 0.5853658536585364, "support": 55.0}, "OP": {"precision": 0.30303030303030304, "recall": 0.3333333333333333, "f1-score": 0.31746031746031744, "support": 30.0}, "IP": {"precision": 0.7565217391304347, "recall": 0.7699115044247787, "f1-score": 0.763157894736842, "support": 113.0}, "it": {"precision": 0.0, "recall": 0.0, "f1-score": 0.0, "support": 0.0}, "ne": {"precision": 0.6372549019607843, "recall": 0.8666666666666667, "f1-score": 0.7344632768361582, "support": 75.0}, "sr": {"precision": 0.8333333333333334, "recall": 0.8333333333333334, "f1-score": 0.8333333333333334, "support": 6.0}, "nb": {"precision": 0.35714285714285715, "recall": 0.2631578947368421, "f1-score": 0.30303030303030304, "support": 19.0}, "re": {"precision": 1.0, "recall": 0.8333333333333334, "f1-score": 0.9090909090909091, "support": 6.0}, "en": {"precision": 0.0, "recall": 0.0, "f1-score": 0.0, "support": 3.0}, "ra": {"precision": 0.0, "recall": 0.0, "f1-score": 0.0, "support": 2.0}, "dtp": {"precision": 0.3, "recall": 0.3157894736842105, "f1-score": 0.3076923076923077, "support": 19.0}, "fi": {"precision": 0.0, "recall": 0.0, "f1-score": 0.0, "support": 1.0}, "lt": {"precision": 0.6, "recall": 0.75, "f1-score": 0.6666666666666665, "support": 8.0}, "rv": {"precision": 0.75, "recall": 0.3333333333333333, "f1-score": 0.46153846153846156, "support": 9.0}, "ob": {"precision": 0.0, "recall": 0.0, "f1-score": 0.0, "support": 5.0}, "rs": {"precision": 0.6666666666666666, "recall": 0.2222222222222222, "f1-score": 0.3333333333333333, "support": 9.0}, "av": {"precision": 0.125, "recall": 0.3333333333333333, "f1-score": 0.18181818181818182, "support": 6.0}, "ds": {"precision": 0.8351648351648352, "recall": 0.7169811320754716, "f1-score": 0.7715736040609137, "support": 106.0}, "ed": {"precision": 1.0, "recall": 0.25, "f1-score": 0.4, "support": 4.0}}}