{"f1": 0.7176079734219268, "precision": 0.8780487804878049, "recall": 0.6067415730337079, "accuracy": 0.64375, "threshold": 0.49999999999999994, "label_scores": {"MT": {"precision": 0.125, "recall": 1.0, "f1-score": 0.2222222222222222, "support": 1.0}, "LY": {"precision": 1.0, "recall": 0.6666666666666666, "f1-score": 0.8, "support": 3.0}, "SP": {"precision": 0.0, "recall": 0.0, "f1-score": 0.0, "support": 0.0}, "ID": {"precision": 1.0, "recall": 1.0, "f1-score": 1.0, "support": 1.0}, "NA": {"precision": 0.9888888888888889, "recall": 0.89, "f1-score": 0.9368421052631579, "support": 100.0}, "HI": {"precision": 1.0, "recall": 0.5, "f1-score": 0.6666666666666666, "support": 2.0}, "IN": {"precision": 0.8571428571428571, "recall": 0.25, "f1-score": 0.3870967741935483, "support": 24.0}, "OP": {"precision": 1.0, "recall": 0.11428571428571428, "f1-score": 0.20512820512820512, "support": 35.0}, "IP": {"precision": 0.4, "recall": 0.3333333333333333, "f1-score": 0.3636363636363636, "support": 12.0}}}