{"f1": 0.7168842285469719, "f1_macro": 0.6855799168348824, "precision": 0.7040773434216057, "recall": 0.7301656495204882, "accuracy": 0.6169223616922361, "threshold": 0.39999999999999997, "label_scores": {"Forum": {"precision": 0.6934865900383141, "recall": 0.7835497835497836, "f1-score": 0.7357723577235772, "support": 231.0}, "Information/Explanation": {"precision": 0.6735395189003437, "recall": 0.5885885885885885, "f1-score": 0.6282051282051283, "support": 333.0}, "Instruction": {"precision": 0.6371681415929203, "recall": 0.5950413223140496, "f1-score": 0.6153846153846154, "support": 121.0}, "Legal": {"precision": 0.8461538461538461, "recall": 0.4230769230769231, "f1-score": 0.5641025641025641, "support": 26.0}, "News": {"precision": 0.6425233644859814, "recall": 0.9290540540540541, "f1-score": 0.7596685082872928, "support": 296.0}, "Opinion/Argumentation": {"precision": 0.8120805369127517, "recall": 0.6672794117647058, "f1-score": 0.7325933400605449, "support": 544.0}, "Other": {"precision": 0.8959731543624161, "recall": 0.9081632653061225, "f1-score": 0.902027027027027, "support": 294.0}, "Promotion": {"precision": 0.6, "recall": 0.8961038961038961, "f1-score": 0.7187499999999999, "support": 231.0}, "Prose/Lyrical": {"precision": 0.5628415300546448, "recall": 0.4724770642201835, "f1-score": 0.513715710723192, "support": 218.0}}}