{"f1": 0.6001863932898416, "f1_macro": 0.4941652330882459, "precision": 0.624031007751938, "recall": 0.578096947935368, "accuracy": 0.3501577287066246, "threshold": 0.44999999999999996, "label_scores": {"MT": {"precision": 0.07272727272727272, "recall": 0.8, "f1-score": 0.13333333333333333, "support": 5.0}, "LY": {"precision": 0.0, "recall": 0.0, "f1-score": 0.0, "support": 3.0}, "SP": {"precision": 0.0, "recall": 0.0, "f1-score": 0.0, "support": 1.0}, "ID": {"precision": 0.5, "recall": 0.5, "f1-score": 0.5, "support": 8.0}, "NA": {"precision": 0.8089887640449438, "recall": 0.7422680412371134, "f1-score": 0.7741935483870968, "support": 97.0}, "HI": {"precision": 0.25, "recall": 0.08333333333333333, "f1-score": 0.125, "support": 12.0}, "IN": {"precision": 0.68, "recall": 0.75, "f1-score": 0.7132867132867132, "support": 68.0}, "OP": {"precision": 0.38095238095238093, "recall": 0.21621621621621623, "f1-score": 0.27586206896551724, "support": 37.0}, "IP": {"precision": 0.8247422680412371, "recall": 0.6956521739130435, "f1-score": 0.7547169811320755, "support": 115.0}, "it": {"precision": 0.0, "recall": 0.0, "f1-score": 0.0, "support": 0.0}, "ne": {"precision": 0.45454545454545453, "recall": 0.8333333333333334, "f1-score": 0.5882352941176471, "support": 24.0}, "sr": {"precision": 1.0, "recall": 1.0, "f1-score": 1.0, "support": 7.0}, "nb": {"precision": 0.4, "recall": 0.2, "f1-score": 0.26666666666666666, "support": 10.0}, "re": {"precision": 0.0, "recall": 0.0, "f1-score": 0.0, "support": 0.0}, "en": {"precision": 0.5, "recall": 1.0, "f1-score": 0.6666666666666666, "support": 1.0}, "ra": {"precision": 0.5, "recall": 0.6666666666666666, "f1-score": 0.5714285714285715, "support": 6.0}, "dtp": {"precision": 1.0, "recall": 0.07142857142857142, "f1-score": 0.13333333333333333, "support": 14.0}, "fi": {"precision": 0.0, "recall": 0.0, "f1-score": 0.0, "support": 5.0}, "lt": {"precision": 0.7272727272727273, "recall": 0.47058823529411764, "f1-score": 0.5714285714285714, "support": 17.0}, "rv": {"precision": 0.375, "recall": 0.4, "f1-score": 0.38709677419354843, "support": 15.0}, "ob": {"precision": 0.0, "recall": 0.0, "f1-score": 0.0, "support": 5.0}, "rs": {"precision": 0.0, "recall": 0.0, "f1-score": 0.0, "support": 0.0}, "av": {"precision": 0.4, "recall": 0.2222222222222222, "f1-score": 0.2857142857142857, "support": 9.0}, "ds": {"precision": 0.85, "recall": 0.53125, "f1-score": 0.6538461538461537, "support": 96.0}, "ed": {"precision": 0.0, "recall": 0.0, "f1-score": 0.0, "support": 2.0}}}