{"f1": 0.5568240788790866, "precision": 0.592817679558011, "recall": 0.5249510763209393, "accuracy": 0.28499156829679595, "threshold": 0.3, "label_scores": {"MT": {"precision": 0.08823529411764706, "recall": 0.9310344827586207, "f1-score": 0.16119402985074627, "support": 29.0}, "LY": {"precision": 0.75, "recall": 0.75, "f1-score": 0.75, "support": 12.0}, "SP": {"precision": 0.5, "recall": 0.028846153846153848, "f1-score": 0.05454545454545455, "support": 104.0}, "ID": {"precision": 0.17142857142857143, "recall": 0.13636363636363635, "f1-score": 0.15189873417721517, "support": 44.0}, "NA": {"precision": 0.8637274549098196, "recall": 0.7443868739205527, "f1-score": 0.7996289424860854, "support": 579.0}, "HI": {"precision": 0.6310679611650486, "recall": 0.5118110236220472, "f1-score": 0.5652173913043478, "support": 127.0}, "IN": {"precision": 0.7864583333333334, "recall": 0.2785977859778598, "f1-score": 0.41144414168937327, "support": 542.0}, "OP": {"precision": 0.5913461538461539, "recall": 0.4197952218430034, "f1-score": 0.4910179640718563, "support": 293.0}, "IP": {"precision": 0.5746102449888641, "recall": 0.821656050955414, "f1-score": 0.6762778505897772, "support": 314.0}}}