{"f1": 0.7935989549314173, "precision": 0.8242876526458616, "recall": 0.7651133501259446, "accuracy": 0.6643464810518175, "threshold": 0.44999999999999996, "label_scores": {"MT": {"precision": 0.7092198581560284, "recall": 0.8620689655172413, "f1-score": 0.7782101167315176, "support": 116.0}, "LY": {"precision": 1.0, "recall": 0.4666666666666667, "f1-score": 0.6363636363636364, "support": 15.0}, "SP": {"precision": 0.5, "recall": 0.2857142857142857, "f1-score": 0.36363636363636365, "support": 7.0}, "ID": {"precision": 0.6909090909090909, "recall": 0.7450980392156863, "f1-score": 0.7169811320754716, "support": 51.0}, "NA": {"precision": 0.8820224719101124, "recall": 0.7989821882951654, "f1-score": 0.8384512683578105, "support": 393.0}, "HI": {"precision": 0.7049180327868853, "recall": 0.5512820512820513, "f1-score": 0.6187050359712231, "support": 78.0}, "IN": {"precision": 0.8694158075601375, "recall": 0.7485207100591716, "f1-score": 0.8044515103338634, "support": 338.0}, "OP": {"precision": 0.776, "recall": 0.5914634146341463, "f1-score": 0.6712802768166088, "support": 164.0}, "IP": {"precision": 0.8317972350230415, "recall": 0.8474178403755869, "f1-score": 0.8395348837209303, "support": 426.0}}}