{"f1": 0.647887323943662, "precision": 0.6509433962264151, "recall": 0.6448598130841121, "accuracy": 0.58, "threshold": 0.44999999999999996, "label_scores": {"MT": {"precision": 0.2, "recall": 0.5, "f1-score": 0.28571428571428575, "support": 4.0}, "LY": {"precision": 0.0, "recall": 0.0, "f1-score": 0.0, "support": 0.0}, "SP": {"precision": 1.0, "recall": 1.0, "f1-score": 1.0, "support": 1.0}, "ID": {"precision": 0.5714285714285714, "recall": 1.0, "f1-score": 0.7272727272727273, "support": 4.0}, "NA": {"precision": 0.8888888888888888, "recall": 0.4444444444444444, "f1-score": 0.5925925925925926, "support": 36.0}, "HI": {"precision": 0.5, "recall": 0.2, "f1-score": 0.28571428571428575, "support": 10.0}, "IN": {"precision": 0.7222222222222222, "recall": 0.8666666666666667, "f1-score": 0.7878787878787877, "support": 15.0}, "OP": {"precision": 0.16666666666666666, "recall": 0.25, "f1-score": 0.2, "support": 4.0}, "IP": {"precision": 0.7142857142857143, "recall": 0.9090909090909091, "f1-score": 0.8, "support": 33.0}}}