{"f1": 0.6220095693779905, "f1_macro": 0.6380868146631694, "precision": 0.6190476190476191, "recall": 0.625, "accuracy": 0.55, "threshold": 0.44999999999999996, "label_scores": {"Forum": {"precision": 0.5714285714285714, "recall": 1.0, "f1-score": 0.7272727272727273, "support": 4.0}, "Information/Explanation": {"precision": 0.6875, "recall": 0.8461538461538461, "f1-score": 0.7586206896551724, "support": 13.0}, "Instruction": {"precision": 0.5, "recall": 0.2, "f1-score": 0.28571428571428575, "support": 10.0}, "Legal": {"precision": 1.0, "recall": 1.0, "f1-score": 1.0, "support": 2.0}, "News": {"precision": 0.0, "recall": 0.0, "f1-score": 0.0, "support": 3.0}, "Opinion/Argumentation": {"precision": 0.8125, "recall": 0.38235294117647056, "f1-score": 0.52, "support": 34.0}, "Other": {"precision": 0.2727272727272727, "recall": 0.6, "f1-score": 0.37499999999999994, "support": 5.0}, "Promotion": {"precision": 0.7142857142857143, "recall": 0.9090909090909091, "f1-score": 0.8, "support": 33.0}, "Prose/Lyrical": {"precision": 0.0, "recall": 0.0, "f1-score": 0.0, "support": 0.0}}}