{"f1": 0.6452905811623246, "precision": 0.6822033898305084, "recall": 0.6121673003802282, "accuracy": 0.46616541353383456, "threshold": 0.44999999999999996, "label_scores": {"MT": {"precision": 0.6666666666666666, "recall": 0.8235294117647058, "f1-score": 0.7368421052631577, "support": 17.0}, "LY": {"precision": 0.0, "recall": 0.0, "f1-score": 0.0, "support": 0.0}, "SP": {"precision": 0.0, "recall": 0.0, "f1-score": 0.0, "support": 0.0}, "ID": {"precision": 1.0, "recall": 0.5, "f1-score": 0.6666666666666666, "support": 4.0}, "NA": {"precision": 0.7241379310344828, "recall": 0.7777777777777778, "f1-score": 0.75, "support": 27.0}, "HI": {"precision": 0.5384615384615384, "recall": 0.7, "f1-score": 0.608695652173913, "support": 10.0}, "IN": {"precision": 0.9130434782608695, "recall": 0.4666666666666667, "f1-score": 0.6176470588235294, "support": 45.0}, "OP": {"precision": 0.2857142857142857, "recall": 0.2222222222222222, "f1-score": 0.25, "support": 9.0}, "IP": {"precision": 0.6140350877192983, "recall": 0.9210526315789473, "f1-score": 0.7368421052631579, "support": 38.0}, "it": {"precision": 0.0, "recall": 0.0, "f1-score": 0.0, "support": 0.0}, "ne": {"precision": 0.7, "recall": 0.6363636363636364, "f1-score": 0.6666666666666666, "support": 11.0}, "sr": {"precision": 1.0, "recall": 1.0, "f1-score": 1.0, "support": 5.0}, "nb": {"precision": 0.5555555555555556, "recall": 0.625, "f1-score": 0.5882352941176471, "support": 8.0}, "re": {"precision": 1.0, "recall": 0.5, "f1-score": 0.6666666666666666, "support": 6.0}, "en": {"precision": 1.0, "recall": 1.0, "f1-score": 1.0, "support": 3.0}, "ra": {"precision": 0.0, "recall": 0.0, "f1-score": 0.0, "support": 0.0}, "dtp": {"precision": 0.75, "recall": 0.12, "f1-score": 0.20689655172413793, "support": 25.0}, "fi": {"precision": 1.0, "recall": 0.16666666666666666, "f1-score": 0.2857142857142857, "support": 6.0}, "lt": {"precision": 0.5, "recall": 1.0, "f1-score": 0.6666666666666666, "support": 1.0}, "rv": {"precision": 0.3333333333333333, "recall": 0.3333333333333333, "f1-score": 0.3333333333333333, "support": 3.0}, "ob": {"precision": 0.0, "recall": 0.0, "f1-score": 0.0, "support": 2.0}, "rs": {"precision": 0.0, "recall": 0.0, "f1-score": 0.0, "support": 1.0}, "av": {"precision": 0.0, "recall": 0.0, "f1-score": 0.0, "support": 3.0}, "ds": {"precision": 0.6976744186046512, "recall": 0.8823529411764706, "f1-score": 0.7792207792207793, "support": 34.0}, "ed": {"precision": 0.0, "recall": 0.0, "f1-score": 0.0, "support": 5.0}}}