{"f1": 0.7124437781109445, "precision": 0.725717776420281, "recall": 0.6996466431095406, "accuracy": 0.5360262008733624, "threshold": 0.44999999999999996, "label_scores": {"MT": {"precision": 0.673469387755102, "recall": 0.6, "f1-score": 0.6346153846153846, "support": 110.0}, "LY": {"precision": 1.0, "recall": 0.42857142857142855, "f1-score": 0.6, "support": 7.0}, "SP": {"precision": 0.5714285714285714, "recall": 0.3076923076923077, "f1-score": 0.4, "support": 13.0}, "ID": {"precision": 0.7142857142857143, "recall": 0.21739130434782608, "f1-score": 0.3333333333333333, "support": 23.0}, "NA": {"precision": 0.7677902621722846, "recall": 0.8951965065502183, "f1-score": 0.8266129032258065, "support": 229.0}, "HI": {"precision": 0.6097560975609756, "recall": 0.7575757575757576, "f1-score": 0.6756756756756757, "support": 33.0}, "IN": {"precision": 0.8110236220472441, "recall": 0.5567567567567567, "f1-score": 0.6602564102564102, "support": 185.0}, "OP": {"precision": 0.6938775510204082, "recall": 0.3695652173913043, "f1-score": 0.48226950354609927, "support": 92.0}, "IP": {"precision": 0.698005698005698, "recall": 0.8626760563380281, "f1-score": 0.7716535433070867, "support": 284.0}, "it": {"precision": 0.6666666666666666, "recall": 0.5714285714285714, "f1-score": 0.6153846153846153, "support": 7.0}, "ne": {"precision": 0.7619047619047619, "recall": 0.9214659685863874, "f1-score": 0.834123222748815, "support": 191.0}, "sr": {"precision": 0.48, "recall": 0.8571428571428571, "f1-score": 0.6153846153846153, "support": 14.0}, "nb": {"precision": 0.5555555555555556, "recall": 0.21739130434782608, "f1-score": 0.3125, "support": 23.0}, "re": {"precision": 0.9523809523809523, "recall": 0.9523809523809523, "f1-score": 0.9523809523809523, "support": 21.0}, "en": {"precision": 0.0, "recall": 0.0, "f1-score": 0.0, "support": 4.0}, "ra": {"precision": 0.0, "recall": 0.0, "f1-score": 0.0, "support": 0.0}, "dtp": {"precision": 0.6, "recall": 0.13043478260869565, "f1-score": 0.21428571428571427, "support": 46.0}, "fi": {"precision": 0.0, "recall": 0.0, "f1-score": 0.0, "support": 3.0}, "lt": {"precision": 0.8823529411764706, "recall": 0.5660377358490566, "f1-score": 0.6896551724137931, "support": 53.0}, "rv": {"precision": 0.5, "recall": 0.3548387096774194, "f1-score": 0.41509433962264153, "support": 31.0}, "ob": {"precision": 0.0, "recall": 0.0, "f1-score": 0.0, "support": 22.0}, "rs": {"precision": 0.0, "recall": 0.0, "f1-score": 0.0, "support": 10.0}, "av": {"precision": 0.5555555555555556, "recall": 0.5, "f1-score": 0.5263157894736842, "support": 20.0}, "ds": {"precision": 0.7565543071161048, "recall": 0.8278688524590164, "f1-score": 0.7906066536203522, "support": 244.0}, "ed": {"precision": 0.5365853658536586, "recall": 0.6666666666666666, "f1-score": 0.5945945945945946, "support": 33.0}}}