{"f1": 0.5384615384615384, "f1_macro": 0.4430144204991775, "precision": 0.5686274509803921, "recall": 0.5113350125944585, "accuracy": 0.2706576728499157, "threshold": 0.3, "label_scores": {"Forum": {"precision": 0.17142857142857143, "recall": 0.13636363636363635, "f1-score": 0.15189873417721517, "support": 44.0}, "Information/Explanation": {"precision": 0.7611111111111111, "recall": 0.2575187969924812, "f1-score": 0.38483146067415724, "support": 532.0}, "Instruction": {"precision": 0.6226415094339622, "recall": 0.515625, "f1-score": 0.564102564102564, "support": 128.0}, "Legal": {"precision": 0.3333333333333333, "recall": 0.23076923076923078, "f1-score": 0.27272727272727276, "support": 13.0}, "News": {"precision": 0.8393782383419689, "recall": 0.9473684210526315, "f1-score": 0.8901098901098902, "support": 342.0}, "Opinion/Argumentation": {"precision": 0.6527196652719666, "recall": 0.4369747899159664, "f1-score": 0.5234899328859062, "support": 357.0}, "Other": {"precision": 0.09615384615384616, "recall": 0.22556390977443608, "f1-score": 0.13483146067415733, "support": 133.0}, "Promotion": {"precision": 0.5766590389016019, "recall": 0.8289473684210527, "f1-score": 0.6801619433198381, "support": 304.0}, "Prose/Lyrical": {"precision": 0.5061728395061729, "recall": 0.3106060606060606, "f1-score": 0.38497652582159625, "support": 132.0}}}