{"f1": 0.6850565588410398, "f1_macro": 0.6637926475451491, "precision": 0.752725686873092, "recall": 0.6285506190823015, "accuracy": 0.4300077339520495, "threshold": 0.39999999999999997, "label_scores": {"MT": {"precision": 0.9529411764705882, "recall": 0.6982758620689655, "f1-score": 0.8059701492537313, "support": 116.0}, "LY": {"precision": 0.0, "recall": 0.0, "f1-score": 0.0, "support": 15.0}, "SP": {"precision": 0.0, "recall": 0.0, "f1-score": 0.0, "support": 7.0}, "ID": {"precision": 0.0, "recall": 0.0, "f1-score": 0.0, "support": 51.0}, "NA": {"precision": 0.7397260273972602, "recall": 0.8244274809160306, "f1-score": 0.7797833935018051, "support": 393.0}, "HI": {"precision": 0.0, "recall": 0.0, "f1-score": 0.0, "support": 78.0}, "IN": {"precision": 0.7043701799485861, "recall": 0.8106508875739645, "f1-score": 0.7537826685006876, "support": 338.0}, "OP": {"precision": 0.8518518518518519, "recall": 0.2804878048780488, "f1-score": 0.42201834862385323, "support": 164.0}, "IP": {"precision": 0.7740492170022372, "recall": 0.812206572769953, "f1-score": 0.7926689576174112, "support": 426.0}, "it": {"precision": 0.0, "recall": 0.0, "f1-score": 0.0, "support": 6.0}, "ne": {"precision": 0.9019607843137255, "recall": 0.4842105263157895, "f1-score": 0.6301369863013698, "support": 95.0}, "sr": {"precision": 0.0, "recall": 0.0, "f1-score": 0.0, "support": 14.0}, "nb": {"precision": 0.7116788321167883, "recall": 0.7926829268292683, "f1-score": 0.75, "support": 246.0}, "re": {"precision": 0.0, "recall": 0.0, "f1-score": 0.0, "support": 18.0}, "en": {"precision": 0.8368794326241135, "recall": 0.8872180451127819, "f1-score": 0.8613138686131386, "support": 133.0}, "ra": {"precision": 0.0, "recall": 0.0, "f1-score": 0.0, "support": 1.0}, "dtp": {"precision": 0.5483870967741935, "recall": 0.1827956989247312, "f1-score": 0.27419354838709675, "support": 93.0}, "fi": {"precision": 0.0, "recall": 0.0, "f1-score": 0.0, "support": 30.0}, "lt": {"precision": 0.0, "recall": 0.0, "f1-score": 0.0, "support": 38.0}, "rv": {"precision": 1.0, "recall": 0.3088235294117647, "f1-score": 0.4719101123595506, "support": 68.0}, "ob": {"precision": 0.0, "recall": 0.0, "f1-score": 0.0, "support": 54.0}, "rs": {"precision": 0.0, "recall": 0.0, "f1-score": 0.0, "support": 9.0}, "av": {"precision": 0.0, "recall": 0.0, "f1-score": 0.0, "support": 27.0}, "ds": {"precision": 0.712707182320442, "recall": 0.8138801261829653, "f1-score": 0.759941089837997, "support": 317.0}, "ed": {"precision": 0.0, "recall": 0.0, "f1-score": 0.0, "support": 9.0}}}