{"f1": 0.724941724941725, "f1_macro": 0.5668825669055484, "precision": 0.7174163783160323, "recall": 0.7326266195524146, "accuracy": 0.5393013100436681, "threshold": 0.35, "label_scores": {"MT": {"precision": 0.8604651162790697, "recall": 0.6727272727272727, "f1-score": 0.7551020408163266, "support": 110.0}, "LY": {"precision": 0.0, "recall": 0.0, "f1-score": 0.0, "support": 7.0}, "SP": {"precision": 0.0, "recall": 0.0, "f1-score": 0.0, "support": 13.0}, "ID": {"precision": 1.0, "recall": 0.043478260869565216, "f1-score": 0.08333333333333333, "support": 23.0}, "NA": {"precision": 0.7769516728624535, "recall": 0.9126637554585153, "f1-score": 0.8393574297188754, "support": 229.0}, "HI": {"precision": 0.7586206896551724, "recall": 0.6666666666666666, "f1-score": 0.7096774193548386, "support": 33.0}, "IN": {"precision": 0.6173913043478261, "recall": 0.7675675675675676, "f1-score": 0.6843373493975903, "support": 185.0}, "OP": {"precision": 0.5462962962962963, "recall": 0.6413043478260869, "f1-score": 0.59, "support": 92.0}, "IP": {"precision": 0.7090909090909091, "recall": 0.823943661971831, "f1-score": 0.7622149837133552, "support": 284.0}, "it": {"precision": 0.0, "recall": 0.0, "f1-score": 0.0, "support": 7.0}, "ne": {"precision": 0.7811158798283262, "recall": 0.9528795811518325, "f1-score": 0.8584905660377359, "support": 191.0}, "sr": {"precision": 1.0, "recall": 0.14285714285714285, "f1-score": 0.25, "support": 14.0}, "nb": {"precision": 0.8571428571428571, "recall": 0.5217391304347826, "f1-score": 0.6486486486486486, "support": 23.0}, "re": {"precision": 0.9130434782608695, "recall": 1.0, "f1-score": 0.9545454545454545, "support": 21.0}, "en": {"precision": 0.0, "recall": 0.0, "f1-score": 0.0, "support": 4.0}, "ra": {"precision": 0.0, "recall": 0.0, "f1-score": 0.0, "support": 0.0}, "dtp": {"precision": 0.5416666666666666, "recall": 0.5652173913043478, "f1-score": 0.5531914893617021, "support": 46.0}, "fi": {"precision": 0.0, "recall": 0.0, "f1-score": 0.0, "support": 3.0}, "lt": {"precision": 0.7142857142857143, "recall": 0.660377358490566, "f1-score": 0.6862745098039216, "support": 53.0}, "rv": {"precision": 0.7142857142857143, "recall": 0.16129032258064516, "f1-score": 0.2631578947368421, "support": 31.0}, "ob": {"precision": 0.2222222222222222, "recall": 0.09090909090909091, "f1-score": 0.1290322580645161, "support": 22.0}, "rs": {"precision": 0.6666666666666666, "recall": 0.2, "f1-score": 0.30769230769230765, "support": 10.0}, "av": {"precision": 1.0, "recall": 0.2, "f1-score": 0.33333333333333337, "support": 20.0}, "ds": {"precision": 0.7335640138408305, "recall": 0.8688524590163934, "f1-score": 0.7954971857410881, "support": 244.0}, "ed": {"precision": 0.0, "recall": 0.0, "f1-score": 0.0, "support": 33.0}}}