{"f1": 0.7309771681336847, "f1_macro": 0.6922292912873309, "precision": 0.6982501067008109, "recall": 0.7669229326832927, "accuracy": 0.6056014212561396, "threshold": 0.39999999999999997, "label_scores": {"Forum": {"precision": 0.8246110325318247, "recall": 0.8498542274052479, "f1-score": 0.8370423546302944, "support": 686.0}, "Information/Explanation": {"precision": 0.6606236403190718, "recall": 0.7311396468699839, "f1-score": 0.6940952380952381, "support": 2492.0}, "Instruction": {"precision": 0.6205533596837944, "recall": 0.6723768736616702, "f1-score": 0.645426515930113, "support": 467.0}, "Legal": {"precision": 0.8571428571428571, "recall": 0.6, "f1-score": 0.7058823529411764, "support": 40.0}, "News": {"precision": 0.8013530135301353, "recall": 0.8812986134595874, "f1-score": 0.8394266387502014, "support": 2957.0}, "Opinion/Argumentation": {"precision": 0.6969283276450512, "recall": 0.7802827665265571, "f1-score": 0.7362538308995853, "support": 2617.0}, "Other": {"precision": 0.6708074534161491, "recall": 0.7397260273972602, "f1-score": 0.7035830618892508, "support": 146.0}, "Promotion": {"precision": 0.6666666666666666, "recall": 0.4960835509138381, "f1-score": 0.5688622754491018, "support": 383.0}, "Prose/Lyrical": {"precision": 0.45128676470588236, "recall": 0.5592255125284739, "f1-score": 0.4994913530010173, "support": 878.0}}}