{"f1": 0.7754704737183648, "f1_macro": 0.7289036643166686, "precision": 0.7940199335548173, "recall": 0.7577679137603044, "accuracy": 0.6473317865429234, "threshold": 0.39999999999999997, "label_scores": {"Forum": {"precision": 0.7547169811320755, "recall": 0.7843137254901961, "f1-score": 0.7692307692307692, "support": 51.0}, "Information/Explanation": {"precision": 0.6822157434402333, "recall": 0.8634686346863468, "f1-score": 0.7622149837133552, "support": 271.0}, "Instruction": {"precision": 0.717391304347826, "recall": 0.616822429906542, "f1-score": 0.6633165829145728, "support": 107.0}, "Legal": {"precision": 0.7567567567567568, "recall": 0.7368421052631579, "f1-score": 0.7466666666666667, "support": 38.0}, "News": {"precision": 0.7413793103448276, "recall": 0.7889908256880734, "f1-score": 0.7644444444444446, "support": 109.0}, "Opinion/Argumentation": {"precision": 0.9159159159159159, "recall": 0.7741116751269036, "f1-score": 0.8390646492434664, "support": 394.0}, "Other": {"precision": 0.9130434782608695, "recall": 0.6829268292682927, "f1-score": 0.7813953488372093, "support": 123.0}, "Promotion": {"precision": 0.8898071625344353, "recall": 0.7745803357314148, "f1-score": 0.8282051282051283, "support": 417.0}, "Prose/Lyrical": {"precision": 0.3815789473684211, "recall": 0.43283582089552236, "f1-score": 0.4055944055944056, "support": 67.0}}}