{"f1": 0.658180208102723, "f1_macro": 0.49838215787236706, "precision": 0.6658454647256439, "recall": 0.6506894287590282, "accuracy": 0.4097606855470791, "threshold": 0.39999999999999997, "label_scores": {"MT": {"precision": 0.0, "recall": 0.0, "f1-score": 0.0, "support": 0.0}, "LY": {"precision": 1.0, "recall": 0.02962962962962963, "f1-score": 0.05755395683453238, "support": 135.0}, "SP": {"precision": 0.6666666666666666, "recall": 0.0273972602739726, "f1-score": 0.05263157894736842, "support": 146.0}, "ID": {"precision": 0.7978227060653188, "recall": 0.7478134110787172, "f1-score": 0.7720090293453725, "support": 686.0}, "NA": {"precision": 0.7593891869583161, "recall": 0.8630393996247655, "f1-score": 0.8079034028540065, "support": 4264.0}, "HI": {"precision": 0.6575875486381323, "recall": 0.41119221411192214, "f1-score": 0.5059880239520959, "support": 411.0}, "IN": {"precision": 0.6477761836441894, "recall": 0.6956856702619415, "f1-score": 0.6708766716196137, "support": 2596.0}, "OP": {"precision": 0.5799911855442926, "recall": 0.6181305777360263, "f1-score": 0.5984538426557526, "support": 2129.0}, "IP": {"precision": 0.6461538461538462, "recall": 0.31343283582089554, "f1-score": 0.42211055276381915, "support": 402.0}, "it": {"precision": 0.0, "recall": 0.0, "f1-score": 0.0, "support": 104.0}, "ne": {"precision": 0.7027920646583394, "recall": 0.8109368376430691, "f1-score": 0.7530013776815586, "support": 2359.0}, "sr": {"precision": 0.8383838383838383, "recall": 0.9149606299212598, "f1-score": 0.875, "support": 635.0}, "nb": {"precision": 0.6089309878213802, "recall": 0.6232686980609419, "f1-score": 0.6160164271047228, "support": 722.0}, "re": {"precision": 0.9411764705882353, "recall": 0.43243243243243246, "f1-score": 0.5925925925925927, "support": 37.0}, "en": {"precision": 0.0, "recall": 0.0, "f1-score": 0.0, "support": 108.0}, "ra": {"precision": 0.0, "recall": 0.0, "f1-score": 0.0, "support": 189.0}, "dtp": {"precision": 0.43263061411549036, "recall": 0.43302752293577984, "f1-score": 0.4328289775332417, "support": 1090.0}, "fi": {"precision": 0.0, "recall": 0.0, "f1-score": 0.0, "support": 69.0}, "lt": {"precision": 0.0, "recall": 0.0, "f1-score": 0.0, "support": 40.0}, "rv": {"precision": 0.6714285714285714, "recall": 0.45742092457420924, "f1-score": 0.5441389290882779, "support": 411.0}, "ob": {"precision": 0.4666064981949459, "recall": 0.49191246431969554, "f1-score": 0.4789254284390922, "support": 1051.0}, "rs": {"precision": 0.7142857142857143, "recall": 0.06369426751592357, "f1-score": 0.11695906432748537, "support": 157.0}, "av": {"precision": 0.5272727272727272, "recall": 0.1228813559322034, "f1-score": 0.1993127147766323, "support": 236.0}, "ds": {"precision": 0.7368421052631579, "recall": 0.35, "f1-score": 0.47457627118644063, "support": 280.0}, "ed": {"precision": 0.0, "recall": 0.0, "f1-score": 0.0, "support": 19.0}}}