{"f1": 0.6326530612244897, "f1_macro": 0.5139996205683244, "precision": 0.6666666666666666, "recall": 0.6019417475728155, "accuracy": 0.57, "threshold": 0.5499999999999999, "label_scores": {"Forum": {"precision": 0.3333333333333333, "recall": 0.25, "f1-score": 0.28571428571428575, "support": 4.0}, "Information/Explanation": {"precision": 0.625, "recall": 0.45454545454545453, "f1-score": 0.5263157894736842, "support": 22.0}, "Instruction": {"precision": 1.0, "recall": 0.14285714285714285, "f1-score": 0.25, "support": 7.0}, "Legal": {"precision": 1.0, "recall": 0.6666666666666666, "f1-score": 0.8, "support": 3.0}, "News": {"precision": 0.7727272727272727, "recall": 0.8947368421052632, "f1-score": 0.8292682926829269, "support": 19.0}, "Opinion/Argumentation": {"precision": 0.5, "recall": 0.2727272727272727, "f1-score": 0.3529411764705882, "support": 11.0}, "Other": {"precision": 0.2, "recall": 1.0, "f1-score": 0.33333333333333337, "support": 1.0}, "Promotion": {"precision": 0.75, "recall": 0.8275862068965517, "f1-score": 0.7868852459016394, "support": 29.0}, "Prose/Lyrical": {"precision": 0.5, "recall": 0.42857142857142855, "f1-score": 0.4615384615384615, "support": 7.0}}}