{"f1": 0.6140845070422535, "precision": 0.5956284153005464, "recall": 0.6337209302325582, "accuracy": 0.5047318611987381, "threshold": 0.39999999999999997, "label_scores": {"Forum": {"precision": 0.5833333333333334, "recall": 0.875, "f1-score": 0.7000000000000001, "support": 8.0}, "Information/Explanation": {"precision": 0.3482142857142857, "recall": 0.8297872340425532, "f1-score": 0.49056603773584895, "support": 47.0}, "Instruction": {"precision": 0.5, "recall": 0.1875, "f1-score": 0.2727272727272727, "support": 16.0}, "Legal": {"precision": 0.7647058823529411, "recall": 0.7647058823529411, "f1-score": 0.7647058823529412, "support": 17.0}, "News": {"precision": 0.8064516129032258, "recall": 0.8064516129032258, "f1-score": 0.8064516129032258, "support": 31.0}, "Opinion/Argumentation": {"precision": 0.3617021276595745, "recall": 0.3469387755102041, "f1-score": 0.35416666666666663, "support": 49.0}, "Other": {"precision": 0.1111111111111111, "recall": 0.16666666666666666, "f1-score": 0.13333333333333333, "support": 6.0}, "Promotion": {"precision": 0.8888888888888888, "recall": 0.7079646017699115, "f1-score": 0.7881773399014778, "support": 113.0}, "Prose/Lyrical": {"precision": 0.7857142857142857, "recall": 0.5789473684210527, "f1-score": 0.6666666666666667, "support": 57.0}}}