{"f1": 0.7657798643714138, "precision": 0.7783669141039237, "recall": 0.7535934291581109, "accuracy": 0.6932314410480349, "threshold": 0.44999999999999996, "label_scores": {"Forum": {"precision": 0.6, "recall": 0.2608695652173913, "f1-score": 0.36363636363636365, "support": 23.0}, "Information/Explanation": {"precision": 0.6666666666666666, "recall": 0.5891472868217055, "f1-score": 0.6255144032921811, "support": 129.0}, "Instruction": {"precision": 0.8387096774193549, "recall": 0.7222222222222222, "f1-score": 0.7761194029850746, "support": 36.0}, "Legal": {"precision": 0.8095238095238095, "recall": 0.6415094339622641, "f1-score": 0.7157894736842104, "support": 53.0}, "News": {"precision": 0.8863636363636364, "recall": 0.9558823529411765, "f1-score": 0.9198113207547169, "support": 204.0}, "Opinion/Argumentation": {"precision": 0.8089887640449438, "recall": 0.5294117647058824, "f1-score": 0.6399999999999999, "support": 136.0}, "Other": {"precision": 0.9404761904761905, "recall": 0.6422764227642277, "f1-score": 0.7632850241545893, "support": 123.0}, "Promotion": {"precision": 0.7048192771084337, "recall": 0.9322709163346613, "f1-score": 0.8027444253859347, "support": 251.0}, "Prose/Lyrical": {"precision": 0.5714285714285714, "recall": 0.631578947368421, "f1-score": 0.6, "support": 19.0}}}