{"f1": 0.8145407052677405, "f1_macro": 0.7874699943406805, "precision": 0.8152505446623094, "recall": 0.8138321009134406, "accuracy": 0.7522082752208276, "threshold": 0.44999999999999996, "label_scores": {"MT": {"precision": 0.9854014598540146, "recall": 0.9782608695652174, "f1-score": 0.9818181818181817, "support": 276.0}, "LY": {"precision": 0.0, "recall": 0.0, "f1-score": 0.0, "support": 5.0}, "SP": {"precision": 0.7647058823529411, "recall": 0.7222222222222222, "f1-score": 0.7428571428571428, "support": 18.0}, "ID": {"precision": 0.8304347826086956, "recall": 0.8268398268398268, "f1-score": 0.8286334056399132, "support": 231.0}, "NA": {"precision": 0.839240506329114, "recall": 0.8793103448275862, "f1-score": 0.8588082901554404, "support": 754.0}, "HI": {"precision": 0.7831325301204819, "recall": 0.5555555555555556, "f1-score": 0.65, "support": 117.0}, "IN": {"precision": 0.7601246105919003, "recall": 0.6740331491712708, "f1-score": 0.7144948755490483, "support": 362.0}, "OP": {"precision": 0.7820069204152249, "recall": 0.795774647887324, "f1-score": 0.7888307155322862, "support": 284.0}, "IP": {"precision": 0.6862068965517242, "recall": 0.7896825396825397, "f1-score": 0.7343173431734317, "support": 252.0}}}