{"f1": 0.6476868327402135, "precision": 0.7165354330708661, "recall": 0.5909090909090909, "accuracy": 0.5413533834586466, "threshold": 0.5499999999999999, "label_scores": {"Forum": {"precision": 1.0, "recall": 0.5, "f1-score": 0.6666666666666666, "support": 4.0}, "Information/Explanation": {"precision": 0.7727272727272727, "recall": 0.425, "f1-score": 0.5483870967741935, "support": 40.0}, "Instruction": {"precision": 1.0, "recall": 0.375, "f1-score": 0.5454545454545454, "support": 16.0}, "Legal": {"precision": 1.0, "recall": 1.0, "f1-score": 1.0, "support": 1.0}, "News": {"precision": 1.0, "recall": 0.625, "f1-score": 0.7692307692307693, "support": 16.0}, "Opinion/Argumentation": {"precision": 0.7692307692307693, "recall": 0.47619047619047616, "f1-score": 0.588235294117647, "support": 21.0}, "Other": {"precision": 0.8235294117647058, "recall": 0.8235294117647058, "f1-score": 0.8235294117647058, "support": 17.0}, "Promotion": {"precision": 0.6739130434782609, "recall": 0.9117647058823529, "f1-score": 0.775, "support": 34.0}, "Prose/Lyrical": {"precision": 0.0, "recall": 0.0, "f1-score": 0.0, "support": 5.0}}}