{"f1": 0.7886435331230285, "precision": 0.8680555555555556, "recall": 0.7225433526011561, "accuracy": 0.7125, "threshold": 0.49999999999999994, "label_scores": {"MT": {"precision": 0.3333333333333333, "recall": 0.8, "f1-score": 0.47058823529411764, "support": 5.0}, "LY": {"precision": 1.0, "recall": 0.75, "f1-score": 0.8571428571428571, "support": 12.0}, "SP": {"precision": 0.0, "recall": 0.0, "f1-score": 0.0, "support": 2.0}, "ID": {"precision": 0.0, "recall": 0.0, "f1-score": 0.0, "support": 1.0}, "NA": {"precision": 0.9743589743589743, "recall": 0.8941176470588236, "f1-score": 0.9325153374233129, "support": 85.0}, "HI": {"precision": 1.0, "recall": 0.2222222222222222, "f1-score": 0.3636363636363636, "support": 9.0}, "IN": {"precision": 0.8125, "recall": 0.7647058823529411, "f1-score": 0.787878787878788, "support": 34.0}, "OP": {"precision": 0.625, "recall": 0.45454545454545453, "f1-score": 0.5263157894736842, "support": 11.0}, "IP": {"precision": 1.0, "recall": 0.21428571428571427, "f1-score": 0.35294117647058826, "support": 14.0}}}