{"f1": 0.6069651741293532, "precision": 0.6723821187997551, "recall": 0.5531486146095718, "accuracy": 0.3642495784148398, "threshold": 0.3, "label_scores": {"Forum": {"precision": 0.4666666666666667, "recall": 0.1590909090909091, "f1-score": 0.23728813559322037, "support": 44.0}, "Information/Explanation": {"precision": 0.6854304635761589, "recall": 0.3890977443609023, "f1-score": 0.4964028776978417, "support": 532.0}, "Instruction": {"precision": 0.6349206349206349, "recall": 0.625, "f1-score": 0.6299212598425197, "support": 128.0}, "Legal": {"precision": 0.36363636363636365, "recall": 0.3076923076923077, "f1-score": 0.33333333333333337, "support": 13.0}, "News": {"precision": 0.8636363636363636, "recall": 0.9444444444444444, "f1-score": 0.9022346368715084, "support": 342.0}, "Opinion/Argumentation": {"precision": 0.6453900709219859, "recall": 0.5098039215686274, "f1-score": 0.569640062597809, "support": 357.0}, "Other": {"precision": 0.21649484536082475, "recall": 0.15789473684210525, "f1-score": 0.1826086956521739, "support": 133.0}, "Promotion": {"precision": 0.6521739130434783, "recall": 0.7894736842105263, "f1-score": 0.7142857142857143, "support": 304.0}, "Prose/Lyrical": {"precision": 0.5862068965517241, "recall": 0.25757575757575757, "f1-score": 0.35789473684210527, "support": 132.0}}}