{"f1": 0.639344262295082, "precision": 0.6341463414634146, "recall": 0.6446280991735537, "accuracy": 0.4891304347826087, "threshold": 0.3, "label_scores": {"Forum": {"precision": 1.0, "recall": 0.625, "f1-score": 0.7692307692307693, "support": 8.0}, "Information/Explanation": {"precision": 0.7777777777777778, "recall": 0.5384615384615384, "f1-score": 0.6363636363636364, "support": 26.0}, "Instruction": {"precision": 0.8333333333333334, "recall": 0.5, "f1-score": 0.625, "support": 10.0}, "Legal": {"precision": 0.4, "recall": 1.0, "f1-score": 0.5714285714285715, "support": 2.0}, "News": {"precision": 0.8823529411764706, "recall": 0.9375, "f1-score": 0.9090909090909091, "support": 32.0}, "Opinion/Argumentation": {"precision": 0.5, "recall": 0.4117647058823529, "f1-score": 0.45161290322580644, "support": 17.0}, "Other": {"precision": 0.2222222222222222, "recall": 0.6666666666666666, "f1-score": 0.3333333333333333, "support": 3.0}, "Promotion": {"precision": 0.3333333333333333, "recall": 0.6153846153846154, "f1-score": 0.43243243243243246, "support": 13.0}, "Prose/Lyrical": {"precision": 0.625, "recall": 0.5, "f1-score": 0.5555555555555556, "support": 10.0}}}