{"f1": 0.6973293768545994, "f1_macro": 0.5199685287473805, "precision": 0.7164634146341463, "recall": 0.6791907514450867, "accuracy": 0.5930599369085173, "threshold": 0.44999999999999996, "label_scores": {"MT": {"precision": 0.25, "recall": 0.2, "f1-score": 0.22222222222222224, "support": 5.0}, "LY": {"precision": 0.3333333333333333, "recall": 0.3333333333333333, "f1-score": 0.3333333333333333, "support": 3.0}, "SP": {"precision": 0.0, "recall": 0.0, "f1-score": 0.0, "support": 1.0}, "ID": {"precision": 0.5454545454545454, "recall": 0.75, "f1-score": 0.631578947368421, "support": 8.0}, "NA": {"precision": 0.926829268292683, "recall": 0.7835051546391752, "f1-score": 0.8491620111731844, "support": 97.0}, "HI": {"precision": 0.75, "recall": 0.25, "f1-score": 0.375, "support": 12.0}, "IN": {"precision": 0.5585585585585585, "recall": 0.9117647058823529, "f1-score": 0.6927374301675977, "support": 68.0}, "OP": {"precision": 0.34615384615384615, "recall": 0.24324324324324326, "f1-score": 0.2857142857142857, "support": 37.0}, "IP": {"precision": 0.9058823529411765, "recall": 0.6695652173913044, "f1-score": 0.77, "support": 115.0}}}