{"f1": 0.6019417475728155, "precision": 0.6666666666666666, "recall": 0.5486725663716814, "accuracy": 0.5596330275229358, "threshold": 0.5499999999999999, "label_scores": {"Forum": {"precision": 1.0, "recall": 0.5, "f1-score": 0.6666666666666666, "support": 2.0}, "Information/Explanation": {"precision": 0.8125, "recall": 0.325, "f1-score": 0.46428571428571436, "support": 40.0}, "Instruction": {"precision": 1.0, "recall": 0.5, "f1-score": 0.6666666666666666, "support": 2.0}, "Legal": {"precision": 1.0, "recall": 1.0, "f1-score": 1.0, "support": 3.0}, "News": {"precision": 0.8095238095238095, "recall": 0.85, "f1-score": 0.8292682926829269, "support": 20.0}, "Opinion/Argumentation": {"precision": 0.8666666666666667, "recall": 0.52, "f1-score": 0.65, "support": 25.0}, "Other": {"precision": 1.0, "recall": 0.2, "f1-score": 0.33333333333333337, "support": 5.0}, "Promotion": {"precision": 0.3448275862068966, "recall": 0.9090909090909091, "f1-score": 0.5000000000000001, "support": 11.0}, "Prose/Lyrical": {"precision": 0.5, "recall": 0.6, "f1-score": 0.5454545454545454, "support": 5.0}}}