{"f1": 0.7163379983036472, "precision": 0.6946843512235246, "recall": 0.7393849857736923, "accuracy": 0.48239105444665065, "pr_auc": 0.7892286810608532, "threshold": 0.39999999999999997, "label_scores": {"MT": {"precision": 0.0, "recall": 0.0, "f1-score": 0.0, "support": 0.0}, "LY": {"precision": 0.9722222222222222, "recall": 0.7777777777777778, "f1-score": 0.8641975308641976, "support": 135.0}, "SP": {"precision": 0.7253521126760564, "recall": 0.7054794520547946, "f1-score": 0.7152777777777779, "support": 146.0}, "ID": {"precision": 0.8667711598746082, "recall": 0.8061224489795918, "f1-score": 0.8353474320241692, "support": 686.0}, "NA": {"precision": 0.7804776739356178, "recall": 0.8813320825515948, "f1-score": 0.8278444762639057, "support": 4264.0}, "HI": {"precision": 0.5383177570093458, "recall": 0.7007299270072993, "f1-score": 0.6088794926004228, "support": 411.0}, "IN": {"precision": 0.632399745385105, "recall": 0.7654083204930663, "f1-score": 0.6925758103868943, "support": 2596.0}, "OP": {"precision": 0.6457418788410887, "recall": 0.6909347111319869, "f1-score": 0.6675743135920128, "support": 2129.0}, "IP": {"precision": 0.5356265356265356, "recall": 0.5422885572139303, "f1-score": 0.5389369592089, "support": 402.0}, "it": {"precision": 0.7117117117117117, "recall": 0.7596153846153846, "f1-score": 0.7348837209302327, "support": 104.0}, "ne": {"precision": 0.7887667887667887, "recall": 0.821534548537516, "f1-score": 0.8048172757475084, "support": 2359.0}, "sr": {"precision": 0.8670788253477589, "recall": 0.8834645669291339, "f1-score": 0.8751950078003121, "support": 635.0}, "nb": {"precision": 0.6694677871148459, "recall": 0.6620498614958449, "f1-score": 0.6657381615598886, "support": 722.0}, "re": {"precision": 0.875, "recall": 0.7567567567567568, "f1-score": 0.8115942028985507, "support": 37.0}, "en": {"precision": 0.625, "recall": 0.7870370370370371, "f1-score": 0.6967213114754098, "support": 108.0}, "ra": {"precision": 0.8235294117647058, "recall": 0.5185185185185185, "f1-score": 0.6363636363636364, "support": 189.0}, "dtp": {"precision": 0.4666666666666667, "recall": 0.5201834862385321, "f1-score": 0.49197396963123646, "support": 1090.0}, "fi": {"precision": 0.7777777777777778, "recall": 0.10144927536231885, "f1-score": 0.1794871794871795, "support": 69.0}, "lt": {"precision": 0.6764705882352942, "recall": 0.575, "f1-score": 0.6216216216216216, "support": 40.0}, "rv": {"precision": 0.6928571428571428, "recall": 0.708029197080292, "f1-score": 0.7003610108303249, "support": 411.0}, "ob": {"precision": 0.5733333333333334, "recall": 0.49096098953377737, "f1-score": 0.5289595079446437, "support": 1051.0}, "rs": {"precision": 0.7068965517241379, "recall": 0.7834394904458599, "f1-score": 0.743202416918429, "support": 157.0}, "av": {"precision": 0.496, "recall": 0.2627118644067797, "f1-score": 0.3434903047091413, "support": 236.0}, "ds": {"precision": 0.6192170818505338, "recall": 0.6214285714285714, "f1-score": 0.6203208556149733, "support": 280.0}, "ed": {"precision": 0.0, "recall": 0.0, "f1-score": 0.0, "support": 19.0}}}