{"f1": 0.7957860615883307, "precision": 0.7919354838709678, "recall": 0.7996742671009772, "accuracy": 0.6731752673175267, "pr_auc": 0.864101644931631, "threshold": 0.44999999999999996, "label_scores": {"MT": {"precision": 0.9854014598540146, "recall": 0.9782608695652174, "f1-score": 0.9818181818181817, "support": 276.0}, "LY": {"precision": 0.0, "recall": 0.0, "f1-score": 0.0, "support": 5.0}, "SP": {"precision": 0.9090909090909091, "recall": 0.5555555555555556, "f1-score": 0.6896551724137931, "support": 18.0}, "ID": {"precision": 0.8786407766990292, "recall": 0.7835497835497836, "f1-score": 0.8283752860411899, "support": 231.0}, "NA": {"precision": 0.8118343195266272, "recall": 0.9098143236074271, "f1-score": 0.858036272670419, "support": 754.0}, "HI": {"precision": 0.7714285714285715, "recall": 0.6923076923076923, "f1-score": 0.7297297297297296, "support": 117.0}, "IN": {"precision": 0.7668711656441718, "recall": 0.6906077348066298, "f1-score": 0.7267441860465117, "support": 362.0}, "OP": {"precision": 0.8134328358208955, "recall": 0.7676056338028169, "f1-score": 0.7898550724637681, "support": 284.0}, "IP": {"precision": 0.6972789115646258, "recall": 0.8134920634920635, "f1-score": 0.7509157509157508, "support": 252.0}, "it": {"precision": 0.9, "recall": 0.6923076923076923, "f1-score": 0.7826086956521738, "support": 13.0}, "ne": {"precision": 0.6405228758169934, "recall": 0.8711111111111111, "f1-score": 0.7382297551789078, "support": 225.0}, "sr": {"precision": 0.9295774647887324, "recall": 0.9295774647887324, "f1-score": 0.9295774647887324, "support": 71.0}, "nb": {"precision": 0.8059701492537313, "recall": 0.8108108108108109, "f1-score": 0.8083832335329342, "support": 333.0}, "re": {"precision": 0.7777777777777778, "recall": 0.875, "f1-score": 0.823529411764706, "support": 8.0}, "en": {"precision": 0.6976744186046512, "recall": 0.6666666666666666, "f1-score": 0.6818181818181818, "support": 45.0}, "ra": {"precision": 0.875, "recall": 0.5, "f1-score": 0.6363636363636364, "support": 14.0}, "dtp": {"precision": 0.5793650793650794, "recall": 0.5367647058823529, "f1-score": 0.5572519083969466, "support": 136.0}, "fi": {"precision": 1.0, "recall": 0.25, "f1-score": 0.4, "support": 4.0}, "lt": {"precision": 0.7777777777777778, "recall": 0.5384615384615384, "f1-score": 0.6363636363636364, "support": 26.0}, "rv": {"precision": 0.8666666666666667, "recall": 0.8348623853211009, "f1-score": 0.8504672897196262, "support": 109.0}, "ob": {"precision": 0.6607142857142857, "recall": 0.5441176470588235, "f1-score": 0.596774193548387, "support": 68.0}, "rs": {"precision": 0.8933333333333333, "recall": 0.7613636363636364, "f1-score": 0.8220858895705522, "support": 88.0}, "av": {"precision": 0.0, "recall": 0.0, "f1-score": 0.0, "support": 12.0}, "ds": {"precision": 0.7831858407079646, "recall": 0.8349056603773585, "f1-score": 0.8082191780821917, "support": 212.0}, "ed": {"precision": 0.0, "recall": 0.0, "f1-score": 0.0, "support": 21.0}}}