{"f1": 0.6962025316455697, "precision": 0.6193693693693694, "recall": 0.7947976878612717, "accuracy": 0.49842271293375395, "threshold": 0.3, "label_scores": {"MT": {"precision": 0.18181818181818182, "recall": 0.4, "f1-score": 0.25000000000000006, "support": 5.0}, "LY": {"precision": 0.5, "recall": 0.6666666666666666, "f1-score": 0.5714285714285715, "support": 3.0}, "SP": {"precision": 0.3333333333333333, "recall": 1.0, "f1-score": 0.5, "support": 1.0}, "ID": {"precision": 0.5, "recall": 0.75, "f1-score": 0.6, "support": 8.0}, "NA": {"precision": 0.8252427184466019, "recall": 0.8762886597938144, "f1-score": 0.85, "support": 97.0}, "HI": {"precision": 0.4090909090909091, "recall": 0.75, "f1-score": 0.5294117647058824, "support": 12.0}, "IN": {"precision": 0.4507042253521127, "recall": 0.9411764705882353, "f1-score": 0.6095238095238095, "support": 68.0}, "OP": {"precision": 0.4, "recall": 0.32432432432432434, "f1-score": 0.3582089552238806, "support": 37.0}, "IP": {"precision": 0.8034188034188035, "recall": 0.8173913043478261, "f1-score": 0.810344827586207, "support": 115.0}}}