{"f1": 0.6632124352331606, "precision": 0.7111111111111111, "recall": 0.6213592233009708, "accuracy": 0.61, "threshold": 0.5999999999999999, "label_scores": {"MT": {"precision": 0.2, "recall": 1.0, "f1-score": 0.33333333333333337, "support": 1.0}, "LY": {"precision": 0.0, "recall": 0.0, "f1-score": 0.0, "support": 0.0}, "SP": {"precision": 0.0, "recall": 0.0, "f1-score": 0.0, "support": 0.0}, "ID": {"precision": 0.5, "recall": 0.25, "f1-score": 0.3333333333333333, "support": 4.0}, "NA": {"precision": 0.8666666666666667, "recall": 0.8125, "f1-score": 0.8387096774193549, "support": 32.0}, "HI": {"precision": 1.0, "recall": 0.2857142857142857, "f1-score": 0.4444444444444445, "support": 7.0}, "IN": {"precision": 0.5789473684210527, "recall": 0.44, "f1-score": 0.5, "support": 25.0}, "OP": {"precision": 0.3333333333333333, "recall": 0.2, "f1-score": 0.25, "support": 5.0}, "IP": {"precision": 0.7586206896551724, "recall": 0.7586206896551724, "f1-score": 0.7586206896551724, "support": 29.0}}}