{"f1": 0.6666666666666666, "precision": 0.6810344827586207, "recall": 0.6528925619834711, "accuracy": 0.5217391304347826, "threshold": 0.3, "label_scores": {"MT": {"precision": 0.2222222222222222, "recall": 0.6666666666666666, "f1-score": 0.3333333333333333, "support": 3.0}, "LY": {"precision": 0.0, "recall": 0.0, "f1-score": 0.0, "support": 0.0}, "SP": {"precision": 0.0, "recall": 0.0, "f1-score": 0.0, "support": 0.0}, "ID": {"precision": 0.6666666666666666, "recall": 0.5, "f1-score": 0.5714285714285715, "support": 8.0}, "NA": {"precision": 0.9166666666666666, "recall": 0.8461538461538461, "f1-score": 0.8799999999999999, "support": 39.0}, "HI": {"precision": 0.6666666666666666, "recall": 0.5, "f1-score": 0.5714285714285715, "support": 8.0}, "IN": {"precision": 0.7727272727272727, "recall": 0.5666666666666667, "f1-score": 0.6538461538461539, "support": 30.0}, "OP": {"precision": 0.625, "recall": 0.5882352941176471, "f1-score": 0.6060606060606061, "support": 17.0}, "IP": {"precision": 0.42857142857142855, "recall": 0.5625, "f1-score": 0.4864864864864864, "support": 16.0}}}