{"f1": 0.8197985858152989, "precision": 0.8078547297297297, "recall": 0.8321009134406263, "accuracy": 0.7573221757322176, "threshold": 0.44999999999999996, "label_scores": {"MT": {"precision": 0.9889705882352942, "recall": 0.9746376811594203, "f1-score": 0.9817518248175183, "support": 276.0}, "LY": {"precision": 0.5, "recall": 0.6, "f1-score": 0.5454545454545454, "support": 5.0}, "SP": {"precision": 0.6666666666666666, "recall": 0.5555555555555556, "f1-score": 0.606060606060606, "support": 18.0}, "ID": {"precision": 0.8984771573604061, "recall": 0.7662337662337663, "f1-score": 0.8271028037383178, "support": 231.0}, "NA": {"precision": 0.8018539976825029, "recall": 0.9177718832891246, "f1-score": 0.8559059987631417, "support": 754.0}, "HI": {"precision": 0.725, "recall": 0.7435897435897436, "f1-score": 0.7341772151898733, "support": 117.0}, "IN": {"precision": 0.7060439560439561, "recall": 0.7099447513812155, "f1-score": 0.7079889807162535, "support": 362.0}, "OP": {"precision": 0.7992957746478874, "recall": 0.7992957746478874, "f1-score": 0.7992957746478874, "support": 284.0}, "IP": {"precision": 0.7732793522267206, "recall": 0.7579365079365079, "f1-score": 0.7655310621242484, "support": 252.0}}}