{"f1": 0.7680945347119646, "precision": 0.7393364928909952, "recall": 0.7991803278688525, "accuracy": 0.6681222707423581, "threshold": 0.39999999999999997, "label_scores": {"MT": {"precision": 0.8172043010752689, "recall": 0.6909090909090909, "f1-score": 0.7487684729064039, "support": 110.0}, "LY": {"precision": 0.6666666666666666, "recall": 0.5714285714285714, "f1-score": 0.6153846153846153, "support": 7.0}, "SP": {"precision": 0.7777777777777778, "recall": 0.5384615384615384, "f1-score": 0.6363636363636364, "support": 13.0}, "ID": {"precision": 0.5384615384615384, "recall": 0.30434782608695654, "f1-score": 0.3888888888888889, "support": 23.0}, "NA": {"precision": 0.8410852713178295, "recall": 0.9475982532751092, "f1-score": 0.891170431211499, "support": 229.0}, "HI": {"precision": 0.65, "recall": 0.7878787878787878, "f1-score": 0.7123287671232875, "support": 33.0}, "IN": {"precision": 0.6880733944954128, "recall": 0.8108108108108109, "f1-score": 0.7444168734491315, "support": 185.0}, "OP": {"precision": 0.6067415730337079, "recall": 0.5869565217391305, "f1-score": 0.5966850828729282, "support": 92.0}, "IP": {"precision": 0.7264437689969605, "recall": 0.8415492957746479, "f1-score": 0.7797716150081566, "support": 284.0}}}