{"f1": 0.7816901408450704, "precision": 0.8090379008746356, "recall": 0.7561307901907357, "accuracy": 0.6631748589846898, "threshold": 0.49999999999999994, "label_scores": {"MT": {"precision": 0.9565217391304348, "recall": 0.6875, "f1-score": 0.8, "support": 64.0}, "LY": {"precision": 0.9230769230769231, "recall": 0.9230769230769231, "f1-score": 0.9230769230769231, "support": 13.0}, "SP": {"precision": 0.7692307692307693, "recall": 0.6666666666666666, "f1-score": 0.7142857142857142, "support": 15.0}, "ID": {"precision": 0.9174311926605505, "recall": 0.8333333333333334, "f1-score": 0.8733624454148473, "support": 120.0}, "NA": {"precision": 0.7975077881619937, "recall": 0.7876923076923077, "f1-score": 0.7925696594427244, "support": 325.0}, "HI": {"precision": 0.7540983606557377, "recall": 0.6388888888888888, "f1-score": 0.6917293233082706, "support": 72.0}, "IN": {"precision": 0.7777777777777778, "recall": 0.765625, "f1-score": 0.7716535433070867, "support": 320.0}, "OP": {"precision": 0.75, "recall": 0.64, "f1-score": 0.6906474820143884, "support": 150.0}, "IP": {"precision": 0.8224043715846995, "recall": 0.7737789203084833, "f1-score": 0.7973509933774835, "support": 389.0}}}