{"f1": 0.7369858187263277, "precision": 0.7009298818798693, "recall": 0.7769523632649271, "accuracy": 0.58062493468492, "pr_auc": 0.816978287921238, "threshold": 0.39999999999999997, "label_scores": {"MT": {"precision": 0.0, "recall": 0.0, "f1-score": 0.0, "support": 0.0}, "LY": {"precision": 0.8992248062015504, "recall": 0.8592592592592593, "f1-score": 0.8787878787878787, "support": 135.0}, "SP": {"precision": 0.6511627906976745, "recall": 0.7671232876712328, "f1-score": 0.7044025157232704, "support": 146.0}, "ID": {"precision": 0.7894736842105263, "recall": 0.8309037900874635, "f1-score": 0.8096590909090909, "support": 686.0}, "NA": {"precision": 0.7201396545387725, "recall": 0.9190900562851783, "f1-score": 0.8075417267669484, "support": 4264.0}, "HI": {"precision": 0.6927710843373494, "recall": 0.559610705596107, "f1-score": 0.6191117092866757, "support": 411.0}, "IN": {"precision": 0.6895011169024572, "recall": 0.7134052388289677, "f1-score": 0.7012495266944339, "support": 2596.0}, "OP": {"precision": 0.6429889298892989, "recall": 0.6547674964772193, "f1-score": 0.6488247614614847, "support": 2129.0}, "IP": {"precision": 0.6373626373626373, "recall": 0.43283582089552236, "f1-score": 0.5155555555555555, "support": 402.0}}}