{"f1": 0.7779495105615662, "precision": 0.7823834196891192, "recall": 0.7735655737704918, "accuracy": 0.7052401746724891, "pr_auc": 0.8325642922845152, "threshold": 0.44999999999999996, "label_scores": {"MT": {"precision": 0.8125, "recall": 0.7090909090909091, "f1-score": 0.7572815533980584, "support": 110.0}, "LY": {"precision": 0.8, "recall": 0.5714285714285714, "f1-score": 0.6666666666666666, "support": 7.0}, "SP": {"precision": 0.6363636363636364, "recall": 0.5384615384615384, "f1-score": 0.5833333333333334, "support": 13.0}, "ID": {"precision": 0.5714285714285714, "recall": 0.17391304347826086, "f1-score": 0.26666666666666666, "support": 23.0}, "NA": {"precision": 0.8927038626609443, "recall": 0.9082969432314411, "f1-score": 0.9004329004329004, "support": 229.0}, "HI": {"precision": 0.7222222222222222, "recall": 0.7878787878787878, "f1-score": 0.7536231884057971, "support": 33.0}, "IN": {"precision": 0.6837209302325581, "recall": 0.7945945945945946, "f1-score": 0.735, "support": 185.0}, "OP": {"precision": 0.7166666666666667, "recall": 0.4673913043478261, "f1-score": 0.5657894736842105, "support": 92.0}, "IP": {"precision": 0.7880794701986755, "recall": 0.8380281690140845, "f1-score": 0.8122866894197952, "support": 284.0}}}