{"f1": 0.6749455337690632, "f1_macro": 0.6124340695687387, "precision": 0.7082761774119799, "recall": 0.6446109030378693, "accuracy": 0.4238517324738114, "threshold": 0.39999999999999997, "label_scores": {"MT": {"precision": 0.8837209302325582, "recall": 0.59375, "f1-score": 0.7102803738317758, "support": 64.0}, "LY": {"precision": 0.0, "recall": 0.0, "f1-score": 0.0, "support": 13.0}, "SP": {"precision": 0.0, "recall": 0.0, "f1-score": 0.0, "support": 15.0}, "ID": {"precision": 0.8623853211009175, "recall": 0.7833333333333333, "f1-score": 0.8209606986899564, "support": 120.0}, "NA": {"precision": 0.7393939393939394, "recall": 0.7507692307692307, "f1-score": 0.7450381679389313, "support": 325.0}, "HI": {"precision": 0.6470588235294118, "recall": 0.3055555555555556, "f1-score": 0.41509433962264153, "support": 72.0}, "IN": {"precision": 0.7223880597014926, "recall": 0.75625, "f1-score": 0.7389312977099237, "support": 320.0}, "OP": {"precision": 0.6434108527131783, "recall": 0.5533333333333333, "f1-score": 0.5949820788530465, "support": 150.0}, "IP": {"precision": 0.7873417721518987, "recall": 0.7994858611825193, "f1-score": 0.7933673469387755, "support": 389.0}, "it": {"precision": 0.0, "recall": 0.0, "f1-score": 0.0, "support": 8.0}, "ne": {"precision": 0.6764705882352942, "recall": 0.7419354838709677, "f1-score": 0.7076923076923077, "support": 124.0}, "sr": {"precision": 1.0, "recall": 0.17391304347826086, "f1-score": 0.29629629629629634, "support": 23.0}, "nb": {"precision": 0.6578947368421053, "recall": 0.5859375, "f1-score": 0.6198347107438017, "support": 128.0}, "re": {"precision": 0.0, "recall": 0.0, "f1-score": 0.0, "support": 21.0}, "en": {"precision": 0.76, "recall": 0.5588235294117647, "f1-score": 0.6440677966101696, "support": 34.0}, "ra": {"precision": 0.0, "recall": 0.0, "f1-score": 0.0, "support": 10.0}, "dtp": {"precision": 0.46632124352331605, "recall": 0.6040268456375839, "f1-score": 0.5263157894736842, "support": 149.0}, "fi": {"precision": 0.0, "recall": 0.0, "f1-score": 0.0, "support": 6.0}, "lt": {"precision": 0.0, "recall": 0.0, "f1-score": 0.0, "support": 38.0}, "rv": {"precision": 0.8913043478260869, "recall": 0.5394736842105263, "f1-score": 0.6721311475409836, "support": 76.0}, "ob": {"precision": 0.0, "recall": 0.0, "f1-score": 0.0, "support": 27.0}, "rs": {"precision": 0.0, "recall": 0.0, "f1-score": 0.0, "support": 7.0}, "av": {"precision": 0.75, "recall": 0.10714285714285714, "f1-score": 0.1875, "support": 28.0}, "ds": {"precision": 0.6608996539792388, "recall": 0.7764227642276422, "f1-score": 0.7140186915887851, "support": 246.0}, "ed": {"precision": 0.0, "recall": 0.0, "f1-score": 0.0, "support": 10.0}}}