{"f1": 0.6660973526900085, "precision": 0.6351791530944625, "recall": 0.7001795332136446, "accuracy": 0.4384858044164038, "pr_auc": 0.6956909859685294, "threshold": 0.35, "label_scores": {"MT": {"precision": 0.25, "recall": 0.2, "f1-score": 0.22222222222222224, "support": 5.0}, "LY": {"precision": 0.3333333333333333, "recall": 0.3333333333333333, "f1-score": 0.3333333333333333, "support": 3.0}, "SP": {"precision": 0.0, "recall": 0.0, "f1-score": 0.0, "support": 1.0}, "ID": {"precision": 0.5, "recall": 0.875, "f1-score": 0.6363636363636364, "support": 8.0}, "NA": {"precision": 0.8113207547169812, "recall": 0.8865979381443299, "f1-score": 0.8472906403940886, "support": 97.0}, "HI": {"precision": 0.3157894736842105, "recall": 0.5, "f1-score": 0.3870967741935484, "support": 12.0}, "IN": {"precision": 0.5238095238095238, "recall": 0.9705882352941176, "f1-score": 0.6804123711340205, "support": 68.0}, "OP": {"precision": 0.3448275862068966, "recall": 0.2702702702702703, "f1-score": 0.30303030303030304, "support": 37.0}, "IP": {"precision": 0.8723404255319149, "recall": 0.7130434782608696, "f1-score": 0.784688995215311, "support": 115.0}, "it": {"precision": 0.0, "recall": 0.0, "f1-score": 0.0, "support": 0.0}, "ne": {"precision": 0.5405405405405406, "recall": 0.8333333333333334, "f1-score": 0.6557377049180328, "support": 24.0}, "sr": {"precision": 1.0, "recall": 1.0, "f1-score": 1.0, "support": 7.0}, "nb": {"precision": 0.22727272727272727, "recall": 0.5, "f1-score": 0.3125, "support": 10.0}, "re": {"precision": 0.0, "recall": 0.0, "f1-score": 0.0, "support": 0.0}, "en": {"precision": 1.0, "recall": 1.0, "f1-score": 1.0, "support": 1.0}, "ra": {"precision": 0.75, "recall": 1.0, "f1-score": 0.8571428571428571, "support": 6.0}, "dtp": {"precision": 0.2, "recall": 0.35714285714285715, "f1-score": 0.25641025641025644, "support": 14.0}, "fi": {"precision": 1.0, "recall": 0.4, "f1-score": 0.5714285714285715, "support": 5.0}, "lt": {"precision": 0.7647058823529411, "recall": 0.7647058823529411, "f1-score": 0.7647058823529412, "support": 17.0}, "rv": {"precision": 0.4166666666666667, "recall": 0.3333333333333333, "f1-score": 0.3703703703703704, "support": 15.0}, "ob": {"precision": 0.5, "recall": 0.4, "f1-score": 0.4444444444444445, "support": 5.0}, "rs": {"precision": 0.0, "recall": 0.0, "f1-score": 0.0, "support": 0.0}, "av": {"precision": 0.4, "recall": 0.2222222222222222, "f1-score": 0.2857142857142857, "support": 9.0}, "ds": {"precision": 0.863013698630137, "recall": 0.65625, "f1-score": 0.7455621301775148, "support": 96.0}, "ed": {"precision": 0.0, "recall": 0.0, "f1-score": 0.0, "support": 2.0}}}