{"f1": 0.7873134328358209, "precision": 0.844, "recall": 0.7377622377622378, "accuracy": 0.6375, "pr_auc": 0.8632279662237172, "threshold": 0.49999999999999994, "label_scores": {"MT": {"precision": 0.4, "recall": 0.4, "f1-score": 0.4000000000000001, "support": 5.0}, "LY": {"precision": 0.9230769230769231, "recall": 1.0, "f1-score": 0.9600000000000001, "support": 12.0}, "SP": {"precision": 0.0, "recall": 0.0, "f1-score": 0.0, "support": 2.0}, "ID": {"precision": 0.0, "recall": 0.0, "f1-score": 0.0, "support": 1.0}, "NA": {"precision": 0.9111111111111111, "recall": 0.9647058823529412, "f1-score": 0.9371428571428572, "support": 85.0}, "HI": {"precision": 0.6, "recall": 0.6666666666666666, "f1-score": 0.631578947368421, "support": 9.0}, "IN": {"precision": 0.8823529411764706, "recall": 0.8823529411764706, "f1-score": 0.8823529411764706, "support": 34.0}, "OP": {"precision": 0.0, "recall": 0.0, "f1-score": 0.0, "support": 11.0}, "IP": {"precision": 0.5, "recall": 0.07142857142857142, "f1-score": 0.125, "support": 14.0}, "it": {"precision": 0.0, "recall": 0.0, "f1-score": 0.0, "support": 0.0}, "ne": {"precision": 0.9178082191780822, "recall": 0.9436619718309859, "f1-score": 0.9305555555555556, "support": 71.0}, "sr": {"precision": 0.25, "recall": 1.0, "f1-score": 0.4, "support": 1.0}, "nb": {"precision": 1.0, "recall": 0.25, "f1-score": 0.4, "support": 4.0}, "re": {"precision": 0.0, "recall": 0.0, "f1-score": 0.0, "support": 1.0}, "en": {"precision": 1.0, "recall": 0.5, "f1-score": 0.6666666666666666, "support": 6.0}, "ra": {"precision": 0.0, "recall": 0.0, "f1-score": 0.0, "support": 0.0}, "dtp": {"precision": 0.7142857142857143, "recall": 0.35714285714285715, "f1-score": 0.4761904761904762, "support": 14.0}, "fi": {"precision": 0.0, "recall": 0.0, "f1-score": 0.0, "support": 0.0}, "lt": {"precision": 1.0, "recall": 1.0, "f1-score": 1.0, "support": 1.0}, "rv": {"precision": 0.0, "recall": 0.0, "f1-score": 0.0, "support": 0.0}, "ob": {"precision": 0.0, "recall": 0.0, "f1-score": 0.0, "support": 1.0}, "rs": {"precision": 0.0, "recall": 0.0, "f1-score": 0.0, "support": 1.0}, "av": {"precision": 0.0, "recall": 0.0, "f1-score": 0.0, "support": 8.0}, "ds": {"precision": 0.0, "recall": 0.0, "f1-score": 0.0, "support": 3.0}, "ed": {"precision": 0.0, "recall": 0.0, "f1-score": 0.0, "support": 2.0}}}