{"f1": 0.7455861070911722, "f1_macro": 0.595848527540176, "precision": 0.7330677290836654, "recall": 0.7585394581861012, "accuracy": 0.5709606986899564, "threshold": 0.35, "label_scores": {"MT": {"precision": 0.8717948717948718, "recall": 0.6181818181818182, "f1-score": 0.723404255319149, "support": 110.0}, "LY": {"precision": 0.0, "recall": 0.0, "f1-score": 0.0, "support": 7.0}, "SP": {"precision": 0.0, "recall": 0.0, "f1-score": 0.0, "support": 13.0}, "ID": {"precision": 1.0, "recall": 0.043478260869565216, "f1-score": 0.08333333333333333, "support": 23.0}, "NA": {"precision": 0.7806691449814126, "recall": 0.9170305676855895, "f1-score": 0.8433734939759037, "support": 229.0}, "HI": {"precision": 0.7575757575757576, "recall": 0.7575757575757576, "f1-score": 0.7575757575757576, "support": 33.0}, "IN": {"precision": 0.6728110599078341, "recall": 0.7891891891891892, "f1-score": 0.7263681592039801, "support": 185.0}, "OP": {"precision": 0.611764705882353, "recall": 0.5652173913043478, "f1-score": 0.5875706214689267, "support": 92.0}, "IP": {"precision": 0.6916890080428955, "recall": 0.9084507042253521, "f1-score": 0.7853881278538813, "support": 284.0}, "it": {"precision": 0.0, "recall": 0.0, "f1-score": 0.0, "support": 7.0}, "ne": {"precision": 0.757201646090535, "recall": 0.9633507853403142, "f1-score": 0.847926267281106, "support": 191.0}, "sr": {"precision": 1.0, "recall": 0.42857142857142855, "f1-score": 0.6, "support": 14.0}, "nb": {"precision": 0.6666666666666666, "recall": 0.34782608695652173, "f1-score": 0.4571428571428571, "support": 23.0}, "re": {"precision": 0.9090909090909091, "recall": 0.9523809523809523, "f1-score": 0.9302325581395349, "support": 21.0}, "en": {"precision": 0.0, "recall": 0.0, "f1-score": 0.0, "support": 4.0}, "ra": {"precision": 0.0, "recall": 0.0, "f1-score": 0.0, "support": 0.0}, "dtp": {"precision": 0.6585365853658537, "recall": 0.5869565217391305, "f1-score": 0.6206896551724138, "support": 46.0}, "fi": {"precision": 0.0, "recall": 0.0, "f1-score": 0.0, "support": 3.0}, "lt": {"precision": 0.8421052631578947, "recall": 0.6037735849056604, "f1-score": 0.7032967032967034, "support": 53.0}, "rv": {"precision": 0.5714285714285714, "recall": 0.25806451612903225, "f1-score": 0.35555555555555557, "support": 31.0}, "ob": {"precision": 0.5, "recall": 0.045454545454545456, "f1-score": 0.08333333333333334, "support": 22.0}, "rs": {"precision": 0.75, "recall": 0.3, "f1-score": 0.4285714285714285, "support": 10.0}, "av": {"precision": 0.6666666666666666, "recall": 0.3, "f1-score": 0.41379310344827586, "support": 20.0}, "ds": {"precision": 0.754325259515571, "recall": 0.8934426229508197, "f1-score": 0.8180112570356473, "support": 244.0}, "ed": {"precision": 0.7142857142857143, "recall": 0.45454545454545453, "f1-score": 0.5555555555555556, "support": 33.0}}}