{"f1": 0.722962962962963, "f1_macro": 0.5816161991744435, "precision": 0.6964795432921027, "recall": 0.7515400410677618, "accuracy": 0.631004366812227, "threshold": 0.35, "label_scores": {"Forum": {"precision": 1.0, "recall": 0.043478260869565216, "f1-score": 0.08333333333333333, "support": 23.0}, "Information/Explanation": {"precision": 0.5444444444444444, "recall": 0.7596899224806202, "f1-score": 0.6343042071197411, "support": 129.0}, "Instruction": {"precision": 0.7575757575757576, "recall": 0.6944444444444444, "f1-score": 0.7246376811594203, "support": 36.0}, "Legal": {"precision": 0.8421052631578947, "recall": 0.6037735849056604, "f1-score": 0.7032967032967034, "support": 53.0}, "News": {"precision": 0.8024691358024691, "recall": 0.9558823529411765, "f1-score": 0.87248322147651, "support": 204.0}, "Opinion/Argumentation": {"precision": 0.6728971962616822, "recall": 0.5294117647058824, "f1-score": 0.5925925925925926, "support": 136.0}, "Other": {"precision": 0.8717948717948718, "recall": 0.5528455284552846, "f1-score": 0.6766169154228857, "support": 123.0}, "Promotion": {"precision": 0.6761363636363636, "recall": 0.9482071713147411, "f1-score": 0.7893864013266997, "support": 251.0}, "Prose/Lyrical": {"precision": 0.15789473684210525, "recall": 0.15789473684210525, "f1-score": 0.15789473684210525, "support": 19.0}}}