{"f1": 0.7926402943882246, "f1_macro": 0.7436599424707656, "precision": 0.8010412792859799, "recall": 0.7844136926438456, "accuracy": 0.6032482598607889, "threshold": 0.39999999999999997, "label_scores": {"MT": {"precision": 0.8990825688073395, "recall": 0.8448275862068966, "f1-score": 0.8711111111111111, "support": 116.0}, "LY": {"precision": 0.0, "recall": 0.0, "f1-score": 0.0, "support": 15.0}, "SP": {"precision": 0.0, "recall": 0.0, "f1-score": 0.0, "support": 7.0}, "ID": {"precision": 0.8571428571428571, "recall": 0.5882352941176471, "f1-score": 0.6976744186046512, "support": 51.0}, "NA": {"precision": 0.8476658476658476, "recall": 0.8778625954198473, "f1-score": 0.8625, "support": 393.0}, "HI": {"precision": 0.7678571428571429, "recall": 0.5512820512820513, "f1-score": 0.6417910447761194, "support": 78.0}, "IN": {"precision": 0.7741046831955923, "recall": 0.8313609467455622, "f1-score": 0.8017118402282454, "support": 338.0}, "OP": {"precision": 0.7142857142857143, "recall": 0.7317073170731707, "f1-score": 0.7228915662650603, "support": 164.0}, "IP": {"precision": 0.8302325581395349, "recall": 0.8380281690140845, "f1-score": 0.8341121495327103, "support": 426.0}, "it": {"precision": 0.0, "recall": 0.0, "f1-score": 0.0, "support": 6.0}, "ne": {"precision": 0.7326732673267327, "recall": 0.7789473684210526, "f1-score": 0.7551020408163266, "support": 95.0}, "sr": {"precision": 1.0, "recall": 0.5714285714285714, "f1-score": 0.7272727272727273, "support": 14.0}, "nb": {"precision": 0.8346456692913385, "recall": 0.8617886178861789, "f1-score": 0.8480000000000001, "support": 246.0}, "re": {"precision": 0.7894736842105263, "recall": 0.8333333333333334, "f1-score": 0.8108108108108109, "support": 18.0}, "en": {"precision": 0.920863309352518, "recall": 0.9624060150375939, "f1-score": 0.9411764705882353, "support": 133.0}, "ra": {"precision": 0.0, "recall": 0.0, "f1-score": 0.0, "support": 1.0}, "dtp": {"precision": 0.5584415584415584, "recall": 0.46236559139784944, "f1-score": 0.5058823529411764, "support": 93.0}, "fi": {"precision": 1.0, "recall": 0.6, "f1-score": 0.7499999999999999, "support": 30.0}, "lt": {"precision": 0.7368421052631579, "recall": 0.7368421052631579, "f1-score": 0.7368421052631579, "support": 38.0}, "rv": {"precision": 0.8305084745762712, "recall": 0.7205882352941176, "f1-score": 0.7716535433070865, "support": 68.0}, "ob": {"precision": 0.6140350877192983, "recall": 0.6481481481481481, "f1-score": 0.6306306306306307, "support": 54.0}, "rs": {"precision": 0.0, "recall": 0.0, "f1-score": 0.0, "support": 9.0}, "av": {"precision": 0.47619047619047616, "recall": 0.37037037037037035, "f1-score": 0.4166666666666667, "support": 27.0}, "ds": {"precision": 0.7878787878787878, "recall": 0.8201892744479495, "f1-score": 0.8037094281298299, "support": 317.0}, "ed": {"precision": 0.0, "recall": 0.0, "f1-score": 0.0, "support": 9.0}}}