{"f1": 0.8073510773130544, "f1_macro": 0.7759703043596996, "precision": 0.8125, "recall": 0.8022670025188917, "accuracy": 0.6921887084300077, "threshold": 0.39999999999999997, "label_scores": {"MT": {"precision": 0.8990825688073395, "recall": 0.8448275862068966, "f1-score": 0.8711111111111111, "support": 116.0}, "LY": {"precision": 0.0, "recall": 0.0, "f1-score": 0.0, "support": 15.0}, "SP": {"precision": 0.0, "recall": 0.0, "f1-score": 0.0, "support": 7.0}, "ID": {"precision": 0.8571428571428571, "recall": 0.5882352941176471, "f1-score": 0.6976744186046512, "support": 51.0}, "NA": {"precision": 0.8476658476658476, "recall": 0.8778625954198473, "f1-score": 0.8625, "support": 393.0}, "HI": {"precision": 0.7678571428571429, "recall": 0.5512820512820513, "f1-score": 0.6417910447761194, "support": 78.0}, "IN": {"precision": 0.7741046831955923, "recall": 0.8313609467455622, "f1-score": 0.8017118402282454, "support": 338.0}, "OP": {"precision": 0.7142857142857143, "recall": 0.7317073170731707, "f1-score": 0.7228915662650603, "support": 164.0}, "IP": {"precision": 0.8302325581395349, "recall": 0.8380281690140845, "f1-score": 0.8341121495327103, "support": 426.0}}}