{"f1": 0.7871999999999999, "f1_macro": 0.7136121256315309, "precision": 0.7945736434108527, "recall": 0.7799619530754597, "accuracy": 0.6821345707656613, "threshold": 0.39999999999999997, "label_scores": {"Forum": {"precision": 0.8571428571428571, "recall": 0.5882352941176471, "f1-score": 0.6976744186046512, "support": 51.0}, "Information/Explanation": {"precision": 0.7152103559870551, "recall": 0.8154981549815498, "f1-score": 0.7620689655172413, "support": 271.0}, "Instruction": {"precision": 0.8243243243243243, "recall": 0.5700934579439252, "f1-score": 0.6740331491712708, "support": 107.0}, "Legal": {"precision": 0.7368421052631579, "recall": 0.7368421052631579, "f1-score": 0.7368421052631579, "support": 38.0}, "News": {"precision": 0.7614678899082569, "recall": 0.7614678899082569, "f1-score": 0.7614678899082569, "support": 109.0}, "Opinion/Argumentation": {"precision": 0.849624060150376, "recall": 0.8604060913705583, "f1-score": 0.8549810844892812, "support": 394.0}, "Other": {"precision": 0.8990825688073395, "recall": 0.7967479674796748, "f1-score": 0.8448275862068967, "support": 123.0}, "Promotion": {"precision": 0.827906976744186, "recall": 0.8537170263788969, "f1-score": 0.8406139315230224, "support": 417.0}, "Prose/Lyrical": {"precision": 0.3111111111111111, "recall": 0.208955223880597, "f1-score": 0.25, "support": 67.0}}}