{"f1": 0.7330597643097643, "f1_macro": 0.708719402976841, "precision": 0.7054475496152288, "recall": 0.7629215943933421, "accuracy": 0.516432907682646, "threshold": 0.39999999999999997, "label_scores": {"MT": {"precision": 0.0, "recall": 0.0, "f1-score": 0.0, "support": 0.0}, "LY": {"precision": 0.8970588235294118, "recall": 0.8970588235294118, "f1-score": 0.8970588235294118, "support": 68.0}, "SP": {"precision": 0.6666666666666666, "recall": 0.7837837837837838, "f1-score": 0.7204968944099379, "support": 74.0}, "ID": {"precision": 0.7968337730870713, "recall": 0.8753623188405797, "f1-score": 0.8342541436464089, "support": 345.0}, "NA": {"precision": 0.830119375573921, "recall": 0.8488262910798122, "f1-score": 0.8393686165273909, "support": 2130.0}, "HI": {"precision": 0.6468085106382979, "recall": 0.7414634146341463, "f1-score": 0.6909090909090909, "support": 205.0}, "IN": {"precision": 0.664026402640264, "recall": 0.7750385208012327, "f1-score": 0.7152506221116246, "support": 1298.0}, "OP": {"precision": 0.6461038961038961, "recall": 0.748824082784572, "f1-score": 0.693681917211329, "support": 1063.0}, "IP": {"precision": 0.5802469135802469, "recall": 0.46766169154228854, "f1-score": 0.5179063360881543, "support": 201.0}, "it": {"precision": 0.696969696969697, "recall": 0.7796610169491526, "f1-score": 0.7360000000000001, "support": 59.0}, "ne": {"precision": 0.8176519567027477, "recall": 0.8122415219189413, "f1-score": 0.8149377593360996, "support": 1209.0}, "sr": {"precision": 0.8496932515337423, "recall": 0.9264214046822743, "f1-score": 0.8864000000000001, "support": 299.0}, "nb": {"precision": 0.7005988023952096, "recall": 0.6481994459833795, "f1-score": 0.6733812949640288, "support": 361.0}, "re": {"precision": 0.75, "recall": 0.7894736842105263, "f1-score": 0.7692307692307692, "support": 19.0}, "en": {"precision": 0.9387755102040817, "recall": 0.7666666666666667, "f1-score": 0.8440366972477065, "support": 60.0}, "ra": {"precision": 0.6022727272727273, "recall": 0.5955056179775281, "f1-score": 0.5988700564971752, "support": 89.0}, "dtp": {"precision": 0.486404833836858, "recall": 0.5908256880733945, "f1-score": 0.5335542667771335, "support": 545.0}, "fi": {"precision": 0.6578947368421053, "recall": 0.6097560975609756, "f1-score": 0.6329113924050632, "support": 41.0}, "lt": {"precision": 0.8636363636363636, "recall": 0.76, "f1-score": 0.8085106382978724, "support": 25.0}, "rv": {"precision": 0.5968379446640316, "recall": 0.7294685990338164, "f1-score": 0.6565217391304348, "support": 207.0}, "ob": {"precision": 0.5264957264957265, "recall": 0.6222222222222222, "f1-score": 0.5703703703703704, "support": 495.0}, "rs": {"precision": 0.6666666666666666, "recall": 0.8571428571428571, "f1-score": 0.75, "support": 70.0}, "av": {"precision": 0.4925373134328358, "recall": 0.5546218487394958, "f1-score": 0.5217391304347825, "support": 119.0}, "ds": {"precision": 0.5657894736842105, "recall": 0.6277372262773723, "f1-score": 0.5951557093425606, "support": 137.0}, "ed": {"precision": 0.0, "recall": 0.0, "f1-score": 0.0, "support": 13.0}}}