{"f1": 0.8240174672489082, "f1_macro": 0.8056991188404834, "precision": 0.827268741779921, "recall": 0.8207916485428447, "accuracy": 0.7749883774988378, "threshold": 0.44999999999999996, "label_scores": {"MT": {"precision": 0.9926739926739927, "recall": 0.9818840579710145, "f1-score": 0.9872495446265938, "support": 276.0}, "LY": {"precision": 0.0, "recall": 0.0, "f1-score": 0.0, "support": 5.0}, "SP": {"precision": 1.0, "recall": 0.6666666666666666, "f1-score": 0.8, "support": 18.0}, "ID": {"precision": 0.9162303664921466, "recall": 0.7575757575757576, "f1-score": 0.8293838862559241, "support": 231.0}, "NA": {"precision": 0.7986348122866894, "recall": 0.9310344827586207, "f1-score": 0.8597672994488671, "support": 754.0}, "HI": {"precision": 0.7378640776699029, "recall": 0.6495726495726496, "f1-score": 0.6909090909090909, "support": 117.0}, "IN": {"precision": 0.7777777777777778, "recall": 0.6767955801104972, "f1-score": 0.7237813884785821, "support": 362.0}, "OP": {"precision": 0.8044280442804428, "recall": 0.7676056338028169, "f1-score": 0.7855855855855857, "support": 284.0}, "IP": {"precision": 0.7932489451476793, "recall": 0.746031746031746, "f1-score": 0.7689161554192229, "support": 252.0}}}