{"f1": 0.8160741885625966, "precision": 0.8286995515695067, "recall": 0.8038277511961722, "accuracy": 0.7619711761971176, "pr_auc": 0.8923767990586957, "threshold": 0.49999999999999994, "label_scores": {"MT": {"precision": 0.9851301115241635, "recall": 0.9601449275362319, "f1-score": 0.9724770642201835, "support": 276.0}, "LY": {"precision": 0.6, "recall": 0.6, "f1-score": 0.6, "support": 5.0}, "SP": {"precision": 0.7333333333333333, "recall": 0.6111111111111112, "f1-score": 0.6666666666666666, "support": 18.0}, "ID": {"precision": 0.8743961352657005, "recall": 0.7835497835497836, "f1-score": 0.8264840182648403, "support": 231.0}, "NA": {"precision": 0.8383311603650587, "recall": 0.8527851458885941, "f1-score": 0.8454963839579225, "support": 754.0}, "HI": {"precision": 0.7894736842105263, "recall": 0.6410256410256411, "f1-score": 0.7075471698113207, "support": 117.0}, "IN": {"precision": 0.7928802588996764, "recall": 0.6767955801104972, "f1-score": 0.730253353204173, "support": 362.0}, "OP": {"precision": 0.7458745874587459, "recall": 0.795774647887324, "f1-score": 0.7700170357751279, "support": 284.0}, "IP": {"precision": 0.7653846153846153, "recall": 0.7896825396825397, "f1-score": 0.77734375, "support": 252.0}}}