{"f1": 0.8342857142857142, "precision": 0.8488372093023255, "recall": 0.8202247191011236, "accuracy": 0.775, "pr_auc": 0.902012658766568, "threshold": 0.39999999999999997, "label_scores": {"MT": {"precision": 0.25, "recall": 1.0, "f1-score": 0.4, "support": 1.0}, "LY": {"precision": 1.0, "recall": 1.0, "f1-score": 1.0, "support": 3.0}, "SP": {"precision": 0.0, "recall": 0.0, "f1-score": 0.0, "support": 0.0}, "ID": {"precision": 0.2, "recall": 1.0, "f1-score": 0.33333333333333337, "support": 1.0}, "NA": {"precision": 0.95, "recall": 0.95, "f1-score": 0.9500000000000001, "support": 100.0}, "HI": {"precision": 1.0, "recall": 0.5, "f1-score": 0.6666666666666666, "support": 2.0}, "IN": {"precision": 0.6842105263157895, "recall": 0.5416666666666666, "f1-score": 0.6046511627906976, "support": 24.0}, "OP": {"precision": 0.8285714285714286, "recall": 0.8285714285714286, "f1-score": 0.8285714285714286, "support": 35.0}, "IP": {"precision": 0.6, "recall": 0.25, "f1-score": 0.35294117647058826, "support": 12.0}}}