{"f1": 0.6828644501278771, "precision": 0.638755980861244, "recall": 0.7335164835164835, "accuracy": 0.5602409638554217, "pr_auc": 0.7498024376614745, "threshold": 0.35, "label_scores": {"MT": {"precision": 0.0, "recall": 0.0, "f1-score": 0.0, "support": 0.0}, "LY": {"precision": 0.0, "recall": 0.0, "f1-score": 0.0, "support": 4.0}, "SP": {"precision": 0.0, "recall": 0.0, "f1-score": 0.0, "support": 0.0}, "ID": {"precision": 0.4444444444444444, "recall": 0.23529411764705882, "f1-score": 0.30769230769230765, "support": 17.0}, "NA": {"precision": 0.7482014388489209, "recall": 0.9203539823008849, "f1-score": 0.8253968253968255, "support": 113.0}, "HI": {"precision": 0.75, "recall": 0.5625, "f1-score": 0.6428571428571429, "support": 32.0}, "IN": {"precision": 0.44155844155844154, "recall": 0.6181818181818182, "f1-score": 0.5151515151515151, "support": 55.0}, "OP": {"precision": 0.4444444444444444, "recall": 0.6666666666666666, "f1-score": 0.5333333333333333, "support": 30.0}, "IP": {"precision": 0.7631578947368421, "recall": 0.7699115044247787, "f1-score": 0.7665198237885462, "support": 113.0}}}