{"f1": 0.788888888888889, "precision": 0.7593582887700535, "recall": 0.8208092485549133, "accuracy": 0.71875, "pr_auc": 0.8701873163433432, "threshold": 0.39999999999999997, "label_scores": {"MT": {"precision": 0.3076923076923077, "recall": 0.8, "f1-score": 0.4444444444444444, "support": 5.0}, "LY": {"precision": 1.0, "recall": 1.0, "f1-score": 1.0, "support": 12.0}, "SP": {"precision": 0.0, "recall": 0.0, "f1-score": 0.0, "support": 2.0}, "ID": {"precision": 0.0, "recall": 0.0, "f1-score": 0.0, "support": 1.0}, "NA": {"precision": 0.9010989010989011, "recall": 0.9647058823529412, "f1-score": 0.9318181818181819, "support": 85.0}, "HI": {"precision": 0.6, "recall": 0.3333333333333333, "f1-score": 0.42857142857142855, "support": 9.0}, "IN": {"precision": 0.7209302325581395, "recall": 0.9117647058823529, "f1-score": 0.8051948051948051, "support": 34.0}, "OP": {"precision": 0.3888888888888889, "recall": 0.6363636363636364, "f1-score": 0.4827586206896552, "support": 11.0}, "IP": {"precision": 0.75, "recall": 0.21428571428571427, "f1-score": 0.3333333333333333, "support": 14.0}}}