{"f1": 0.6424581005586593, "precision": 0.6673114119922631, "recall": 0.6193895870736086, "accuracy": 0.4479495268138801, "pr_auc": 0.6632913864815277, "threshold": 0.44999999999999996, "label_scores": {"MT": {"precision": 0.5, "recall": 0.4, "f1-score": 0.4444444444444445, "support": 5.0}, "LY": {"precision": 0.3333333333333333, "recall": 0.3333333333333333, "f1-score": 0.3333333333333333, "support": 3.0}, "SP": {"precision": 0.0, "recall": 0.0, "f1-score": 0.0, "support": 1.0}, "ID": {"precision": 0.5, "recall": 0.75, "f1-score": 0.6, "support": 8.0}, "NA": {"precision": 0.8625, "recall": 0.711340206185567, "f1-score": 0.7796610169491526, "support": 97.0}, "HI": {"precision": 0.3333333333333333, "recall": 0.16666666666666666, "f1-score": 0.2222222222222222, "support": 12.0}, "IN": {"precision": 0.5794392523364486, "recall": 0.9117647058823529, "f1-score": 0.7085714285714285, "support": 68.0}, "OP": {"precision": 0.3333333333333333, "recall": 0.2702702702702703, "f1-score": 0.29850746268656714, "support": 37.0}, "IP": {"precision": 0.896551724137931, "recall": 0.6782608695652174, "f1-score": 0.7722772277227723, "support": 115.0}, "it": {"precision": 0.0, "recall": 0.0, "f1-score": 0.0, "support": 0.0}, "ne": {"precision": 0.6428571428571429, "recall": 0.75, "f1-score": 0.6923076923076924, "support": 24.0}, "sr": {"precision": 1.0, "recall": 0.5714285714285714, "f1-score": 0.7272727272727273, "support": 7.0}, "nb": {"precision": 0.09090909090909091, "recall": 0.1, "f1-score": 0.09523809523809525, "support": 10.0}, "re": {"precision": 0.0, "recall": 0.0, "f1-score": 0.0, "support": 0.0}, "en": {"precision": 1.0, "recall": 1.0, "f1-score": 1.0, "support": 1.0}, "ra": {"precision": 0.5555555555555556, "recall": 0.8333333333333334, "f1-score": 0.6666666666666667, "support": 6.0}, "dtp": {"precision": 0.23809523809523808, "recall": 0.35714285714285715, "f1-score": 0.2857142857142857, "support": 14.0}, "fi": {"precision": 0.0, "recall": 0.0, "f1-score": 0.0, "support": 5.0}, "lt": {"precision": 0.7, "recall": 0.4117647058823529, "f1-score": 0.5185185185185185, "support": 17.0}, "rv": {"precision": 0.375, "recall": 0.4, "f1-score": 0.38709677419354843, "support": 15.0}, "ob": {"precision": 1.0, "recall": 0.4, "f1-score": 0.5714285714285715, "support": 5.0}, "rs": {"precision": 0.0, "recall": 0.0, "f1-score": 0.0, "support": 0.0}, "av": {"precision": 0.4, "recall": 0.2222222222222222, "f1-score": 0.2857142857142857, "support": 9.0}, "ds": {"precision": 0.8, "recall": 0.6666666666666666, "f1-score": 0.7272727272727272, "support": 96.0}, "ed": {"precision": 0.0, "recall": 0.0, "f1-score": 0.0, "support": 2.0}}}