{"f1": 0.7133617115373985, "precision": 0.720813316947827, "recall": 0.7060625957539943, "accuracy": 0.506949524506218, "pr_auc": 0.790708077217089, "threshold": 0.44999999999999996, "label_scores": {"MT": {"precision": 0.0, "recall": 0.0, "f1-score": 0.0, "support": 0.0}, "LY": {"precision": 0.9557522123893806, "recall": 0.8, "f1-score": 0.870967741935484, "support": 135.0}, "SP": {"precision": 0.7226277372262774, "recall": 0.678082191780822, "f1-score": 0.6996466431095407, "support": 146.0}, "ID": {"precision": 0.8847457627118644, "recall": 0.760932944606414, "f1-score": 0.8181818181818182, "support": 686.0}, "NA": {"precision": 0.8423873325213155, "recall": 0.8109756097560976, "f1-score": 0.8263830804158204, "support": 4264.0}, "HI": {"precision": 0.7316176470588235, "recall": 0.48418491484184917, "f1-score": 0.582723279648609, "support": 411.0}, "IN": {"precision": 0.7118847539015606, "recall": 0.6852850539291218, "f1-score": 0.6983316977428852, "support": 2596.0}, "OP": {"precision": 0.5941872981700753, "recall": 0.777829967120714, "f1-score": 0.6737184703010577, "support": 2129.0}, "IP": {"precision": 0.668, "recall": 0.4154228855721393, "f1-score": 0.5122699386503068, "support": 402.0}, "it": {"precision": 0.7222222222222222, "recall": 0.75, "f1-score": 0.7358490566037735, "support": 104.0}, "ne": {"precision": 0.8501228501228502, "recall": 0.7333615938957185, "f1-score": 0.7874374146563495, "support": 2359.0}, "sr": {"precision": 0.8626865671641791, "recall": 0.9102362204724409, "f1-score": 0.885823754789272, "support": 635.0}, "nb": {"precision": 0.6831530139103554, "recall": 0.6121883656509696, "f1-score": 0.64572680788897, "support": 722.0}, "re": {"precision": 0.8620689655172413, "recall": 0.6756756756756757, "f1-score": 0.7575757575757576, "support": 37.0}, "en": {"precision": 0.8260869565217391, "recall": 0.7037037037037037, "f1-score": 0.76, "support": 108.0}, "ra": {"precision": 0.7846153846153846, "recall": 0.5396825396825397, "f1-score": 0.6394984326018809, "support": 189.0}, "dtp": {"precision": 0.5230479774223895, "recall": 0.5100917431192661, "f1-score": 0.5164886205294938, "support": 1090.0}, "fi": {"precision": 0.8, "recall": 0.057971014492753624, "f1-score": 0.1081081081081081, "support": 69.0}, "lt": {"precision": 0.675, "recall": 0.675, "f1-score": 0.675, "support": 40.0}, "rv": {"precision": 0.6721311475409836, "recall": 0.6982968369829684, "f1-score": 0.684964200477327, "support": 411.0}, "ob": {"precision": 0.5154723127035831, "recall": 0.6022835394862036, "f1-score": 0.5555068012286091, "support": 1051.0}, "rs": {"precision": 0.765625, "recall": 0.6242038216560509, "f1-score": 0.6877192982456141, "support": 157.0}, "av": {"precision": 0.41590214067278286, "recall": 0.576271186440678, "f1-score": 0.48312611012433393, "support": 236.0}, "ds": {"precision": 0.6792452830188679, "recall": 0.5142857142857142, "f1-score": 0.5853658536585366, "support": 280.0}, "ed": {"precision": 0.0, "recall": 0.0, "f1-score": 0.0, "support": 19.0}}}