{"f1": 0.8228404099560761, "precision": 0.8097982708933718, "recall": 0.8363095238095238, "accuracy": 0.65, "pr_auc": 0.8889109616729439, "threshold": 0.35, "label_scores": {"MT": {"precision": 0.2, "recall": 1.0, "f1-score": 0.33333333333333337, "support": 1.0}, "LY": {"precision": 1.0, "recall": 1.0, "f1-score": 1.0, "support": 3.0}, "SP": {"precision": 0.0, "recall": 0.0, "f1-score": 0.0, "support": 0.0}, "ID": {"precision": 0.16666666666666666, "recall": 1.0, "f1-score": 0.2857142857142857, "support": 1.0}, "NA": {"precision": 0.9509803921568627, "recall": 0.97, "f1-score": 0.9603960396039604, "support": 100.0}, "HI": {"precision": 1.0, "recall": 0.5, "f1-score": 0.6666666666666666, "support": 2.0}, "IN": {"precision": 0.6666666666666666, "recall": 0.5833333333333334, "f1-score": 0.6222222222222222, "support": 24.0}, "OP": {"precision": 0.8205128205128205, "recall": 0.9142857142857143, "f1-score": 0.8648648648648648, "support": 35.0}, "IP": {"precision": 0.45454545454545453, "recall": 0.4166666666666667, "f1-score": 0.43478260869565216, "support": 12.0}, "it": {"precision": 0.0, "recall": 0.0, "f1-score": 0.0, "support": 0.0}, "ne": {"precision": 0.9540229885057471, "recall": 1.0, "f1-score": 0.976470588235294, "support": 83.0}, "sr": {"precision": 0.7142857142857143, "recall": 1.0, "f1-score": 0.8333333333333333, "support": 5.0}, "nb": {"precision": 0.25, "recall": 0.25, "f1-score": 0.25, "support": 4.0}, "re": {"precision": 0.0, "recall": 0.0, "f1-score": 0.0, "support": 0.0}, "en": {"precision": 0.8571428571428571, "recall": 1.0, "f1-score": 0.923076923076923, "support": 6.0}, "ra": {"precision": 0.0, "recall": 0.0, "f1-score": 0.0, "support": 0.0}, "dtp": {"precision": 0.36363636363636365, "recall": 0.5, "f1-score": 0.4210526315789474, "support": 8.0}, "fi": {"precision": 0.0, "recall": 0.0, "f1-score": 0.0, "support": 5.0}, "lt": {"precision": 0.0, "recall": 0.0, "f1-score": 0.0, "support": 1.0}, "rv": {"precision": 0.5, "recall": 0.5, "f1-score": 0.5, "support": 2.0}, "ob": {"precision": 0.38461538461538464, "recall": 1.0, "f1-score": 0.5555555555555556, "support": 5.0}, "rs": {"precision": 0.875, "recall": 0.7, "f1-score": 0.7777777777777777, "support": 20.0}, "av": {"precision": 1.0, "recall": 0.5, "f1-score": 0.6666666666666666, "support": 8.0}, "ds": {"precision": 1.0, "recall": 0.16666666666666666, "f1-score": 0.2857142857142857, "support": 6.0}, "ed": {"precision": 0.42857142857142855, "recall": 0.6, "f1-score": 0.5, "support": 5.0}}}