{"f1": 0.7741518578352181, "f1_macro": 0.7365561035694268, "precision": 0.7891963109354414, "recall": 0.7596702599873177, "accuracy": 0.6535189481825213, "threshold": 0.39999999999999997, "label_scores": {"Forum": {"precision": 0.7090909090909091, "recall": 0.7647058823529411, "f1-score": 0.7358490566037736, "support": 51.0}, "Information/Explanation": {"precision": 0.6361111111111111, "recall": 0.8450184501845018, "f1-score": 0.7258320126782883, "support": 271.0}, "Instruction": {"precision": 0.7362637362637363, "recall": 0.6261682242990654, "f1-score": 0.6767676767676768, "support": 107.0}, "Legal": {"precision": 0.75, "recall": 0.7894736842105263, "f1-score": 0.7692307692307692, "support": 38.0}, "News": {"precision": 0.797979797979798, "recall": 0.7247706422018348, "f1-score": 0.7596153846153847, "support": 109.0}, "Opinion/Argumentation": {"precision": 0.88268156424581, "recall": 0.8020304568527918, "f1-score": 0.8404255319148937, "support": 394.0}, "Other": {"precision": 0.9166666666666666, "recall": 0.8048780487804879, "f1-score": 0.8571428571428571, "support": 123.0}, "Promotion": {"precision": 0.9088235294117647, "recall": 0.7410071942446043, "f1-score": 0.8163804491413474, "support": 417.0}, "Prose/Lyrical": {"precision": 0.44776119402985076, "recall": 0.44776119402985076, "f1-score": 0.44776119402985076, "support": 67.0}}}