{"f1": 0.7569737954353339, "precision": 0.7689995706311722, "recall": 0.7453183520599251, "accuracy": 0.5600322320709106, "pr_auc": 0.8197279380680293, "threshold": 0.44999999999999996, "label_scores": {"MT": {"precision": 0.9555555555555556, "recall": 0.671875, "f1-score": 0.7889908256880733, "support": 64.0}, "LY": {"precision": 0.9230769230769231, "recall": 0.9230769230769231, "f1-score": 0.9230769230769231, "support": 13.0}, "SP": {"precision": 0.6666666666666666, "recall": 0.4, "f1-score": 0.5, "support": 15.0}, "ID": {"precision": 0.9357798165137615, "recall": 0.85, "f1-score": 0.8908296943231442, "support": 120.0}, "NA": {"precision": 0.7820895522388059, "recall": 0.8061538461538461, "f1-score": 0.793939393939394, "support": 325.0}, "HI": {"precision": 0.7647058823529411, "recall": 0.5416666666666666, "f1-score": 0.6341463414634146, "support": 72.0}, "IN": {"precision": 0.8006430868167203, "recall": 0.778125, "f1-score": 0.7892234548335975, "support": 320.0}, "OP": {"precision": 0.7299270072992701, "recall": 0.6666666666666666, "f1-score": 0.6968641114982579, "support": 150.0}, "IP": {"precision": 0.7930174563591023, "recall": 0.8174807197943444, "f1-score": 0.8050632911392405, "support": 389.0}, "it": {"precision": 0.6666666666666666, "recall": 0.5, "f1-score": 0.5714285714285715, "support": 8.0}, "ne": {"precision": 0.7424242424242424, "recall": 0.7903225806451613, "f1-score": 0.7656250000000001, "support": 124.0}, "sr": {"precision": 0.9130434782608695, "recall": 0.9130434782608695, "f1-score": 0.9130434782608695, "support": 23.0}, "nb": {"precision": 0.7747747747747747, "recall": 0.671875, "f1-score": 0.7196652719665272, "support": 128.0}, "re": {"precision": 1.0, "recall": 0.8095238095238095, "f1-score": 0.8947368421052632, "support": 21.0}, "en": {"precision": 0.7948717948717948, "recall": 0.9117647058823529, "f1-score": 0.8493150684931507, "support": 34.0}, "ra": {"precision": 0.6666666666666666, "recall": 0.2, "f1-score": 0.30769230769230765, "support": 10.0}, "dtp": {"precision": 0.6014492753623188, "recall": 0.5570469798657718, "f1-score": 0.5783972125435539, "support": 149.0}, "fi": {"precision": 0.7142857142857143, "recall": 0.8333333333333334, "f1-score": 0.7692307692307692, "support": 6.0}, "lt": {"precision": 0.75, "recall": 0.631578947368421, "f1-score": 0.6857142857142857, "support": 38.0}, "rv": {"precision": 0.8, "recall": 0.7368421052631579, "f1-score": 0.7671232876712328, "support": 76.0}, "ob": {"precision": 0.6521739130434783, "recall": 0.5555555555555556, "f1-score": 0.6, "support": 27.0}, "rs": {"precision": 0.7, "recall": 1.0, "f1-score": 0.8235294117647058, "support": 7.0}, "av": {"precision": 0.6153846153846154, "recall": 0.2857142857142857, "f1-score": 0.3902439024390244, "support": 28.0}, "ds": {"precision": 0.6904761904761905, "recall": 0.8252032520325203, "f1-score": 0.7518518518518518, "support": 246.0}, "ed": {"precision": 0.0, "recall": 0.0, "f1-score": 0.0, "support": 10.0}}}