{"f1": 0.6344696969696969, "precision": 0.6713426853707415, "recall": 0.6014362657091562, "accuracy": 0.4227129337539432, "pr_auc": 0.6393328630934911, "threshold": 0.44999999999999996, "label_scores": {"MT": {"precision": 0.5, "recall": 0.2, "f1-score": 0.28571428571428575, "support": 5.0}, "LY": {"precision": 0.5, "recall": 0.3333333333333333, "f1-score": 0.4, "support": 3.0}, "SP": {"precision": 0.0, "recall": 0.0, "f1-score": 0.0, "support": 1.0}, "ID": {"precision": 0.6666666666666666, "recall": 0.75, "f1-score": 0.7058823529411765, "support": 8.0}, "NA": {"precision": 0.8095238095238095, "recall": 0.8762886597938144, "f1-score": 0.8415841584158417, "support": 97.0}, "HI": {"precision": 0.3, "recall": 0.25, "f1-score": 0.2727272727272727, "support": 12.0}, "IN": {"precision": 0.5, "recall": 0.8823529411764706, "f1-score": 0.6382978723404256, "support": 68.0}, "OP": {"precision": 0.47368421052631576, "recall": 0.24324324324324326, "f1-score": 0.3214285714285714, "support": 37.0}, "IP": {"precision": 0.9459459459459459, "recall": 0.6086956521739131, "f1-score": 0.7407407407407407, "support": 115.0}, "it": {"precision": 0.0, "recall": 0.0, "f1-score": 0.0, "support": 0.0}, "ne": {"precision": 0.5135135135135135, "recall": 0.7916666666666666, "f1-score": 0.6229508196721311, "support": 24.0}, "sr": {"precision": 1.0, "recall": 1.0, "f1-score": 1.0, "support": 7.0}, "nb": {"precision": 0.2727272727272727, "recall": 0.3, "f1-score": 0.28571428571428564, "support": 10.0}, "re": {"precision": 0.0, "recall": 0.0, "f1-score": 0.0, "support": 0.0}, "en": {"precision": 0.5, "recall": 1.0, "f1-score": 0.6666666666666666, "support": 1.0}, "ra": {"precision": 0.8333333333333334, "recall": 0.8333333333333334, "f1-score": 0.8333333333333334, "support": 6.0}, "dtp": {"precision": 0.11764705882352941, "recall": 0.14285714285714285, "f1-score": 0.12903225806451615, "support": 14.0}, "fi": {"precision": 0.0, "recall": 0.0, "f1-score": 0.0, "support": 5.0}, "lt": {"precision": 0.8333333333333334, "recall": 0.29411764705882354, "f1-score": 0.4347826086956522, "support": 17.0}, "rv": {"precision": 0.5, "recall": 0.4, "f1-score": 0.4444444444444445, "support": 15.0}, "ob": {"precision": 1.0, "recall": 0.2, "f1-score": 0.33333333333333337, "support": 5.0}, "rs": {"precision": 0.0, "recall": 0.0, "f1-score": 0.0, "support": 0.0}, "av": {"precision": 1.0, "recall": 0.1111111111111111, "f1-score": 0.19999999999999998, "support": 9.0}, "ds": {"precision": 0.8620689655172413, "recall": 0.5208333333333334, "f1-score": 0.6493506493506493, "support": 96.0}, "ed": {"precision": 0.0, "recall": 0.0, "f1-score": 0.0, "support": 2.0}}}