{"f1": 0.7176813128639492, "precision": 0.6950881870385562, "recall": 0.7417925147734734, "accuracy": 0.48751175671439023, "pr_auc": 0.7899179755135626, "threshold": 0.39999999999999997, "label_scores": {"MT": {"precision": 0.0, "recall": 0.0, "f1-score": 0.0, "support": 0.0}, "LY": {"precision": 0.956140350877193, "recall": 0.8074074074074075, "f1-score": 0.8755020080321286, "support": 135.0}, "SP": {"precision": 0.7086092715231788, "recall": 0.7328767123287672, "f1-score": 0.7205387205387206, "support": 146.0}, "ID": {"precision": 0.8551617873651772, "recall": 0.8090379008746356, "f1-score": 0.8314606741573034, "support": 686.0}, "NA": {"precision": 0.7648351648351648, "recall": 0.8977485928705441, "f1-score": 0.8259790700183406, "support": 4264.0}, "HI": {"precision": 0.6169724770642202, "recall": 0.6545012165450121, "f1-score": 0.6351829988193625, "support": 411.0}, "IN": {"precision": 0.6487854251012146, "recall": 0.7407550077041603, "f1-score": 0.6917266187050359, "support": 2596.0}, "OP": {"precision": 0.6365957446808511, "recall": 0.7026773132926256, "f1-score": 0.6680062513954008, "support": 2129.0}, "IP": {"precision": 0.5743440233236151, "recall": 0.4900497512437811, "f1-score": 0.5288590604026846, "support": 402.0}, "it": {"precision": 0.6639344262295082, "recall": 0.7788461538461539, "f1-score": 0.7168141592920353, "support": 104.0}, "ne": {"precision": 0.7513030528667163, "recall": 0.8554472233997457, "f1-score": 0.8, "support": 2359.0}, "sr": {"precision": 0.8643815201192251, "recall": 0.9133858267716536, "f1-score": 0.8882082695252681, "support": 635.0}, "nb": {"precision": 0.661849710982659, "recall": 0.6343490304709142, "f1-score": 0.6478076379066479, "support": 722.0}, "re": {"precision": 0.9642857142857143, "recall": 0.7297297297297297, "f1-score": 0.8307692307692307, "support": 37.0}, "en": {"precision": 0.6102941176470589, "recall": 0.7685185185185185, "f1-score": 0.680327868852459, "support": 108.0}, "ra": {"precision": 0.813953488372093, "recall": 0.5555555555555556, "f1-score": 0.6603773584905661, "support": 189.0}, "dtp": {"precision": 0.5051067780872794, "recall": 0.4990825688073395, "f1-score": 0.5020766035994462, "support": 1090.0}, "fi": {"precision": 0.7647058823529411, "recall": 0.18840579710144928, "f1-score": 0.3023255813953489, "support": 69.0}, "lt": {"precision": 0.7058823529411765, "recall": 0.6, "f1-score": 0.6486486486486486, "support": 40.0}, "rv": {"precision": 0.6959798994974874, "recall": 0.6739659367396593, "f1-score": 0.684796044499382, "support": 411.0}, "ob": {"precision": 0.5677491601343785, "recall": 0.48239771646051377, "f1-score": 0.5216049382716049, "support": 1051.0}, "rs": {"precision": 0.6763005780346821, "recall": 0.7452229299363057, "f1-score": 0.7090909090909091, "support": 157.0}, "av": {"precision": 0.4394904458598726, "recall": 0.2923728813559322, "f1-score": 0.3511450381679389, "support": 236.0}, "ds": {"precision": 0.6415094339622641, "recall": 0.6071428571428571, "f1-score": 0.6238532110091742, "support": 280.0}, "ed": {"precision": 0.0, "recall": 0.0, "f1-score": 0.0, "support": 19.0}}}