{"f1": 0.8184615384615385, "precision": 0.8471337579617835, "recall": 0.7916666666666666, "accuracy": 0.70625, "pr_auc": 0.8920307106726852, "threshold": 0.39999999999999997, "label_scores": {"MT": {"precision": 0.25, "recall": 1.0, "f1-score": 0.4, "support": 1.0}, "LY": {"precision": 1.0, "recall": 1.0, "f1-score": 1.0, "support": 3.0}, "SP": {"precision": 0.0, "recall": 0.0, "f1-score": 0.0, "support": 0.0}, "ID": {"precision": 0.2, "recall": 1.0, "f1-score": 0.33333333333333337, "support": 1.0}, "NA": {"precision": 0.95, "recall": 0.95, "f1-score": 0.9500000000000001, "support": 100.0}, "HI": {"precision": 1.0, "recall": 0.5, "f1-score": 0.6666666666666666, "support": 2.0}, "IN": {"precision": 0.6842105263157895, "recall": 0.5416666666666666, "f1-score": 0.6046511627906976, "support": 24.0}, "OP": {"precision": 0.8285714285714286, "recall": 0.8285714285714286, "f1-score": 0.8285714285714286, "support": 35.0}, "IP": {"precision": 0.6, "recall": 0.25, "f1-score": 0.35294117647058826, "support": 12.0}, "it": {"precision": 0.0, "recall": 0.0, "f1-score": 0.0, "support": 0.0}, "ne": {"precision": 0.9222222222222223, "recall": 1.0, "f1-score": 0.9595375722543353, "support": 83.0}, "sr": {"precision": 0.7142857142857143, "recall": 1.0, "f1-score": 0.8333333333333333, "support": 5.0}, "nb": {"precision": 0.5, "recall": 0.25, "f1-score": 0.3333333333333333, "support": 4.0}, "re": {"precision": 0.0, "recall": 0.0, "f1-score": 0.0, "support": 0.0}, "en": {"precision": 0.8571428571428571, "recall": 1.0, "f1-score": 0.923076923076923, "support": 6.0}, "ra": {"precision": 0.0, "recall": 0.0, "f1-score": 0.0, "support": 0.0}, "dtp": {"precision": 1.0, "recall": 0.25, "f1-score": 0.4, "support": 8.0}, "fi": {"precision": 0.0, "recall": 0.0, "f1-score": 0.0, "support": 5.0}, "lt": {"precision": 0.0, "recall": 0.0, "f1-score": 0.0, "support": 1.0}, "rv": {"precision": 1.0, "recall": 0.5, "f1-score": 0.6666666666666666, "support": 2.0}, "ob": {"precision": 0.45454545454545453, "recall": 1.0, "f1-score": 0.625, "support": 5.0}, "rs": {"precision": 0.8, "recall": 0.6, "f1-score": 0.6857142857142857, "support": 20.0}, "av": {"precision": 1.0, "recall": 0.375, "f1-score": 0.5454545454545454, "support": 8.0}, "ds": {"precision": 1.0, "recall": 0.16666666666666666, "f1-score": 0.2857142857142857, "support": 6.0}, "ed": {"precision": 0.3333333333333333, "recall": 0.2, "f1-score": 0.25, "support": 5.0}}}