{"f1": 0.7916378236189949, "precision": 0.8078553263633795, "recall": 0.7760586319218241, "accuracy": 0.6773593677359367, "pr_auc": 0.8646907218960793, "threshold": 0.49999999999999994, "label_scores": {"MT": {"precision": 0.9851301115241635, "recall": 0.9601449275362319, "f1-score": 0.9724770642201835, "support": 276.0}, "LY": {"precision": 0.6, "recall": 0.6, "f1-score": 0.6, "support": 5.0}, "SP": {"precision": 0.7333333333333333, "recall": 0.6111111111111112, "f1-score": 0.6666666666666666, "support": 18.0}, "ID": {"precision": 0.8743961352657005, "recall": 0.7835497835497836, "f1-score": 0.8264840182648403, "support": 231.0}, "NA": {"precision": 0.8381201044386423, "recall": 0.8514588859416445, "f1-score": 0.8447368421052631, "support": 754.0}, "HI": {"precision": 0.7894736842105263, "recall": 0.6410256410256411, "f1-score": 0.7075471698113207, "support": 117.0}, "IN": {"precision": 0.7922077922077922, "recall": 0.6740331491712708, "f1-score": 0.7283582089552239, "support": 362.0}, "OP": {"precision": 0.7516778523489933, "recall": 0.7887323943661971, "f1-score": 0.7697594501718212, "support": 284.0}, "IP": {"precision": 0.7644787644787645, "recall": 0.7857142857142857, "f1-score": 0.7749510763209393, "support": 252.0}, "it": {"precision": 0.8, "recall": 0.6153846153846154, "f1-score": 0.6956521739130435, "support": 13.0}, "ne": {"precision": 0.6384364820846905, "recall": 0.8711111111111111, "f1-score": 0.7368421052631579, "support": 225.0}, "sr": {"precision": 0.9, "recall": 0.8873239436619719, "f1-score": 0.8936170212765958, "support": 71.0}, "nb": {"precision": 0.8836363636363637, "recall": 0.7297297297297297, "f1-score": 0.7993421052631579, "support": 333.0}, "re": {"precision": 0.75, "recall": 0.75, "f1-score": 0.75, "support": 8.0}, "en": {"precision": 0.7777777777777778, "recall": 0.6222222222222222, "f1-score": 0.6913580246913581, "support": 45.0}, "ra": {"precision": 0.7142857142857143, "recall": 0.7142857142857143, "f1-score": 0.7142857142857143, "support": 14.0}, "dtp": {"precision": 0.6363636363636364, "recall": 0.5147058823529411, "f1-score": 0.5691056910569107, "support": 136.0}, "fi": {"precision": 1.0, "recall": 0.5, "f1-score": 0.6666666666666666, "support": 4.0}, "lt": {"precision": 0.75, "recall": 0.5769230769230769, "f1-score": 0.6521739130434783, "support": 26.0}, "rv": {"precision": 0.7899159663865546, "recall": 0.8623853211009175, "f1-score": 0.8245614035087718, "support": 109.0}, "ob": {"precision": 0.609375, "recall": 0.5735294117647058, "f1-score": 0.5909090909090909, "support": 68.0}, "rs": {"precision": 0.92, "recall": 0.7840909090909091, "f1-score": 0.8466257668711655, "support": 88.0}, "av": {"precision": 0.5, "recall": 0.08333333333333333, "f1-score": 0.14285714285714285, "support": 12.0}, "ds": {"precision": 0.8390243902439024, "recall": 0.8113207547169812, "f1-score": 0.8249400479616308, "support": 212.0}, "ed": {"precision": 0.0, "recall": 0.0, "f1-score": 0.0, "support": 21.0}}}