{"f1": 0.8006134969325154, "precision": 0.8259493670886076, "recall": 0.7767857142857143, "accuracy": 0.7, "pr_auc": 0.8809703091297616, "threshold": 0.35, "label_scores": {"MT": {"precision": 0.25, "recall": 1.0, "f1-score": 0.4, "support": 1.0}, "LY": {"precision": 1.0, "recall": 1.0, "f1-score": 1.0, "support": 3.0}, "SP": {"precision": 0.0, "recall": 0.0, "f1-score": 0.0, "support": 0.0}, "ID": {"precision": 0.25, "recall": 1.0, "f1-score": 0.4, "support": 1.0}, "NA": {"precision": 0.9134615384615384, "recall": 0.95, "f1-score": 0.9313725490196078, "support": 100.0}, "HI": {"precision": 0.5, "recall": 1.0, "f1-score": 0.6666666666666666, "support": 2.0}, "IN": {"precision": 0.5909090909090909, "recall": 0.5416666666666666, "f1-score": 0.5652173913043478, "support": 24.0}, "OP": {"precision": 0.8235294117647058, "recall": 0.8, "f1-score": 0.8115942028985507, "support": 35.0}, "IP": {"precision": 1.0, "recall": 0.08333333333333333, "f1-score": 0.15384615384615385, "support": 12.0}, "it": {"precision": 0.0, "recall": 0.0, "f1-score": 0.0, "support": 0.0}, "ne": {"precision": 0.9534883720930233, "recall": 0.9879518072289156, "f1-score": 0.9704142011834319, "support": 83.0}, "sr": {"precision": 0.5555555555555556, "recall": 1.0, "f1-score": 0.7142857142857143, "support": 5.0}, "nb": {"precision": 0.5, "recall": 0.25, "f1-score": 0.3333333333333333, "support": 4.0}, "re": {"precision": 0.0, "recall": 0.0, "f1-score": 0.0, "support": 0.0}, "en": {"precision": 0.75, "recall": 1.0, "f1-score": 0.8571428571428571, "support": 6.0}, "ra": {"precision": 0.0, "recall": 0.0, "f1-score": 0.0, "support": 0.0}, "dtp": {"precision": 0.2857142857142857, "recall": 0.25, "f1-score": 0.26666666666666666, "support": 8.0}, "fi": {"precision": 0.0, "recall": 0.0, "f1-score": 0.0, "support": 5.0}, "lt": {"precision": 0.0, "recall": 0.0, "f1-score": 0.0, "support": 1.0}, "rv": {"precision": 1.0, "recall": 0.5, "f1-score": 0.6666666666666666, "support": 2.0}, "ob": {"precision": 0.5, "recall": 0.8, "f1-score": 0.6153846153846154, "support": 5.0}, "rs": {"precision": 0.8, "recall": 0.6, "f1-score": 0.6857142857142857, "support": 20.0}, "av": {"precision": 1.0, "recall": 0.375, "f1-score": 0.5454545454545454, "support": 8.0}, "ds": {"precision": 1.0, "recall": 0.16666666666666666, "f1-score": 0.2857142857142857, "support": 6.0}, "ed": {"precision": 0.0, "recall": 0.0, "f1-score": 0.0, "support": 5.0}}}