{"f1": 0.7884982284001091, "precision": 0.7917350848385332, "recall": 0.7852877307274702, "accuracy": 0.6689911668991166, "pr_auc": 0.8633081461044589, "threshold": 0.44999999999999996, "label_scores": {"MT": {"precision": 0.9888888888888889, "recall": 0.967391304347826, "f1-score": 0.978021978021978, "support": 276.0}, "LY": {"precision": 0.0, "recall": 0.0, "f1-score": 0.0, "support": 5.0}, "SP": {"precision": 0.8333333333333334, "recall": 0.5555555555555556, "f1-score": 0.6666666666666667, "support": 18.0}, "ID": {"precision": 0.8768472906403941, "recall": 0.7705627705627706, "f1-score": 0.8202764976958526, "support": 231.0}, "NA": {"precision": 0.80622009569378, "recall": 0.8938992042440318, "f1-score": 0.8477987421383648, "support": 754.0}, "HI": {"precision": 0.7906976744186046, "recall": 0.5811965811965812, "f1-score": 0.6699507389162562, "support": 117.0}, "IN": {"precision": 0.759375, "recall": 0.6712707182320442, "f1-score": 0.7126099706744867, "support": 362.0}, "OP": {"precision": 0.7716262975778547, "recall": 0.7852112676056338, "f1-score": 0.7783595113438047, "support": 284.0}, "IP": {"precision": 0.7378277153558053, "recall": 0.7817460317460317, "f1-score": 0.7591522157996146, "support": 252.0}, "it": {"precision": 1.0, "recall": 0.46153846153846156, "f1-score": 0.631578947368421, "support": 13.0}, "ne": {"precision": 0.6384364820846905, "recall": 0.8711111111111111, "f1-score": 0.7368421052631579, "support": 225.0}, "sr": {"precision": 0.9444444444444444, "recall": 0.9577464788732394, "f1-score": 0.951048951048951, "support": 71.0}, "nb": {"precision": 0.821875, "recall": 0.7897897897897898, "f1-score": 0.8055130168453293, "support": 333.0}, "re": {"precision": 0.75, "recall": 0.75, "f1-score": 0.75, "support": 8.0}, "en": {"precision": 0.7560975609756098, "recall": 0.6888888888888889, "f1-score": 0.7209302325581395, "support": 45.0}, "ra": {"precision": 0.6, "recall": 0.6428571428571429, "f1-score": 0.6206896551724138, "support": 14.0}, "dtp": {"precision": 0.5867768595041323, "recall": 0.5220588235294118, "f1-score": 0.5525291828793776, "support": 136.0}, "fi": {"precision": 1.0, "recall": 0.5, "f1-score": 0.6666666666666666, "support": 4.0}, "lt": {"precision": 0.7368421052631579, "recall": 0.5384615384615384, "f1-score": 0.6222222222222222, "support": 26.0}, "rv": {"precision": 0.8425925925925926, "recall": 0.8348623853211009, "f1-score": 0.8387096774193548, "support": 109.0}, "ob": {"precision": 0.6, "recall": 0.5294117647058824, "f1-score": 0.5625, "support": 68.0}, "rs": {"precision": 0.9178082191780822, "recall": 0.7613636363636364, "f1-score": 0.8322981366459626, "support": 88.0}, "av": {"precision": 0.0, "recall": 0.0, "f1-score": 0.0, "support": 12.0}, "ds": {"precision": 0.812206572769953, "recall": 0.8160377358490566, "f1-score": 0.8141176470588236, "support": 212.0}, "ed": {"precision": 0.0, "recall": 0.0, "f1-score": 0.0, "support": 21.0}}}