{"f1": 0.6435921421889617, "precision": 0.671875, "recall": 0.6175942549371634, "accuracy": 0.4416403785488959, "pr_auc": 0.6502288556341531, "threshold": 0.39999999999999997, "label_scores": {"MT": {"precision": 0.25, "recall": 0.2, "f1-score": 0.22222222222222224, "support": 5.0}, "LY": {"precision": 0.5, "recall": 0.3333333333333333, "f1-score": 0.4, "support": 3.0}, "SP": {"precision": 0.0, "recall": 0.0, "f1-score": 0.0, "support": 1.0}, "ID": {"precision": 0.5555555555555556, "recall": 0.625, "f1-score": 0.5882352941176471, "support": 8.0}, "NA": {"precision": 0.8, "recall": 0.8247422680412371, "f1-score": 0.8121827411167513, "support": 97.0}, "HI": {"precision": 0.375, "recall": 0.25, "f1-score": 0.3, "support": 12.0}, "IN": {"precision": 0.5294117647058824, "recall": 0.9264705882352942, "f1-score": 0.6737967914438502, "support": 68.0}, "OP": {"precision": 0.4074074074074074, "recall": 0.2972972972972973, "f1-score": 0.34375, "support": 37.0}, "IP": {"precision": 0.948051948051948, "recall": 0.6347826086956522, "f1-score": 0.7604166666666667, "support": 115.0}, "it": {"precision": 0.0, "recall": 0.0, "f1-score": 0.0, "support": 0.0}, "ne": {"precision": 0.5, "recall": 0.7916666666666666, "f1-score": 0.6129032258064516, "support": 24.0}, "sr": {"precision": 1.0, "recall": 1.0, "f1-score": 1.0, "support": 7.0}, "nb": {"precision": 0.25, "recall": 0.3, "f1-score": 0.2727272727272727, "support": 10.0}, "re": {"precision": 0.0, "recall": 0.0, "f1-score": 0.0, "support": 0.0}, "en": {"precision": 0.3333333333333333, "recall": 1.0, "f1-score": 0.5, "support": 1.0}, "ra": {"precision": 0.8333333333333334, "recall": 0.8333333333333334, "f1-score": 0.8333333333333334, "support": 6.0}, "dtp": {"precision": 0.1875, "recall": 0.21428571428571427, "f1-score": 0.19999999999999998, "support": 14.0}, "fi": {"precision": 0.0, "recall": 0.0, "f1-score": 0.0, "support": 5.0}, "lt": {"precision": 0.7777777777777778, "recall": 0.4117647058823529, "f1-score": 0.5384615384615384, "support": 17.0}, "rv": {"precision": 0.46153846153846156, "recall": 0.4, "f1-score": 0.42857142857142855, "support": 15.0}, "ob": {"precision": 1.0, "recall": 0.4, "f1-score": 0.5714285714285715, "support": 5.0}, "rs": {"precision": 0.0, "recall": 0.0, "f1-score": 0.0, "support": 0.0}, "av": {"precision": 0.0, "recall": 0.0, "f1-score": 0.0, "support": 9.0}, "ds": {"precision": 0.9, "recall": 0.5625, "f1-score": 0.6923076923076923, "support": 96.0}, "ed": {"precision": 0.0, "recall": 0.0, "f1-score": 0.0, "support": 2.0}}}