{"f1": 0.7493569591311804, "f1_macro": 0.6813729070235911, "precision": 0.7279289283731261, "recall": 0.7720848056537103, "accuracy": 0.5818777292576419, "threshold": 0.35, "label_scores": {"MT": {"precision": 0.7567567567567568, "recall": 0.7636363636363637, "f1-score": 0.7601809954751132, "support": 110.0}, "LY": {"precision": 0.0, "recall": 0.0, "f1-score": 0.0, "support": 7.0}, "SP": {"precision": 0.0, "recall": 0.0, "f1-score": 0.0, "support": 13.0}, "ID": {"precision": 0.0, "recall": 0.0, "f1-score": 0.0, "support": 23.0}, "NA": {"precision": 0.8014981273408239, "recall": 0.9344978165938864, "f1-score": 0.8629032258064516, "support": 229.0}, "HI": {"precision": 0.7741935483870968, "recall": 0.7272727272727273, "f1-score": 0.7500000000000001, "support": 33.0}, "IN": {"precision": 0.6219512195121951, "recall": 0.827027027027027, "f1-score": 0.7099767981438515, "support": 185.0}, "OP": {"precision": 0.6304347826086957, "recall": 0.6304347826086957, "f1-score": 0.6304347826086957, "support": 92.0}, "IP": {"precision": 0.7483870967741936, "recall": 0.8169014084507042, "f1-score": 0.7811447811447813, "support": 284.0}, "it": {"precision": 0.0, "recall": 0.0, "f1-score": 0.0, "support": 7.0}, "ne": {"precision": 0.7903930131004366, "recall": 0.9476439790575916, "f1-score": 0.8619047619047617, "support": 191.0}, "sr": {"precision": 1.0, "recall": 0.35714285714285715, "f1-score": 0.5263157894736842, "support": 14.0}, "nb": {"precision": 0.6923076923076923, "recall": 0.782608695652174, "f1-score": 0.7346938775510203, "support": 23.0}, "re": {"precision": 0.9090909090909091, "recall": 0.9523809523809523, "f1-score": 0.9302325581395349, "support": 21.0}, "en": {"precision": 0.0, "recall": 0.0, "f1-score": 0.0, "support": 4.0}, "ra": {"precision": 0.0, "recall": 0.0, "f1-score": 0.0, "support": 0.0}, "dtp": {"precision": 0.6129032258064516, "recall": 0.8260869565217391, "f1-score": 0.7037037037037037, "support": 46.0}, "fi": {"precision": 0.0, "recall": 0.0, "f1-score": 0.0, "support": 3.0}, "lt": {"precision": 0.6730769230769231, "recall": 0.660377358490566, "f1-score": 0.6666666666666667, "support": 53.0}, "rv": {"precision": 0.47058823529411764, "recall": 0.25806451612903225, "f1-score": 0.3333333333333333, "support": 31.0}, "ob": {"precision": 0.3333333333333333, "recall": 0.2727272727272727, "f1-score": 0.3, "support": 22.0}, "rs": {"precision": 0.9, "recall": 0.9, "f1-score": 0.9, "support": 10.0}, "av": {"precision": 0.5384615384615384, "recall": 0.35, "f1-score": 0.4242424242424242, "support": 20.0}, "ds": {"precision": 0.7722007722007722, "recall": 0.819672131147541, "f1-score": 0.7952286282306162, "support": 244.0}, "ed": {"precision": 0.6129032258064516, "recall": 0.5757575757575758, "f1-score": 0.59375, "support": 33.0}}}