{"f1": 0.7305389221556887, "f1_macro": 0.6915395650860765, "precision": 0.7922077922077922, "recall": 0.6777777777777778, "accuracy": 0.6029411764705882, "threshold": 0.39999999999999997, "label_scores": {"MT": {"precision": 1.0, "recall": 0.5, "f1-score": 0.6666666666666666, "support": 2.0}, "LY": {"precision": 1.0, "recall": 0.3333333333333333, "f1-score": 0.5, "support": 3.0}, "SP": {"precision": 0.0, "recall": 0.0, "f1-score": 0.0, "support": 1.0}, "ID": {"precision": 0.0, "recall": 0.0, "f1-score": 0.0, "support": 0.0}, "NA": {"precision": 0.8333333333333334, "recall": 1.0, "f1-score": 0.9090909090909091, "support": 20.0}, "HI": {"precision": 0.8333333333333334, "recall": 0.8333333333333334, "f1-score": 0.8333333333333334, "support": 6.0}, "IN": {"precision": 0.6875, "recall": 0.6875, "f1-score": 0.6875, "support": 16.0}, "OP": {"precision": 0.7777777777777778, "recall": 0.3684210526315789, "f1-score": 0.5, "support": 19.0}, "IP": {"precision": 0.8, "recall": 0.6956521739130435, "f1-score": 0.7441860465116279, "support": 23.0}}}