{"f1": 0.754601226993865, "f1_macro": 0.6871727918517211, "precision": 0.7515274949083504, "recall": 0.757700205338809, "accuracy": 0.6626637554585153, "threshold": 0.44999999999999996, "label_scores": {"Forum": {"precision": 0.7142857142857143, "recall": 0.21739130434782608, "f1-score": 0.3333333333333333, "support": 23.0}, "Information/Explanation": {"precision": 0.644927536231884, "recall": 0.689922480620155, "f1-score": 0.6666666666666666, "support": 129.0}, "Instruction": {"precision": 0.6829268292682927, "recall": 0.7777777777777778, "f1-score": 0.7272727272727273, "support": 36.0}, "Legal": {"precision": 0.8222222222222222, "recall": 0.6981132075471698, "f1-score": 0.7551020408163266, "support": 53.0}, "News": {"precision": 0.8616071428571429, "recall": 0.946078431372549, "f1-score": 0.9018691588785046, "support": 204.0}, "Opinion/Argumentation": {"precision": 0.7641509433962265, "recall": 0.5955882352941176, "f1-score": 0.6694214876033058, "support": 136.0}, "Other": {"precision": 0.76, "recall": 0.6178861788617886, "f1-score": 0.6816143497757847, "support": 123.0}, "Promotion": {"precision": 0.717607973421927, "recall": 0.8605577689243028, "f1-score": 0.782608695652174, "support": 251.0}, "Prose/Lyrical": {"precision": 0.65, "recall": 0.6842105263157895, "f1-score": 0.6666666666666667, "support": 19.0}}}