{"f1": 0.7228915662650602, "f1_macro": 0.6870405640203153, "precision": 0.7792207792207793, "recall": 0.6741573033707865, "accuracy": 0.5882352941176471, "threshold": 0.39999999999999997, "label_scores": {"Forum": {"precision": 0.0, "recall": 0.0, "f1-score": 0.0, "support": 0.0}, "Information/Explanation": {"precision": 0.6666666666666666, "recall": 0.6666666666666666, "f1-score": 0.6666666666666666, "support": 15.0}, "Instruction": {"precision": 0.8333333333333334, "recall": 0.8333333333333334, "f1-score": 0.8333333333333334, "support": 6.0}, "Legal": {"precision": 1.0, "recall": 1.0, "f1-score": 1.0, "support": 1.0}, "News": {"precision": 0.8695652173913043, "recall": 1.0, "f1-score": 0.9302325581395349, "support": 20.0}, "Opinion/Argumentation": {"precision": 0.875, "recall": 0.3333333333333333, "f1-score": 0.48275862068965514, "support": 21.0}, "Other": {"precision": 1.0, "recall": 0.3333333333333333, "f1-score": 0.5, "support": 3.0}, "Promotion": {"precision": 0.75, "recall": 0.75, "f1-score": 0.75, "support": 20.0}, "Prose/Lyrical": {"precision": 0.3333333333333333, "recall": 0.3333333333333333, "f1-score": 0.3333333333333333, "support": 3.0}}}