{"f1": 0.6339285714285715, "f1_macro": 0.646631513849559, "precision": 0.5916666666666667, "recall": 0.6826923076923077, "accuracy": 0.55, "threshold": 0.39999999999999997, "label_scores": {"Forum": {"precision": 0.5714285714285714, "recall": 1.0, "f1-score": 0.7272727272727273, "support": 4.0}, "Information/Explanation": {"precision": 0.32, "recall": 0.6153846153846154, "f1-score": 0.4210526315789474, "support": 13.0}, "Instruction": {"precision": 0.7, "recall": 0.7, "f1-score": 0.7, "support": 10.0}, "Legal": {"precision": 0.5, "recall": 1.0, "f1-score": 0.6666666666666666, "support": 2.0}, "News": {"precision": 0.0, "recall": 0.0, "f1-score": 0.0, "support": 3.0}, "Opinion/Argumentation": {"precision": 0.8260869565217391, "recall": 0.5588235294117647, "f1-score": 0.6666666666666667, "support": 34.0}, "Other": {"precision": 1.0, "recall": 0.4, "f1-score": 0.5714285714285715, "support": 5.0}, "Promotion": {"precision": 0.6904761904761905, "recall": 0.8787878787878788, "f1-score": 0.7733333333333333, "support": 33.0}, "Prose/Lyrical": {"precision": 0.0, "recall": 0.0, "f1-score": 0.0, "support": 0.0}}}