{"f1": 0.7843565654358751, "f1_macro": 0.7563531971140139, "precision": 0.7862461673236969, "recall": 0.7824760244115083, "accuracy": 0.7266387726638772, "threshold": 0.44999999999999996, "label_scores": {"Forum": {"precision": 0.8941798941798942, "recall": 0.7316017316017316, "f1-score": 0.8047619047619047, "support": 231.0}, "Information/Explanation": {"precision": 0.781021897810219, "recall": 0.6426426426426426, "f1-score": 0.7051070840197694, "support": 333.0}, "Instruction": {"precision": 0.7213114754098361, "recall": 0.7272727272727273, "f1-score": 0.7242798353909464, "support": 121.0}, "Legal": {"precision": 0.6666666666666666, "recall": 0.6153846153846154, "f1-score": 0.64, "support": 26.0}, "News": {"precision": 0.7083333333333334, "recall": 0.918918918918919, "f1-score": 0.8000000000000002, "support": 296.0}, "Opinion/Argumentation": {"precision": 0.8173598553345389, "recall": 0.8308823529411765, "f1-score": 0.8240656335460347, "support": 544.0}, "Other": {"precision": 0.9789473684210527, "recall": 0.9489795918367347, "f1-score": 0.9637305699481866, "support": 294.0}, "Promotion": {"precision": 0.7615062761506276, "recall": 0.7878787878787878, "f1-score": 0.7744680851063829, "support": 231.0}, "Prose/Lyrical": {"precision": 0.5774647887323944, "recall": 0.5642201834862385, "f1-score": 0.5707656612529002, "support": 218.0}}}