{"f1": 0.8037383177570093, "f1_macro": 0.7611510670526996, "precision": 0.8171690694626474, "recall": 0.7907419150285352, "accuracy": 0.6968290796597061, "threshold": 0.44999999999999996, "label_scores": {"Forum": {"precision": 0.8974358974358975, "recall": 0.6862745098039216, "f1-score": 0.7777777777777778, "support": 51.0}, "Information/Explanation": {"precision": 0.7552447552447552, "recall": 0.7970479704797048, "f1-score": 0.7755834829443446, "support": 271.0}, "Instruction": {"precision": 0.7752808988764045, "recall": 0.6448598130841121, "f1-score": 0.7040816326530611, "support": 107.0}, "Legal": {"precision": 0.75, "recall": 0.7894736842105263, "f1-score": 0.7692307692307692, "support": 38.0}, "News": {"precision": 0.8333333333333334, "recall": 0.7798165137614679, "f1-score": 0.8056872037914692, "support": 109.0}, "Opinion/Argumentation": {"precision": 0.837037037037037, "recall": 0.8604060913705583, "f1-score": 0.848560700876095, "support": 394.0}, "Other": {"precision": 0.9166666666666666, "recall": 0.8048780487804879, "f1-score": 0.8571428571428571, "support": 123.0}, "Promotion": {"precision": 0.8625, "recall": 0.8273381294964028, "f1-score": 0.8445532435740515, "support": 417.0}, "Prose/Lyrical": {"precision": 0.5087719298245614, "recall": 0.43283582089552236, "f1-score": 0.467741935483871, "support": 67.0}}}