{"f1": 0.7878787878787878, "precision": 0.8160583941605839, "recall": 0.7615803814713896, "accuracy": 0.6768734891216761, "threshold": 0.44999999999999996, "label_scores": {"MT": {"precision": 1.0, "recall": 0.640625, "f1-score": 0.780952380952381, "support": 64.0}, "LY": {"precision": 1.0, "recall": 0.8461538461538461, "f1-score": 0.9166666666666666, "support": 13.0}, "SP": {"precision": 0.7272727272727273, "recall": 0.5333333333333333, "f1-score": 0.6153846153846153, "support": 15.0}, "ID": {"precision": 0.9423076923076923, "recall": 0.8166666666666667, "f1-score": 0.8749999999999999, "support": 120.0}, "NA": {"precision": 0.8018018018018018, "recall": 0.8215384615384616, "f1-score": 0.8115501519756839, "support": 325.0}, "HI": {"precision": 0.7666666666666667, "recall": 0.6388888888888888, "f1-score": 0.696969696969697, "support": 72.0}, "IN": {"precision": 0.8213058419243986, "recall": 0.746875, "f1-score": 0.7823240589198036, "support": 320.0}, "OP": {"precision": 0.639751552795031, "recall": 0.6866666666666666, "f1-score": 0.662379421221865, "support": 150.0}, "IP": {"precision": 0.8519553072625698, "recall": 0.7840616966580977, "f1-score": 0.8165997322623828, "support": 389.0}}}