{"f1": 0.7123874074734683, "f1_macro": 0.6590435426723836, "precision": 0.6792517006802721, "recall": 0.7489218076129758, "accuracy": 0.5769672902079632, "threshold": 0.39999999999999997, "label_scores": {"Forum": {"precision": 0.8675496688741722, "recall": 0.7638483965014577, "f1-score": 0.8124031007751938, "support": 686.0}, "Information/Explanation": {"precision": 0.6732106339468302, "recall": 0.6605136436597111, "f1-score": 0.6668017014381202, "support": 2492.0}, "Instruction": {"precision": 0.5734513274336284, "recall": 0.6937901498929336, "f1-score": 0.627906976744186, "support": 467.0}, "Legal": {"precision": 0.5952380952380952, "recall": 0.625, "f1-score": 0.6097560975609756, "support": 40.0}, "News": {"precision": 0.7586500283607487, "recall": 0.9046330740615489, "f1-score": 0.8252352306031159, "support": 2957.0}, "Opinion/Argumentation": {"precision": 0.6684107259646828, "recall": 0.7810470003821169, "f1-score": 0.7203524229074889, "support": 2617.0}, "Other": {"precision": 0.6233766233766234, "recall": 0.6575342465753424, "f1-score": 0.64, "support": 146.0}, "Promotion": {"precision": 0.6121794871794872, "recall": 0.49869451697127937, "f1-score": 0.5496402877697842, "support": 383.0}, "Prose/Lyrical": {"precision": 0.43927893738140417, "recall": 0.5273348519362187, "f1-score": 0.479296066252588, "support": 878.0}}}