{"f1": 0.6748768472906405, "precision": 0.6217851739788199, "recall": 0.7378815080789947, "accuracy": 0.41009463722397477, "threshold": 0.35, "label_scores": {"MT": {"precision": 0.16666666666666666, "recall": 0.2, "f1-score": 0.1818181818181818, "support": 5.0}, "LY": {"precision": 0.4, "recall": 0.6666666666666666, "f1-score": 0.5, "support": 3.0}, "SP": {"precision": 0.25, "recall": 1.0, "f1-score": 0.4, "support": 1.0}, "ID": {"precision": 0.5454545454545454, "recall": 0.75, "f1-score": 0.631578947368421, "support": 8.0}, "NA": {"precision": 0.8181818181818182, "recall": 0.8350515463917526, "f1-score": 0.826530612244898, "support": 97.0}, "HI": {"precision": 0.2727272727272727, "recall": 0.5, "f1-score": 0.3529411764705882, "support": 12.0}, "IN": {"precision": 0.5446428571428571, "recall": 0.8970588235294118, "f1-score": 0.6777777777777778, "support": 68.0}, "OP": {"precision": 0.39473684210526316, "recall": 0.40540540540540543, "f1-score": 0.4, "support": 37.0}, "IP": {"precision": 0.7933884297520661, "recall": 0.8347826086956521, "f1-score": 0.8135593220338982, "support": 115.0}, "it": {"precision": 0.0, "recall": 0.0, "f1-score": 0.0, "support": 0.0}, "ne": {"precision": 0.5135135135135135, "recall": 0.7916666666666666, "f1-score": 0.6229508196721311, "support": 24.0}, "sr": {"precision": 1.0, "recall": 1.0, "f1-score": 1.0, "support": 7.0}, "nb": {"precision": 0.17391304347826086, "recall": 0.4, "f1-score": 0.24242424242424243, "support": 10.0}, "re": {"precision": 0.0, "recall": 0.0, "f1-score": 0.0, "support": 0.0}, "en": {"precision": 0.3333333333333333, "recall": 1.0, "f1-score": 0.5, "support": 1.0}, "ra": {"precision": 0.625, "recall": 0.8333333333333334, "f1-score": 0.7142857142857143, "support": 6.0}, "dtp": {"precision": 0.125, "recall": 0.14285714285714285, "f1-score": 0.13333333333333333, "support": 14.0}, "fi": {"precision": 0.0, "recall": 0.0, "f1-score": 0.0, "support": 5.0}, "lt": {"precision": 0.6818181818181818, "recall": 0.8823529411764706, "f1-score": 0.7692307692307693, "support": 17.0}, "rv": {"precision": 0.4, "recall": 0.4, "f1-score": 0.4000000000000001, "support": 15.0}, "ob": {"precision": 0.0, "recall": 0.0, "f1-score": 0.0, "support": 5.0}, "rs": {"precision": 0.0, "recall": 0.0, "f1-score": 0.0, "support": 0.0}, "av": {"precision": 0.5714285714285714, "recall": 0.4444444444444444, "f1-score": 0.5, "support": 9.0}, "ds": {"precision": 0.79, "recall": 0.8229166666666666, "f1-score": 0.806122448979592, "support": 96.0}, "ed": {"precision": 0.0, "recall": 0.0, "f1-score": 0.0, "support": 2.0}}}