{"f1": 0.6229508196721312, "precision": 0.6162162162162163, "recall": 0.6298342541436464, "accuracy": 0.47706422018348627, "pr_auc": 0.5704830341301649, "threshold": 0.5499999999999999, "label_scores": {"MT": {"precision": 0.0, "recall": 0.0, "f1-score": 0.0, "support": 3.0}, "LY": {"precision": 1.0, "recall": 0.5, "f1-score": 0.6666666666666666, "support": 2.0}, "SP": {"precision": 1.0, "recall": 0.5, "f1-score": 0.6666666666666666, "support": 2.0}, "ID": {"precision": 1.0, "recall": 0.5, "f1-score": 0.6666666666666666, "support": 2.0}, "NA": {"precision": 0.717948717948718, "recall": 0.8235294117647058, "f1-score": 0.767123287671233, "support": 34.0}, "HI": {"precision": 0.6666666666666666, "recall": 1.0, "f1-score": 0.8, "support": 2.0}, "IN": {"precision": 0.8333333333333334, "recall": 0.46511627906976744, "f1-score": 0.5970149253731343, "support": 43.0}, "OP": {"precision": 0.46153846153846156, "recall": 0.5, "f1-score": 0.48000000000000004, "support": 12.0}, "IP": {"precision": 0.41379310344827586, "recall": 1.0, "f1-score": 0.5853658536585366, "support": 12.0}, "it": {"precision": 1.0, "recall": 1.0, "f1-score": 1.0, "support": 1.0}, "ne": {"precision": 0.8, "recall": 0.8888888888888888, "f1-score": 0.8421052631578948, "support": 18.0}, "sr": {"precision": 1.0, "recall": 1.0, "f1-score": 1.0, "support": 2.0}, "nb": {"precision": 0.5454545454545454, "recall": 0.5, "f1-score": 0.5217391304347826, "support": 12.0}, "re": {"precision": 0.0, "recall": 0.0, "f1-score": 0.0, "support": 0.0}, "en": {"precision": 0.5, "recall": 1.0, "f1-score": 0.6666666666666666, "support": 2.0}, "ra": {"precision": 0.0, "recall": 0.0, "f1-score": 0.0, "support": 2.0}, "dtp": {"precision": 0.75, "recall": 0.5454545454545454, "f1-score": 0.631578947368421, "support": 11.0}, "fi": {"precision": 0.0, "recall": 0.0, "f1-score": 0.0, "support": 0.0}, "lt": {"precision": 1.0, "recall": 1.0, "f1-score": 1.0, "support": 3.0}, "rv": {"precision": 0.75, "recall": 0.2727272727272727, "f1-score": 0.39999999999999997, "support": 11.0}, "ob": {"precision": 0.25, "recall": 1.0, "f1-score": 0.4, "support": 1.0}, "rs": {"precision": 0.0, "recall": 0.0, "f1-score": 0.0, "support": 0.0}, "av": {"precision": 0.0, "recall": 0.0, "f1-score": 0.0, "support": 0.0}, "ds": {"precision": 0.2, "recall": 0.6, "f1-score": 0.3, "support": 5.0}, "ed": {"precision": 0.0, "recall": 0.0, "f1-score": 0.0, "support": 1.0}}}