{"f1": 0.7218600608431117, "f1_macro": 0.6692590006976523, "precision": 0.7212331741207121, "recall": 0.722488038277512, "accuracy": 0.6299395629939563, "threshold": 0.49999999999999994, "label_scores": {"MT": {"precision": 0.9675675675675676, "recall": 0.6485507246376812, "f1-score": 0.7765726681127983, "support": 276.0}, "LY": {"precision": 0.0, "recall": 0.0, "f1-score": 0.0, "support": 5.0}, "SP": {"precision": 0.8888888888888888, "recall": 0.4444444444444444, "f1-score": 0.5925925925925926, "support": 18.0}, "ID": {"precision": 0.9344262295081968, "recall": 0.4935064935064935, "f1-score": 0.6458923512747875, "support": 231.0}, "NA": {"precision": 0.8023715415019763, "recall": 0.8076923076923077, "f1-score": 0.8050231328486451, "support": 754.0}, "HI": {"precision": 0.5945945945945946, "recall": 0.37606837606837606, "f1-score": 0.4607329842931937, "support": 117.0}, "IN": {"precision": 0.6272493573264781, "recall": 0.6740331491712708, "f1-score": 0.6498002663115846, "support": 362.0}, "OP": {"precision": 0.6298200514138818, "recall": 0.8626760563380281, "f1-score": 0.7280832095096582, "support": 284.0}, "IP": {"precision": 0.5813333333333334, "recall": 0.8650793650793651, "f1-score": 0.6953748006379586, "support": 252.0}}}