{"f1": 0.6599535243996901, "precision": 0.6563944530046225, "recall": 0.6635514018691588, "accuracy": 0.4939759036144578, "pr_auc": 0.7038955150449089, "threshold": 0.44999999999999996, "label_scores": {"MT": {"precision": 0.0, "recall": 0.0, "f1-score": 0.0, "support": 0.0}, "LY": {"precision": 0.0, "recall": 0.0, "f1-score": 0.0, "support": 4.0}, "SP": {"precision": 0.0, "recall": 0.0, "f1-score": 0.0, "support": 0.0}, "ID": {"precision": 0.5714285714285714, "recall": 0.23529411764705882, "f1-score": 0.3333333333333333, "support": 17.0}, "NA": {"precision": 0.792, "recall": 0.8761061946902655, "f1-score": 0.8319327731092437, "support": 113.0}, "HI": {"precision": 0.7222222222222222, "recall": 0.40625, "f1-score": 0.52, "support": 32.0}, "IN": {"precision": 0.4583333333333333, "recall": 0.6, "f1-score": 0.5196850393700787, "support": 55.0}, "OP": {"precision": 0.47368421052631576, "recall": 0.6, "f1-score": 0.5294117647058824, "support": 30.0}, "IP": {"precision": 0.8, "recall": 0.7079646017699115, "f1-score": 0.7511737089201878, "support": 113.0}, "it": {"precision": 0.0, "recall": 0.0, "f1-score": 0.0, "support": 0.0}, "ne": {"precision": 0.673469387755102, "recall": 0.88, "f1-score": 0.7630057803468209, "support": 75.0}, "sr": {"precision": 0.6666666666666666, "recall": 0.6666666666666666, "f1-score": 0.6666666666666666, "support": 6.0}, "nb": {"precision": 0.46153846153846156, "recall": 0.3157894736842105, "f1-score": 0.37499999999999994, "support": 19.0}, "re": {"precision": 1.0, "recall": 0.8333333333333334, "f1-score": 0.9090909090909091, "support": 6.0}, "en": {"precision": 0.0, "recall": 0.0, "f1-score": 0.0, "support": 3.0}, "ra": {"precision": 0.0, "recall": 0.0, "f1-score": 0.0, "support": 2.0}, "dtp": {"precision": 0.2571428571428571, "recall": 0.47368421052631576, "f1-score": 0.3333333333333333, "support": 19.0}, "fi": {"precision": 0.0, "recall": 0.0, "f1-score": 0.0, "support": 1.0}, "lt": {"precision": 0.42857142857142855, "recall": 0.75, "f1-score": 0.5454545454545454, "support": 8.0}, "rv": {"precision": 1.0, "recall": 0.3333333333333333, "f1-score": 0.5, "support": 9.0}, "ob": {"precision": 0.5, "recall": 0.6, "f1-score": 0.5454545454545454, "support": 5.0}, "rs": {"precision": 0.8888888888888888, "recall": 0.8888888888888888, "f1-score": 0.8888888888888888, "support": 9.0}, "av": {"precision": 0.16666666666666666, "recall": 0.3333333333333333, "f1-score": 0.2222222222222222, "support": 6.0}, "ds": {"precision": 0.8701298701298701, "recall": 0.6320754716981132, "f1-score": 0.73224043715847, "support": 106.0}, "ed": {"precision": 0.0, "recall": 0.0, "f1-score": 0.0, "support": 4.0}}}