{"f1": 0.7168391345249294, "f1_macro": 0.6483938158312093, "precision": 0.7098749001863188, "recall": 0.7239413680781759, "accuracy": 0.5532310553231056, "threshold": 0.49999999999999994, "label_scores": {"MT": {"precision": 0.9675675675675676, "recall": 0.6485507246376812, "f1-score": 0.7765726681127983, "support": 276.0}, "LY": {"precision": 0.0, "recall": 0.0, "f1-score": 0.0, "support": 5.0}, "SP": {"precision": 0.8888888888888888, "recall": 0.4444444444444444, "f1-score": 0.5925925925925926, "support": 18.0}, "ID": {"precision": 0.9344262295081968, "recall": 0.4935064935064935, "f1-score": 0.6458923512747875, "support": 231.0}, "NA": {"precision": 0.8023715415019763, "recall": 0.8076923076923077, "f1-score": 0.8050231328486451, "support": 754.0}, "HI": {"precision": 0.5945945945945946, "recall": 0.37606837606837606, "f1-score": 0.4607329842931937, "support": 117.0}, "IN": {"precision": 0.6272493573264781, "recall": 0.6740331491712708, "f1-score": 0.6498002663115846, "support": 362.0}, "OP": {"precision": 0.6298200514138818, "recall": 0.8626760563380281, "f1-score": 0.7280832095096582, "support": 284.0}, "IP": {"precision": 0.5813333333333334, "recall": 0.8650793650793651, "f1-score": 0.6953748006379586, "support": 252.0}, "it": {"precision": 0.8571428571428571, "recall": 0.46153846153846156, "f1-score": 0.6, "support": 13.0}, "ne": {"precision": 0.7085201793721974, "recall": 0.7022222222222222, "f1-score": 0.7053571428571429, "support": 225.0}, "sr": {"precision": 0.9166666666666666, "recall": 0.9295774647887324, "f1-score": 0.9230769230769231, "support": 71.0}, "nb": {"precision": 0.713903743315508, "recall": 0.8018018018018018, "f1-score": 0.7553041018387553, "support": 333.0}, "re": {"precision": 0.5384615384615384, "recall": 0.875, "f1-score": 0.6666666666666667, "support": 8.0}, "en": {"precision": 0.7575757575757576, "recall": 0.5555555555555556, "f1-score": 0.6410256410256411, "support": 45.0}, "ra": {"precision": 1.0, "recall": 0.21428571428571427, "f1-score": 0.35294117647058826, "support": 14.0}, "dtp": {"precision": 0.4605263157894737, "recall": 0.5147058823529411, "f1-score": 0.48611111111111105, "support": 136.0}, "fi": {"precision": 0.75, "recall": 0.75, "f1-score": 0.75, "support": 4.0}, "lt": {"precision": 0.5666666666666667, "recall": 0.6538461538461539, "f1-score": 0.6071428571428571, "support": 26.0}, "rv": {"precision": 0.7698412698412699, "recall": 0.8899082568807339, "f1-score": 0.825531914893617, "support": 109.0}, "ob": {"precision": 0.4298245614035088, "recall": 0.7205882352941176, "f1-score": 0.5384615384615384, "support": 68.0}, "rs": {"precision": 0.8292682926829268, "recall": 0.7727272727272727, "f1-score": 0.7999999999999999, "support": 88.0}, "av": {"precision": 0.2, "recall": 0.08333333333333333, "f1-score": 0.11764705882352941, "support": 12.0}, "ds": {"precision": 0.7824074074074074, "recall": 0.7971698113207547, "f1-score": 0.7897196261682242, "support": 212.0}, "ed": {"precision": 0.0, "recall": 0.0, "f1-score": 0.0, "support": 21.0}}}