{"f1": 0.7650240384615384, "precision": 0.7809815950920246, "recall": 0.7497055359246172, "accuracy": 0.6299126637554585, "pr_auc": 0.8103670329170702, "threshold": 0.49999999999999994, "label_scores": {"MT": {"precision": 0.872093023255814, "recall": 0.6818181818181818, "f1-score": 0.7653061224489794, "support": 110.0}, "LY": {"precision": 0.75, "recall": 0.42857142857142855, "f1-score": 0.5454545454545454, "support": 7.0}, "SP": {"precision": 1.0, "recall": 0.38461538461538464, "f1-score": 0.5555555555555556, "support": 13.0}, "ID": {"precision": 0.6666666666666666, "recall": 0.17391304347826086, "f1-score": 0.27586206896551724, "support": 23.0}, "NA": {"precision": 0.8565573770491803, "recall": 0.9126637554585153, "f1-score": 0.8837209302325582, "support": 229.0}, "HI": {"precision": 0.6944444444444444, "recall": 0.7575757575757576, "f1-score": 0.7246376811594203, "support": 33.0}, "IN": {"precision": 0.7119565217391305, "recall": 0.7081081081081081, "f1-score": 0.7100271002710027, "support": 185.0}, "OP": {"precision": 0.6923076923076923, "recall": 0.4891304347826087, "f1-score": 0.5732484076433121, "support": 92.0}, "IP": {"precision": 0.7507692307692307, "recall": 0.8591549295774648, "f1-score": 0.8013136288998358, "support": 284.0}, "it": {"precision": 1.0, "recall": 0.5714285714285714, "f1-score": 0.7272727272727273, "support": 7.0}, "ne": {"precision": 0.8523809523809524, "recall": 0.93717277486911, "f1-score": 0.8927680798004988, "support": 191.0}, "sr": {"precision": 0.75, "recall": 0.6428571428571429, "f1-score": 0.6923076923076924, "support": 14.0}, "nb": {"precision": 0.6666666666666666, "recall": 0.5217391304347826, "f1-score": 0.5853658536585366, "support": 23.0}, "re": {"precision": 0.9545454545454546, "recall": 1.0, "f1-score": 0.9767441860465117, "support": 21.0}, "en": {"precision": 0.3333333333333333, "recall": 0.25, "f1-score": 0.28571428571428575, "support": 4.0}, "ra": {"precision": 0.0, "recall": 0.0, "f1-score": 0.0, "support": 0.0}, "dtp": {"precision": 0.6, "recall": 0.45652173913043476, "f1-score": 0.5185185185185185, "support": 46.0}, "fi": {"precision": 0.0, "recall": 0.0, "f1-score": 0.0, "support": 3.0}, "lt": {"precision": 0.7727272727272727, "recall": 0.6415094339622641, "f1-score": 0.7010309278350515, "support": 53.0}, "rv": {"precision": 0.6470588235294118, "recall": 0.3548387096774194, "f1-score": 0.4583333333333333, "support": 31.0}, "ob": {"precision": 0.5, "recall": 0.13636363636363635, "f1-score": 0.21428571428571427, "support": 22.0}, "rs": {"precision": 0.8181818181818182, "recall": 0.9, "f1-score": 0.8571428571428572, "support": 10.0}, "av": {"precision": 0.8, "recall": 0.4, "f1-score": 0.5333333333333333, "support": 20.0}, "ds": {"precision": 0.7874015748031497, "recall": 0.819672131147541, "f1-score": 0.8032128514056226, "support": 244.0}, "ed": {"precision": 0.6896551724137931, "recall": 0.6060606060606061, "f1-score": 0.6451612903225807, "support": 33.0}}}