{"f1": 0.7446050701864655, "precision": 0.749789029535865, "recall": 0.739492301290054, "accuracy": 0.5463336019339242, "pr_auc": 0.821562395328463, "threshold": 0.44999999999999996, "label_scores": {"MT": {"precision": 0.9375, "recall": 0.703125, "f1-score": 0.8035714285714286, "support": 64.0}, "LY": {"precision": 0.9166666666666666, "recall": 0.8461538461538461, "f1-score": 0.8799999999999999, "support": 13.0}, "SP": {"precision": 0.8333333333333334, "recall": 0.3333333333333333, "f1-score": 0.47619047619047616, "support": 15.0}, "ID": {"precision": 0.9519230769230769, "recall": 0.825, "f1-score": 0.8839285714285714, "support": 120.0}, "NA": {"precision": 0.7683284457478006, "recall": 0.8061538461538461, "f1-score": 0.7867867867867869, "support": 325.0}, "HI": {"precision": 0.6666666666666666, "recall": 0.5833333333333334, "f1-score": 0.6222222222222222, "support": 72.0}, "IN": {"precision": 0.7861635220125787, "recall": 0.78125, "f1-score": 0.7836990595611286, "support": 320.0}, "OP": {"precision": 0.6451612903225806, "recall": 0.6666666666666666, "f1-score": 0.6557377049180327, "support": 150.0}, "IP": {"precision": 0.763681592039801, "recall": 0.7892030848329049, "f1-score": 0.7762326169405815, "support": 389.0}, "it": {"precision": 0.8333333333333334, "recall": 0.625, "f1-score": 0.7142857142857143, "support": 8.0}, "ne": {"precision": 0.717391304347826, "recall": 0.7983870967741935, "f1-score": 0.7557251908396945, "support": 124.0}, "sr": {"precision": 0.9090909090909091, "recall": 0.8695652173913043, "f1-score": 0.888888888888889, "support": 23.0}, "nb": {"precision": 0.7304347826086957, "recall": 0.65625, "f1-score": 0.691358024691358, "support": 128.0}, "re": {"precision": 0.782608695652174, "recall": 0.8571428571428571, "f1-score": 0.8181818181818182, "support": 21.0}, "en": {"precision": 0.90625, "recall": 0.8529411764705882, "f1-score": 0.8787878787878787, "support": 34.0}, "ra": {"precision": 0.4, "recall": 0.2, "f1-score": 0.26666666666666666, "support": 10.0}, "dtp": {"precision": 0.5918367346938775, "recall": 0.5838926174496645, "f1-score": 0.5878378378378379, "support": 149.0}, "fi": {"precision": 0.7142857142857143, "recall": 0.8333333333333334, "f1-score": 0.7692307692307692, "support": 6.0}, "lt": {"precision": 0.8055555555555556, "recall": 0.7631578947368421, "f1-score": 0.7837837837837838, "support": 38.0}, "rv": {"precision": 0.7307692307692307, "recall": 0.75, "f1-score": 0.7402597402597402, "support": 76.0}, "ob": {"precision": 0.45161290322580644, "recall": 0.5185185185185185, "f1-score": 0.48275862068965514, "support": 27.0}, "rs": {"precision": 0.625, "recall": 0.7142857142857143, "f1-score": 0.6666666666666666, "support": 7.0}, "av": {"precision": 0.5, "recall": 0.17857142857142858, "f1-score": 0.2631578947368421, "support": 28.0}, "ds": {"precision": 0.7576923076923077, "recall": 0.8008130081300813, "f1-score": 0.7786561264822134, "support": 246.0}, "ed": {"precision": 0.0, "recall": 0.0, "f1-score": 0.0, "support": 10.0}}}