{"f1": 0.6808510638297872, "precision": 0.7017543859649122, "recall": 0.6611570247933884, "accuracy": 0.5434782608695652, "pr_auc": 0.73440023936437, "threshold": 0.3, "label_scores": {"MT": {"precision": 0.3333333333333333, "recall": 0.6666666666666666, "f1-score": 0.4444444444444444, "support": 3.0}, "LY": {"precision": 0.0, "recall": 0.0, "f1-score": 0.0, "support": 0.0}, "SP": {"precision": 0.0, "recall": 0.0, "f1-score": 0.0, "support": 0.0}, "ID": {"precision": 0.8, "recall": 0.5, "f1-score": 0.6153846153846154, "support": 8.0}, "NA": {"precision": 0.8918918918918919, "recall": 0.8461538461538461, "f1-score": 0.868421052631579, "support": 39.0}, "HI": {"precision": 0.6, "recall": 0.375, "f1-score": 0.46153846153846156, "support": 8.0}, "IN": {"precision": 0.8, "recall": 0.5333333333333333, "f1-score": 0.64, "support": 30.0}, "OP": {"precision": 0.6666666666666666, "recall": 0.5882352941176471, "f1-score": 0.625, "support": 17.0}, "IP": {"precision": 0.46153846153846156, "recall": 0.75, "f1-score": 0.5714285714285714, "support": 16.0}}}