{"f1": 0.8, "precision": 0.8143712574850299, "recall": 0.7861271676300579, "accuracy": 0.7375, "pr_auc": 0.8722836972344292, "threshold": 0.44999999999999996, "label_scores": {"MT": {"precision": 0.4444444444444444, "recall": 0.8, "f1-score": 0.5714285714285714, "support": 5.0}, "LY": {"precision": 1.0, "recall": 1.0, "f1-score": 1.0, "support": 12.0}, "SP": {"precision": 0.0, "recall": 0.0, "f1-score": 0.0, "support": 2.0}, "ID": {"precision": 0.0, "recall": 0.0, "f1-score": 0.0, "support": 1.0}, "NA": {"precision": 0.9090909090909091, "recall": 0.9411764705882353, "f1-score": 0.9248554913294798, "support": 85.0}, "HI": {"precision": 0.7142857142857143, "recall": 0.5555555555555556, "f1-score": 0.625, "support": 9.0}, "IN": {"precision": 0.8333333333333334, "recall": 0.7352941176470589, "f1-score": 0.78125, "support": 34.0}, "OP": {"precision": 0.47058823529411764, "recall": 0.7272727272727273, "f1-score": 0.5714285714285714, "support": 11.0}, "IP": {"precision": 0.6666666666666666, "recall": 0.14285714285714285, "f1-score": 0.23529411764705882, "support": 14.0}}}