{"f1": 0.6697247706422018, "precision": 0.6347826086956522, "recall": 0.7087378640776699, "accuracy": 0.61, "pr_auc": 0.7339597744975079, "threshold": 0.39999999999999997, "label_scores": {"MT": {"precision": 0.2, "recall": 1.0, "f1-score": 0.3333333333333333, "support": 1.0}, "LY": {"precision": 0.0, "recall": 0.0, "f1-score": 0.0, "support": 0.0}, "SP": {"precision": 0.0, "recall": 0.0, "f1-score": 0.0, "support": 0.0}, "ID": {"precision": 0.5, "recall": 0.25, "f1-score": 0.3333333333333333, "support": 4.0}, "NA": {"precision": 0.7142857142857143, "recall": 0.9375, "f1-score": 0.8108108108108109, "support": 32.0}, "HI": {"precision": 0.75, "recall": 0.42857142857142855, "f1-score": 0.5454545454545454, "support": 7.0}, "IN": {"precision": 0.5238095238095238, "recall": 0.44, "f1-score": 0.4782608695652174, "support": 25.0}, "OP": {"precision": 0.4, "recall": 0.4, "f1-score": 0.4, "support": 5.0}, "IP": {"precision": 0.6944444444444444, "recall": 0.8620689655172413, "f1-score": 0.7692307692307693, "support": 29.0}}}