{"f1": 0.7866419294990723, "f1_macro": 0.7545958015547123, "precision": 0.8379446640316206, "recall": 0.7412587412587412, "accuracy": 0.675, "threshold": 0.49999999999999994, "label_scores": {"MT": {"precision": 0.375, "recall": 0.6, "f1-score": 0.4615384615384615, "support": 5.0}, "LY": {"precision": 1.0, "recall": 0.9166666666666666, "f1-score": 0.9565217391304348, "support": 12.0}, "SP": {"precision": 0.0, "recall": 0.0, "f1-score": 0.0, "support": 2.0}, "ID": {"precision": 0.0, "recall": 0.0, "f1-score": 0.0, "support": 1.0}, "NA": {"precision": 0.9, "recall": 0.9529411764705882, "f1-score": 0.9257142857142857, "support": 85.0}, "HI": {"precision": 0.7142857142857143, "recall": 0.5555555555555556, "f1-score": 0.6250000000000001, "support": 9.0}, "IN": {"precision": 0.84375, "recall": 0.7941176470588235, "f1-score": 0.8181818181818182, "support": 34.0}, "OP": {"precision": 0.3333333333333333, "recall": 0.09090909090909091, "f1-score": 0.14285714285714288, "support": 11.0}, "IP": {"precision": 0.0, "recall": 0.0, "f1-score": 0.0, "support": 14.0}, "it": {"precision": 0.0, "recall": 0.0, "f1-score": 0.0, "support": 0.0}, "ne": {"precision": 0.8947368421052632, "recall": 0.9577464788732394, "f1-score": 0.9251700680272109, "support": 71.0}, "sr": {"precision": 0.0, "recall": 0.0, "f1-score": 0.0, "support": 1.0}, "nb": {"precision": 0.6666666666666666, "recall": 0.5, "f1-score": 0.5714285714285715, "support": 4.0}, "re": {"precision": 1.0, "recall": 1.0, "f1-score": 1.0, "support": 1.0}, "en": {"precision": 1.0, "recall": 0.6666666666666666, "f1-score": 0.8, "support": 6.0}, "ra": {"precision": 0.0, "recall": 0.0, "f1-score": 0.0, "support": 0.0}, "dtp": {"precision": 0.7, "recall": 0.5, "f1-score": 0.5833333333333334, "support": 14.0}, "fi": {"precision": 0.0, "recall": 0.0, "f1-score": 0.0, "support": 0.0}, "lt": {"precision": 1.0, "recall": 1.0, "f1-score": 1.0, "support": 1.0}, "rv": {"precision": 0.0, "recall": 0.0, "f1-score": 0.0, "support": 0.0}, "ob": {"precision": 0.0, "recall": 0.0, "f1-score": 0.0, "support": 1.0}, "rs": {"precision": 1.0, "recall": 1.0, "f1-score": 1.0, "support": 1.0}, "av": {"precision": 0.0, "recall": 0.0, "f1-score": 0.0, "support": 8.0}, "ds": {"precision": 0.0, "recall": 0.0, "f1-score": 0.0, "support": 3.0}, "ed": {"precision": 0.0, "recall": 0.0, "f1-score": 0.0, "support": 2.0}}}