{"f1": 0.8112094395280236, "f1_macro": 0.6147008571156021, "precision": 0.804093567251462, "recall": 0.8184523809523809, "accuracy": 0.6875, "threshold": 0.3, "label_scores": {"MT": {"precision": 0.25, "recall": 1.0, "f1-score": 0.4, "support": 1.0}, "LY": {"precision": 1.0, "recall": 1.0, "f1-score": 1.0, "support": 3.0}, "SP": {"precision": 0.0, "recall": 0.0, "f1-score": 0.0, "support": 0.0}, "ID": {"precision": 0.16666666666666666, "recall": 1.0, "f1-score": 0.2857142857142857, "support": 1.0}, "NA": {"precision": 0.8584070796460177, "recall": 0.97, "f1-score": 0.9107981220657277, "support": 100.0}, "HI": {"precision": 0.2, "recall": 0.5, "f1-score": 0.28571428571428575, "support": 2.0}, "IN": {"precision": 0.64, "recall": 0.6666666666666666, "f1-score": 0.6530612244897959, "support": 24.0}, "OP": {"precision": 0.8378378378378378, "recall": 0.8857142857142857, "f1-score": 0.8611111111111112, "support": 35.0}, "IP": {"precision": 1.0, "recall": 0.16666666666666666, "f1-score": 0.2857142857142857, "support": 12.0}, "it": {"precision": 0.0, "recall": 0.0, "f1-score": 0.0, "support": 0.0}, "ne": {"precision": 0.9534883720930233, "recall": 0.9879518072289156, "f1-score": 0.9704142011834319, "support": 83.0}, "sr": {"precision": 0.625, "recall": 1.0, "f1-score": 0.7692307692307693, "support": 5.0}, "nb": {"precision": 0.2, "recall": 0.25, "f1-score": 0.22222222222222224, "support": 4.0}, "re": {"precision": 0.0, "recall": 0.0, "f1-score": 0.0, "support": 0.0}, "en": {"precision": 0.75, "recall": 1.0, "f1-score": 0.8571428571428571, "support": 6.0}, "ra": {"precision": 0.0, "recall": 0.0, "f1-score": 0.0, "support": 0.0}, "dtp": {"precision": 0.5, "recall": 0.5, "f1-score": 0.5, "support": 8.0}, "fi": {"precision": 0.0, "recall": 0.0, "f1-score": 0.0, "support": 5.0}, "lt": {"precision": 0.0, "recall": 0.0, "f1-score": 0.0, "support": 1.0}, "rv": {"precision": 1.0, "recall": 0.5, "f1-score": 0.6666666666666666, "support": 2.0}, "ob": {"precision": 0.5, "recall": 1.0, "f1-score": 0.6666666666666666, "support": 5.0}, "rs": {"precision": 0.875, "recall": 0.7, "f1-score": 0.7777777777777777, "support": 20.0}, "av": {"precision": 1.0, "recall": 0.5, "f1-score": 0.6666666666666666, "support": 8.0}, "ds": {"precision": 1.0, "recall": 0.16666666666666666, "f1-score": 0.2857142857142857, "support": 6.0}, "ed": {"precision": 0.0, "recall": 0.0, "f1-score": 0.0, "support": 5.0}}}