{"f1": 0.5857740585774059, "f1_macro": 0.5353558217994838, "precision": 0.5185185185185185, "recall": 0.6730769230769231, "accuracy": 0.45, "threshold": 0.35, "label_scores": {"Forum": {"precision": 0.4, "recall": 1.0, "f1-score": 0.5714285714285715, "support": 4.0}, "Information/Explanation": {"precision": 0.34285714285714286, "recall": 0.9230769230769231, "f1-score": 0.5000000000000001, "support": 13.0}, "Instruction": {"precision": 0.5454545454545454, "recall": 0.6, "f1-score": 0.5714285714285713, "support": 10.0}, "Legal": {"precision": 0.6666666666666666, "recall": 1.0, "f1-score": 0.8, "support": 2.0}, "News": {"precision": 0.125, "recall": 0.3333333333333333, "f1-score": 0.18181818181818182, "support": 3.0}, "Opinion/Argumentation": {"precision": 0.75, "recall": 0.4411764705882353, "f1-score": 0.5555555555555556, "support": 34.0}, "Other": {"precision": 0.5, "recall": 0.2, "f1-score": 0.28571428571428575, "support": 5.0}, "Promotion": {"precision": 0.7631578947368421, "recall": 0.8787878787878788, "f1-score": 0.8169014084507042, "support": 33.0}, "Prose/Lyrical": {"precision": 0.0, "recall": 0.0, "f1-score": 0.0, "support": 0.0}}}