{"f1": 0.658008658008658, "f1_macro": 0.6018041751542468, "precision": 0.6909090909090909, "recall": 0.628099173553719, "accuracy": 0.532608695652174, "threshold": 0.3, "label_scores": {"Forum": {"precision": 1.0, "recall": 0.625, "f1-score": 0.7692307692307693, "support": 8.0}, "Information/Explanation": {"precision": 0.7333333333333333, "recall": 0.4230769230769231, "f1-score": 0.5365853658536585, "support": 26.0}, "Instruction": {"precision": 0.8333333333333334, "recall": 0.5, "f1-score": 0.625, "support": 10.0}, "Legal": {"precision": 0.4, "recall": 1.0, "f1-score": 0.5714285714285715, "support": 2.0}, "News": {"precision": 0.8823529411764706, "recall": 0.9375, "f1-score": 0.9090909090909091, "support": 32.0}, "Opinion/Argumentation": {"precision": 0.7142857142857143, "recall": 0.29411764705882354, "f1-score": 0.4166666666666667, "support": 17.0}, "Other": {"precision": 0.2857142857142857, "recall": 0.6666666666666666, "f1-score": 0.4, "support": 3.0}, "Promotion": {"precision": 0.47619047619047616, "recall": 0.7692307692307693, "f1-score": 0.588235294117647, "support": 13.0}, "Prose/Lyrical": {"precision": 0.6, "recall": 0.6, "f1-score": 0.6, "support": 10.0}}}