{"f1": 0.6756393001345896, "f1_macro": 0.5761128770912903, "precision": 0.662269129287599, "recall": 0.6895604395604396, "accuracy": 0.5692771084337349, "threshold": 0.39999999999999997, "label_scores": {"MT": {"precision": 0.0, "recall": 0.0, "f1-score": 0.0, "support": 0.0}, "LY": {"precision": 0.0, "recall": 0.0, "f1-score": 0.0, "support": 4.0}, "SP": {"precision": 0.0, "recall": 0.0, "f1-score": 0.0, "support": 0.0}, "ID": {"precision": 0.5, "recall": 0.23529411764705882, "f1-score": 0.31999999999999995, "support": 17.0}, "NA": {"precision": 0.7553956834532374, "recall": 0.9292035398230089, "f1-score": 0.8333333333333331, "support": 113.0}, "HI": {"precision": 0.64, "recall": 0.5, "f1-score": 0.5614035087719298, "support": 32.0}, "IN": {"precision": 0.417910447761194, "recall": 0.509090909090909, "f1-score": 0.4590163934426229, "support": 55.0}, "OP": {"precision": 0.4722222222222222, "recall": 0.5666666666666667, "f1-score": 0.5151515151515152, "support": 30.0}, "IP": {"precision": 0.826530612244898, "recall": 0.7168141592920354, "f1-score": 0.7677725118483414, "support": 113.0}}}