{"f1": 0.6953846153846154, "f1_macro": 0.6384774639490979, "precision": 0.6457142857142857, "recall": 0.7533333333333333, "accuracy": 0.5488721804511278, "threshold": 0.35, "label_scores": {"MT": {"precision": 0.8235294117647058, "recall": 0.8235294117647058, "f1-score": 0.8235294117647058, "support": 17.0}, "LY": {"precision": 0.0, "recall": 0.0, "f1-score": 0.0, "support": 0.0}, "SP": {"precision": 0.0, "recall": 0.0, "f1-score": 0.0, "support": 0.0}, "ID": {"precision": 0.6666666666666666, "recall": 0.5, "f1-score": 0.5714285714285715, "support": 4.0}, "NA": {"precision": 0.6388888888888888, "recall": 0.8518518518518519, "f1-score": 0.7301587301587301, "support": 27.0}, "HI": {"precision": 0.4666666666666667, "recall": 0.7, "f1-score": 0.56, "support": 10.0}, "IN": {"precision": 0.7619047619047619, "recall": 0.7111111111111111, "f1-score": 0.735632183908046, "support": 45.0}, "OP": {"precision": 0.375, "recall": 0.3333333333333333, "f1-score": 0.35294117647058826, "support": 9.0}, "IP": {"precision": 0.5925925925925926, "recall": 0.8421052631578947, "f1-score": 0.6956521739130435, "support": 38.0}}}