{"f1": 0.7096774193548386, "f1_macro": 0.6937548430907066, "precision": 0.6875, "recall": 0.7333333333333333, "accuracy": 0.5, "threshold": 0.3, "label_scores": {"MT": {"precision": 1.0, "recall": 0.5, "f1-score": 0.6666666666666666, "support": 2.0}, "LY": {"precision": 1.0, "recall": 0.6666666666666666, "f1-score": 0.8, "support": 3.0}, "SP": {"precision": 0.0, "recall": 0.0, "f1-score": 0.0, "support": 1.0}, "ID": {"precision": 0.0, "recall": 0.0, "f1-score": 0.0, "support": 0.0}, "NA": {"precision": 0.7142857142857143, "recall": 1.0, "f1-score": 0.8333333333333333, "support": 20.0}, "HI": {"precision": 0.36363636363636365, "recall": 0.6666666666666666, "f1-score": 0.4705882352941177, "support": 6.0}, "IN": {"precision": 0.7, "recall": 0.875, "f1-score": 0.7777777777777777, "support": 16.0}, "OP": {"precision": 0.75, "recall": 0.47368421052631576, "f1-score": 0.5806451612903226, "support": 19.0}, "IP": {"precision": 0.7619047619047619, "recall": 0.6956521739130435, "f1-score": 0.7272727272727272, "support": 23.0}}}