{"f1": 0.725872030815322, "f1_macro": 0.6680997638401208, "precision": 0.7058578711892624, "recall": 0.747054289175201, "accuracy": 0.505677039529016, "threshold": 0.39999999999999997, "label_scores": {"MT": {"precision": 0.0, "recall": 0.0, "f1-score": 0.0, "support": 0.0}, "LY": {"precision": 0.9473684210526315, "recall": 0.7941176470588235, "f1-score": 0.864, "support": 68.0}, "SP": {"precision": 0.6875, "recall": 0.7534246575342466, "f1-score": 0.7189542483660132, "support": 73.0}, "ID": {"precision": 0.8801261829652997, "recall": 0.808695652173913, "f1-score": 0.8429003021148035, "support": 345.0}, "NA": {"precision": 0.7963357477631018, "recall": 0.8770530267480057, "f1-score": 0.8347476552032157, "support": 2131.0}, "HI": {"precision": 0.6077586206896551, "recall": 0.6878048780487804, "f1-score": 0.6453089244851259, "support": 205.0}, "IN": {"precision": 0.6815193571950329, "recall": 0.7187981510015409, "f1-score": 0.6996625421822272, "support": 1298.0}, "OP": {"precision": 0.6503436426116839, "recall": 0.7121354656632173, "f1-score": 0.6798383475527616, "support": 1063.0}, "IP": {"precision": 0.5824175824175825, "recall": 0.5247524752475248, "f1-score": 0.5520833333333334, "support": 202.0}, "it": {"precision": 0.7230769230769231, "recall": 0.8245614035087719, "f1-score": 0.7704918032786885, "support": 57.0}, "ne": {"precision": 0.7477611940298508, "recall": 0.8448566610455311, "f1-score": 0.7933491686460808, "support": 1186.0}, "sr": {"precision": 0.8146067415730337, "recall": 0.9508196721311475, "f1-score": 0.8774583963691376, "support": 305.0}, "nb": {"precision": 0.7056962025316456, "recall": 0.6408045977011494, "f1-score": 0.6716867469879518, "support": 348.0}, "re": {"precision": 0.5, "recall": 0.7142857142857143, "f1-score": 0.588235294117647, "support": 14.0}, "en": {"precision": 0.9047619047619048, "recall": 0.7169811320754716, "f1-score": 0.8, "support": 53.0}, "ra": {"precision": 0.5157894736842106, "recall": 0.6282051282051282, "f1-score": 0.5664739884393064, "support": 78.0}, "dtp": {"precision": 0.576036866359447, "recall": 0.4655493482309125, "f1-score": 0.5149330587023687, "support": 537.0}, "fi": {"precision": 0.6086956521739131, "recall": 0.4827586206896552, "f1-score": 0.5384615384615384, "support": 29.0}, "lt": {"precision": 0.4166666666666667, "recall": 0.38461538461538464, "f1-score": 0.4, "support": 13.0}, "rv": {"precision": 0.6931216931216931, "recall": 0.6328502415458938, "f1-score": 0.6616161616161617, "support": 207.0}, "ob": {"precision": 0.5236593059936908, "recall": 0.6299810246679317, "f1-score": 0.5719207579672696, "support": 527.0}, "rs": {"precision": 0.6853932584269663, "recall": 0.7530864197530864, "f1-score": 0.7176470588235295, "support": 81.0}, "av": {"precision": 0.45054945054945056, "recall": 0.3904761904761905, "f1-score": 0.41836734693877553, "support": 105.0}, "ds": {"precision": 0.6178343949044586, "recall": 0.6598639455782312, "f1-score": 0.638157894736842, "support": 147.0}, "ed": {"precision": 0.0, "recall": 0.0, "f1-score": 0.0, "support": 9.0}}}