{"f1": 0.45054945054945056, "f1_macro": 0.4019887002297982, "precision": 0.39588581024349284, "recall": 0.5227272727272727, "accuracy": 0.02993348115299335, "threshold": 0.3, "label_scores": {"MT": {"precision": 0.36, "recall": 0.42857142857142855, "f1-score": 0.391304347826087, "support": 21.0}, "LY": {"precision": 0.6, "recall": 0.75, "f1-score": 0.6666666666666665, "support": 4.0}, "SP": {"precision": 0.5, "recall": 0.5454545454545454, "f1-score": 0.5217391304347826, "support": 11.0}, "ID": {"precision": 0.5510204081632653, "recall": 0.5094339622641509, "f1-score": 0.5294117647058822, "support": 53.0}, "NA": {"precision": 0.4635036496350365, "recall": 0.5570175438596491, "f1-score": 0.5059760956175299, "support": 228.0}, "HI": {"precision": 0.4174757281553398, "recall": 0.5972222222222222, "f1-score": 0.49142857142857144, "support": 72.0}, "IN": {"precision": 0.4590643274853801, "recall": 0.5607142857142857, "f1-score": 0.504823151125402, "support": 280.0}, "OP": {"precision": 0.3802083333333333, "recall": 0.4319526627218935, "f1-score": 0.40443213296398894, "support": 169.0}, "IP": {"precision": 0.5859375, "recall": 0.7053291536050157, "f1-score": 0.6401137980085349, "support": 319.0}, "it": {"precision": 0.3, "recall": 0.6, "f1-score": 0.4, "support": 5.0}, "ne": {"precision": 0.22916666666666666, "recall": 0.38596491228070173, "f1-score": 0.2875816993464052, "support": 57.0}, "sr": {"precision": 0.25, "recall": 0.5, "f1-score": 0.3333333333333333, "support": 6.0}, "nb": {"precision": 0.3228346456692913, "recall": 0.4606741573033708, "f1-score": 0.37962962962962965, "support": 89.0}, "re": {"precision": 0.5294117647058824, "recall": 0.8181818181818182, "f1-score": 0.6428571428571428, "support": 11.0}, "en": {"precision": 0.32, "recall": 0.5, "f1-score": 0.39024390243902435, "support": 16.0}, "ra": {"precision": 0.09090909090909091, "recall": 0.2, "f1-score": 0.12500000000000003, "support": 5.0}, "dtp": {"precision": 0.2857142857142857, "recall": 0.3660130718954248, "f1-score": 0.3209169054441261, "support": 153.0}, "fi": {"precision": 0.0, "recall": 0.0, "f1-score": 0.0, "support": 8.0}, "lt": {"precision": 0.24, "recall": 0.3333333333333333, "f1-score": 0.27906976744186046, "support": 18.0}, "rv": {"precision": 0.345679012345679, "recall": 0.4827586206896552, "f1-score": 0.4028776978417266, "support": 58.0}, "ob": {"precision": 0.16, "recall": 0.2222222222222222, "f1-score": 0.18604651162790697, "support": 36.0}, "rs": {"precision": 0.4, "recall": 0.5454545454545454, "f1-score": 0.4615384615384615, "support": 11.0}, "av": {"precision": 0.26666666666666666, "recall": 0.3076923076923077, "f1-score": 0.28571428571428575, "support": 39.0}, "ds": {"precision": 0.25092250922509224, "recall": 0.6017699115044248, "f1-score": 0.3541666666666667, "support": 113.0}, "ed": {"precision": 0.3333333333333333, "recall": 0.09090909090909091, "f1-score": 0.14285714285714288, "support": 22.0}}}