{"f1": 0.3989877688738929, "f1_macro": 0.31543468205634545, "precision": 0.3403693931398417, "recall": 0.4819972826086957, "accuracy": 0.05165409170052235, "threshold": 0.3, "label_scores": {"MT": {"precision": 0.7272727272727273, "recall": 0.42105263157894735, "f1-score": 0.5333333333333333, "support": 38.0}, "LY": {"precision": 0.25, "recall": 0.25, "f1-score": 0.25, "support": 4.0}, "SP": {"precision": 0.16666666666666666, "recall": 0.11538461538461539, "f1-score": 0.13636363636363638, "support": 26.0}, "ID": {"precision": 0.2631578947368421, "recall": 0.26785714285714285, "f1-score": 0.2654867256637168, "support": 112.0}, "NA": {"precision": 0.5044814340588989, "recall": 0.6437908496732027, "f1-score": 0.5656855707106964, "support": 612.0}, "HI": {"precision": 0.4557522123893805, "recall": 0.64375, "f1-score": 0.533678756476684, "support": 160.0}, "IN": {"precision": 0.4939759036144578, "recall": 0.5660749506903353, "f1-score": 0.5275735294117647, "support": 507.0}, "OP": {"precision": 0.29914529914529914, "recall": 0.4751131221719457, "f1-score": 0.36713286713286714, "support": 221.0}, "IP": {"precision": 0.3163841807909605, "recall": 0.46473029045643155, "f1-score": 0.3764705882352941, "support": 241.0}, "it": {"precision": 0.13333333333333333, "recall": 0.09090909090909091, "f1-score": 0.10810810810810811, "support": 22.0}, "ne": {"precision": 0.22012578616352202, "recall": 0.4666666666666667, "f1-score": 0.29914529914529914, "support": 150.0}, "sr": {"precision": 0.3333333333333333, "recall": 0.5294117647058824, "f1-score": 0.409090909090909, "support": 17.0}, "nb": {"precision": 0.24758842443729903, "recall": 0.41621621621621624, "f1-score": 0.31048387096774194, "support": 185.0}, "re": {"precision": 0.3684210526315789, "recall": 1.0, "f1-score": 0.5384615384615384, "support": 7.0}, "en": {"precision": 0.2894736842105263, "recall": 0.4782608695652174, "f1-score": 0.360655737704918, "support": 46.0}, "ra": {"precision": 0.08333333333333333, "recall": 0.3333333333333333, "f1-score": 0.13333333333333333, "support": 6.0}, "dtp": {"precision": 0.1605351170568562, "recall": 0.2696629213483146, "f1-score": 0.20125786163522014, "support": 178.0}, "fi": {"precision": 0.5714285714285714, "recall": 0.8, "f1-score": 0.6666666666666666, "support": 5.0}, "lt": {"precision": 0.037037037037037035, "recall": 0.1, "f1-score": 0.05405405405405406, "support": 10.0}, "rv": {"precision": 0.29411764705882354, "recall": 0.40540540540540543, "f1-score": 0.34090909090909094, "support": 74.0}, "ob": {"precision": 0.12422360248447205, "recall": 0.2898550724637681, "f1-score": 0.17391304347826086, "support": 69.0}, "rs": {"precision": 0.18181818181818182, "recall": 0.35714285714285715, "f1-score": 0.24096385542168677, "support": 28.0}, "av": {"precision": 0.047619047619047616, "recall": 0.05555555555555555, "f1-score": 0.05128205128205128, "support": 18.0}, "ds": {"precision": 0.24489795918367346, "recall": 0.4166666666666667, "f1-score": 0.30848329048843187, "support": 144.0}, "ed": {"precision": 0.45454545454545453, "recall": 0.078125, "f1-score": 0.1333333333333333, "support": 64.0}}}