{"f1": 0.7530562347188265, "f1_macro": 0.6566325236226348, "precision": 0.7202993451824135, "recall": 0.7889344262295082, "accuracy": 0.6441048034934498, "threshold": 0.35, "label_scores": {"MT": {"precision": 0.7383177570093458, "recall": 0.7181818181818181, "f1-score": 0.728110599078341, "support": 110.0}, "LY": {"precision": 0.0, "recall": 0.0, "f1-score": 0.0, "support": 7.0}, "SP": {"precision": 0.0, "recall": 0.0, "f1-score": 0.0, "support": 13.0}, "ID": {"precision": 1.0, "recall": 0.08695652173913043, "f1-score": 0.16, "support": 23.0}, "NA": {"precision": 0.8068181818181818, "recall": 0.9301310043668122, "f1-score": 0.8640973630831642, "support": 229.0}, "HI": {"precision": 0.7419354838709677, "recall": 0.696969696969697, "f1-score": 0.71875, "support": 33.0}, "IN": {"precision": 0.69377990430622, "recall": 0.7837837837837838, "f1-score": 0.7360406091370558, "support": 185.0}, "OP": {"precision": 0.5116279069767442, "recall": 0.717391304347826, "f1-score": 0.5972850678733032, "support": 92.0}, "IP": {"precision": 0.7400611620795107, "recall": 0.852112676056338, "f1-score": 0.7921440261865794, "support": 284.0}}}