{"f1": 0.7361111111111112, "f1_macro": 0.6194079628218581, "precision": 0.7120921305182342, "recall": 0.7618069815195072, "accuracy": 0.6430131004366813, "threshold": 0.35, "label_scores": {"Forum": {"precision": 1.0, "recall": 0.08695652173913043, "f1-score": 0.16, "support": 23.0}, "Information/Explanation": {"precision": 0.5882352941176471, "recall": 0.6976744186046512, "f1-score": 0.6382978723404256, "support": 129.0}, "Instruction": {"precision": 0.7419354838709677, "recall": 0.6388888888888888, "f1-score": 0.6865671641791045, "support": 36.0}, "Legal": {"precision": 0.603448275862069, "recall": 0.660377358490566, "f1-score": 0.6306306306306305, "support": 53.0}, "News": {"precision": 0.8526785714285714, "recall": 0.9362745098039216, "f1-score": 0.8925233644859812, "support": 204.0}, "Opinion/Argumentation": {"precision": 0.6666666666666666, "recall": 0.6764705882352942, "f1-score": 0.6715328467153284, "support": 136.0}, "Other": {"precision": 0.7383177570093458, "recall": 0.6422764227642277, "f1-score": 0.6869565217391305, "support": 123.0}, "Promotion": {"precision": 0.7357859531772575, "recall": 0.8764940239043825, "f1-score": 0.7999999999999999, "support": 251.0}, "Prose/Lyrical": {"precision": 0.3333333333333333, "recall": 0.5263157894736842, "f1-score": 0.4081632653061224, "support": 19.0}}}