{"f1": 0.7163927517909818, "f1_macro": 0.6432822319055841, "precision": 0.7255655142979086, "recall": 0.7074490220557637, "accuracy": 0.47542304593070106, "threshold": 0.39999999999999997, "label_scores": {"MT": {"precision": 0.8780487804878049, "recall": 0.5625, "f1-score": 0.6857142857142857, "support": 64.0}, "LY": {"precision": 0.0, "recall": 0.0, "f1-score": 0.0, "support": 13.0}, "SP": {"precision": 1.0, "recall": 0.13333333333333333, "f1-score": 0.23529411764705882, "support": 15.0}, "ID": {"precision": 0.896551724137931, "recall": 0.8666666666666667, "f1-score": 0.8813559322033899, "support": 120.0}, "NA": {"precision": 0.7551622418879056, "recall": 0.7876923076923077, "f1-score": 0.7710843373493975, "support": 325.0}, "HI": {"precision": 0.640625, "recall": 0.5694444444444444, "f1-score": 0.6029411764705882, "support": 72.0}, "IN": {"precision": 0.8102189781021898, "recall": 0.69375, "f1-score": 0.7474747474747474, "support": 320.0}, "OP": {"precision": 0.6830985915492958, "recall": 0.6466666666666666, "f1-score": 0.6643835616438355, "support": 150.0}, "IP": {"precision": 0.6970954356846473, "recall": 0.8637532133676092, "f1-score": 0.7715269804822044, "support": 389.0}, "it": {"precision": 1.0, "recall": 0.25, "f1-score": 0.4, "support": 8.0}, "ne": {"precision": 0.6688741721854304, "recall": 0.8145161290322581, "f1-score": 0.7345454545454546, "support": 124.0}, "sr": {"precision": 0.95, "recall": 0.8260869565217391, "f1-score": 0.8837209302325583, "support": 23.0}, "nb": {"precision": 0.7755102040816326, "recall": 0.59375, "f1-score": 0.672566371681416, "support": 128.0}, "re": {"precision": 1.0, "recall": 0.7142857142857143, "f1-score": 0.8333333333333333, "support": 21.0}, "en": {"precision": 0.7941176470588235, "recall": 0.7941176470588235, "f1-score": 0.7941176470588235, "support": 34.0}, "ra": {"precision": 0.0, "recall": 0.0, "f1-score": 0.0, "support": 10.0}, "dtp": {"precision": 0.5303030303030303, "recall": 0.4697986577181208, "f1-score": 0.49822064056939497, "support": 149.0}, "fi": {"precision": 0.0, "recall": 0.0, "f1-score": 0.0, "support": 6.0}, "lt": {"precision": 0.9047619047619048, "recall": 0.5, "f1-score": 0.6440677966101696, "support": 38.0}, "rv": {"precision": 0.828125, "recall": 0.6973684210526315, "f1-score": 0.7571428571428572, "support": 76.0}, "ob": {"precision": 0.7, "recall": 0.25925925925925924, "f1-score": 0.37837837837837834, "support": 27.0}, "rs": {"precision": 1.0, "recall": 0.42857142857142855, "f1-score": 0.6, "support": 7.0}, "av": {"precision": 0.4444444444444444, "recall": 0.14285714285714285, "f1-score": 0.21621621621621623, "support": 28.0}, "ds": {"precision": 0.6481481481481481, "recall": 0.8536585365853658, "f1-score": 0.7368421052631579, "support": 246.0}, "ed": {"precision": 0.0, "recall": 0.0, "f1-score": 0.0, "support": 10.0}}}