{"f1": 0.7162534435261708, "f1_macro": 0.6660476534262, "precision": 0.7162534435261708, "recall": 0.7162534435261708, "accuracy": 0.5858178887993554, "threshold": 0.39999999999999997, "label_scores": {"Forum": {"precision": 0.896551724137931, "recall": 0.8666666666666667, "f1-score": 0.8813559322033899, "support": 120.0}, "Information/Explanation": {"precision": 0.7294117647058823, "recall": 0.6690647482014388, "f1-score": 0.6979362101313321, "support": 278.0}, "Instruction": {"precision": 0.640625, "recall": 0.5256410256410257, "f1-score": 0.5774647887323944, "support": 78.0}, "Legal": {"precision": 0.9047619047619048, "recall": 0.5, "f1-score": 0.6440677966101696, "support": 38.0}, "News": {"precision": 0.7305389221556886, "recall": 0.8299319727891157, "f1-score": 0.7770700636942675, "support": 147.0}, "Opinion/Argumentation": {"precision": 0.7654867256637168, "recall": 0.6603053435114504, "f1-score": 0.7090163934426229, "support": 262.0}, "Other": {"precision": 0.8837209302325582, "recall": 0.4810126582278481, "f1-score": 0.6229508196721312, "support": 79.0}, "Promotion": {"precision": 0.6929460580912863, "recall": 0.8812664907651715, "f1-score": 0.7758420441347271, "support": 379.0}, "Prose/Lyrical": {"precision": 0.2948717948717949, "recall": 0.323943661971831, "f1-score": 0.3087248322147651, "support": 71.0}}}