{"f1": 0.7653910149750415, "precision": 0.7301587301587301, "recall": 0.8041958041958042, "accuracy": 0.56875, "pr_auc": 0.8525744192598439, "threshold": 0.35, "label_scores": {"MT": {"precision": 0.2857142857142857, "recall": 0.8, "f1-score": 0.4210526315789473, "support": 5.0}, "LY": {"precision": 1.0, "recall": 0.8333333333333334, "f1-score": 0.9090909090909091, "support": 12.0}, "SP": {"precision": 0.0, "recall": 0.0, "f1-score": 0.0, "support": 2.0}, "ID": {"precision": 0.0, "recall": 0.0, "f1-score": 0.0, "support": 1.0}, "NA": {"precision": 0.8526315789473684, "recall": 0.9529411764705882, "f1-score": 0.9, "support": 85.0}, "HI": {"precision": 0.5, "recall": 0.6666666666666666, "f1-score": 0.5714285714285715, "support": 9.0}, "IN": {"precision": 0.8, "recall": 0.8235294117647058, "f1-score": 0.8115942028985507, "support": 34.0}, "OP": {"precision": 0.36363636363636365, "recall": 0.7272727272727273, "f1-score": 0.4848484848484849, "support": 11.0}, "IP": {"precision": 0.5, "recall": 0.07142857142857142, "f1-score": 0.125, "support": 14.0}, "it": {"precision": 0.0, "recall": 0.0, "f1-score": 0.0, "support": 0.0}, "ne": {"precision": 0.8536585365853658, "recall": 0.9859154929577465, "f1-score": 0.9150326797385622, "support": 71.0}, "sr": {"precision": 0.25, "recall": 1.0, "f1-score": 0.4, "support": 1.0}, "nb": {"precision": 1.0, "recall": 0.75, "f1-score": 0.8571428571428571, "support": 4.0}, "re": {"precision": 1.0, "recall": 1.0, "f1-score": 1.0, "support": 1.0}, "en": {"precision": 0.5714285714285714, "recall": 0.6666666666666666, "f1-score": 0.6153846153846153, "support": 6.0}, "ra": {"precision": 0.0, "recall": 0.0, "f1-score": 0.0, "support": 0.0}, "dtp": {"precision": 0.625, "recall": 0.35714285714285715, "f1-score": 0.45454545454545453, "support": 14.0}, "fi": {"precision": 0.0, "recall": 0.0, "f1-score": 0.0, "support": 0.0}, "lt": {"precision": 1.0, "recall": 1.0, "f1-score": 1.0, "support": 1.0}, "rv": {"precision": 0.0, "recall": 0.0, "f1-score": 0.0, "support": 0.0}, "ob": {"precision": 0.16666666666666666, "recall": 1.0, "f1-score": 0.2857142857142857, "support": 1.0}, "rs": {"precision": 0.5, "recall": 1.0, "f1-score": 0.6666666666666666, "support": 1.0}, "av": {"precision": 0.5714285714285714, "recall": 0.5, "f1-score": 0.5333333333333333, "support": 8.0}, "ds": {"precision": 0.5, "recall": 0.3333333333333333, "f1-score": 0.4, "support": 3.0}, "ed": {"precision": 0.0, "recall": 0.0, "f1-score": 0.0, "support": 2.0}}}