{"f1": 0.7136272492903831, "precision": 0.6808447204968944, "recall": 0.7497264171591158, "accuracy": 0.45218936147977845, "pr_auc": 0.7846604760282021, "threshold": 0.39999999999999997, "label_scores": {"MT": {"precision": 0.0, "recall": 0.0, "f1-score": 0.0, "support": 0.0}, "LY": {"precision": 0.9791666666666666, "recall": 0.6962962962962963, "f1-score": 0.8138528138528138, "support": 135.0}, "SP": {"precision": 0.6793893129770993, "recall": 0.6095890410958904, "f1-score": 0.6425992779783393, "support": 146.0}, "ID": {"precision": 0.8315946348733234, "recall": 0.8134110787172012, "f1-score": 0.8224023581429625, "support": 686.0}, "NA": {"precision": 0.7325796886582654, "recall": 0.9270637898686679, "f1-score": 0.8184265010351967, "support": 4264.0}, "HI": {"precision": 0.611764705882353, "recall": 0.6326034063260341, "f1-score": 0.6220095693779905, "support": 411.0}, "IN": {"precision": 0.6935361216730038, "recall": 0.7026194144838213, "f1-score": 0.6980482204362802, "support": 2596.0}, "OP": {"precision": 0.5898550724637681, "recall": 0.7646782527007985, "f1-score": 0.665984863980364, "support": 2129.0}, "IP": {"precision": 0.5920245398773006, "recall": 0.48009950248756217, "f1-score": 0.5302197802197802, "support": 402.0}, "it": {"precision": 0.7640449438202247, "recall": 0.6538461538461539, "f1-score": 0.7046632124352331, "support": 104.0}, "ne": {"precision": 0.7195804195804196, "recall": 0.8724035608308606, "f1-score": 0.7886568308105001, "support": 2359.0}, "sr": {"precision": 0.8524355300859598, "recall": 0.937007874015748, "f1-score": 0.8927231807951987, "support": 635.0}, "nb": {"precision": 0.6248462484624846, "recall": 0.703601108033241, "f1-score": 0.6618892508143323, "support": 722.0}, "re": {"precision": 0.96, "recall": 0.6486486486486487, "f1-score": 0.7741935483870968, "support": 37.0}, "en": {"precision": 0.6640625, "recall": 0.7870370370370371, "f1-score": 0.7203389830508474, "support": 108.0}, "ra": {"precision": 0.9464285714285714, "recall": 0.2804232804232804, "f1-score": 0.4326530612244897, "support": 189.0}, "dtp": {"precision": 0.5666235446313066, "recall": 0.4018348623853211, "f1-score": 0.47020933977455714, "support": 1090.0}, "fi": {"precision": 0.0, "recall": 0.0, "f1-score": 0.0, "support": 69.0}, "lt": {"precision": 0.6571428571428571, "recall": 0.575, "f1-score": 0.6133333333333333, "support": 40.0}, "rv": {"precision": 0.6522727272727272, "recall": 0.6982968369829684, "f1-score": 0.6745005875440658, "support": 411.0}, "ob": {"precision": 0.5121317157712305, "recall": 0.5623215984776403, "f1-score": 0.5360544217687074, "support": 1051.0}, "rs": {"precision": 0.6282722513089005, "recall": 0.7643312101910829, "f1-score": 0.6896551724137931, "support": 157.0}, "av": {"precision": 0.4948453608247423, "recall": 0.4067796610169492, "f1-score": 0.44651162790697674, "support": 236.0}, "ds": {"precision": 0.6885964912280702, "recall": 0.5607142857142857, "f1-score": 0.6181102362204725, "support": 280.0}, "ed": {"precision": 0.0, "recall": 0.0, "f1-score": 0.0, "support": 19.0}}}