{"f1": 0.7202428081287939, "f1_macro": 0.6505288425108151, "precision": 0.7008217770929636, "recall": 0.740770901194354, "accuracy": 0.5583449558344956, "threshold": 0.44999999999999996, "label_scores": {"MT": {"precision": 0.9100719424460432, "recall": 0.9166666666666666, "f1-score": 0.9133574007220215, "support": 276.0}, "LY": {"precision": 0.6666666666666666, "recall": 0.4, "f1-score": 0.5, "support": 5.0}, "SP": {"precision": 0.6666666666666666, "recall": 0.5555555555555556, "f1-score": 0.606060606060606, "support": 18.0}, "ID": {"precision": 0.9214285714285714, "recall": 0.5584415584415584, "f1-score": 0.6954177897574123, "support": 231.0}, "NA": {"precision": 0.7926380368098159, "recall": 0.8567639257294429, "f1-score": 0.8234544295729764, "support": 754.0}, "HI": {"precision": 0.7301587301587301, "recall": 0.39316239316239315, "f1-score": 0.5111111111111111, "support": 117.0}, "IN": {"precision": 0.6492146596858639, "recall": 0.6850828729281768, "f1-score": 0.6666666666666666, "support": 362.0}, "OP": {"precision": 0.62, "recall": 0.7640845070422535, "f1-score": 0.6845425867507886, "support": 284.0}, "IP": {"precision": 0.5664893617021277, "recall": 0.8452380952380952, "f1-score": 0.6783439490445861, "support": 252.0}, "it": {"precision": 0.6923076923076923, "recall": 0.6923076923076923, "f1-score": 0.6923076923076923, "support": 13.0}, "ne": {"precision": 0.6263345195729537, "recall": 0.7822222222222223, "f1-score": 0.6956521739130436, "support": 225.0}, "sr": {"precision": 0.9393939393939394, "recall": 0.8732394366197183, "f1-score": 0.9051094890510948, "support": 71.0}, "nb": {"precision": 0.7146529562982005, "recall": 0.8348348348348348, "f1-score": 0.7700831024930749, "support": 333.0}, "re": {"precision": 0.7272727272727273, "recall": 1.0, "f1-score": 0.8421052631578948, "support": 8.0}, "en": {"precision": 0.575, "recall": 0.5111111111111111, "f1-score": 0.5411764705882353, "support": 45.0}, "ra": {"precision": 0.0, "recall": 0.0, "f1-score": 0.0, "support": 14.0}, "dtp": {"precision": 0.4198473282442748, "recall": 0.40441176470588236, "f1-score": 0.4119850187265917, "support": 136.0}, "fi": {"precision": 0.0, "recall": 0.0, "f1-score": 0.0, "support": 4.0}, "lt": {"precision": 0.5483870967741935, "recall": 0.6538461538461539, "f1-score": 0.5964912280701755, "support": 26.0}, "rv": {"precision": 0.75, "recall": 0.5504587155963303, "f1-score": 0.634920634920635, "support": 109.0}, "ob": {"precision": 0.45918367346938777, "recall": 0.6617647058823529, "f1-score": 0.5421686746987951, "support": 68.0}, "rs": {"precision": 0.9523809523809523, "recall": 0.6818181818181818, "f1-score": 0.7947019867549667, "support": 88.0}, "av": {"precision": 0.05, "recall": 0.08333333333333333, "f1-score": 0.0625, "support": 12.0}, "ds": {"precision": 0.6895161290322581, "recall": 0.8066037735849056, "f1-score": 0.7434782608695653, "support": 212.0}, "ed": {"precision": 0.0, "recall": 0.0, "f1-score": 0.0, "support": 21.0}}}