{"f1": 0.8068812430632631, "precision": 0.8199248120300752, "recall": 0.794246176256373, "accuracy": 0.6249033255993813, "pr_auc": 0.8702786352837109, "threshold": 0.44999999999999996, "label_scores": {"MT": {"precision": 0.94, "recall": 0.8103448275862069, "f1-score": 0.8703703703703703, "support": 116.0}, "LY": {"precision": 0.9090909090909091, "recall": 0.6666666666666666, "f1-score": 0.7692307692307692, "support": 15.0}, "SP": {"precision": 0.6666666666666666, "recall": 0.8571428571428571, "f1-score": 0.75, "support": 7.0}, "ID": {"precision": 0.7777777777777778, "recall": 0.6862745098039216, "f1-score": 0.7291666666666667, "support": 51.0}, "NA": {"precision": 0.875, "recall": 0.8371501272264631, "f1-score": 0.8556566970091027, "support": 393.0}, "HI": {"precision": 0.7833333333333333, "recall": 0.6025641025641025, "f1-score": 0.6811594202898551, "support": 78.0}, "IN": {"precision": 0.7983193277310925, "recall": 0.8431952662721893, "f1-score": 0.8201438848920863, "support": 338.0}, "OP": {"precision": 0.7529411764705882, "recall": 0.7804878048780488, "f1-score": 0.7664670658682634, "support": 164.0}, "IP": {"precision": 0.8317757009345794, "recall": 0.8356807511737089, "f1-score": 0.8337236533957846, "support": 426.0}, "it": {"precision": 0.6666666666666666, "recall": 1.0, "f1-score": 0.8, "support": 6.0}, "ne": {"precision": 0.8426966292134831, "recall": 0.7894736842105263, "f1-score": 0.8152173913043478, "support": 95.0}, "sr": {"precision": 0.75, "recall": 0.6428571428571429, "f1-score": 0.6923076923076924, "support": 14.0}, "nb": {"precision": 0.8636363636363636, "recall": 0.8495934959349594, "f1-score": 0.8565573770491803, "support": 246.0}, "re": {"precision": 0.8888888888888888, "recall": 0.8888888888888888, "f1-score": 0.8888888888888888, "support": 18.0}, "en": {"precision": 0.953125, "recall": 0.9172932330827067, "f1-score": 0.9348659003831417, "support": 133.0}, "ra": {"precision": 0.0, "recall": 0.0, "f1-score": 0.0, "support": 1.0}, "dtp": {"precision": 0.5, "recall": 0.44086021505376344, "f1-score": 0.4685714285714285, "support": 93.0}, "fi": {"precision": 1.0, "recall": 0.6, "f1-score": 0.7499999999999999, "support": 30.0}, "lt": {"precision": 0.8205128205128205, "recall": 0.8421052631578947, "f1-score": 0.8311688311688312, "support": 38.0}, "rv": {"precision": 0.8181818181818182, "recall": 0.7941176470588235, "f1-score": 0.8059701492537314, "support": 68.0}, "ob": {"precision": 0.6785714285714286, "recall": 0.7037037037037037, "f1-score": 0.6909090909090909, "support": 54.0}, "rs": {"precision": 1.0, "recall": 0.4444444444444444, "f1-score": 0.6153846153846153, "support": 9.0}, "av": {"precision": 0.7, "recall": 0.5185185185185185, "f1-score": 0.5957446808510639, "support": 27.0}, "ds": {"precision": 0.7881619937694704, "recall": 0.7981072555205048, "f1-score": 0.7931034482758622, "support": 317.0}, "ed": {"precision": 0.0, "recall": 0.0, "f1-score": 0.0, "support": 9.0}}}