{"f1": 0.7185433081240612, "precision": 0.6930310577949473, "recall": 0.7460056905230904, "accuracy": 0.47727035217891106, "pr_auc": 0.7929608136226135, "threshold": 0.39999999999999997, "label_scores": {"MT": {"precision": 0.0, "recall": 0.0, "f1-score": 0.0, "support": 0.0}, "LY": {"precision": 0.9553571428571429, "recall": 0.7925925925925926, "f1-score": 0.8663967611336033, "support": 135.0}, "SP": {"precision": 0.68125, "recall": 0.7465753424657534, "f1-score": 0.7124183006535948, "support": 146.0}, "ID": {"precision": 0.8628389154704944, "recall": 0.7886297376093294, "f1-score": 0.824067022086824, "support": 686.0}, "NA": {"precision": 0.7843055843886236, "recall": 0.8860225140712945, "f1-score": 0.8320669529787468, "support": 4264.0}, "HI": {"precision": 0.6117936117936118, "recall": 0.6058394160583942, "f1-score": 0.6088019559902201, "support": 411.0}, "IN": {"precision": 0.6463815789473685, "recall": 0.7569337442218799, "f1-score": 0.6973030518097942, "support": 2596.0}, "OP": {"precision": 0.6050738356683074, "recall": 0.7505871301080319, "f1-score": 0.670020964360587, "support": 2129.0}, "IP": {"precision": 0.5694050991501416, "recall": 0.5, "f1-score": 0.5324503311258278, "support": 402.0}, "it": {"precision": 0.6615384615384615, "recall": 0.8269230769230769, "f1-score": 0.7350427350427349, "support": 104.0}, "ne": {"precision": 0.7858880778588808, "recall": 0.821534548537516, "f1-score": 0.8033160621761658, "support": 2359.0}, "sr": {"precision": 0.8690476190476191, "recall": 0.9196850393700787, "f1-score": 0.8936495791889825, "support": 635.0}, "nb": {"precision": 0.6566347469220246, "recall": 0.6648199445983379, "f1-score": 0.6607019958706126, "support": 722.0}, "re": {"precision": 0.8571428571428571, "recall": 0.8108108108108109, "f1-score": 0.8333333333333334, "support": 37.0}, "en": {"precision": 0.7884615384615384, "recall": 0.7592592592592593, "f1-score": 0.7735849056603773, "support": 108.0}, "ra": {"precision": 0.8842105263157894, "recall": 0.4444444444444444, "f1-score": 0.5915492957746479, "support": 189.0}, "dtp": {"precision": 0.5, "recall": 0.4917431192660551, "f1-score": 0.4958371877890842, "support": 1090.0}, "fi": {"precision": 0.6666666666666666, "recall": 0.028985507246376812, "f1-score": 0.05555555555555555, "support": 69.0}, "lt": {"precision": 0.6666666666666666, "recall": 0.6, "f1-score": 0.631578947368421, "support": 40.0}, "rv": {"precision": 0.6738095238095239, "recall": 0.6885644768856448, "f1-score": 0.681107099879663, "support": 411.0}, "ob": {"precision": 0.5456273764258555, "recall": 0.5461465271170314, "f1-score": 0.545886828340466, "support": 1051.0}, "rs": {"precision": 0.7346938775510204, "recall": 0.6878980891719745, "f1-score": 0.7105263157894737, "support": 157.0}, "av": {"precision": 0.39308176100628933, "recall": 0.5296610169491526, "f1-score": 0.45126353790613716, "support": 236.0}, "ds": {"precision": 0.6696428571428571, "recall": 0.5357142857142857, "f1-score": 0.5952380952380952, "support": 280.0}, "ed": {"precision": 0.0, "recall": 0.0, "f1-score": 0.0, "support": 19.0}}}