{"f1": 0.7629346904156065, "precision": 0.7777777777777778, "recall": 0.7486475239284228, "accuracy": 0.5697018533440773, "pr_auc": 0.8272104669991842, "threshold": 0.44999999999999996, "label_scores": {"MT": {"precision": 0.9782608695652174, "recall": 0.703125, "f1-score": 0.8181818181818182, "support": 64.0}, "LY": {"precision": 0.9090909090909091, "recall": 0.7692307692307693, "f1-score": 0.8333333333333333, "support": 13.0}, "SP": {"precision": 0.875, "recall": 0.4666666666666667, "f1-score": 0.608695652173913, "support": 15.0}, "ID": {"precision": 0.9444444444444444, "recall": 0.85, "f1-score": 0.8947368421052632, "support": 120.0}, "NA": {"precision": 0.7963525835866262, "recall": 0.8061538461538461, "f1-score": 0.8012232415902142, "support": 325.0}, "HI": {"precision": 0.7413793103448276, "recall": 0.5972222222222222, "f1-score": 0.6615384615384615, "support": 72.0}, "IN": {"precision": 0.8064516129032258, "recall": 0.78125, "f1-score": 0.7936507936507936, "support": 320.0}, "OP": {"precision": 0.7122302158273381, "recall": 0.66, "f1-score": 0.685121107266436, "support": 150.0}, "IP": {"precision": 0.7949367088607595, "recall": 0.8071979434447301, "f1-score": 0.8010204081632654, "support": 389.0}, "it": {"precision": 0.8, "recall": 0.5, "f1-score": 0.6153846153846154, "support": 8.0}, "ne": {"precision": 0.7557251908396947, "recall": 0.7983870967741935, "f1-score": 0.7764705882352941, "support": 124.0}, "sr": {"precision": 0.9130434782608695, "recall": 0.9130434782608695, "f1-score": 0.9130434782608695, "support": 23.0}, "nb": {"precision": 0.7398373983739838, "recall": 0.7109375, "f1-score": 0.7250996015936255, "support": 128.0}, "re": {"precision": 1.0, "recall": 0.7619047619047619, "f1-score": 0.8648648648648648, "support": 21.0}, "en": {"precision": 0.7941176470588235, "recall": 0.7941176470588235, "f1-score": 0.7941176470588235, "support": 34.0}, "ra": {"precision": 1.0, "recall": 0.2, "f1-score": 0.33333333333333337, "support": 10.0}, "dtp": {"precision": 0.593103448275862, "recall": 0.5771812080536913, "f1-score": 0.5850340136054422, "support": 149.0}, "fi": {"precision": 1.0, "recall": 0.8333333333333334, "f1-score": 0.9090909090909091, "support": 6.0}, "lt": {"precision": 0.7714285714285715, "recall": 0.7105263157894737, "f1-score": 0.7397260273972601, "support": 38.0}, "rv": {"precision": 0.8888888888888888, "recall": 0.7368421052631579, "f1-score": 0.8057553956834532, "support": 76.0}, "ob": {"precision": 0.6, "recall": 0.5555555555555556, "f1-score": 0.576923076923077, "support": 27.0}, "rs": {"precision": 0.8333333333333334, "recall": 0.7142857142857143, "f1-score": 0.7692307692307692, "support": 7.0}, "av": {"precision": 0.6111111111111112, "recall": 0.39285714285714285, "f1-score": 0.4782608695652174, "support": 28.0}, "ds": {"precision": 0.7266187050359713, "recall": 0.8211382113821138, "f1-score": 0.7709923664122138, "support": 246.0}, "ed": {"precision": 0.0, "recall": 0.0, "f1-score": 0.0, "support": 10.0}}}