{"f1": 0.6038961038961039, "precision": 0.6, "recall": 0.6078431372549019, "accuracy": 0.36, "threshold": 0.5499999999999999, "label_scores": {"MT": {"precision": 0.16666666666666666, "recall": 1.0, "f1-score": 0.2857142857142857, "support": 1.0}, "LY": {"precision": 0.0, "recall": 0.0, "f1-score": 0.0, "support": 0.0}, "SP": {"precision": 0.0, "recall": 0.0, "f1-score": 0.0, "support": 0.0}, "ID": {"precision": 0.5, "recall": 0.25, "f1-score": 0.3333333333333333, "support": 4.0}, "NA": {"precision": 0.7837837837837838, "recall": 0.90625, "f1-score": 0.8405797101449275, "support": 32.0}, "HI": {"precision": 1.0, "recall": 0.14285714285714285, "f1-score": 0.25, "support": 7.0}, "IN": {"precision": 0.6428571428571429, "recall": 0.36, "f1-score": 0.4615384615384615, "support": 25.0}, "OP": {"precision": 0.5, "recall": 0.2, "f1-score": 0.28571428571428575, "support": 5.0}, "IP": {"precision": 0.75, "recall": 0.8275862068965517, "f1-score": 0.7868852459016394, "support": 29.0}, "it": {"precision": 0.0, "recall": 0.0, "f1-score": 0.0, "support": 0.0}, "ne": {"precision": 0.5769230769230769, "recall": 1.0, "f1-score": 0.7317073170731707, "support": 15.0}, "sr": {"precision": 1.0, "recall": 0.5, "f1-score": 0.6666666666666666, "support": 4.0}, "nb": {"precision": 1.0, "recall": 0.5714285714285714, "f1-score": 0.7272727272727273, "support": 7.0}, "re": {"precision": 1.0, "recall": 1.0, "f1-score": 1.0, "support": 1.0}, "en": {"precision": 0.0, "recall": 0.0, "f1-score": 0.0, "support": 0.0}, "ra": {"precision": 0.0, "recall": 0.0, "f1-score": 0.0, "support": 1.0}, "dtp": {"precision": 1.0, "recall": 0.14285714285714285, "f1-score": 0.25, "support": 14.0}, "fi": {"precision": 0.0, "recall": 0.0, "f1-score": 0.0, "support": 0.0}, "lt": {"precision": 1.0, "recall": 0.6666666666666666, "f1-score": 0.8, "support": 3.0}, "rv": {"precision": 0.0, "recall": 0.0, "f1-score": 0.0, "support": 3.0}, "ob": {"precision": 0.0, "recall": 0.0, "f1-score": 0.0, "support": 0.0}, "rs": {"precision": 1.0, "recall": 1.0, "f1-score": 1.0, "support": 1.0}, "av": {"precision": 0.0, "recall": 0.0, "f1-score": 0.0, "support": 1.0}, "ds": {"precision": 0.0, "recall": 0.0, "f1-score": 0.0, "support": 0.0}, "ed": {"precision": 0.0, "recall": 0.0, "f1-score": 0.0, "support": 0.0}}}