{"f1": 0.6921739130434783, "precision": 0.6711635750421585, "recall": 0.7145421903052065, "accuracy": 0.4668769716088328, "threshold": 0.35, "label_scores": {"MT": {"precision": 0.21428571428571427, "recall": 0.6, "f1-score": 0.3157894736842105, "support": 5.0}, "LY": {"precision": 0.3333333333333333, "recall": 0.3333333333333333, "f1-score": 0.3333333333333333, "support": 3.0}, "SP": {"precision": 0.0, "recall": 0.0, "f1-score": 0.0, "support": 1.0}, "ID": {"precision": 0.5454545454545454, "recall": 0.75, "f1-score": 0.631578947368421, "support": 8.0}, "NA": {"precision": 0.8333333333333334, "recall": 0.8247422680412371, "f1-score": 0.8290155440414508, "support": 97.0}, "HI": {"precision": 0.46153846153846156, "recall": 0.5, "f1-score": 0.48000000000000004, "support": 12.0}, "IN": {"precision": 0.6428571428571429, "recall": 0.9264705882352942, "f1-score": 0.7590361445783133, "support": 68.0}, "OP": {"precision": 0.3611111111111111, "recall": 0.35135135135135137, "f1-score": 0.3561643835616438, "support": 37.0}, "IP": {"precision": 0.8653846153846154, "recall": 0.782608695652174, "f1-score": 0.8219178082191783, "support": 115.0}, "it": {"precision": 0.0, "recall": 0.0, "f1-score": 0.0, "support": 0.0}, "ne": {"precision": 0.53125, "recall": 0.7083333333333334, "f1-score": 0.6071428571428571, "support": 24.0}, "sr": {"precision": 1.0, "recall": 1.0, "f1-score": 1.0, "support": 7.0}, "nb": {"precision": 0.23529411764705882, "recall": 0.4, "f1-score": 0.29629629629629634, "support": 10.0}, "re": {"precision": 0.0, "recall": 0.0, "f1-score": 0.0, "support": 0.0}, "en": {"precision": 0.5, "recall": 1.0, "f1-score": 0.6666666666666666, "support": 1.0}, "ra": {"precision": 1.0, "recall": 0.6666666666666666, "f1-score": 0.8, "support": 6.0}, "dtp": {"precision": 0.23076923076923078, "recall": 0.21428571428571427, "f1-score": 0.22222222222222224, "support": 14.0}, "fi": {"precision": 0.0, "recall": 0.0, "f1-score": 0.0, "support": 5.0}, "lt": {"precision": 0.6842105263157895, "recall": 0.7647058823529411, "f1-score": 0.7222222222222222, "support": 17.0}, "rv": {"precision": 0.375, "recall": 0.4, "f1-score": 0.38709677419354843, "support": 15.0}, "ob": {"precision": 0.4, "recall": 0.4, "f1-score": 0.4000000000000001, "support": 5.0}, "rs": {"precision": 0.0, "recall": 0.0, "f1-score": 0.0, "support": 0.0}, "av": {"precision": 0.6, "recall": 0.3333333333333333, "f1-score": 0.42857142857142855, "support": 9.0}, "ds": {"precision": 0.8085106382978723, "recall": 0.7916666666666666, "f1-score": 0.7999999999999999, "support": 96.0}, "ed": {"precision": 0.0, "recall": 0.0, "f1-score": 0.0, "support": 2.0}}}