{"f1": 0.6366197183098592, "precision": 0.6494252873563219, "recall": 0.6243093922651933, "accuracy": 0.4954128440366973, "threshold": 0.5499999999999999, "label_scores": {"MT": {"precision": 0.0, "recall": 0.0, "f1-score": 0.0, "support": 3.0}, "LY": {"precision": 0.0, "recall": 0.0, "f1-score": 0.0, "support": 2.0}, "SP": {"precision": 1.0, "recall": 0.5, "f1-score": 0.6666666666666666, "support": 2.0}, "ID": {"precision": 1.0, "recall": 0.5, "f1-score": 0.6666666666666666, "support": 2.0}, "NA": {"precision": 0.7209302325581395, "recall": 0.9117647058823529, "f1-score": 0.8051948051948051, "support": 34.0}, "HI": {"precision": 1.0, "recall": 0.5, "f1-score": 0.6666666666666666, "support": 2.0}, "IN": {"precision": 0.8421052631578947, "recall": 0.37209302325581395, "f1-score": 0.5161290322580645, "support": 43.0}, "OP": {"precision": 0.5555555555555556, "recall": 0.4166666666666667, "f1-score": 0.4761904761904762, "support": 12.0}, "IP": {"precision": 0.4444444444444444, "recall": 1.0, "f1-score": 0.6153846153846153, "support": 12.0}, "it": {"precision": 1.0, "recall": 1.0, "f1-score": 1.0, "support": 1.0}, "ne": {"precision": 0.7391304347826086, "recall": 0.9444444444444444, "f1-score": 0.8292682926829269, "support": 18.0}, "sr": {"precision": 1.0, "recall": 1.0, "f1-score": 1.0, "support": 2.0}, "nb": {"precision": 0.6666666666666666, "recall": 0.5, "f1-score": 0.5714285714285715, "support": 12.0}, "re": {"precision": 0.0, "recall": 0.0, "f1-score": 0.0, "support": 0.0}, "en": {"precision": 0.5, "recall": 1.0, "f1-score": 0.6666666666666666, "support": 2.0}, "ra": {"precision": 0.0, "recall": 0.0, "f1-score": 0.0, "support": 2.0}, "dtp": {"precision": 1.0, "recall": 0.5454545454545454, "f1-score": 0.7058823529411764, "support": 11.0}, "fi": {"precision": 0.0, "recall": 0.0, "f1-score": 0.0, "support": 0.0}, "lt": {"precision": 1.0, "recall": 1.0, "f1-score": 1.0, "support": 3.0}, "rv": {"precision": 0.75, "recall": 0.2727272727272727, "f1-score": 0.39999999999999997, "support": 11.0}, "ob": {"precision": 1.0, "recall": 1.0, "f1-score": 1.0, "support": 1.0}, "rs": {"precision": 0.0, "recall": 0.0, "f1-score": 0.0, "support": 0.0}, "av": {"precision": 0.0, "recall": 0.0, "f1-score": 0.0, "support": 0.0}, "ds": {"precision": 0.2777777777777778, "recall": 1.0, "f1-score": 0.4347826086956522, "support": 5.0}, "ed": {"precision": 0.0, "recall": 0.0, "f1-score": 0.0, "support": 1.0}}}