{"f1": 0.7558106169296988, "precision": 0.7369893676552882, "recall": 0.7756183745583038, "accuracy": 0.6135371179039302, "threshold": 0.39999999999999997, "label_scores": {"MT": {"precision": 0.8780487804878049, "recall": 0.6545454545454545, "f1-score": 0.7499999999999999, "support": 110.0}, "LY": {"precision": 0.6666666666666666, "recall": 0.2857142857142857, "f1-score": 0.4, "support": 7.0}, "SP": {"precision": 1.0, "recall": 0.3076923076923077, "f1-score": 0.47058823529411764, "support": 13.0}, "ID": {"precision": 0.75, "recall": 0.391304347826087, "f1-score": 0.5142857142857143, "support": 23.0}, "NA": {"precision": 0.7665505226480837, "recall": 0.9606986899563319, "f1-score": 0.8527131782945737, "support": 229.0}, "HI": {"precision": 0.7027027027027027, "recall": 0.7878787878787878, "f1-score": 0.7428571428571429, "support": 33.0}, "IN": {"precision": 0.7604790419161677, "recall": 0.6864864864864865, "f1-score": 0.7215909090909091, "support": 185.0}, "OP": {"precision": 0.5578947368421052, "recall": 0.5760869565217391, "f1-score": 0.5668449197860962, "support": 92.0}, "IP": {"precision": 0.7446808510638298, "recall": 0.8626760563380281, "f1-score": 0.799347471451876, "support": 284.0}, "it": {"precision": 1.0, "recall": 0.5714285714285714, "f1-score": 0.7272727272727273, "support": 7.0}, "ne": {"precision": 0.7581967213114754, "recall": 0.9685863874345549, "f1-score": 0.8505747126436781, "support": 191.0}, "sr": {"precision": 0.5, "recall": 0.8571428571428571, "f1-score": 0.631578947368421, "support": 14.0}, "nb": {"precision": 0.75, "recall": 0.6521739130434783, "f1-score": 0.6976744186046512, "support": 23.0}, "re": {"precision": 0.9523809523809523, "recall": 0.9523809523809523, "f1-score": 0.9523809523809523, "support": 21.0}, "en": {"precision": 0.25, "recall": 0.5, "f1-score": 0.3333333333333333, "support": 4.0}, "ra": {"precision": 0.0, "recall": 0.0, "f1-score": 0.0, "support": 0.0}, "dtp": {"precision": 0.6, "recall": 0.5869565217391305, "f1-score": 0.5934065934065934, "support": 46.0}, "fi": {"precision": 0.0, "recall": 0.0, "f1-score": 0.0, "support": 3.0}, "lt": {"precision": 0.8181818181818182, "recall": 0.6792452830188679, "f1-score": 0.7422680412371134, "support": 53.0}, "rv": {"precision": 0.5555555555555556, "recall": 0.3225806451612903, "f1-score": 0.40816326530612246, "support": 31.0}, "ob": {"precision": 0.2222222222222222, "recall": 0.2727272727272727, "f1-score": 0.24489795918367346, "support": 22.0}, "rs": {"precision": 0.75, "recall": 0.9, "f1-score": 0.8181818181818182, "support": 10.0}, "av": {"precision": 0.6363636363636364, "recall": 0.35, "f1-score": 0.45161290322580644, "support": 20.0}, "ds": {"precision": 0.7711267605633803, "recall": 0.8975409836065574, "f1-score": 0.8295454545454545, "support": 244.0}, "ed": {"precision": 0.7777777777777778, "recall": 0.21212121212121213, "f1-score": 0.3333333333333333, "support": 33.0}}}