{"f1": 0.7294869675428446, "f1_macro": 0.6747140416096238, "precision": 0.7313004087946083, "recall": 0.7276824978012313, "accuracy": 0.529008109794136, "threshold": 0.44999999999999996, "label_scores": {"MT": {"precision": 0.0, "recall": 0.0, "f1-score": 0.0, "support": 0.0}, "LY": {"precision": 0.9464285714285714, "recall": 0.7794117647058824, "f1-score": 0.8548387096774193, "support": 68.0}, "SP": {"precision": 0.6344086021505376, "recall": 0.7972972972972973, "f1-score": 0.7065868263473054, "support": 74.0}, "ID": {"precision": 0.8918032786885246, "recall": 0.7884057971014493, "f1-score": 0.836923076923077, "support": 345.0}, "NA": {"precision": 0.8180172023540063, "recall": 0.8483568075117371, "f1-score": 0.8329108089421525, "support": 2130.0}, "HI": {"precision": 0.6421052631578947, "recall": 0.5980392156862745, "f1-score": 0.6192893401015229, "support": 204.0}, "IN": {"precision": 0.7249809014514896, "recall": 0.7311248073959938, "f1-score": 0.7280398925968546, "support": 1298.0}, "OP": {"precision": 0.6716287215411558, "recall": 0.7222222222222222, "f1-score": 0.6960072595281306, "support": 1062.0}, "IP": {"precision": 0.5621301775147929, "recall": 0.472636815920398, "f1-score": 0.5135135135135135, "support": 201.0}, "it": {"precision": 0.6388888888888888, "recall": 0.8214285714285714, "f1-score": 0.7187499999999999, "support": 56.0}, "ne": {"precision": 0.7922297297297297, "recall": 0.8072289156626506, "f1-score": 0.7996589940323957, "support": 1162.0}, "sr": {"precision": 0.8265895953757225, "recall": 0.9438943894389439, "f1-score": 0.8813559322033898, "support": 303.0}, "nb": {"precision": 0.7516778523489933, "recall": 0.5894736842105263, "f1-score": 0.6607669616519174, "support": 380.0}, "re": {"precision": 0.7, "recall": 0.9333333333333333, "f1-score": 0.8, "support": 15.0}, "en": {"precision": 0.8723404255319149, "recall": 0.7321428571428571, "f1-score": 0.7961165048543688, "support": 56.0}, "ra": {"precision": 0.7195121951219512, "recall": 0.5841584158415841, "f1-score": 0.644808743169399, "support": 101.0}, "dtp": {"precision": 0.5971563981042654, "recall": 0.4781783681214421, "f1-score": 0.5310853530031612, "support": 527.0}, "fi": {"precision": 0.46153846153846156, "recall": 0.32432432432432434, "f1-score": 0.38095238095238093, "support": 37.0}, "lt": {"precision": 0.7142857142857143, "recall": 0.5555555555555556, "f1-score": 0.6250000000000001, "support": 18.0}, "rv": {"precision": 0.62, "recall": 0.656084656084656, "f1-score": 0.6375321336760925, "support": 189.0}, "ob": {"precision": 0.5645756457564576, "recall": 0.5773584905660377, "f1-score": 0.5708955223880597, "support": 530.0}, "rs": {"precision": 0.5934065934065934, "recall": 0.7605633802816901, "f1-score": 0.6666666666666667, "support": 71.0}, "av": {"precision": 0.5584415584415584, "recall": 0.33858267716535434, "f1-score": 0.42156862745098045, "support": 127.0}, "ds": {"precision": 0.5477707006369427, "recall": 0.6515151515151515, "f1-score": 0.5951557093425606, "support": 132.0}, "ed": {"precision": 0.0, "recall": 0.0, "f1-score": 0.0, "support": 10.0}}}