{"f1": 0.708516867565215, "precision": 0.6839639456128737, "recall": 0.7348982271831911, "accuracy": 0.47612080677186747, "pr_auc": 0.7784030552657051, "threshold": 0.39999999999999997, "label_scores": {"MT": {"precision": 0.0, "recall": 0.0, "f1-score": 0.0, "support": 0.0}, "LY": {"precision": 0.9380530973451328, "recall": 0.7851851851851852, "f1-score": 0.8548387096774193, "support": 135.0}, "SP": {"precision": 0.6967213114754098, "recall": 0.5821917808219178, "f1-score": 0.6343283582089552, "support": 146.0}, "ID": {"precision": 0.8216939078751857, "recall": 0.8061224489795918, "f1-score": 0.8138337012509198, "support": 686.0}, "NA": {"precision": 0.7804370447450573, "recall": 0.8794559099437148, "f1-score": 0.8269930532583526, "support": 4264.0}, "HI": {"precision": 0.5656565656565656, "recall": 0.681265206812652, "f1-score": 0.6181015452538631, "support": 411.0}, "IN": {"precision": 0.6647707074297903, "recall": 0.7203389830508474, "f1-score": 0.6914401922721389, "support": 2596.0}, "OP": {"precision": 0.613921489275597, "recall": 0.7125410991075622, "f1-score": 0.6595652173913042, "support": 2129.0}, "IP": {"precision": 0.5011494252873563, "recall": 0.5422885572139303, "f1-score": 0.5209080047789726, "support": 402.0}, "it": {"precision": 0.6976744186046512, "recall": 0.5769230769230769, "f1-score": 0.631578947368421, "support": 104.0}, "ne": {"precision": 0.7545180722891566, "recall": 0.8495125052988555, "f1-score": 0.7992023928215354, "support": 2359.0}, "sr": {"precision": 0.8690292758089369, "recall": 0.8881889763779528, "f1-score": 0.8785046728971964, "support": 635.0}, "nb": {"precision": 0.6441893830703013, "recall": 0.6218836565096952, "f1-score": 0.6328400281888653, "support": 722.0}, "re": {"precision": 0.9333333333333333, "recall": 0.7567567567567568, "f1-score": 0.835820895522388, "support": 37.0}, "en": {"precision": 0.5815602836879432, "recall": 0.7592592592592593, "f1-score": 0.6586345381526104, "support": 108.0}, "ra": {"precision": 0.8865979381443299, "recall": 0.455026455026455, "f1-score": 0.6013986013986015, "support": 189.0}, "dtp": {"precision": 0.45605700712589076, "recall": 0.5284403669724771, "f1-score": 0.48958776030599244, "support": 1090.0}, "fi": {"precision": 0.75, "recall": 0.043478260869565216, "f1-score": 0.0821917808219178, "support": 69.0}, "lt": {"precision": 0.6756756756756757, "recall": 0.625, "f1-score": 0.6493506493506493, "support": 40.0}, "rv": {"precision": 0.6725888324873096, "recall": 0.6447688564476886, "f1-score": 0.6583850931677018, "support": 411.0}, "ob": {"precision": 0.5549626467449307, "recall": 0.49476688867745006, "f1-score": 0.5231388329979879, "support": 1051.0}, "rs": {"precision": 0.6628571428571428, "recall": 0.7388535031847133, "f1-score": 0.6987951807228916, "support": 157.0}, "av": {"precision": 0.42035398230088494, "recall": 0.4025423728813559, "f1-score": 0.41125541125541126, "support": 236.0}, "ds": {"precision": 0.5966666666666667, "recall": 0.6392857142857142, "f1-score": 0.6172413793103448, "support": 280.0}, "ed": {"precision": 0.0, "recall": 0.0, "f1-score": 0.0, "support": 19.0}}}