{"f1": 0.6357463164638052, "f1_macro": 0.4819489458527581, "precision": 0.5978601378379681, "recall": 0.6787590282337492, "accuracy": 0.3575086215905528, "threshold": 0.35, "label_scores": {"MT": {"precision": 0.0, "recall": 0.0, "f1-score": 0.0, "support": 0.0}, "LY": {"precision": 1.0, "recall": 0.05185185185185185, "f1-score": 0.09859154929577466, "support": 135.0}, "SP": {"precision": 0.3333333333333333, "recall": 0.00684931506849315, "f1-score": 0.01342281879194631, "support": 146.0}, "ID": {"precision": 0.7880690737833596, "recall": 0.7317784256559767, "f1-score": 0.7588813303099019, "support": 686.0}, "NA": {"precision": 0.6999266324284666, "recall": 0.8949343339587242, "f1-score": 0.7855084396871141, "support": 4264.0}, "HI": {"precision": 0.5450980392156862, "recall": 0.3381995133819951, "f1-score": 0.41741741741741734, "support": 411.0}, "IN": {"precision": 0.5688836104513064, "recall": 0.7380585516178737, "f1-score": 0.6425217974513749, "support": 2596.0}, "OP": {"precision": 0.5098513653646733, "recall": 0.6928135274776891, "f1-score": 0.5874153723616089, "support": 2129.0}, "IP": {"precision": 0.6857142857142857, "recall": 0.11940298507462686, "f1-score": 0.20338983050847456, "support": 402.0}, "it": {"precision": 0.0, "recall": 0.0, "f1-score": 0.0, "support": 104.0}, "ne": {"precision": 0.7227272727272728, "recall": 0.8088172954641797, "f1-score": 0.7633526705341068, "support": 2359.0}, "sr": {"precision": 0.8603174603174604, "recall": 0.8535433070866142, "f1-score": 0.856916996047431, "support": 635.0}, "nb": {"precision": 0.44573322286661143, "recall": 0.7451523545706371, "f1-score": 0.5578019699326077, "support": 722.0}, "re": {"precision": 0.0, "recall": 0.0, "f1-score": 0.0, "support": 37.0}, "en": {"precision": 0.0, "recall": 0.0, "f1-score": 0.0, "support": 108.0}, "ra": {"precision": 0.8533333333333334, "recall": 0.3386243386243386, "f1-score": 0.48484848484848475, "support": 189.0}, "dtp": {"precision": 0.3737142857142857, "recall": 0.6, "f1-score": 0.4605633802816901, "support": 1090.0}, "fi": {"precision": 0.0, "recall": 0.0, "f1-score": 0.0, "support": 69.0}, "lt": {"precision": 0.0, "recall": 0.0, "f1-score": 0.0, "support": 40.0}, "rv": {"precision": 0.7769784172661871, "recall": 0.26277372262773724, "f1-score": 0.3927272727272727, "support": 411.0}, "ob": {"precision": 0.4012137559002023, "recall": 0.566127497621313, "f1-score": 0.46961325966850825, "support": 1051.0}, "rs": {"precision": 0.7936507936507936, "recall": 0.3184713375796178, "f1-score": 0.45454545454545453, "support": 157.0}, "av": {"precision": 0.0, "recall": 0.0, "f1-score": 0.0, "support": 236.0}, "ds": {"precision": 0.6774193548387096, "recall": 0.15, "f1-score": 0.24561403508771928, "support": 280.0}, "ed": {"precision": 0.0, "recall": 0.0, "f1-score": 0.0, "support": 19.0}}}