{"f1": 0.605868769945256, "f1_macro": 0.5233813641238642, "precision": 0.576108945576553, "recall": 0.63887065003283, "accuracy": 0.3077646567039398, "threshold": 0.35, "label_scores": {"MT": {"precision": 0.0, "recall": 0.0, "f1-score": 0.0, "support": 0.0}, "LY": {"precision": 1.0, "recall": 0.3333333333333333, "f1-score": 0.5, "support": 135.0}, "SP": {"precision": 0.0, "recall": 0.0, "f1-score": 0.0, "support": 146.0}, "ID": {"precision": 0.7367576243980738, "recall": 0.6690962099125365, "f1-score": 0.7012987012987013, "support": 686.0}, "NA": {"precision": 0.7004274298457536, "recall": 0.8839118198874296, "f1-score": 0.781544841886988, "support": 4264.0}, "HI": {"precision": 0.494949494949495, "recall": 0.1192214111922141, "f1-score": 0.19215686274509802, "support": 411.0}, "IN": {"precision": 0.5184883088635128, "recall": 0.7345916795069337, "f1-score": 0.6079056423334397, "support": 2596.0}, "OP": {"precision": 0.4394415357766143, "recall": 0.5913574448097698, "f1-score": 0.5042050460552663, "support": 2129.0}, "IP": {"precision": 0.44144144144144143, "recall": 0.24378109452736318, "f1-score": 0.31410256410256404, "support": 402.0}, "it": {"precision": 0.0, "recall": 0.0, "f1-score": 0.0, "support": 104.0}, "ne": {"precision": 0.6587917651029362, "recall": 0.8274692666384061, "f1-score": 0.7335588124765127, "support": 2359.0}, "sr": {"precision": 0.8080229226361032, "recall": 0.8881889763779528, "f1-score": 0.8462115528882221, "support": 635.0}, "nb": {"precision": 0.6333878887070377, "recall": 0.53601108033241, "f1-score": 0.5806451612903226, "support": 722.0}, "re": {"precision": 0.0, "recall": 0.0, "f1-score": 0.0, "support": 37.0}, "en": {"precision": 0.0, "recall": 0.0, "f1-score": 0.0, "support": 108.0}, "ra": {"precision": 0.0, "recall": 0.0, "f1-score": 0.0, "support": 189.0}, "dtp": {"precision": 0.34832379394930496, "recall": 0.3908256880733945, "f1-score": 0.3683527885862516, "support": 1090.0}, "fi": {"precision": 0.0, "recall": 0.0, "f1-score": 0.0, "support": 69.0}, "lt": {"precision": 0.0, "recall": 0.0, "f1-score": 0.0, "support": 40.0}, "rv": {"precision": 0.611764705882353, "recall": 0.25304136253041365, "f1-score": 0.3580034423407918, "support": 411.0}, "ob": {"precision": 0.37768817204301075, "recall": 0.5347288296860133, "f1-score": 0.44269397400551397, "support": 1051.0}, "rs": {"precision": 0.0, "recall": 0.0, "f1-score": 0.0, "support": 157.0}, "av": {"precision": 0.0, "recall": 0.0, "f1-score": 0.0, "support": 236.0}, "ds": {"precision": 0.47738693467336685, "recall": 0.3392857142857143, "f1-score": 0.3966597077244259, "support": 280.0}, "ed": {"precision": 0.0, "recall": 0.0, "f1-score": 0.0, "support": 19.0}}}