{"f1": 0.6186440677966102, "precision": 0.6347826086956522, "recall": 0.6033057851239669, "accuracy": 0.5108695652173914, "threshold": 0.35, "label_scores": {"MT": {"precision": 0.3333333333333333, "recall": 1.0, "f1-score": 0.5, "support": 3.0}, "LY": {"precision": 0.0, "recall": 0.0, "f1-score": 0.0, "support": 0.0}, "SP": {"precision": 0.0, "recall": 0.0, "f1-score": 0.0, "support": 0.0}, "ID": {"precision": 0.6, "recall": 0.375, "f1-score": 0.4615384615384615, "support": 8.0}, "NA": {"precision": 0.8717948717948718, "recall": 0.8717948717948718, "f1-score": 0.8717948717948718, "support": 39.0}, "HI": {"precision": 1.0, "recall": 0.25, "f1-score": 0.4, "support": 8.0}, "IN": {"precision": 0.7272727272727273, "recall": 0.5333333333333333, "f1-score": 0.6153846153846153, "support": 30.0}, "OP": {"precision": 0.5, "recall": 0.4117647058823529, "f1-score": 0.45161290322580644, "support": 17.0}, "IP": {"precision": 0.4444444444444444, "recall": 0.5, "f1-score": 0.47058823529411764, "support": 16.0}}}