{"f1": 0.7590361445783134, "precision": 0.8181818181818182, "recall": 0.7078651685393258, "accuracy": 0.6375, "threshold": 0.39999999999999997, "label_scores": {"MT": {"precision": 0.125, "recall": 1.0, "f1-score": 0.2222222222222222, "support": 1.0}, "LY": {"precision": 1.0, "recall": 0.6666666666666666, "f1-score": 0.8, "support": 3.0}, "SP": {"precision": 0.0, "recall": 0.0, "f1-score": 0.0, "support": 0.0}, "ID": {"precision": 0.0, "recall": 0.0, "f1-score": 0.0, "support": 1.0}, "NA": {"precision": 0.9761904761904762, "recall": 0.82, "f1-score": 0.8913043478260869, "support": 100.0}, "HI": {"precision": 1.0, "recall": 0.5, "f1-score": 0.6666666666666666, "support": 2.0}, "IN": {"precision": 0.6666666666666666, "recall": 0.4166666666666667, "f1-score": 0.5128205128205129, "support": 24.0}, "OP": {"precision": 0.7714285714285715, "recall": 0.7714285714285715, "f1-score": 0.7714285714285715, "support": 35.0}, "IP": {"precision": 0.42857142857142855, "recall": 0.25, "f1-score": 0.3157894736842105, "support": 12.0}}}