{"f1": 0.6027397260273972, "f1_macro": 0.5317925633143025, "precision": 0.5689655172413793, "recall": 0.6407766990291263, "accuracy": 0.49, "threshold": 0.39999999999999997, "label_scores": {"Forum": {"precision": 1.0, "recall": 0.5, "f1-score": 0.6666666666666666, "support": 4.0}, "Information/Explanation": {"precision": 0.5454545454545454, "recall": 0.5454545454545454, "f1-score": 0.5454545454545454, "support": 22.0}, "Instruction": {"precision": 1.0, "recall": 0.2857142857142857, "f1-score": 0.4444444444444445, "support": 7.0}, "Legal": {"precision": 0.6666666666666666, "recall": 0.6666666666666666, "f1-score": 0.6666666666666666, "support": 3.0}, "News": {"precision": 0.6551724137931034, "recall": 1.0, "f1-score": 0.7916666666666666, "support": 19.0}, "Opinion/Argumentation": {"precision": 0.5, "recall": 0.5454545454545454, "f1-score": 0.5217391304347826, "support": 11.0}, "Other": {"precision": 0.1111111111111111, "recall": 1.0, "f1-score": 0.19999999999999998, "support": 1.0}, "Promotion": {"precision": 0.7692307692307693, "recall": 0.6896551724137931, "f1-score": 0.7272727272727274, "support": 29.0}, "Prose/Lyrical": {"precision": 0.18181818181818182, "recall": 0.2857142857142857, "f1-score": 0.2222222222222222, "support": 7.0}}}