{"f1": 0.7933625547902318, "f1_macro": 0.7361227445933797, "precision": 0.7889165628891657, "recall": 0.7978589420654912, "accuracy": 0.6643464810518175, "threshold": 0.44999999999999996, "label_scores": {"MT": {"precision": 0.900990099009901, "recall": 0.7844827586206896, "f1-score": 0.8387096774193549, "support": 116.0}, "LY": {"precision": 0.8181818181818182, "recall": 0.6, "f1-score": 0.6923076923076923, "support": 15.0}, "SP": {"precision": 0.6666666666666666, "recall": 0.5714285714285714, "f1-score": 0.6153846153846153, "support": 7.0}, "ID": {"precision": 0.868421052631579, "recall": 0.6470588235294118, "f1-score": 0.7415730337078651, "support": 51.0}, "NA": {"precision": 0.76, "recall": 0.9185750636132316, "f1-score": 0.8317972350230416, "support": 393.0}, "HI": {"precision": 0.8292682926829268, "recall": 0.4358974358974359, "f1-score": 0.5714285714285714, "support": 78.0}, "IN": {"precision": 0.7694444444444445, "recall": 0.8195266272189349, "f1-score": 0.7936962750716332, "support": 338.0}, "OP": {"precision": 0.6649746192893401, "recall": 0.7987804878048781, "f1-score": 0.7257617728531855, "support": 164.0}, "IP": {"precision": 0.8673740053050398, "recall": 0.7676056338028169, "f1-score": 0.8144458281444582, "support": 426.0}}}