{"f1": 0.6134185303514378, "f1_macro": 0.5094304724631556, "precision": 0.5525179856115108, "recall": 0.6894075403949731, "accuracy": 0.3722397476340694, "threshold": 0.35, "label_scores": {"MT": {"precision": 0.1, "recall": 0.2, "f1-score": 0.13333333333333333, "support": 5.0}, "LY": {"precision": 0.3333333333333333, "recall": 0.3333333333333333, "f1-score": 0.3333333333333333, "support": 3.0}, "SP": {"precision": 0.25, "recall": 1.0, "f1-score": 0.4, "support": 1.0}, "ID": {"precision": 0.75, "recall": 0.75, "f1-score": 0.75, "support": 8.0}, "NA": {"precision": 0.6744186046511628, "recall": 0.8969072164948454, "f1-score": 0.7699115044247787, "support": 97.0}, "HI": {"precision": 0.375, "recall": 0.25, "f1-score": 0.3, "support": 12.0}, "IN": {"precision": 0.5272727272727272, "recall": 0.8529411764705882, "f1-score": 0.6516853932584269, "support": 68.0}, "OP": {"precision": 0.40816326530612246, "recall": 0.5405405405405406, "f1-score": 0.46511627906976744, "support": 37.0}, "IP": {"precision": 0.8421052631578947, "recall": 0.6956521739130435, "f1-score": 0.761904761904762, "support": 115.0}, "it": {"precision": 0.0, "recall": 0.0, "f1-score": 0.0, "support": 0.0}, "ne": {"precision": 0.4634146341463415, "recall": 0.7916666666666666, "f1-score": 0.5846153846153846, "support": 24.0}, "sr": {"precision": 1.0, "recall": 1.0, "f1-score": 1.0, "support": 7.0}, "nb": {"precision": 0.23809523809523808, "recall": 0.5, "f1-score": 0.3225806451612903, "support": 10.0}, "re": {"precision": 0.0, "recall": 0.0, "f1-score": 0.0, "support": 0.0}, "en": {"precision": 0.2, "recall": 1.0, "f1-score": 0.33333333333333337, "support": 1.0}, "ra": {"precision": 0.5555555555555556, "recall": 0.8333333333333334, "f1-score": 0.6666666666666667, "support": 6.0}, "dtp": {"precision": 0.1388888888888889, "recall": 0.7142857142857143, "f1-score": 0.23255813953488372, "support": 14.0}, "fi": {"precision": 0.0, "recall": 0.0, "f1-score": 0.0, "support": 5.0}, "lt": {"precision": 0.7777777777777778, "recall": 0.4117647058823529, "f1-score": 0.5384615384615384, "support": 17.0}, "rv": {"precision": 0.3333333333333333, "recall": 0.4, "f1-score": 0.3636363636363636, "support": 15.0}, "ob": {"precision": 0.0, "recall": 0.0, "f1-score": 0.0, "support": 5.0}, "rs": {"precision": 0.0, "recall": 0.0, "f1-score": 0.0, "support": 0.0}, "av": {"precision": 0.375, "recall": 0.3333333333333333, "f1-score": 0.35294117647058826, "support": 9.0}, "ds": {"precision": 0.7804878048780488, "recall": 0.6666666666666666, "f1-score": 0.7191011235955055, "support": 96.0}, "ed": {"precision": 0.0, "recall": 0.0, "f1-score": 0.0, "support": 2.0}}}