{"f1": 0.7503929132733247, "f1_macro": 0.7034163844201791, "precision": 0.792156862745098, "recall": 0.7128121606948968, "accuracy": 0.5960018596001859, "threshold": 0.49999999999999994, "label_scores": {"MT": {"precision": 0.9695817490494296, "recall": 0.9239130434782609, "f1-score": 0.9461966604823747, "support": 276.0}, "LY": {"precision": 0.6666666666666666, "recall": 0.4, "f1-score": 0.5, "support": 5.0}, "SP": {"precision": 0.6521739130434783, "recall": 0.8333333333333334, "f1-score": 0.7317073170731708, "support": 18.0}, "ID": {"precision": 0.9053254437869822, "recall": 0.6623376623376623, "f1-score": 0.7649999999999999, "support": 231.0}, "NA": {"precision": 0.8012121212121213, "recall": 0.876657824933687, "f1-score": 0.8372387587080432, "support": 754.0}, "HI": {"precision": 0.9215686274509803, "recall": 0.4017094017094017, "f1-score": 0.5595238095238095, "support": 117.0}, "IN": {"precision": 0.6918429003021148, "recall": 0.6325966850828729, "f1-score": 0.6608946608946609, "support": 362.0}, "OP": {"precision": 0.8023715415019763, "recall": 0.7147887323943662, "f1-score": 0.756052141527002, "support": 284.0}, "IP": {"precision": 0.8614457831325302, "recall": 0.5674603174603174, "f1-score": 0.6842105263157895, "support": 252.0}, "it": {"precision": 0.7692307692307693, "recall": 0.7692307692307693, "f1-score": 0.7692307692307693, "support": 13.0}, "ne": {"precision": 0.6344827586206897, "recall": 0.8177777777777778, "f1-score": 0.7145631067961166, "support": 225.0}, "sr": {"precision": 0.9041095890410958, "recall": 0.9295774647887324, "f1-score": 0.9166666666666666, "support": 71.0}, "nb": {"precision": 0.9406392694063926, "recall": 0.6186186186186187, "f1-score": 0.7463768115942029, "support": 333.0}, "re": {"precision": 0.7777777777777778, "recall": 0.875, "f1-score": 0.823529411764706, "support": 8.0}, "en": {"precision": 0.7, "recall": 0.6222222222222222, "f1-score": 0.6588235294117647, "support": 45.0}, "ra": {"precision": 0.6666666666666666, "recall": 0.42857142857142855, "f1-score": 0.5217391304347826, "support": 14.0}, "dtp": {"precision": 0.4484536082474227, "recall": 0.6397058823529411, "f1-score": 0.5272727272727272, "support": 136.0}, "fi": {"precision": 0.0, "recall": 0.0, "f1-score": 0.0, "support": 4.0}, "lt": {"precision": 0.7222222222222222, "recall": 0.5, "f1-score": 0.5909090909090908, "support": 26.0}, "rv": {"precision": 0.8571428571428571, "recall": 0.8256880733944955, "f1-score": 0.8411214953271028, "support": 109.0}, "ob": {"precision": 0.5806451612903226, "recall": 0.2647058823529412, "f1-score": 0.36363636363636365, "support": 68.0}, "rs": {"precision": 0.9027777777777778, "recall": 0.7386363636363636, "f1-score": 0.8125, "support": 88.0}, "av": {"precision": 0.0, "recall": 0.0, "f1-score": 0.0, "support": 12.0}, "ds": {"precision": 0.8789808917197452, "recall": 0.6509433962264151, "f1-score": 0.7479674796747967, "support": 212.0}, "ed": {"precision": 0.0, "recall": 0.0, "f1-score": 0.0, "support": 21.0}}}