{"f1": 0.6062261059530312, "f1_macro": 0.47362190356857997, "precision": 0.6860321384425216, "recall": 0.5430528375733855, "accuracy": 0.35497470489038785, "threshold": 0.3, "label_scores": {"MT": {"precision": 0.18248175182481752, "recall": 0.8620689655172413, "f1-score": 0.30120481927710846, "support": 29.0}, "LY": {"precision": 0.6666666666666666, "recall": 0.6666666666666666, "f1-score": 0.6666666666666666, "support": 12.0}, "SP": {"precision": 0.375, "recall": 0.057692307692307696, "f1-score": 0.09999999999999999, "support": 104.0}, "ID": {"precision": 0.3076923076923077, "recall": 0.09090909090909091, "f1-score": 0.14035087719298245, "support": 44.0}, "NA": {"precision": 0.8045774647887324, "recall": 0.7892918825561313, "f1-score": 0.7968613775065387, "support": 579.0}, "HI": {"precision": 0.691358024691358, "recall": 0.4409448818897638, "f1-score": 0.5384615384615384, "support": 127.0}, "IN": {"precision": 0.7481203007518797, "recall": 0.3671586715867159, "f1-score": 0.49257425742574257, "support": 542.0}, "OP": {"precision": 0.6476683937823834, "recall": 0.42662116040955633, "f1-score": 0.51440329218107, "support": 293.0}, "IP": {"precision": 0.6927710843373494, "recall": 0.732484076433121, "f1-score": 0.7120743034055728, "support": 314.0}}}