{"f1": 0.6745406824146981, "precision": 0.6177884615384616, "recall": 0.7427745664739884, "accuracy": 0.5078864353312302, "threshold": 0.35, "label_scores": {"MT": {"precision": 0.1, "recall": 0.2, "f1-score": 0.13333333333333333, "support": 5.0}, "LY": {"precision": 0.3333333333333333, "recall": 0.3333333333333333, "f1-score": 0.3333333333333333, "support": 3.0}, "SP": {"precision": 0.25, "recall": 1.0, "f1-score": 0.4, "support": 1.0}, "ID": {"precision": 0.75, "recall": 0.75, "f1-score": 0.75, "support": 8.0}, "NA": {"precision": 0.6744186046511628, "recall": 0.8969072164948454, "f1-score": 0.7699115044247787, "support": 97.0}, "HI": {"precision": 0.375, "recall": 0.25, "f1-score": 0.3, "support": 12.0}, "IN": {"precision": 0.5272727272727272, "recall": 0.8529411764705882, "f1-score": 0.6516853932584269, "support": 68.0}, "OP": {"precision": 0.40816326530612246, "recall": 0.5405405405405406, "f1-score": 0.46511627906976744, "support": 37.0}, "IP": {"precision": 0.8421052631578947, "recall": 0.6956521739130435, "f1-score": 0.761904761904762, "support": 115.0}}}