{"f1": 0.5750000000000001, "f1_macro": 0.5322884631708161, "precision": 0.5073529411764706, "recall": 0.6634615384615384, "accuracy": 0.42, "threshold": 0.35, "label_scores": {"Forum": {"precision": 0.5714285714285714, "recall": 1.0, "f1-score": 0.7272727272727273, "support": 4.0}, "Information/Explanation": {"precision": 0.3793103448275862, "recall": 0.8461538461538461, "f1-score": 0.5238095238095238, "support": 13.0}, "Instruction": {"precision": 0.5, "recall": 0.2, "f1-score": 0.28571428571428575, "support": 10.0}, "Legal": {"precision": 0.6666666666666666, "recall": 1.0, "f1-score": 0.8, "support": 2.0}, "News": {"precision": 0.16666666666666666, "recall": 0.3333333333333333, "f1-score": 0.2222222222222222, "support": 3.0}, "Opinion/Argumentation": {"precision": 0.7419354838709677, "recall": 0.6764705882352942, "f1-score": 0.7076923076923077, "support": 34.0}, "Other": {"precision": 0.2222222222222222, "recall": 0.4, "f1-score": 0.2857142857142857, "support": 5.0}, "Promotion": {"precision": 0.6857142857142857, "recall": 0.7272727272727273, "f1-score": 0.7058823529411764, "support": 33.0}, "Prose/Lyrical": {"precision": 0.0, "recall": 0.0, "f1-score": 0.0, "support": 0.0}}}