{"f1": 0.5974873551966063, "precision": 0.6525302922309337, "recall": 0.5510081251880831, "accuracy": 0.27318718381112983, "pr_auc": 0.6151142920628141, "threshold": 0.3, "label_scores": {"MT": {"precision": 0.18248175182481752, "recall": 0.8620689655172413, "f1-score": 0.30120481927710846, "support": 29.0}, "LY": {"precision": 0.6666666666666666, "recall": 0.6666666666666666, "f1-score": 0.6666666666666666, "support": 12.0}, "SP": {"precision": 0.375, "recall": 0.057692307692307696, "f1-score": 0.09999999999999999, "support": 104.0}, "ID": {"precision": 0.3076923076923077, "recall": 0.09090909090909091, "f1-score": 0.14035087719298245, "support": 44.0}, "NA": {"precision": 0.8045774647887324, "recall": 0.7892918825561313, "f1-score": 0.7968613775065387, "support": 579.0}, "HI": {"precision": 0.691358024691358, "recall": 0.4409448818897638, "f1-score": 0.5384615384615384, "support": 127.0}, "IN": {"precision": 0.7481203007518797, "recall": 0.3671586715867159, "f1-score": 0.49257425742574257, "support": 542.0}, "OP": {"precision": 0.6476683937823834, "recall": 0.42662116040955633, "f1-score": 0.51440329218107, "support": 293.0}, "IP": {"precision": 0.6927710843373494, "recall": 0.732484076433121, "f1-score": 0.7120743034055728, "support": 314.0}, "it": {"precision": 0.0, "recall": 0.0, "f1-score": 0.0, "support": 13.0}, "ne": {"precision": 0.8277945619335347, "recall": 0.9256756756756757, "f1-score": 0.8740031897926634, "support": 296.0}, "sr": {"precision": 0.8113207547169812, "recall": 0.9347826086956522, "f1-score": 0.8686868686868686, "support": 46.0}, "nb": {"precision": 0.6785714285714286, "recall": 0.25165562913907286, "f1-score": 0.3671497584541063, "support": 151.0}, "re": {"precision": 0.9166666666666666, "recall": 0.6875, "f1-score": 0.7857142857142857, "support": 16.0}, "en": {"precision": 0.37037037037037035, "recall": 0.5263157894736842, "f1-score": 0.43478260869565216, "support": 19.0}, "ra": {"precision": 0.7142857142857143, "recall": 0.35714285714285715, "f1-score": 0.4761904761904762, "support": 14.0}, "dtp": {"precision": 0.3170731707317073, "recall": 0.3385416666666667, "f1-score": 0.327455919395466, "support": 192.0}, "fi": {"precision": 1.0, "recall": 0.5, "f1-score": 0.6666666666666666, "support": 2.0}, "lt": {"precision": 0.21428571428571427, "recall": 0.23076923076923078, "f1-score": 0.22222222222222224, "support": 13.0}, "rv": {"precision": 0.7352941176470589, "recall": 0.38461538461538464, "f1-score": 0.5050505050505051, "support": 65.0}, "ob": {"precision": 0.4782608695652174, "recall": 0.0990990990990991, "f1-score": 0.16417910447761194, "support": 111.0}, "rs": {"precision": 0.7741935483870968, "recall": 0.6857142857142857, "f1-score": 0.7272727272727272, "support": 35.0}, "av": {"precision": 0.37681159420289856, "recall": 0.40625, "f1-score": 0.3909774436090226, "support": 64.0}, "ds": {"precision": 0.5727554179566563, "recall": 0.8043478260869565, "f1-score": 0.6690777576853526, "support": 230.0}, "ed": {"precision": 0.0, "recall": 0.0, "f1-score": 0.0, "support": 12.0}}}