{"f1": 0.669811320754717, "precision": 0.6513761467889908, "recall": 0.6893203883495146, "accuracy": 0.56, "threshold": 0.44999999999999996, "label_scores": {"MT": {"precision": 0.125, "recall": 1.0, "f1-score": 0.2222222222222222, "support": 1.0}, "LY": {"precision": 0.0, "recall": 0.0, "f1-score": 0.0, "support": 0.0}, "SP": {"precision": 0.0, "recall": 0.0, "f1-score": 0.0, "support": 0.0}, "ID": {"precision": 1.0, "recall": 0.5, "f1-score": 0.6666666666666666, "support": 4.0}, "NA": {"precision": 0.7142857142857143, "recall": 0.9375, "f1-score": 0.8108108108108109, "support": 32.0}, "HI": {"precision": 1.0, "recall": 0.2857142857142857, "f1-score": 0.4444444444444445, "support": 7.0}, "IN": {"precision": 0.625, "recall": 0.6, "f1-score": 0.6122448979591836, "support": 25.0}, "OP": {"precision": 0.3333333333333333, "recall": 0.4, "f1-score": 0.3636363636363636, "support": 5.0}, "IP": {"precision": 0.76, "recall": 0.6551724137931034, "f1-score": 0.7037037037037037, "support": 29.0}}}