{"f1": 0.7315240083507307, "precision": 0.7339757017176372, "recall": 0.7290886392009988, "accuracy": 0.523771152296535, "pr_auc": 0.8112175018320426, "threshold": 0.44999999999999996, "label_scores": {"MT": {"precision": 0.8653846153846154, "recall": 0.703125, "f1-score": 0.7758620689655172, "support": 64.0}, "LY": {"precision": 1.0, "recall": 0.8461538461538461, "f1-score": 0.9166666666666666, "support": 13.0}, "SP": {"precision": 0.6666666666666666, "recall": 0.6666666666666666, "f1-score": 0.6666666666666666, "support": 15.0}, "ID": {"precision": 0.9504950495049505, "recall": 0.8, "f1-score": 0.8687782805429864, "support": 120.0}, "NA": {"precision": 0.6806930693069307, "recall": 0.8461538461538461, "f1-score": 0.7544581618655692, "support": 325.0}, "HI": {"precision": 0.9459459459459459, "recall": 0.4861111111111111, "f1-score": 0.6422018348623854, "support": 72.0}, "IN": {"precision": 0.7313019390581718, "recall": 0.825, "f1-score": 0.7753303964757708, "support": 320.0}, "OP": {"precision": 0.6, "recall": 0.68, "f1-score": 0.6375000000000001, "support": 150.0}, "IP": {"precision": 0.9134948096885813, "recall": 0.6786632390745502, "f1-score": 0.7787610619469026, "support": 389.0}, "it": {"precision": 0.8333333333333334, "recall": 0.625, "f1-score": 0.7142857142857143, "support": 8.0}, "ne": {"precision": 0.6818181818181818, "recall": 0.8467741935483871, "f1-score": 0.7553956834532374, "support": 124.0}, "sr": {"precision": 0.8518518518518519, "recall": 1.0, "f1-score": 0.92, "support": 23.0}, "nb": {"precision": 0.7922077922077922, "recall": 0.4765625, "f1-score": 0.5951219512195123, "support": 128.0}, "re": {"precision": 1.0, "recall": 0.6666666666666666, "f1-score": 0.8, "support": 21.0}, "en": {"precision": 0.8333333333333334, "recall": 0.7352941176470589, "f1-score": 0.78125, "support": 34.0}, "ra": {"precision": 0.5555555555555556, "recall": 0.5, "f1-score": 0.5263157894736842, "support": 10.0}, "dtp": {"precision": 0.48672566371681414, "recall": 0.738255033557047, "f1-score": 0.5866666666666666, "support": 149.0}, "fi": {"precision": 1.0, "recall": 0.8333333333333334, "f1-score": 0.9090909090909091, "support": 6.0}, "lt": {"precision": 0.8518518518518519, "recall": 0.6052631578947368, "f1-score": 0.7076923076923076, "support": 38.0}, "rv": {"precision": 0.7910447761194029, "recall": 0.6973684210526315, "f1-score": 0.7412587412587412, "support": 76.0}, "ob": {"precision": 0.5333333333333333, "recall": 0.5925925925925926, "f1-score": 0.5614035087719299, "support": 27.0}, "rs": {"precision": 0.6666666666666666, "recall": 0.5714285714285714, "f1-score": 0.6153846153846153, "support": 7.0}, "av": {"precision": 0.45454545454545453, "recall": 0.35714285714285715, "f1-score": 0.4, "support": 28.0}, "ds": {"precision": 0.7732793522267206, "recall": 0.7764227642276422, "f1-score": 0.7748478701825557, "support": 246.0}, "ed": {"precision": 0.0, "recall": 0.0, "f1-score": 0.0, "support": 10.0}}}