{"f1": 0.7257617728531857, "precision": 0.6968085106382979, "recall": 0.7572254335260116, "accuracy": 0.625, "threshold": 0.35, "label_scores": {"MT": {"precision": 0.25, "recall": 0.8, "f1-score": 0.38095238095238093, "support": 5.0}, "LY": {"precision": 0.8461538461538461, "recall": 0.9166666666666666, "f1-score": 0.8799999999999999, "support": 12.0}, "SP": {"precision": 0.0, "recall": 0.0, "f1-score": 0.0, "support": 2.0}, "ID": {"precision": 0.0, "recall": 0.0, "f1-score": 0.0, "support": 1.0}, "NA": {"precision": 0.8765432098765432, "recall": 0.8352941176470589, "f1-score": 0.8554216867469879, "support": 85.0}, "HI": {"precision": 1.0, "recall": 0.3333333333333333, "f1-score": 0.5, "support": 9.0}, "IN": {"precision": 0.7435897435897436, "recall": 0.8529411764705882, "f1-score": 0.7945205479452054, "support": 34.0}, "OP": {"precision": 0.375, "recall": 0.8181818181818182, "f1-score": 0.5142857142857142, "support": 11.0}, "IP": {"precision": 0.5, "recall": 0.2857142857142857, "f1-score": 0.36363636363636365, "support": 14.0}}}