{"f1": 0.7272727272727273, "f1_macro": 0.6776161777813792, "precision": 0.7894736842105263, "recall": 0.6741573033707865, "accuracy": 0.5441176470588235, "threshold": 0.39999999999999997, "label_scores": {"Forum": {"precision": 0.0, "recall": 0.0, "f1-score": 0.0, "support": 0.0}, "Information/Explanation": {"precision": 0.8, "recall": 0.5333333333333333, "f1-score": 0.64, "support": 15.0}, "Instruction": {"precision": 1.0, "recall": 0.5, "f1-score": 0.6666666666666666, "support": 6.0}, "Legal": {"precision": 1.0, "recall": 1.0, "f1-score": 1.0, "support": 1.0}, "News": {"precision": 0.8695652173913043, "recall": 1.0, "f1-score": 0.9302325581395349, "support": 20.0}, "Opinion/Argumentation": {"precision": 0.8888888888888888, "recall": 0.38095238095238093, "f1-score": 0.5333333333333333, "support": 21.0}, "Other": {"precision": 0.2, "recall": 0.3333333333333333, "f1-score": 0.25, "support": 3.0}, "Promotion": {"precision": 0.8095238095238095, "recall": 0.85, "f1-score": 0.8292682926829269, "support": 20.0}, "Prose/Lyrical": {"precision": 0.5, "recall": 0.6666666666666666, "f1-score": 0.5714285714285715, "support": 3.0}}}