{"f1": 0.5868725868725868, "f1_macro": 0.5044100252136706, "precision": 0.5, "recall": 0.7102803738317757, "accuracy": 0.38, "threshold": 0.3, "label_scores": {"MT": {"precision": 0.14285714285714285, "recall": 0.25, "f1-score": 0.18181818181818182, "support": 4.0}, "LY": {"precision": 0.0, "recall": 0.0, "f1-score": 0.0, "support": 0.0}, "SP": {"precision": 0.5, "recall": 1.0, "f1-score": 0.6666666666666666, "support": 1.0}, "ID": {"precision": 0.5714285714285714, "recall": 1.0, "f1-score": 0.7272727272727273, "support": 4.0}, "NA": {"precision": 0.7714285714285715, "recall": 0.75, "f1-score": 0.7605633802816902, "support": 36.0}, "HI": {"precision": 0.5, "recall": 0.2, "f1-score": 0.28571428571428575, "support": 10.0}, "IN": {"precision": 0.3888888888888889, "recall": 0.9333333333333333, "f1-score": 0.5490196078431373, "support": 15.0}, "OP": {"precision": 0.09523809523809523, "recall": 0.5, "f1-score": 0.16, "support": 4.0}, "IP": {"precision": 0.6578947368421053, "recall": 0.7575757575757576, "f1-score": 0.704225352112676, "support": 33.0}}}