{"f1": 0.6624203821656051, "precision": 0.65, "recall": 0.6753246753246753, "accuracy": 0.5263157894736842, "pr_auc": 0.7284499172123119, "threshold": 0.39999999999999997, "label_scores": {"": {"precision": 0.0, "recall": 0.0, "f1-score": 0.0, "support": 0.0}, "Forum": {"precision": 1.0, "recall": 0.5, "f1-score": 0.6666666666666666, "support": 4.0}, "Information/Explanation": {"precision": 0.7241379310344828, "recall": 0.525, "f1-score": 0.6086956521739131, "support": 40.0}, "Instruction": {"precision": 0.875, "recall": 0.875, "f1-score": 0.875, "support": 16.0}, "Legal": {"precision": 0.25, "recall": 1.0, "f1-score": 0.4, "support": 1.0}, "News": {"precision": 1.0, "recall": 0.6875, "f1-score": 0.8148148148148148, "support": 16.0}, "Opinion/Argumentation": {"precision": 0.5789473684210527, "recall": 0.5238095238095238, "f1-score": 0.5500000000000002, "support": 21.0}, "Other": {"precision": 0.7777777777777778, "recall": 0.8235294117647058, "f1-score": 0.7999999999999999, "support": 17.0}, "Promotion": {"precision": 0.5454545454545454, "recall": 0.8823529411764706, "f1-score": 0.6741573033707865, "support": 34.0}, "Prose/Lyrical": {"precision": 0.0, "recall": 0.0, "f1-score": 0.0, "support": 5.0}}}