{"f1": 0.7870020031159581, "precision": 0.8040018190086403, "recall": 0.7707061900610288, "accuracy": 0.7247791724779172, "pr_auc": 0.86452785452188, "threshold": 0.49999999999999994, "label_scores": {"": {"precision": 0.0, "recall": 0.0, "f1-score": 0.0, "support": 0.0}, "Forum": {"precision": 0.9310344827586207, "recall": 0.7012987012987013, "f1-score": 0.8, "support": 231.0}, "Information/Explanation": {"precision": 0.7364620938628159, "recall": 0.6126126126126126, "f1-score": 0.6688524590163935, "support": 333.0}, "Instruction": {"precision": 0.7766990291262136, "recall": 0.6611570247933884, "f1-score": 0.7142857142857143, "support": 121.0}, "Legal": {"precision": 0.6086956521739131, "recall": 0.5384615384615384, "f1-score": 0.5714285714285715, "support": 26.0}, "News": {"precision": 0.6992084432717678, "recall": 0.8952702702702703, "f1-score": 0.7851851851851852, "support": 296.0}, "Opinion/Argumentation": {"precision": 0.8747300215982722, "recall": 0.7444852941176471, "f1-score": 0.804369414101291, "support": 544.0}, "Other": {"precision": 0.9657534246575342, "recall": 0.9591836734693877, "f1-score": 0.962457337883959, "support": 294.0}, "Promotion": {"precision": 0.73992673992674, "recall": 0.8744588744588745, "f1-score": 0.8015873015873017, "support": 231.0}, "Prose/Lyrical": {"precision": 0.7162790697674418, "recall": 0.7064220183486238, "f1-score": 0.7113163972286374, "support": 218.0}}}