{"f1": 0.8184263618022866, "precision": 0.8711524695776665, "recall": 0.771718452758402, "accuracy": 0.7130703789636504, "pr_auc": 0.8895139692132996, "threshold": 0.5499999999999999, "label_scores": {"": {"precision": 0.0, "recall": 0.0, "f1-score": 0.0, "support": 0.0}, "Forum": {"precision": 0.8888888888888888, "recall": 0.6274509803921569, "f1-score": 0.735632183908046, "support": 51.0}, "Information/Explanation": {"precision": 0.8502024291497976, "recall": 0.7749077490774908, "f1-score": 0.810810810810811, "support": 271.0}, "Instruction": {"precision": 0.7931034482758621, "recall": 0.6448598130841121, "f1-score": 0.7113402061855669, "support": 107.0}, "Legal": {"precision": 0.7441860465116279, "recall": 0.8421052631578947, "f1-score": 0.7901234567901234, "support": 38.0}, "News": {"precision": 0.8736842105263158, "recall": 0.7614678899082569, "f1-score": 0.8137254901960783, "support": 109.0}, "Opinion/Argumentation": {"precision": 0.9216867469879518, "recall": 0.7766497461928934, "f1-score": 0.8429752066115702, "support": 394.0}, "Other": {"precision": 0.9272727272727272, "recall": 0.8292682926829268, "f1-score": 0.8755364806866953, "support": 123.0}, "Promotion": {"precision": 0.8713592233009708, "recall": 0.8609112709832134, "f1-score": 0.8661037394451145, "support": 417.0}, "Prose/Lyrical": {"precision": 0.6857142857142857, "recall": 0.3582089552238806, "f1-score": 0.47058823529411764, "support": 67.0}}}