{"f1": 0.6475409836065573, "precision": 0.5642857142857143, "recall": 0.7596153846153846, "accuracy": 0.51, "pr_auc": 0.7102563894690633, "threshold": 0.35, "label_scores": {"": {"precision": 0.0, "recall": 0.0, "f1-score": 0.0, "support": 0.0}, "Forum": {"precision": 0.5, "recall": 1.0, "f1-score": 0.6666666666666666, "support": 4.0}, "Information/Explanation": {"precision": 0.35135135135135137, "recall": 1.0, "f1-score": 0.52, "support": 13.0}, "Instruction": {"precision": 0.5, "recall": 0.4, "f1-score": 0.4444444444444445, "support": 10.0}, "Legal": {"precision": 0.5, "recall": 1.0, "f1-score": 0.6666666666666666, "support": 2.0}, "News": {"precision": 0.0, "recall": 0.0, "f1-score": 0.0, "support": 3.0}, "Opinion/Argumentation": {"precision": 0.8461538461538461, "recall": 0.6470588235294118, "f1-score": 0.7333333333333334, "support": 34.0}, "Other": {"precision": 0.75, "recall": 0.6, "f1-score": 0.6666666666666665, "support": 5.0}, "Promotion": {"precision": 0.6458333333333334, "recall": 0.9393939393939394, "f1-score": 0.7654320987654321, "support": 33.0}, "Prose/Lyrical": {"precision": 0.0, "recall": 0.0, "f1-score": 0.0, "support": 0.0}}}