{"f1": 0.6637931034482759, "precision": 0.5968992248062015, "recall": 0.7475728155339806, "accuracy": 0.54, "pr_auc": 0.705488975720246, "threshold": 0.35, "label_scores": {"": {"precision": 0.0, "recall": 0.0, "f1-score": 0.0, "support": 0.0}, "Forum": {"precision": 0.6666666666666666, "recall": 0.5, "f1-score": 0.5714285714285715, "support": 4.0}, "Information/Explanation": {"precision": 0.5714285714285714, "recall": 0.7272727272727273, "f1-score": 0.64, "support": 22.0}, "Instruction": {"precision": 1.0, "recall": 0.2857142857142857, "f1-score": 0.4444444444444445, "support": 7.0}, "Legal": {"precision": 0.5, "recall": 0.6666666666666666, "f1-score": 0.5714285714285715, "support": 3.0}, "News": {"precision": 0.6785714285714286, "recall": 1.0, "f1-score": 0.8085106382978724, "support": 19.0}, "Opinion/Argumentation": {"precision": 0.45454545454545453, "recall": 0.45454545454545453, "f1-score": 0.45454545454545453, "support": 11.0}, "Other": {"precision": 0.16666666666666666, "recall": 1.0, "f1-score": 0.2857142857142857, "support": 1.0}, "Promotion": {"precision": 0.6341463414634146, "recall": 0.896551724137931, "f1-score": 0.7428571428571429, "support": 29.0}, "Prose/Lyrical": {"precision": 0.6666666666666666, "recall": 0.5714285714285714, "f1-score": 0.6153846153846153, "support": 7.0}}}