{"f1": 0.7736185383244206, "f1_macro": 0.6483703461293886, "precision": 0.7805755395683454, "recall": 0.7667844522968198, "accuracy": 0.638646288209607, "threshold": 0.44999999999999996, "label_scores": {"MT": {"precision": 0.8735632183908046, "recall": 0.6909090909090909, "f1-score": 0.7715736040609137, "support": 110.0}, "LY": {"precision": 0.75, "recall": 0.42857142857142855, "f1-score": 0.5454545454545454, "support": 7.0}, "SP": {"precision": 0.7, "recall": 0.5384615384615384, "f1-score": 0.608695652173913, "support": 13.0}, "ID": {"precision": 0.6666666666666666, "recall": 0.2608695652173913, "f1-score": 0.37500000000000006, "support": 23.0}, "NA": {"precision": 0.8559670781893004, "recall": 0.9082969432314411, "f1-score": 0.8813559322033898, "support": 229.0}, "HI": {"precision": 0.6585365853658537, "recall": 0.8181818181818182, "f1-score": 0.7297297297297297, "support": 33.0}, "IN": {"precision": 0.7318435754189944, "recall": 0.7081081081081081, "f1-score": 0.7197802197802197, "support": 185.0}, "OP": {"precision": 0.6805555555555556, "recall": 0.532608695652174, "f1-score": 0.5975609756097561, "support": 92.0}, "IP": {"precision": 0.7763975155279503, "recall": 0.8802816901408451, "f1-score": 0.8250825082508252, "support": 284.0}, "it": {"precision": 1.0, "recall": 0.8571428571428571, "f1-score": 0.923076923076923, "support": 7.0}, "ne": {"precision": 0.84688995215311, "recall": 0.9267015706806283, "f1-score": 0.8850000000000001, "support": 191.0}, "sr": {"precision": 0.6923076923076923, "recall": 0.6428571428571429, "f1-score": 0.6666666666666666, "support": 14.0}, "nb": {"precision": 0.75, "recall": 0.5217391304347826, "f1-score": 0.6153846153846153, "support": 23.0}, "re": {"precision": 1.0, "recall": 0.9523809523809523, "f1-score": 0.975609756097561, "support": 21.0}, "en": {"precision": 0.2, "recall": 0.5, "f1-score": 0.28571428571428575, "support": 4.0}, "ra": {"precision": 0.0, "recall": 0.0, "f1-score": 0.0, "support": 0.0}, "dtp": {"precision": 0.6046511627906976, "recall": 0.5652173913043478, "f1-score": 0.5842696629213482, "support": 46.0}, "fi": {"precision": 0.5, "recall": 0.3333333333333333, "f1-score": 0.4, "support": 3.0}, "lt": {"precision": 0.8409090909090909, "recall": 0.6981132075471698, "f1-score": 0.7628865979381443, "support": 53.0}, "rv": {"precision": 0.5294117647058824, "recall": 0.2903225806451613, "f1-score": 0.375, "support": 31.0}, "ob": {"precision": 0.3333333333333333, "recall": 0.13636363636363635, "f1-score": 0.1935483870967742, "support": 22.0}, "rs": {"precision": 0.9, "recall": 0.9, "f1-score": 0.9, "support": 10.0}, "av": {"precision": 0.6923076923076923, "recall": 0.45, "f1-score": 0.5454545454545455, "support": 20.0}, "ds": {"precision": 0.7777777777777778, "recall": 0.860655737704918, "f1-score": 0.8171206225680934, "support": 244.0}, "ed": {"precision": 0.7894736842105263, "recall": 0.45454545454545453, "f1-score": 0.5769230769230769, "support": 33.0}}}