{"f1": 0.6168071797661137, "precision": 0.6944274341702388, "recall": 0.5547945205479452, "accuracy": 0.37352445193929174, "threshold": 0.3, "label_scores": {"MT": {"precision": 0.21428571428571427, "recall": 0.7241379310344828, "f1-score": 0.33070866141732286, "support": 29.0}, "LY": {"precision": 1.0, "recall": 0.8333333333333334, "f1-score": 0.9090909090909091, "support": 12.0}, "SP": {"precision": 0.0, "recall": 0.0, "f1-score": 0.0, "support": 104.0}, "ID": {"precision": 0.5384615384615384, "recall": 0.1590909090909091, "f1-score": 0.2456140350877193, "support": 44.0}, "NA": {"precision": 0.8670756646216768, "recall": 0.7322970639032815, "f1-score": 0.7940074906367042, "support": 579.0}, "HI": {"precision": 0.5576923076923077, "recall": 0.6850393700787402, "f1-score": 0.6148409893992933, "support": 127.0}, "IN": {"precision": 0.6848484848484848, "recall": 0.41697416974169743, "f1-score": 0.518348623853211, "support": 542.0}, "OP": {"precision": 0.6095238095238096, "recall": 0.43686006825938567, "f1-score": 0.5089463220675944, "support": 293.0}, "IP": {"precision": 0.7064220183486238, "recall": 0.7356687898089171, "f1-score": 0.7207488299531981, "support": 314.0}}}