{"f1": 0.6206896551724138, "precision": 0.6486486486486487, "recall": 0.5950413223140496, "accuracy": 0.5, "threshold": 0.35, "label_scores": {"Forum": {"precision": 1.0, "recall": 0.5, "f1-score": 0.6666666666666666, "support": 8.0}, "Information/Explanation": {"precision": 0.7, "recall": 0.5384615384615384, "f1-score": 0.608695652173913, "support": 26.0}, "Instruction": {"precision": 0.6, "recall": 0.3, "f1-score": 0.4, "support": 10.0}, "Legal": {"precision": 0.4, "recall": 1.0, "f1-score": 0.5714285714285715, "support": 2.0}, "News": {"precision": 0.8823529411764706, "recall": 0.9375, "f1-score": 0.9090909090909091, "support": 32.0}, "Opinion/Argumentation": {"precision": 0.5, "recall": 0.29411764705882354, "f1-score": 0.37037037037037035, "support": 17.0}, "Other": {"precision": 0.25, "recall": 0.6666666666666666, "f1-score": 0.36363636363636365, "support": 3.0}, "Promotion": {"precision": 0.3888888888888889, "recall": 0.5384615384615384, "f1-score": 0.45161290322580644, "support": 13.0}, "Prose/Lyrical": {"precision": 0.7142857142857143, "recall": 0.5, "f1-score": 0.588235294117647, "support": 10.0}}}