{"f1": 0.7720364741641337, "f1_macro": 0.6378572900631724, "precision": 0.8141025641025641, "recall": 0.7341040462427746, "accuracy": 0.7125, "threshold": 0.49999999999999994, "label_scores": {"Forum": {"precision": 0.0, "recall": 0.0, "f1-score": 0.0, "support": 1.0}, "Information/Explanation": {"precision": 0.7428571428571429, "recall": 0.7878787878787878, "f1-score": 0.7647058823529412, "support": 33.0}, "Instruction": {"precision": 1.0, "recall": 0.3333333333333333, "f1-score": 0.5, "support": 9.0}, "Legal": {"precision": 1.0, "recall": 1.0, "f1-score": 1.0, "support": 1.0}, "News": {"precision": 0.9210526315789473, "recall": 0.9722222222222222, "f1-score": 0.9459459459459458, "support": 72.0}, "Opinion/Argumentation": {"precision": 0.7272727272727273, "recall": 0.5, "f1-score": 0.5925925925925926, "support": 16.0}, "Other": {"precision": 0.3076923076923077, "recall": 0.5714285714285714, "f1-score": 0.4, "support": 7.0}, "Promotion": {"precision": 0.5, "recall": 0.08333333333333333, "f1-score": 0.14285714285714285, "support": 12.0}, "Prose/Lyrical": {"precision": 0.9333333333333333, "recall": 0.6363636363636364, "f1-score": 0.7567567567567568, "support": 22.0}}}