{"f1": 0.6605504587155963, "f1_macro": 0.6494982797130631, "precision": 0.6486486486486487, "recall": 0.6728971962616822, "accuracy": 0.56, "threshold": 0.44999999999999996, "label_scores": {"MT": {"precision": 1.0, "recall": 0.5, "f1-score": 0.6666666666666666, "support": 4.0}, "LY": {"precision": 0.0, "recall": 0.0, "f1-score": 0.0, "support": 0.0}, "SP": {"precision": 1.0, "recall": 1.0, "f1-score": 1.0, "support": 1.0}, "ID": {"precision": 0.6666666666666666, "recall": 1.0, "f1-score": 0.8, "support": 4.0}, "NA": {"precision": 0.9333333333333333, "recall": 0.3888888888888889, "f1-score": 0.5490196078431373, "support": 36.0}, "HI": {"precision": 0.6666666666666666, "recall": 0.2, "f1-score": 0.30769230769230765, "support": 10.0}, "IN": {"precision": 0.5172413793103449, "recall": 1.0, "f1-score": 0.6818181818181819, "support": 15.0}, "OP": {"precision": 0.25, "recall": 0.75, "f1-score": 0.375, "support": 4.0}, "IP": {"precision": 0.7209302325581395, "recall": 0.9393939393939394, "f1-score": 0.8157894736842105, "support": 33.0}}}