{"f1": 0.7939450108124806, "precision": 0.779260157671316, "recall": 0.8091939546599496, "accuracy": 0.6419180201082754, "pr_auc": 0.8699233846604708, "threshold": 0.35, "label_scores": {"MT": {"precision": 0.9036144578313253, "recall": 0.646551724137931, "f1-score": 0.7537688442211056, "support": 116.0}, "LY": {"precision": 0.8461538461538461, "recall": 0.7333333333333333, "f1-score": 0.7857142857142856, "support": 15.0}, "SP": {"precision": 0.6666666666666666, "recall": 0.8571428571428571, "f1-score": 0.75, "support": 7.0}, "ID": {"precision": 0.7017543859649122, "recall": 0.7843137254901961, "f1-score": 0.7407407407407408, "support": 51.0}, "NA": {"precision": 0.8571428571428571, "recall": 0.8396946564885496, "f1-score": 0.8483290488431876, "support": 393.0}, "HI": {"precision": 0.574468085106383, "recall": 0.6923076923076923, "f1-score": 0.627906976744186, "support": 78.0}, "IN": {"precision": 0.6905311778290993, "recall": 0.8846153846153846, "f1-score": 0.775616083009079, "support": 338.0}, "OP": {"precision": 0.7068965517241379, "recall": 0.75, "f1-score": 0.7278106508875739, "support": 164.0}, "IP": {"precision": 0.8653366583541147, "recall": 0.8145539906103286, "f1-score": 0.8391777509068924, "support": 426.0}}}