{"f1": 0.7250795043316152, "precision": 0.7265934065934065, "recall": 0.7235718975705844, "accuracy": 0.5236701849723064, "pr_auc": 0.8029484471154171, "threshold": 0.44999999999999996, "label_scores": {"MT": {"precision": 0.0, "recall": 0.0, "f1-score": 0.0, "support": 0.0}, "LY": {"precision": 0.8888888888888888, "recall": 0.8296296296296296, "f1-score": 0.8582375478927203, "support": 135.0}, "SP": {"precision": 0.6794871794871795, "recall": 0.726027397260274, "f1-score": 0.7019867549668874, "support": 146.0}, "ID": {"precision": 0.897133220910624, "recall": 0.7755102040816326, "f1-score": 0.8318999218139171, "support": 686.0}, "NA": {"precision": 0.8375442739079103, "recall": 0.8318480300187617, "f1-score": 0.8346864336980822, "support": 4264.0}, "HI": {"precision": 0.6608040201005025, "recall": 0.6399026763990268, "f1-score": 0.650185414091471, "support": 411.0}, "IN": {"precision": 0.7149606299212599, "recall": 0.699537750385208, "f1-score": 0.7071651090342679, "support": 2596.0}, "OP": {"precision": 0.6145873320537428, "recall": 0.7519962423673086, "f1-score": 0.6763836079425433, "support": 2129.0}, "IP": {"precision": 0.6326530612244898, "recall": 0.4626865671641791, "f1-score": 0.5344827586206897, "support": 402.0}, "it": {"precision": 0.6771653543307087, "recall": 0.8269230769230769, "f1-score": 0.7445887445887446, "support": 104.0}, "ne": {"precision": 0.8181818181818182, "recall": 0.7897414158541755, "f1-score": 0.8037100949094047, "support": 2359.0}, "sr": {"precision": 0.8522238163558106, "recall": 0.9354330708661417, "f1-score": 0.8918918918918918, "support": 635.0}, "nb": {"precision": 0.7100977198697068, "recall": 0.6038781163434903, "f1-score": 0.6526946107784432, "support": 722.0}, "re": {"precision": 0.8648648648648649, "recall": 0.8648648648648649, "f1-score": 0.8648648648648649, "support": 37.0}, "en": {"precision": 0.7916666666666666, "recall": 0.7037037037037037, "f1-score": 0.7450980392156864, "support": 108.0}, "ra": {"precision": 0.7681159420289855, "recall": 0.5608465608465608, "f1-score": 0.6483180428134556, "support": 189.0}, "dtp": {"precision": 0.5573604060913706, "recall": 0.5036697247706422, "f1-score": 0.5291566265060241, "support": 1090.0}, "fi": {"precision": 0.8260869565217391, "recall": 0.2753623188405797, "f1-score": 0.41304347826086957, "support": 69.0}, "lt": {"precision": 0.8064516129032258, "recall": 0.625, "f1-score": 0.7042253521126761, "support": 40.0}, "rv": {"precision": 0.6383928571428571, "recall": 0.6958637469586375, "f1-score": 0.6658905704307335, "support": 411.0}, "ob": {"precision": 0.540954095409541, "recall": 0.5718363463368221, "f1-score": 0.5559666975023128, "support": 1051.0}, "rs": {"precision": 0.654054054054054, "recall": 0.7707006369426752, "f1-score": 0.7076023391812867, "support": 157.0}, "av": {"precision": 0.4608294930875576, "recall": 0.423728813559322, "f1-score": 0.4415011037527594, "support": 236.0}, "ds": {"precision": 0.6423076923076924, "recall": 0.5964285714285714, "f1-score": 0.6185185185185186, "support": 280.0}, "ed": {"precision": 0.0, "recall": 0.0, "f1-score": 0.0, "support": 19.0}}}