{"f1": 0.6723868954758191, "precision": 0.6734375, "recall": 0.6713395638629284, "accuracy": 0.5060240963855421, "pr_auc": 0.7146994015237643, "threshold": 0.44999999999999996, "label_scores": {"MT": {"precision": 0.0, "recall": 0.0, "f1-score": 0.0, "support": 0.0}, "LY": {"precision": 0.0, "recall": 0.0, "f1-score": 0.0, "support": 4.0}, "SP": {"precision": 0.0, "recall": 0.0, "f1-score": 0.0, "support": 0.0}, "ID": {"precision": 0.5714285714285714, "recall": 0.23529411764705882, "f1-score": 0.3333333333333333, "support": 17.0}, "NA": {"precision": 0.8264462809917356, "recall": 0.8849557522123894, "f1-score": 0.8547008547008548, "support": 113.0}, "HI": {"precision": 0.7777777777777778, "recall": 0.4375, "f1-score": 0.56, "support": 32.0}, "IN": {"precision": 0.5, "recall": 0.5818181818181818, "f1-score": 0.5378151260504201, "support": 55.0}, "OP": {"precision": 0.45714285714285713, "recall": 0.5333333333333333, "f1-score": 0.4923076923076923, "support": 30.0}, "IP": {"precision": 0.7714285714285715, "recall": 0.7168141592920354, "f1-score": 0.743119266055046, "support": 113.0}, "it": {"precision": 0.0, "recall": 0.0, "f1-score": 0.0, "support": 0.0}, "ne": {"precision": 0.68, "recall": 0.9066666666666666, "f1-score": 0.7771428571428572, "support": 75.0}, "sr": {"precision": 1.0, "recall": 0.5, "f1-score": 0.6666666666666666, "support": 6.0}, "nb": {"precision": 0.5, "recall": 0.3157894736842105, "f1-score": 0.3870967741935484, "support": 19.0}, "re": {"precision": 1.0, "recall": 0.8333333333333334, "f1-score": 0.9090909090909091, "support": 6.0}, "en": {"precision": 0.0, "recall": 0.0, "f1-score": 0.0, "support": 3.0}, "ra": {"precision": 0.0, "recall": 0.0, "f1-score": 0.0, "support": 2.0}, "dtp": {"precision": 0.25, "recall": 0.3684210526315789, "f1-score": 0.2978723404255319, "support": 19.0}, "fi": {"precision": 0.0, "recall": 0.0, "f1-score": 0.0, "support": 1.0}, "lt": {"precision": 0.46153846153846156, "recall": 0.75, "f1-score": 0.5714285714285714, "support": 8.0}, "rv": {"precision": 0.75, "recall": 0.3333333333333333, "f1-score": 0.46153846153846156, "support": 9.0}, "ob": {"precision": 0.3333333333333333, "recall": 0.4, "f1-score": 0.3636363636363636, "support": 5.0}, "rs": {"precision": 0.8888888888888888, "recall": 0.8888888888888888, "f1-score": 0.8888888888888888, "support": 9.0}, "av": {"precision": 0.09090909090909091, "recall": 0.16666666666666666, "f1-score": 0.11764705882352942, "support": 6.0}, "ds": {"precision": 0.8241758241758241, "recall": 0.7075471698113207, "f1-score": 0.7614213197969543, "support": 106.0}, "ed": {"precision": 0.0, "recall": 0.0, "f1-score": 0.0, "support": 4.0}}}