{"f1": 0.3991097922848665, "f1_macro": 0.36718569759747305, "precision": 0.4401178010471204, "recall": 0.36509229098805646, "accuracy": 0.13296141329614133, "threshold": 0.3, "label_scores": {"MT": {"precision": 0.9090909090909091, "recall": 0.9420289855072463, "f1-score": 0.9252669039145908, "support": 276.0}, "LY": {"precision": 0.0, "recall": 0.0, "f1-score": 0.0, "support": 5.0}, "SP": {"precision": 0.0, "recall": 0.0, "f1-score": 0.0, "support": 18.0}, "ID": {"precision": 0.0, "recall": 0.0, "f1-score": 0.0, "support": 231.0}, "NA": {"precision": 0.39107883817427386, "recall": 1.0, "f1-score": 0.5622669649515287, "support": 754.0}, "HI": {"precision": 0.0, "recall": 0.0, "f1-score": 0.0, "support": 117.0}, "IN": {"precision": 0.4043887147335423, "recall": 0.356353591160221, "f1-score": 0.3788546255506608, "support": 362.0}, "OP": {"precision": 0.6847826086956522, "recall": 0.22183098591549297, "f1-score": 0.3351063829787234, "support": 284.0}, "IP": {"precision": 0.5192307692307693, "recall": 0.10714285714285714, "f1-score": 0.17763157894736845, "support": 252.0}, "it": {"precision": 0.0, "recall": 0.0, "f1-score": 0.0, "support": 13.0}, "ne": {"precision": 0.14385964912280702, "recall": 0.18222222222222223, "f1-score": 0.1607843137254902, "support": 225.0}, "sr": {"precision": 0.0, "recall": 0.0, "f1-score": 0.0, "support": 71.0}, "nb": {"precision": 0.7368421052631579, "recall": 0.042042042042042045, "f1-score": 0.07954545454545454, "support": 333.0}, "re": {"precision": 0.0, "recall": 0.0, "f1-score": 0.0, "support": 8.0}, "en": {"precision": 0.0, "recall": 0.0, "f1-score": 0.0, "support": 45.0}, "ra": {"precision": 0.0, "recall": 0.0, "f1-score": 0.0, "support": 14.0}, "dtp": {"precision": 0.0, "recall": 0.0, "f1-score": 0.0, "support": 136.0}, "fi": {"precision": 0.0, "recall": 0.0, "f1-score": 0.0, "support": 4.0}, "lt": {"precision": 0.0, "recall": 0.0, "f1-score": 0.0, "support": 26.0}, "rv": {"precision": 1.0, "recall": 0.42201834862385323, "f1-score": 0.5935483870967742, "support": 109.0}, "ob": {"precision": 0.0, "recall": 0.0, "f1-score": 0.0, "support": 68.0}, "rs": {"precision": 0.0, "recall": 0.0, "f1-score": 0.0, "support": 88.0}, "av": {"precision": 0.0, "recall": 0.0, "f1-score": 0.0, "support": 12.0}, "ds": {"precision": 0.39285714285714285, "recall": 0.05188679245283019, "f1-score": 0.09166666666666667, "support": 212.0}, "ed": {"precision": 0.0, "recall": 0.0, "f1-score": 0.0, "support": 21.0}}}