{"f1": 0.5775401069518716, "f1_macro": 0.4992235277949563, "precision": 0.6428571428571429, "recall": 0.5242718446601942, "accuracy": 0.51, "threshold": 0.6499999999999999, "label_scores": {"Forum": {"precision": 1.0, "recall": 0.25, "f1-score": 0.4, "support": 4.0}, "Information/Explanation": {"precision": 0.46153846153846156, "recall": 0.2727272727272727, "f1-score": 0.3428571428571428, "support": 22.0}, "Instruction": {"precision": 1.0, "recall": 0.2857142857142857, "f1-score": 0.4444444444444445, "support": 7.0}, "Legal": {"precision": 0.6666666666666666, "recall": 0.6666666666666666, "f1-score": 0.6666666666666666, "support": 3.0}, "News": {"precision": 0.72, "recall": 0.9473684210526315, "f1-score": 0.8181818181818181, "support": 19.0}, "Opinion/Argumentation": {"precision": 0.7142857142857143, "recall": 0.45454545454545453, "f1-score": 0.5555555555555556, "support": 11.0}, "Other": {"precision": 0.16666666666666666, "recall": 1.0, "f1-score": 0.2857142857142857, "support": 1.0}, "Promotion": {"precision": 0.85, "recall": 0.5862068965517241, "f1-score": 0.6938775510204082, "support": 29.0}, "Prose/Lyrical": {"precision": 0.2857142857142857, "recall": 0.2857142857142857, "f1-score": 0.2857142857142857, "support": 7.0}}}