{"f1": 0.769606134541652, "f1_macro": 0.7333743843949034, "precision": 0.7880085653104925, "recall": 0.7520435967302452, "accuracy": 0.6301369863013698, "threshold": 0.44999999999999996, "label_scores": {"MT": {"precision": 0.95, "recall": 0.59375, "f1-score": 0.7307692307692308, "support": 64.0}, "LY": {"precision": 0.8571428571428571, "recall": 0.9230769230769231, "f1-score": 0.888888888888889, "support": 13.0}, "SP": {"precision": 0.8, "recall": 0.26666666666666666, "f1-score": 0.4, "support": 15.0}, "ID": {"precision": 0.9801980198019802, "recall": 0.825, "f1-score": 0.8959276018099547, "support": 120.0}, "NA": {"precision": 0.7190721649484536, "recall": 0.8584615384615385, "f1-score": 0.782608695652174, "support": 325.0}, "HI": {"precision": 0.7230769230769231, "recall": 0.6527777777777778, "f1-score": 0.6861313868613138, "support": 72.0}, "IN": {"precision": 0.7448680351906158, "recall": 0.79375, "f1-score": 0.7685325264750378, "support": 320.0}, "OP": {"precision": 0.7076923076923077, "recall": 0.6133333333333333, "f1-score": 0.657142857142857, "support": 150.0}, "IP": {"precision": 0.8801261829652997, "recall": 0.7172236503856041, "f1-score": 0.7903682719546742, "support": 389.0}}}