{"f1": 0.7823548491728836, "f1_macro": 0.7331878208965533, "precision": 0.8007968127490039, "recall": 0.7647431832593532, "accuracy": 0.6728538283062645, "threshold": 0.44999999999999996, "label_scores": {"Forum": {"precision": 0.9393939393939394, "recall": 0.6078431372549019, "f1-score": 0.738095238095238, "support": 51.0}, "Information/Explanation": {"precision": 0.7125, "recall": 0.8413284132841329, "f1-score": 0.7715736040609137, "support": 271.0}, "Instruction": {"precision": 0.7934782608695652, "recall": 0.6822429906542056, "f1-score": 0.7336683417085428, "support": 107.0}, "Legal": {"precision": 0.7317073170731707, "recall": 0.7894736842105263, "f1-score": 0.7594936708860759, "support": 38.0}, "News": {"precision": 0.7589285714285714, "recall": 0.7798165137614679, "f1-score": 0.7692307692307692, "support": 109.0}, "Opinion/Argumentation": {"precision": 0.8815426997245179, "recall": 0.8121827411167513, "f1-score": 0.8454425363276089, "support": 394.0}, "Other": {"precision": 0.9175257731958762, "recall": 0.7235772357723578, "f1-score": 0.8090909090909091, "support": 123.0}, "Promotion": {"precision": 0.876010781671159, "recall": 0.7793764988009593, "f1-score": 0.8248730964467006, "support": 417.0}, "Prose/Lyrical": {"precision": 0.3246753246753247, "recall": 0.373134328358209, "f1-score": 0.34722222222222227, "support": 67.0}}}