{"f1": 0.8181818181818183, "f1_macro": 0.6253943469279603, "precision": 0.8881578947368421, "recall": 0.7584269662921348, "accuracy": 0.7375, "threshold": 0.44999999999999996, "label_scores": {"MT": {"precision": 0.16666666666666666, "recall": 1.0, "f1-score": 0.2857142857142857, "support": 1.0}, "LY": {"precision": 0.75, "recall": 1.0, "f1-score": 0.8571428571428571, "support": 3.0}, "SP": {"precision": 0.0, "recall": 0.0, "f1-score": 0.0, "support": 0.0}, "ID": {"precision": 0.0, "recall": 0.0, "f1-score": 0.0, "support": 1.0}, "NA": {"precision": 0.9782608695652174, "recall": 0.9, "f1-score": 0.9375, "support": 100.0}, "HI": {"precision": 1.0, "recall": 0.5, "f1-score": 0.6666666666666666, "support": 2.0}, "IN": {"precision": 0.7692307692307693, "recall": 0.4166666666666667, "f1-score": 0.5405405405405406, "support": 24.0}, "OP": {"precision": 0.8484848484848485, "recall": 0.8, "f1-score": 0.823529411764706, "support": 35.0}, "IP": {"precision": 0.6666666666666666, "recall": 0.16666666666666666, "f1-score": 0.26666666666666666, "support": 12.0}}}