{"f1": 0.5748054194292304, "f1_macro": 0.47037065027508507, "precision": 0.671832884097035, "recall": 0.5022670025188917, "accuracy": 0.3600337268128162, "threshold": 0.3, "label_scores": {"Forum": {"precision": 0.5714285714285714, "recall": 0.09090909090909091, "f1-score": 0.1568627450980392, "support": 44.0}, "Information/Explanation": {"precision": 0.6947791164658634, "recall": 0.325187969924812, "f1-score": 0.44302176696542894, "support": 532.0}, "Instruction": {"precision": 0.6597938144329897, "recall": 0.5, "f1-score": 0.5688888888888889, "support": 128.0}, "Legal": {"precision": 0.3125, "recall": 0.38461538461538464, "f1-score": 0.3448275862068966, "support": 13.0}, "News": {"precision": 0.8407310704960835, "recall": 0.9415204678362573, "f1-score": 0.8882758620689655, "support": 342.0}, "Opinion/Argumentation": {"precision": 0.6666666666666666, "recall": 0.43137254901960786, "f1-score": 0.5238095238095237, "support": 357.0}, "Other": {"precision": 0.1889763779527559, "recall": 0.18045112781954886, "f1-score": 0.1846153846153846, "support": 133.0}, "Promotion": {"precision": 0.7751937984496124, "recall": 0.6578947368421053, "f1-score": 0.7117437722419929, "support": 304.0}, "Prose/Lyrical": {"precision": 0.4396551724137931, "recall": 0.38636363636363635, "f1-score": 0.4112903225806452, "support": 132.0}}}