{"f1": 0.7101996762007555, "f1_macro": 0.6139105300580652, "precision": 0.7485779294653014, "recall": 0.675564681724846, "accuracy": 0.648471615720524, "threshold": 0.49999999999999994, "label_scores": {"Forum": {"precision": 0.8, "recall": 0.17391304347826086, "f1-score": 0.2857142857142857, "support": 23.0}, "Information/Explanation": {"precision": 0.5564516129032258, "recall": 0.5348837209302325, "f1-score": 0.5454545454545455, "support": 129.0}, "Instruction": {"precision": 0.6764705882352942, "recall": 0.6388888888888888, "f1-score": 0.6571428571428571, "support": 36.0}, "Legal": {"precision": 0.6888888888888889, "recall": 0.5849056603773585, "f1-score": 0.6326530612244898, "support": 53.0}, "News": {"precision": 0.7991803278688525, "recall": 0.9558823529411765, "f1-score": 0.8705357142857144, "support": 204.0}, "Opinion/Argumentation": {"precision": 0.7866666666666666, "recall": 0.4338235294117647, "f1-score": 0.5592417061611374, "support": 136.0}, "Other": {"precision": 0.8809523809523809, "recall": 0.6016260162601627, "f1-score": 0.7149758454106281, "support": 123.0}, "Promotion": {"precision": 0.8189655172413793, "recall": 0.7569721115537849, "f1-score": 0.7867494824016563, "support": 251.0}, "Prose/Lyrical": {"precision": 0.3611111111111111, "recall": 0.6842105263157895, "f1-score": 0.4727272727272728, "support": 19.0}}}