{"f1": 0.6249999999999999, "f1_macro": 0.6691373671720959, "precision": 0.6432748538011696, "recall": 0.6077348066298343, "accuracy": 0.46788990825688076, "threshold": 0.5499999999999999, "label_scores": {"MT": {"precision": 0.0, "recall": 0.0, "f1-score": 0.0, "support": 3.0}, "LY": {"precision": 1.0, "recall": 1.0, "f1-score": 1.0, "support": 2.0}, "SP": {"precision": 1.0, "recall": 0.5, "f1-score": 0.6666666666666666, "support": 2.0}, "ID": {"precision": 1.0, "recall": 0.5, "f1-score": 0.6666666666666666, "support": 2.0}, "NA": {"precision": 0.7209302325581395, "recall": 0.9117647058823529, "f1-score": 0.8051948051948051, "support": 34.0}, "HI": {"precision": 0.5, "recall": 0.5, "f1-score": 0.5, "support": 2.0}, "IN": {"precision": 0.8260869565217391, "recall": 0.4418604651162791, "f1-score": 0.5757575757575758, "support": 43.0}, "OP": {"precision": 0.42857142857142855, "recall": 0.25, "f1-score": 0.3157894736842105, "support": 12.0}, "IP": {"precision": 0.47619047619047616, "recall": 0.8333333333333334, "f1-score": 0.6060606060606061, "support": 12.0}, "it": {"precision": 0.0, "recall": 0.0, "f1-score": 0.0, "support": 1.0}, "ne": {"precision": 0.7083333333333334, "recall": 0.9444444444444444, "f1-score": 0.8095238095238096, "support": 18.0}, "sr": {"precision": 1.0, "recall": 1.0, "f1-score": 1.0, "support": 2.0}, "nb": {"precision": 0.5454545454545454, "recall": 0.5, "f1-score": 0.5217391304347826, "support": 12.0}, "re": {"precision": 0.0, "recall": 0.0, "f1-score": 0.0, "support": 0.0}, "en": {"precision": 0.5, "recall": 1.0, "f1-score": 0.6666666666666666, "support": 2.0}, "ra": {"precision": 0.0, "recall": 0.0, "f1-score": 0.0, "support": 2.0}, "dtp": {"precision": 0.7142857142857143, "recall": 0.45454545454545453, "f1-score": 0.5555555555555556, "support": 11.0}, "fi": {"precision": 0.0, "recall": 0.0, "f1-score": 0.0, "support": 0.0}, "lt": {"precision": 1.0, "recall": 1.0, "f1-score": 1.0, "support": 3.0}, "rv": {"precision": 0.6666666666666666, "recall": 0.18181818181818182, "f1-score": 0.28571428571428575, "support": 11.0}, "ob": {"precision": 1.0, "recall": 1.0, "f1-score": 1.0, "support": 1.0}, "rs": {"precision": 0.0, "recall": 0.0, "f1-score": 0.0, "support": 0.0}, "av": {"precision": 0.0, "recall": 0.0, "f1-score": 0.0, "support": 0.0}, "ds": {"precision": 0.26666666666666666, "recall": 0.8, "f1-score": 0.4, "support": 5.0}, "ed": {"precision": 0.0, "recall": 0.0, "f1-score": 0.0, "support": 1.0}}}