{"f1": 0.6066350710900474, "f1_macro": 0.6139010870320522, "precision": 0.6530612244897959, "recall": 0.5663716814159292, "accuracy": 0.5412844036697247, "threshold": 0.5499999999999999, "label_scores": {"Forum": {"precision": 1.0, "recall": 0.5, "f1-score": 0.6666666666666666, "support": 2.0}, "Information/Explanation": {"precision": 0.8, "recall": 0.4, "f1-score": 0.5333333333333333, "support": 40.0}, "Instruction": {"precision": 0.5, "recall": 0.5, "f1-score": 0.5, "support": 2.0}, "Legal": {"precision": 1.0, "recall": 1.0, "f1-score": 1.0, "support": 3.0}, "News": {"precision": 0.7307692307692307, "recall": 0.95, "f1-score": 0.8260869565217392, "support": 20.0}, "Opinion/Argumentation": {"precision": 0.625, "recall": 0.4, "f1-score": 0.48780487804878053, "support": 25.0}, "Other": {"precision": 1.0, "recall": 0.2, "f1-score": 0.33333333333333337, "support": 5.0}, "Promotion": {"precision": 0.42857142857142855, "recall": 0.8181818181818182, "f1-score": 0.5625, "support": 11.0}, "Prose/Lyrical": {"precision": 0.5, "recall": 0.8, "f1-score": 0.6153846153846154, "support": 5.0}}}