{"f1": 0.670807453416149, "f1_macro": 0.6497263410884673, "precision": 0.7605633802816901, "recall": 0.6, "accuracy": 0.5147058823529411, "threshold": 0.44999999999999996, "label_scores": {"MT": {"precision": 0.5, "recall": 0.5, "f1-score": 0.5, "support": 2.0}, "LY": {"precision": 1.0, "recall": 0.6666666666666666, "f1-score": 0.8, "support": 3.0}, "SP": {"precision": 0.0, "recall": 0.0, "f1-score": 0.0, "support": 1.0}, "ID": {"precision": 0.0, "recall": 0.0, "f1-score": 0.0, "support": 0.0}, "NA": {"precision": 0.8333333333333334, "recall": 1.0, "f1-score": 0.9090909090909091, "support": 20.0}, "HI": {"precision": 1.0, "recall": 0.5, "f1-score": 0.6666666666666666, "support": 6.0}, "IN": {"precision": 0.7272727272727273, "recall": 0.5, "f1-score": 0.5925925925925926, "support": 16.0}, "OP": {"precision": 0.6666666666666666, "recall": 0.3157894736842105, "f1-score": 0.42857142857142855, "support": 19.0}, "IP": {"precision": 0.7, "recall": 0.6086956521739131, "f1-score": 0.6511627906976744, "support": 23.0}}}