{"f1": 0.6618181818181819, "f1_macro": 0.7285458072090112, "precision": 0.7520661157024794, "recall": 0.5909090909090909, "accuracy": 0.5488721804511278, "threshold": 0.6499999999999999, "label_scores": {"Forum": {"precision": 1.0, "recall": 0.5, "f1-score": 0.6666666666666666, "support": 4.0}, "Information/Explanation": {"precision": 0.8421052631578947, "recall": 0.4, "f1-score": 0.5423728813559322, "support": 40.0}, "Instruction": {"precision": 0.8181818181818182, "recall": 0.5625, "f1-score": 0.6666666666666666, "support": 16.0}, "Legal": {"precision": 1.0, "recall": 1.0, "f1-score": 1.0, "support": 1.0}, "News": {"precision": 1.0, "recall": 0.75, "f1-score": 0.8571428571428571, "support": 16.0}, "Opinion/Argumentation": {"precision": 0.7, "recall": 0.3333333333333333, "f1-score": 0.45161290322580644, "support": 21.0}, "Other": {"precision": 0.9285714285714286, "recall": 0.7647058823529411, "f1-score": 0.8387096774193549, "support": 17.0}, "Promotion": {"precision": 0.7209302325581395, "recall": 0.9117647058823529, "f1-score": 0.8051948051948051, "support": 34.0}, "Prose/Lyrical": {"precision": 0.0, "recall": 0.0, "f1-score": 0.0, "support": 5.0}}}