{"f1": 0.7503095336359884, "f1_macro": 0.67017622348271, "precision": 0.7606694560669456, "recall": 0.740228013029316, "accuracy": 0.6159925615992562, "threshold": 0.49999999999999994, "label_scores": {"MT": {"precision": 0.9887640449438202, "recall": 0.9565217391304348, "f1-score": 0.9723756906077348, "support": 276.0}, "LY": {"precision": 0.6666666666666666, "recall": 0.4, "f1-score": 0.5, "support": 5.0}, "SP": {"precision": 1.0, "recall": 0.3888888888888889, "f1-score": 0.56, "support": 18.0}, "ID": {"precision": 0.9457364341085271, "recall": 0.5281385281385281, "f1-score": 0.6777777777777778, "support": 231.0}, "NA": {"precision": 0.7264344262295082, "recall": 0.9403183023872679, "f1-score": 0.8196531791907514, "support": 754.0}, "HI": {"precision": 0.6637168141592921, "recall": 0.6410256410256411, "f1-score": 0.6521739130434783, "support": 117.0}, "IN": {"precision": 0.7482758620689656, "recall": 0.5994475138121547, "f1-score": 0.6656441717791411, "support": 362.0}, "OP": {"precision": 0.8235294117647058, "recall": 0.6901408450704225, "f1-score": 0.7509578544061303, "support": 284.0}, "IP": {"precision": 0.7772511848341233, "recall": 0.6507936507936508, "f1-score": 0.7084233261339093, "support": 252.0}, "it": {"precision": 1.0, "recall": 0.3076923076923077, "f1-score": 0.47058823529411764, "support": 13.0}, "ne": {"precision": 0.5982905982905983, "recall": 0.9333333333333333, "f1-score": 0.7291666666666667, "support": 225.0}, "sr": {"precision": 0.8918918918918919, "recall": 0.9295774647887324, "f1-score": 0.9103448275862069, "support": 71.0}, "nb": {"precision": 0.7193460490463215, "recall": 0.7927927927927928, "f1-score": 0.7542857142857143, "support": 333.0}, "re": {"precision": 0.8571428571428571, "recall": 0.75, "f1-score": 0.7999999999999999, "support": 8.0}, "en": {"precision": 0.7073170731707317, "recall": 0.6444444444444445, "f1-score": 0.6744186046511628, "support": 45.0}, "ra": {"precision": 0.6666666666666666, "recall": 0.14285714285714285, "f1-score": 0.23529411764705882, "support": 14.0}, "dtp": {"precision": 0.6349206349206349, "recall": 0.29411764705882354, "f1-score": 0.4020100502512563, "support": 136.0}, "fi": {"precision": 0.6666666666666666, "recall": 0.5, "f1-score": 0.5714285714285715, "support": 4.0}, "lt": {"precision": 0.8235294117647058, "recall": 0.5384615384615384, "f1-score": 0.6511627906976744, "support": 26.0}, "rv": {"precision": 0.9647058823529412, "recall": 0.7522935779816514, "f1-score": 0.8453608247422681, "support": 109.0}, "ob": {"precision": 0.5652173913043478, "recall": 0.5735294117647058, "f1-score": 0.5693430656934305, "support": 68.0}, "rs": {"precision": 0.9152542372881356, "recall": 0.6136363636363636, "f1-score": 0.7346938775510204, "support": 88.0}, "av": {"precision": 0.0, "recall": 0.0, "f1-score": 0.0, "support": 12.0}, "ds": {"precision": 0.7681159420289855, "recall": 0.75, "f1-score": 0.7589498806682579, "support": 212.0}, "ed": {"precision": 0.0, "recall": 0.0, "f1-score": 0.0, "support": 21.0}}}