{"f1": 0.6536585365853659, "precision": 0.5877192982456141, "recall": 0.7362637362637363, "accuracy": 0.4939759036144578, "threshold": 0.3, "label_scores": {"MT": {"precision": 0.0, "recall": 0.0, "f1-score": 0.0, "support": 0.0}, "LY": {"precision": 0.0, "recall": 0.0, "f1-score": 0.0, "support": 4.0}, "SP": {"precision": 0.0, "recall": 0.0, "f1-score": 0.0, "support": 0.0}, "ID": {"precision": 0.5714285714285714, "recall": 0.23529411764705882, "f1-score": 0.3333333333333333, "support": 17.0}, "NA": {"precision": 0.6842105263157895, "recall": 0.9203539823008849, "f1-score": 0.7849056603773584, "support": 113.0}, "HI": {"precision": 0.5454545454545454, "recall": 0.5625, "f1-score": 0.5538461538461538, "support": 32.0}, "IN": {"precision": 0.37755102040816324, "recall": 0.6727272727272727, "f1-score": 0.48366013071895425, "support": 55.0}, "OP": {"precision": 0.3541666666666667, "recall": 0.5666666666666667, "f1-score": 0.4358974358974359, "support": 30.0}, "IP": {"precision": 0.8073394495412844, "recall": 0.7787610619469026, "f1-score": 0.7927927927927928, "support": 113.0}}}