{"f1": 0.676056338028169, "precision": 0.6792452830188679, "recall": 0.6728971962616822, "accuracy": 0.58, "threshold": 0.49999999999999994, "label_scores": {"MT": {"precision": 0.0, "recall": 0.0, "f1-score": 0.0, "support": 4.0}, "LY": {"precision": 0.0, "recall": 0.0, "f1-score": 0.0, "support": 0.0}, "SP": {"precision": 1.0, "recall": 1.0, "f1-score": 1.0, "support": 1.0}, "ID": {"precision": 0.6666666666666666, "recall": 1.0, "f1-score": 0.8, "support": 4.0}, "NA": {"precision": 0.8064516129032258, "recall": 0.6944444444444444, "f1-score": 0.746268656716418, "support": 36.0}, "HI": {"precision": 0.6, "recall": 0.3, "f1-score": 0.4, "support": 10.0}, "IN": {"precision": 0.5416666666666666, "recall": 0.8666666666666667, "f1-score": 0.6666666666666667, "support": 15.0}, "OP": {"precision": 0.0, "recall": 0.0, "f1-score": 0.0, "support": 4.0}, "IP": {"precision": 0.8125, "recall": 0.7878787878787878, "f1-score": 0.8, "support": 33.0}}}