{"f1": 0.5883736559139785, "f1_macro": 0.512492909462653, "precision": 0.6660327120578167, "recall": 0.5269334938308757, "accuracy": 0.28499156829679595, "threshold": 0.3, "label_scores": {"MT": {"precision": 0.18699186991869918, "recall": 0.7931034482758621, "f1-score": 0.3026315789473684, "support": 29.0}, "LY": {"precision": 0.7333333333333333, "recall": 0.9166666666666666, "f1-score": 0.8148148148148148, "support": 12.0}, "SP": {"precision": 0.25, "recall": 0.009615384615384616, "f1-score": 0.018518518518518517, "support": 104.0}, "ID": {"precision": 0.5714285714285714, "recall": 0.09090909090909091, "f1-score": 0.1568627450980392, "support": 44.0}, "NA": {"precision": 0.7946902654867256, "recall": 0.7754749568221071, "f1-score": 0.784965034965035, "support": 579.0}, "HI": {"precision": 0.65625, "recall": 0.49606299212598426, "f1-score": 0.5650224215246638, "support": 127.0}, "IN": {"precision": 0.7175572519083969, "recall": 0.34686346863468637, "f1-score": 0.46766169154228854, "support": 542.0}, "OP": {"precision": 0.631578947368421, "recall": 0.40955631399317405, "f1-score": 0.49689440993788814, "support": 293.0}, "IP": {"precision": 0.7528089887640449, "recall": 0.6401273885350318, "f1-score": 0.6919104991394148, "support": 314.0}, "it": {"precision": 0.0, "recall": 0.0, "f1-score": 0.0, "support": 13.0}, "ne": {"precision": 0.7941176470588235, "recall": 0.9121621621621622, "f1-score": 0.8490566037735848, "support": 296.0}, "sr": {"precision": 0.7931034482758621, "recall": 1.0, "f1-score": 0.8846153846153846, "support": 46.0}, "nb": {"precision": 0.5221238938053098, "recall": 0.39072847682119205, "f1-score": 0.44696969696969696, "support": 151.0}, "re": {"precision": 0.8571428571428571, "recall": 0.75, "f1-score": 0.7999999999999999, "support": 16.0}, "en": {"precision": 0.7, "recall": 0.3684210526315789, "f1-score": 0.48275862068965514, "support": 19.0}, "ra": {"precision": 0.8333333333333334, "recall": 0.35714285714285715, "f1-score": 0.5, "support": 14.0}, "dtp": {"precision": 0.2782608695652174, "recall": 0.16666666666666666, "f1-score": 0.20846905537459282, "support": 192.0}, "fi": {"precision": 0.5, "recall": 0.5, "f1-score": 0.5, "support": 2.0}, "lt": {"precision": 0.3125, "recall": 0.38461538461538464, "f1-score": 0.3448275862068966, "support": 13.0}, "rv": {"precision": 0.7916666666666666, "recall": 0.2923076923076923, "f1-score": 0.4269662921348315, "support": 65.0}, "ob": {"precision": 0.4411764705882353, "recall": 0.13513513513513514, "f1-score": 0.20689655172413796, "support": 111.0}, "rs": {"precision": 0.7352941176470589, "recall": 0.7142857142857143, "f1-score": 0.7246376811594202, "support": 35.0}, "av": {"precision": 0.379746835443038, "recall": 0.46875, "f1-score": 0.4195804195804196, "support": 64.0}, "ds": {"precision": 0.6707317073170732, "recall": 0.717391304347826, "f1-score": 0.6932773109243697, "support": 230.0}, "ed": {"precision": 0.0, "recall": 0.0, "f1-score": 0.0, "support": 12.0}}}