{"f1": 0.8029477731496316, "f1_macro": 0.7443491897875547, "precision": 0.817351598173516, "recall": 0.7890428211586902, "accuracy": 0.6728538283062645, "threshold": 0.44999999999999996, "label_scores": {"MT": {"precision": 0.9247311827956989, "recall": 0.7413793103448276, "f1-score": 0.8229665071770336, "support": 116.0}, "LY": {"precision": 0.7692307692307693, "recall": 0.6666666666666666, "f1-score": 0.7142857142857142, "support": 15.0}, "SP": {"precision": 0.75, "recall": 0.42857142857142855, "f1-score": 0.5454545454545454, "support": 7.0}, "ID": {"precision": 0.9393939393939394, "recall": 0.6078431372549019, "f1-score": 0.738095238095238, "support": 51.0}, "NA": {"precision": 0.8276699029126213, "recall": 0.8676844783715013, "f1-score": 0.8472049689440994, "support": 393.0}, "HI": {"precision": 0.7183098591549296, "recall": 0.6538461538461539, "f1-score": 0.6845637583892618, "support": 78.0}, "IN": {"precision": 0.7532467532467533, "recall": 0.8579881656804734, "f1-score": 0.8022130013831259, "support": 338.0}, "OP": {"precision": 0.7635135135135135, "recall": 0.6890243902439024, "f1-score": 0.7243589743589743, "support": 164.0}, "IP": {"precision": 0.8770053475935828, "recall": 0.7699530516431925, "f1-score": 0.82, "support": 426.0}}}