{"f1": 0.7747628502095742, "f1_macro": 0.7007784347709914, "precision": 0.7860340196956133, "recall": 0.7638103523270987, "accuracy": 0.7024639702463971, "threshold": 0.49999999999999994, "label_scores": {"MT": {"precision": 0.9887640449438202, "recall": 0.9565217391304348, "f1-score": 0.9723756906077348, "support": 276.0}, "LY": {"precision": 0.6666666666666666, "recall": 0.4, "f1-score": 0.5, "support": 5.0}, "SP": {"precision": 1.0, "recall": 0.3888888888888889, "f1-score": 0.56, "support": 18.0}, "ID": {"precision": 0.9457364341085271, "recall": 0.5281385281385281, "f1-score": 0.6777777777777778, "support": 231.0}, "NA": {"precision": 0.7264344262295082, "recall": 0.9403183023872679, "f1-score": 0.8196531791907514, "support": 754.0}, "HI": {"precision": 0.6637168141592921, "recall": 0.6410256410256411, "f1-score": 0.6521739130434783, "support": 117.0}, "IN": {"precision": 0.7482758620689656, "recall": 0.5994475138121547, "f1-score": 0.6656441717791411, "support": 362.0}, "OP": {"precision": 0.8235294117647058, "recall": 0.6901408450704225, "f1-score": 0.7509578544061303, "support": 284.0}, "IP": {"precision": 0.7772511848341233, "recall": 0.6507936507936508, "f1-score": 0.7084233261339093, "support": 252.0}}}