{"f1": 0.750788643533123, "f1_macro": 0.589810382826987, "precision": 0.8263888888888888, "recall": 0.6878612716763006, "accuracy": 0.675, "threshold": 0.5499999999999999, "label_scores": {"MT": {"precision": 0.2727272727272727, "recall": 0.6, "f1-score": 0.37499999999999994, "support": 5.0}, "LY": {"precision": 0.9166666666666666, "recall": 0.9166666666666666, "f1-score": 0.9166666666666666, "support": 12.0}, "SP": {"precision": 0.0, "recall": 0.0, "f1-score": 0.0, "support": 2.0}, "ID": {"precision": 0.0, "recall": 0.0, "f1-score": 0.0, "support": 1.0}, "NA": {"precision": 0.9382716049382716, "recall": 0.8941176470588236, "f1-score": 0.9156626506024096, "support": 85.0}, "HI": {"precision": 1.0, "recall": 0.4444444444444444, "f1-score": 0.6153846153846153, "support": 9.0}, "IN": {"precision": 0.8181818181818182, "recall": 0.5294117647058824, "f1-score": 0.6428571428571428, "support": 34.0}, "OP": {"precision": 0.5454545454545454, "recall": 0.5454545454545454, "f1-score": 0.5454545454545454, "support": 11.0}, "IP": {"precision": 0.3333333333333333, "recall": 0.07142857142857142, "f1-score": 0.11764705882352941, "support": 14.0}}}