{"f1": 0.6911764705882353, "precision": 0.7704918032786885, "recall": 0.6266666666666667, "accuracy": 0.5789473684210527, "threshold": 0.6499999999999999, "label_scores": {"MT": {"precision": 0.9285714285714286, "recall": 0.7647058823529411, "f1-score": 0.8387096774193549, "support": 17.0}, "LY": {"precision": 0.0, "recall": 0.0, "f1-score": 0.0, "support": 0.0}, "SP": {"precision": 0.0, "recall": 0.0, "f1-score": 0.0, "support": 0.0}, "ID": {"precision": 1.0, "recall": 0.5, "f1-score": 0.6666666666666666, "support": 4.0}, "NA": {"precision": 0.6896551724137931, "recall": 0.7407407407407407, "f1-score": 0.7142857142857143, "support": 27.0}, "HI": {"precision": 0.6, "recall": 0.6, "f1-score": 0.6, "support": 10.0}, "IN": {"precision": 0.9047619047619048, "recall": 0.4222222222222222, "f1-score": 0.5757575757575758, "support": 45.0}, "OP": {"precision": 0.3333333333333333, "recall": 0.1111111111111111, "f1-score": 0.16666666666666666, "support": 9.0}, "IP": {"precision": 0.7674418604651163, "recall": 0.868421052631579, "f1-score": 0.8148148148148148, "support": 38.0}}}