{"f1": 0.638095238095238, "f1_macro": 0.5874316824430922, "precision": 0.6320754716981132, "recall": 0.6442307692307693, "accuracy": 0.54, "threshold": 0.49999999999999994, "label_scores": {"Forum": {"precision": 0.6666666666666666, "recall": 1.0, "f1-score": 0.8, "support": 4.0}, "Information/Explanation": {"precision": 0.5238095238095238, "recall": 0.8461538461538461, "f1-score": 0.6470588235294118, "support": 13.0}, "Instruction": {"precision": 0.5, "recall": 0.3, "f1-score": 0.37499999999999994, "support": 10.0}, "Legal": {"precision": 1.0, "recall": 1.0, "f1-score": 1.0, "support": 2.0}, "News": {"precision": 0.14285714285714285, "recall": 0.3333333333333333, "f1-score": 0.2, "support": 3.0}, "Opinion/Argumentation": {"precision": 0.7916666666666666, "recall": 0.5588235294117647, "f1-score": 0.6551724137931034, "support": 34.0}, "Other": {"precision": 0.25, "recall": 0.2, "f1-score": 0.22222222222222224, "support": 5.0}, "Promotion": {"precision": 0.8125, "recall": 0.7878787878787878, "f1-score": 0.8, "support": 33.0}, "Prose/Lyrical": {"precision": 0.0, "recall": 0.0, "f1-score": 0.0, "support": 0.0}}}