{"f1": 0.7359887204793797, "f1_macro": 0.7133159932903046, "precision": 0.7537906137184116, "recall": 0.71900826446281, "accuracy": 0.6124093473005641, "threshold": 0.44999999999999996, "label_scores": {"Forum": {"precision": 0.9801980198019802, "recall": 0.825, "f1-score": 0.8959276018099547, "support": 120.0}, "Information/Explanation": {"precision": 0.6897689768976898, "recall": 0.7517985611510791, "f1-score": 0.7194492254733218, "support": 278.0}, "Instruction": {"precision": 0.7323943661971831, "recall": 0.6666666666666666, "f1-score": 0.697986577181208, "support": 78.0}, "Legal": {"precision": 0.7575757575757576, "recall": 0.6578947368421053, "f1-score": 0.704225352112676, "support": 38.0}, "News": {"precision": 0.7716049382716049, "recall": 0.8503401360544217, "f1-score": 0.8090614886731391, "support": 147.0}, "Opinion/Argumentation": {"precision": 0.7446808510638298, "recall": 0.6679389312977099, "f1-score": 0.704225352112676, "support": 262.0}, "Other": {"precision": 0.9333333333333333, "recall": 0.5316455696202531, "f1-score": 0.6774193548387096, "support": 79.0}, "Promotion": {"precision": 0.8769716088328076, "recall": 0.7335092348284961, "f1-score": 0.7988505747126436, "support": 379.0}, "Prose/Lyrical": {"precision": 0.3305084745762712, "recall": 0.5492957746478874, "f1-score": 0.41269841269841273, "support": 71.0}}}