{"f1": 0.6157480314960629, "f1_macro": 0.5047469962778762, "precision": 0.5483870967741935, "recall": 0.7019748653500898, "accuracy": 0.3312302839116719, "threshold": 0.3, "label_scores": {"MT": {"precision": 0.16666666666666666, "recall": 0.4, "f1-score": 0.23529411764705882, "support": 5.0}, "LY": {"precision": 0.2, "recall": 0.3333333333333333, "f1-score": 0.25, "support": 3.0}, "SP": {"precision": 0.5, "recall": 1.0, "f1-score": 0.6666666666666666, "support": 1.0}, "ID": {"precision": 0.7777777777777778, "recall": 0.875, "f1-score": 0.823529411764706, "support": 8.0}, "NA": {"precision": 0.6870229007633588, "recall": 0.9278350515463918, "f1-score": 0.7894736842105263, "support": 97.0}, "HI": {"precision": 0.2727272727272727, "recall": 0.25, "f1-score": 0.2608695652173913, "support": 12.0}, "IN": {"precision": 0.45925925925925926, "recall": 0.9117647058823529, "f1-score": 0.6108374384236454, "support": 68.0}, "OP": {"precision": 0.40625, "recall": 0.35135135135135137, "f1-score": 0.37681159420289856, "support": 37.0}, "IP": {"precision": 0.9195402298850575, "recall": 0.6956521739130435, "f1-score": 0.792079207920792, "support": 115.0}, "it": {"precision": 0.0, "recall": 0.0, "f1-score": 0.0, "support": 0.0}, "ne": {"precision": 0.36363636363636365, "recall": 0.8333333333333334, "f1-score": 0.5063291139240507, "support": 24.0}, "sr": {"precision": 1.0, "recall": 1.0, "f1-score": 1.0, "support": 7.0}, "nb": {"precision": 0.13636363636363635, "recall": 0.6, "f1-score": 0.22222222222222218, "support": 10.0}, "re": {"precision": 0.0, "recall": 0.0, "f1-score": 0.0, "support": 0.0}, "en": {"precision": 0.25, "recall": 1.0, "f1-score": 0.4, "support": 1.0}, "ra": {"precision": 0.625, "recall": 0.8333333333333334, "f1-score": 0.7142857142857143, "support": 6.0}, "dtp": {"precision": 0.20588235294117646, "recall": 0.5, "f1-score": 0.2916666666666667, "support": 14.0}, "fi": {"precision": 0.6666666666666666, "recall": 0.4, "f1-score": 0.5, "support": 5.0}, "lt": {"precision": 0.44, "recall": 0.6470588235294118, "f1-score": 0.5238095238095238, "support": 17.0}, "rv": {"precision": 0.36363636363636365, "recall": 0.26666666666666666, "f1-score": 0.30769230769230765, "support": 15.0}, "ob": {"precision": 0.16666666666666666, "recall": 0.4, "f1-score": 0.23529411764705882, "support": 5.0}, "rs": {"precision": 0.0, "recall": 0.0, "f1-score": 0.0, "support": 0.0}, "av": {"precision": 0.375, "recall": 0.3333333333333333, "f1-score": 0.35294117647058826, "support": 9.0}, "ds": {"precision": 0.8311688311688312, "recall": 0.6666666666666666, "f1-score": 0.7398843930635838, "support": 96.0}, "ed": {"precision": 0.0, "recall": 0.0, "f1-score": 0.0, "support": 2.0}}}