{"f1": 0.905775075987842, "f1_macro": 0.8427845480984887, "precision": 0.8922155688622755, "recall": 0.9197530864197531, "accuracy": 0.783068783068783, "threshold": 0.39999999999999997, "label_scores": {"MT": {"precision": 0.5, "recall": 0.3333333333333333, "f1-score": 0.4, "support": 3.0}, "LY": {"precision": 1.0, "recall": 1.0, "f1-score": 1.0, "support": 2.0}, "SP": {"precision": 1.0, "recall": 1.0, "f1-score": 1.0, "support": 1.0}, "ID": {"precision": 0.6666666666666666, "recall": 0.6666666666666666, "f1-score": 0.6666666666666666, "support": 6.0}, "NA": {"precision": 0.9830508474576272, "recall": 0.9666666666666667, "f1-score": 0.9747899159663865, "support": 60.0}, "HI": {"precision": 0.0, "recall": 0.0, "f1-score": 0.0, "support": 1.0}, "IN": {"precision": 0.86, "recall": 0.9772727272727273, "f1-score": 0.9148936170212766, "support": 44.0}, "OP": {"precision": 0.8, "recall": 0.6666666666666666, "f1-score": 0.7272727272727272, "support": 12.0}, "IP": {"precision": 0.9285714285714286, "recall": 1.0, "f1-score": 0.962962962962963, "support": 65.0}, "it": {"precision": 0.0, "recall": 0.0, "f1-score": 0.0, "support": 0.0}, "ne": {"precision": 0.8333333333333334, "recall": 0.9375, "f1-score": 0.8823529411764706, "support": 16.0}, "sr": {"precision": 1.0, "recall": 1.0, "f1-score": 1.0, "support": 7.0}, "nb": {"precision": 0.42857142857142855, "recall": 0.75, "f1-score": 0.5454545454545454, "support": 4.0}, "re": {"precision": 0.0, "recall": 0.0, "f1-score": 0.0, "support": 0.0}, "en": {"precision": 1.0, "recall": 1.0, "f1-score": 1.0, "support": 1.0}, "ra": {"precision": 1.0, "recall": 1.0, "f1-score": 1.0, "support": 5.0}, "dtp": {"precision": 0.8333333333333334, "recall": 0.5555555555555556, "f1-score": 0.6666666666666667, "support": 9.0}, "fi": {"precision": 0.0, "recall": 0.0, "f1-score": 0.0, "support": 1.0}, "lt": {"precision": 1.0, "recall": 0.8461538461538461, "f1-score": 0.9166666666666666, "support": 13.0}, "rv": {"precision": 0.8, "recall": 0.6666666666666666, "f1-score": 0.7272727272727272, "support": 6.0}, "ob": {"precision": 1.0, "recall": 1.0, "f1-score": 1.0, "support": 2.0}, "rs": {"precision": 0.0, "recall": 0.0, "f1-score": 0.0, "support": 0.0}, "av": {"precision": 1.0, "recall": 0.5, "f1-score": 0.6666666666666666, "support": 2.0}, "ds": {"precision": 0.9538461538461539, "recall": 0.96875, "f1-score": 0.9612403100775193, "support": 64.0}, "ed": {"precision": 0.0, "recall": 0.0, "f1-score": 0.0, "support": 0.0}}}