{"f1": 0.5998320738874895, "f1_macro": 0.5153879226396058, "precision": 0.6785714285714286, "recall": 0.537466145049654, "accuracy": 0.3086003372681282, "threshold": 0.3, "label_scores": {"MT": {"precision": 0.20588235294117646, "recall": 0.7241379310344828, "f1-score": 0.32061068702290074, "support": 29.0}, "LY": {"precision": 0.9090909090909091, "recall": 0.8333333333333334, "f1-score": 0.8695652173913043, "support": 12.0}, "SP": {"precision": 1.0, "recall": 0.009615384615384616, "f1-score": 0.01904761904761905, "support": 104.0}, "ID": {"precision": 0.5, "recall": 0.1590909090909091, "f1-score": 0.2413793103448276, "support": 44.0}, "NA": {"precision": 0.8886554621848739, "recall": 0.7305699481865285, "f1-score": 0.8018957345971565, "support": 579.0}, "HI": {"precision": 0.52, "recall": 0.6141732283464567, "f1-score": 0.5631768953068592, "support": 127.0}, "IN": {"precision": 0.7727272727272727, "recall": 0.31365313653136534, "f1-score": 0.4461942257217848, "support": 542.0}, "OP": {"precision": 0.6368159203980099, "recall": 0.43686006825938567, "f1-score": 0.5182186234817813, "support": 293.0}, "IP": {"precision": 0.7058823529411765, "recall": 0.7643312101910829, "f1-score": 0.7339449541284405, "support": 314.0}, "it": {"precision": 0.0, "recall": 0.0, "f1-score": 0.0, "support": 13.0}, "ne": {"precision": 0.8262195121951219, "recall": 0.9155405405405406, "f1-score": 0.8685897435897436, "support": 296.0}, "sr": {"precision": 0.8113207547169812, "recall": 0.9347826086956522, "f1-score": 0.8686868686868686, "support": 46.0}, "nb": {"precision": 0.5882352941176471, "recall": 0.33112582781456956, "f1-score": 0.42372881355932207, "support": 151.0}, "re": {"precision": 0.8461538461538461, "recall": 0.6875, "f1-score": 0.7586206896551724, "support": 16.0}, "en": {"precision": 0.6666666666666666, "recall": 0.21052631578947367, "f1-score": 0.32, "support": 19.0}, "ra": {"precision": 0.6, "recall": 0.42857142857142855, "f1-score": 0.5, "support": 14.0}, "dtp": {"precision": 0.3119266055045872, "recall": 0.17708333333333334, "f1-score": 0.22591362126245845, "support": 192.0}, "fi": {"precision": 0.5, "recall": 0.5, "f1-score": 0.5, "support": 2.0}, "lt": {"precision": 0.36363636363636365, "recall": 0.3076923076923077, "f1-score": 0.33333333333333337, "support": 13.0}, "rv": {"precision": 0.5853658536585366, "recall": 0.36923076923076925, "f1-score": 0.4528301886792453, "support": 65.0}, "ob": {"precision": 0.5517241379310345, "recall": 0.14414414414414414, "f1-score": 0.22857142857142856, "support": 111.0}, "rs": {"precision": 0.78125, "recall": 0.7142857142857143, "f1-score": 0.7462686567164178, "support": 35.0}, "av": {"precision": 0.35555555555555557, "recall": 0.5, "f1-score": 0.41558441558441556, "support": 64.0}, "ds": {"precision": 0.6111111111111112, "recall": 0.8130434782608695, "f1-score": 0.6977611940298508, "support": 230.0}, "ed": {"precision": 0.0, "recall": 0.0, "f1-score": 0.0, "support": 12.0}}}