{"f1": 0.6610169491525423, "f1_macro": 0.5338440883966807, "precision": 0.6260032102728732, "recall": 0.7001795332136446, "accuracy": 0.4479495268138801, "threshold": 0.35, "label_scores": {"MT": {"precision": 0.1111111111111111, "recall": 0.2, "f1-score": 0.14285714285714285, "support": 5.0}, "LY": {"precision": 0.3333333333333333, "recall": 0.6666666666666666, "f1-score": 0.4444444444444444, "support": 3.0}, "SP": {"precision": 0.3333333333333333, "recall": 1.0, "f1-score": 0.5, "support": 1.0}, "ID": {"precision": 0.5, "recall": 0.875, "f1-score": 0.6363636363636364, "support": 8.0}, "NA": {"precision": 0.8461538461538461, "recall": 0.7938144329896907, "f1-score": 0.8191489361702127, "support": 97.0}, "HI": {"precision": 0.2608695652173913, "recall": 0.5, "f1-score": 0.3428571428571428, "support": 12.0}, "IN": {"precision": 0.5663716814159292, "recall": 0.9411764705882353, "f1-score": 0.7071823204419889, "support": 68.0}, "OP": {"precision": 0.4444444444444444, "recall": 0.32432432432432434, "f1-score": 0.375, "support": 37.0}, "IP": {"precision": 0.8333333333333334, "recall": 0.7391304347826086, "f1-score": 0.783410138248848, "support": 115.0}, "it": {"precision": 0.0, "recall": 0.0, "f1-score": 0.0, "support": 0.0}, "ne": {"precision": 0.53125, "recall": 0.7083333333333334, "f1-score": 0.6071428571428571, "support": 24.0}, "sr": {"precision": 1.0, "recall": 1.0, "f1-score": 1.0, "support": 7.0}, "nb": {"precision": 0.23529411764705882, "recall": 0.4, "f1-score": 0.29629629629629634, "support": 10.0}, "re": {"precision": 0.0, "recall": 0.0, "f1-score": 0.0, "support": 0.0}, "en": {"precision": 0.3333333333333333, "recall": 1.0, "f1-score": 0.5, "support": 1.0}, "ra": {"precision": 0.5454545454545454, "recall": 1.0, "f1-score": 0.7058823529411764, "support": 6.0}, "dtp": {"precision": 0.27586206896551724, "recall": 0.5714285714285714, "f1-score": 0.37209302325581395, "support": 14.0}, "fi": {"precision": 0.0, "recall": 0.0, "f1-score": 0.0, "support": 5.0}, "lt": {"precision": 0.7647058823529411, "recall": 0.7647058823529411, "f1-score": 0.7647058823529412, "support": 17.0}, "rv": {"precision": 0.35714285714285715, "recall": 0.3333333333333333, "f1-score": 0.3448275862068965, "support": 15.0}, "ob": {"precision": 0.5, "recall": 0.4, "f1-score": 0.4444444444444445, "support": 5.0}, "rs": {"precision": 0.0, "recall": 0.0, "f1-score": 0.0, "support": 0.0}, "av": {"precision": 0.2, "recall": 0.1111111111111111, "f1-score": 0.14285714285714285, "support": 9.0}, "ds": {"precision": 0.7553191489361702, "recall": 0.7395833333333334, "f1-score": 0.7473684210526316, "support": 96.0}, "ed": {"precision": 0.0, "recall": 0.0, "f1-score": 0.0, "support": 2.0}}}