{"f1": 0.9333333333333333, "f1_macro": 0.8976887977786975, "precision": 0.952, "recall": 0.9153846153846154, "accuracy": 0.8464818763326226, "threshold": 0.49999999999999994, "label_scores": {"MT": {"precision": 1.0, "recall": 0.75, "f1-score": 0.8571428571428571, "support": 12.0}, "LY": {"precision": 1.0, "recall": 0.8888888888888888, "f1-score": 0.9411764705882353, "support": 9.0}, "SP": {"precision": 0.0, "recall": 0.0, "f1-score": 0.0, "support": 1.0}, "ID": {"precision": 1.0, "recall": 0.8, "f1-score": 0.888888888888889, "support": 5.0}, "NA": {"precision": 0.9854368932038835, "recall": 0.9806763285024155, "f1-score": 0.9830508474576272, "support": 207.0}, "HI": {"precision": 0.8484848484848485, "recall": 0.875, "f1-score": 0.8615384615384615, "support": 32.0}, "IN": {"precision": 0.9824561403508771, "recall": 0.8, "f1-score": 0.8818897637795275, "support": 70.0}, "OP": {"precision": 0.8928571428571429, "recall": 0.9090909090909091, "f1-score": 0.9009009009009009, "support": 55.0}, "IP": {"precision": 0.9537037037037037, "recall": 0.9626168224299065, "f1-score": 0.958139534883721, "support": 107.0}, "it": {"precision": 0.0, "recall": 0.0, "f1-score": 0.0, "support": 0.0}, "ne": {"precision": 0.9620253164556962, "recall": 0.987012987012987, "f1-score": 0.9743589743589742, "support": 154.0}, "sr": {"precision": 1.0, "recall": 0.95, "f1-score": 0.9743589743589743, "support": 20.0}, "nb": {"precision": 0.9130434782608695, "recall": 0.9130434782608695, "f1-score": 0.9130434782608695, "support": 23.0}, "re": {"precision": 1.0, "recall": 1.0, "f1-score": 1.0, "support": 7.0}, "en": {"precision": 0.0, "recall": 0.0, "f1-score": 0.0, "support": 4.0}, "ra": {"precision": 1.0, "recall": 1.0, "f1-score": 1.0, "support": 3.0}, "dtp": {"precision": 0.8, "recall": 0.6896551724137931, "f1-score": 0.7407407407407408, "support": 29.0}, "fi": {"precision": 1.0, "recall": 1.0, "f1-score": 1.0, "support": 1.0}, "lt": {"precision": 1.0, "recall": 0.6, "f1-score": 0.7499999999999999, "support": 5.0}, "rv": {"precision": 0.8461538461538461, "recall": 0.9166666666666666, "f1-score": 0.8799999999999999, "support": 12.0}, "ob": {"precision": 1.0, "recall": 0.6, "f1-score": 0.7499999999999999, "support": 10.0}, "rs": {"precision": 1.0, "recall": 0.8, "f1-score": 0.888888888888889, "support": 20.0}, "av": {"precision": 0.8571428571428571, "recall": 0.6666666666666666, "f1-score": 0.75, "support": 18.0}, "ds": {"precision": 0.9619047619047619, "recall": 0.9528301886792453, "f1-score": 0.957345971563981, "support": 106.0}, "ed": {"precision": 0.0, "recall": 0.0, "f1-score": 0.0, "support": 0.0}}}