{"f1": 0.8897370653095844, "f1_macro": 0.8679481260605829, "precision": 0.9332740213523132, "recall": 0.8500810372771475, "accuracy": 0.7539184952978056, "threshold": 0.5999999999999999, "label_scores": {"MT": {"precision": 0.9230769230769231, "recall": 0.7058823529411765, "f1-score": 0.8000000000000002, "support": 34.0}, "LY": {"precision": 1.0, "recall": 1.0, "f1-score": 1.0, "support": 5.0}, "SP": {"precision": 1.0, "recall": 0.8888888888888888, "f1-score": 0.9411764705882353, "support": 9.0}, "ID": {"precision": 1.0, "recall": 0.8382352941176471, "f1-score": 0.9119999999999999, "support": 68.0}, "NA": {"precision": 0.9411764705882353, "recall": 0.8674698795180723, "f1-score": 0.9028213166144202, "support": 166.0}, "HI": {"precision": 0.9259259259259259, "recall": 0.6756756756756757, "f1-score": 0.7812500000000001, "support": 37.0}, "IN": {"precision": 0.9568345323741008, "recall": 0.910958904109589, "f1-score": 0.9333333333333332, "support": 146.0}, "OP": {"precision": 0.8636363636363636, "recall": 0.7808219178082192, "f1-score": 0.8201438848920863, "support": 73.0}, "IP": {"precision": 0.9308510638297872, "recall": 0.9067357512953368, "f1-score": 0.9186351706036746, "support": 193.0}, "it": {"precision": 1.0, "recall": 1.0, "f1-score": 1.0, "support": 7.0}, "ne": {"precision": 0.9375, "recall": 0.967741935483871, "f1-score": 0.9523809523809523, "support": 62.0}, "sr": {"precision": 1.0, "recall": 0.9375, "f1-score": 0.967741935483871, "support": 16.0}, "nb": {"precision": 0.9818181818181818, "recall": 0.782608695652174, "f1-score": 0.8709677419354839, "support": 69.0}, "re": {"precision": 1.0, "recall": 1.0, "f1-score": 1.0, "support": 9.0}, "en": {"precision": 0.92, "recall": 0.8518518518518519, "f1-score": 0.8846153846153846, "support": 27.0}, "ra": {"precision": 0.0, "recall": 0.0, "f1-score": 0.0, "support": 2.0}, "dtp": {"precision": 0.9242424242424242, "recall": 0.7625, "f1-score": 0.8356164383561645, "support": 80.0}, "fi": {"precision": 1.0, "recall": 0.5, "f1-score": 0.6666666666666666, "support": 4.0}, "lt": {"precision": 1.0, "recall": 0.7857142857142857, "f1-score": 0.88, "support": 14.0}, "rv": {"precision": 0.9117647058823529, "recall": 0.8378378378378378, "f1-score": 0.8732394366197184, "support": 37.0}, "ob": {"precision": 0.8181818181818182, "recall": 0.6428571428571429, "f1-score": 0.7200000000000001, "support": 14.0}, "rs": {"precision": 1.0, "recall": 0.625, "f1-score": 0.7692307692307693, "support": 8.0}, "av": {"precision": 0.8571428571428571, "recall": 0.5, "f1-score": 0.631578947368421, "support": 12.0}, "ds": {"precision": 0.8951048951048951, "recall": 0.9078014184397163, "f1-score": 0.9014084507042254, "support": 141.0}, "ed": {"precision": 0.0, "recall": 0.0, "f1-score": 0.0, "support": 1.0}}}