{"f1": 0.8470588235294119, "f1_macro": 0.6609010444161507, "precision": 0.8372093023255814, "recall": 0.8571428571428571, "accuracy": 0.69375, "threshold": 0.3, "label_scores": {"MT": {"precision": 0.2, "recall": 1.0, "f1-score": 0.33333333333333337, "support": 1.0}, "LY": {"precision": 1.0, "recall": 1.0, "f1-score": 1.0, "support": 3.0}, "SP": {"precision": 0.0, "recall": 0.0, "f1-score": 0.0, "support": 0.0}, "ID": {"precision": 0.25, "recall": 1.0, "f1-score": 0.4, "support": 1.0}, "NA": {"precision": 0.9326923076923077, "recall": 0.97, "f1-score": 0.9509803921568627, "support": 100.0}, "HI": {"precision": 0.5, "recall": 0.5, "f1-score": 0.5, "support": 2.0}, "IN": {"precision": 0.6818181818181818, "recall": 0.625, "f1-score": 0.6521739130434783, "support": 24.0}, "OP": {"precision": 0.868421052631579, "recall": 0.9428571428571428, "f1-score": 0.904109589041096, "support": 35.0}, "IP": {"precision": 0.625, "recall": 0.4166666666666667, "f1-score": 0.5, "support": 12.0}, "it": {"precision": 0.0, "recall": 0.0, "f1-score": 0.0, "support": 0.0}, "ne": {"precision": 0.9534883720930233, "recall": 0.9879518072289156, "f1-score": 0.9704142011834319, "support": 83.0}, "sr": {"precision": 0.8333333333333334, "recall": 1.0, "f1-score": 0.9090909090909091, "support": 5.0}, "nb": {"precision": 0.3333333333333333, "recall": 0.25, "f1-score": 0.28571428571428575, "support": 4.0}, "re": {"precision": 0.0, "recall": 0.0, "f1-score": 0.0, "support": 0.0}, "en": {"precision": 0.8571428571428571, "recall": 1.0, "f1-score": 0.923076923076923, "support": 6.0}, "ra": {"precision": 0.0, "recall": 0.0, "f1-score": 0.0, "support": 0.0}, "dtp": {"precision": 0.45454545454545453, "recall": 0.625, "f1-score": 0.5263157894736842, "support": 8.0}, "fi": {"precision": 0.0, "recall": 0.0, "f1-score": 0.0, "support": 5.0}, "lt": {"precision": 0.0, "recall": 0.0, "f1-score": 0.0, "support": 1.0}, "rv": {"precision": 0.5, "recall": 0.5, "f1-score": 0.5, "support": 2.0}, "ob": {"precision": 0.4166666666666667, "recall": 1.0, "f1-score": 0.5882352941176471, "support": 5.0}, "rs": {"precision": 0.9, "recall": 0.9, "f1-score": 0.9, "support": 20.0}, "av": {"precision": 1.0, "recall": 0.625, "f1-score": 0.7692307692307693, "support": 8.0}, "ds": {"precision": 1.0, "recall": 0.3333333333333333, "f1-score": 0.5, "support": 6.0}, "ed": {"precision": 0.5, "recall": 0.4, "f1-score": 0.4444444444444445, "support": 5.0}}}