{"f1": 0.7320410490307867, "f1_macro": 0.6829922773200549, "precision": 0.7655007949125596, "recall": 0.7013838310269482, "accuracy": 0.49961330239752516, "threshold": 0.39999999999999997, "label_scores": {"MT": {"precision": 0.9130434782608695, "recall": 0.7241379310344828, "f1-score": 0.8076923076923076, "support": 116.0}, "LY": {"precision": 0.0, "recall": 0.0, "f1-score": 0.0, "support": 15.0}, "SP": {"precision": 0.0, "recall": 0.0, "f1-score": 0.0, "support": 7.0}, "ID": {"precision": 0.0, "recall": 0.0, "f1-score": 0.0, "support": 51.0}, "NA": {"precision": 0.7956204379562044, "recall": 0.8320610687022901, "f1-score": 0.8134328358208955, "support": 393.0}, "HI": {"precision": 0.6363636363636364, "recall": 0.1794871794871795, "f1-score": 0.28, "support": 78.0}, "IN": {"precision": 0.7650429799426934, "recall": 0.7899408284023669, "f1-score": 0.7772925764192141, "support": 338.0}, "OP": {"precision": 0.6516129032258065, "recall": 0.6158536585365854, "f1-score": 0.6332288401253918, "support": 164.0}, "IP": {"precision": 0.774617067833698, "recall": 0.8309859154929577, "f1-score": 0.8018120045300113, "support": 426.0}, "it": {"precision": 0.0, "recall": 0.0, "f1-score": 0.0, "support": 6.0}, "ne": {"precision": 0.7634408602150538, "recall": 0.7473684210526316, "f1-score": 0.7553191489361704, "support": 95.0}, "sr": {"precision": 0.0, "recall": 0.0, "f1-score": 0.0, "support": 14.0}, "nb": {"precision": 0.7865612648221344, "recall": 0.8089430894308943, "f1-score": 0.7975951903807615, "support": 246.0}, "re": {"precision": 0.0, "recall": 0.0, "f1-score": 0.0, "support": 18.0}, "en": {"precision": 0.8571428571428571, "recall": 0.9022556390977443, "f1-score": 0.879120879120879, "support": 133.0}, "ra": {"precision": 0.0, "recall": 0.0, "f1-score": 0.0, "support": 1.0}, "dtp": {"precision": 0.45454545454545453, "recall": 0.21505376344086022, "f1-score": 0.29197080291970806, "support": 93.0}, "fi": {"precision": 1.0, "recall": 0.5666666666666667, "f1-score": 0.7234042553191489, "support": 30.0}, "lt": {"precision": 0.7692307692307693, "recall": 0.5263157894736842, "f1-score": 0.625, "support": 38.0}, "rv": {"precision": 0.8536585365853658, "recall": 0.5147058823529411, "f1-score": 0.6422018348623854, "support": 68.0}, "ob": {"precision": 0.7111111111111111, "recall": 0.5925925925925926, "f1-score": 0.6464646464646464, "support": 54.0}, "rs": {"precision": 0.0, "recall": 0.0, "f1-score": 0.0, "support": 9.0}, "av": {"precision": 0.0, "recall": 0.0, "f1-score": 0.0, "support": 27.0}, "ds": {"precision": 0.7142857142857143, "recall": 0.8359621451104101, "f1-score": 0.7703488372093023, "support": 317.0}, "ed": {"precision": 0.0, "recall": 0.0, "f1-score": 0.0, "support": 9.0}}}