{"f1": 0.7484454494064443, "f1_macro": 0.6874029936357817, "precision": 0.7806603773584906, "recall": 0.7187839305103149, "accuracy": 0.601580660158066, "threshold": 0.44999999999999996, "label_scores": {"MT": {"precision": 0.996268656716418, "recall": 0.967391304347826, "f1-score": 0.9816176470588235, "support": 276.0}, "LY": {"precision": 0.0, "recall": 0.0, "f1-score": 0.0, "support": 5.0}, "SP": {"precision": 0.0, "recall": 0.0, "f1-score": 0.0, "support": 18.0}, "ID": {"precision": 0.8019323671497585, "recall": 0.7186147186147186, "f1-score": 0.7579908675799087, "support": 231.0}, "NA": {"precision": 0.8031980319803198, "recall": 0.8660477453580901, "f1-score": 0.8334396936821953, "support": 754.0}, "HI": {"precision": 0.8225806451612904, "recall": 0.4358974358974359, "f1-score": 0.5698324022346369, "support": 117.0}, "IN": {"precision": 0.6746666666666666, "recall": 0.6988950276243094, "f1-score": 0.6865671641791045, "support": 362.0}, "OP": {"precision": 0.758364312267658, "recall": 0.7183098591549296, "f1-score": 0.7377938517179023, "support": 284.0}, "IP": {"precision": 0.7573221757322176, "recall": 0.7182539682539683, "f1-score": 0.7372708757637475, "support": 252.0}, "it": {"precision": 0.0, "recall": 0.0, "f1-score": 0.0, "support": 13.0}, "ne": {"precision": 0.6382252559726962, "recall": 0.8311111111111111, "f1-score": 0.7220077220077219, "support": 225.0}, "sr": {"precision": 0.9491525423728814, "recall": 0.7887323943661971, "f1-score": 0.8615384615384616, "support": 71.0}, "nb": {"precision": 0.826797385620915, "recall": 0.7597597597597597, "f1-score": 0.7918622848200314, "support": 333.0}, "re": {"precision": 0.0, "recall": 0.0, "f1-score": 0.0, "support": 8.0}, "en": {"precision": 1.0, "recall": 0.08888888888888889, "f1-score": 0.163265306122449, "support": 45.0}, "ra": {"precision": 0.0, "recall": 0.0, "f1-score": 0.0, "support": 14.0}, "dtp": {"precision": 0.5166666666666667, "recall": 0.22794117647058823, "f1-score": 0.3163265306122449, "support": 136.0}, "fi": {"precision": 0.0, "recall": 0.0, "f1-score": 0.0, "support": 4.0}, "lt": {"precision": 0.0, "recall": 0.0, "f1-score": 0.0, "support": 26.0}, "rv": {"precision": 0.8269230769230769, "recall": 0.7889908256880734, "f1-score": 0.807511737089202, "support": 109.0}, "ob": {"precision": 0.6, "recall": 0.39705882352941174, "f1-score": 0.47787610619469023, "support": 68.0}, "rs": {"precision": 0.8714285714285714, "recall": 0.6931818181818182, "f1-score": 0.7721518987341771, "support": 88.0}, "av": {"precision": 0.0, "recall": 0.0, "f1-score": 0.0, "support": 12.0}, "ds": {"precision": 0.7706422018348624, "recall": 0.7924528301886793, "f1-score": 0.7813953488372094, "support": 212.0}, "ed": {"precision": 0.0, "recall": 0.0, "f1-score": 0.0, "support": 21.0}}}