{"f1": 0.7480730223123732, "f1_macro": 0.7200888650264006, "precision": 0.7453516572352465, "recall": 0.750814332247557, "accuracy": 0.6118084611808461, "threshold": 0.39999999999999997, "label_scores": {"MT": {"precision": 0.996268656716418, "recall": 0.967391304347826, "f1-score": 0.9816176470588235, "support": 276.0}, "LY": {"precision": 0.0, "recall": 0.0, "f1-score": 0.0, "support": 5.0}, "SP": {"precision": 0.0, "recall": 0.0, "f1-score": 0.0, "support": 18.0}, "ID": {"precision": 0.7763157894736842, "recall": 0.7662337662337663, "f1-score": 0.7712418300653594, "support": 231.0}, "NA": {"precision": 0.7597254004576659, "recall": 0.8806366047745358, "f1-score": 0.8157248157248157, "support": 754.0}, "HI": {"precision": 0.6962025316455697, "recall": 0.4700854700854701, "f1-score": 0.5612244897959183, "support": 117.0}, "IN": {"precision": 0.6598984771573604, "recall": 0.7182320441988951, "f1-score": 0.6878306878306878, "support": 362.0}, "OP": {"precision": 0.7357142857142858, "recall": 0.7253521126760564, "f1-score": 0.7304964539007093, "support": 284.0}, "IP": {"precision": 0.7773279352226721, "recall": 0.7619047619047619, "f1-score": 0.7695390781563126, "support": 252.0}, "it": {"precision": 0.0, "recall": 0.0, "f1-score": 0.0, "support": 13.0}, "ne": {"precision": 0.5875370919881305, "recall": 0.88, "f1-score": 0.704626334519573, "support": 225.0}, "sr": {"precision": 0.8939393939393939, "recall": 0.8309859154929577, "f1-score": 0.8613138686131386, "support": 71.0}, "nb": {"precision": 0.8205980066445183, "recall": 0.7417417417417418, "f1-score": 0.7791798107255521, "support": 333.0}, "re": {"precision": 0.0, "recall": 0.0, "f1-score": 0.0, "support": 8.0}, "en": {"precision": 0.75, "recall": 0.4, "f1-score": 0.5217391304347827, "support": 45.0}, "ra": {"precision": 0.0, "recall": 0.0, "f1-score": 0.0, "support": 14.0}, "dtp": {"precision": 0.4888888888888889, "recall": 0.4852941176470588, "f1-score": 0.4870848708487085, "support": 136.0}, "fi": {"precision": 0.0, "recall": 0.0, "f1-score": 0.0, "support": 4.0}, "lt": {"precision": 0.0, "recall": 0.0, "f1-score": 0.0, "support": 26.0}, "rv": {"precision": 0.7758620689655172, "recall": 0.8256880733944955, "f1-score": 0.8, "support": 109.0}, "ob": {"precision": 0.5, "recall": 0.47058823529411764, "f1-score": 0.48484848484848486, "support": 68.0}, "rs": {"precision": 0.8611111111111112, "recall": 0.7045454545454546, "f1-score": 0.775, "support": 88.0}, "av": {"precision": 0.0, "recall": 0.0, "f1-score": 0.0, "support": 12.0}, "ds": {"precision": 0.7654867256637168, "recall": 0.8160377358490566, "f1-score": 0.7899543378995435, "support": 212.0}, "ed": {"precision": 0.0, "recall": 0.0, "f1-score": 0.0, "support": 21.0}}}