{"f1": 0.8662790697674418, "f1_macro": 0.673650752888041, "precision": 0.9030303030303031, "recall": 0.8324022346368715, "accuracy": 0.79375, "threshold": 0.39999999999999997, "label_scores": {"Forum": {"precision": 0.5, "recall": 1.0, "f1-score": 0.6666666666666666, "support": 1.0}, "Information/Explanation": {"precision": 0.7142857142857143, "recall": 0.5555555555555556, "f1-score": 0.6250000000000001, "support": 18.0}, "Instruction": {"precision": 1.0, "recall": 0.14285714285714285, "f1-score": 0.25, "support": 7.0}, "Legal": {"precision": 1.0, "recall": 1.0, "f1-score": 1.0, "support": 1.0}, "News": {"precision": 0.9887640449438202, "recall": 1.0, "f1-score": 0.9943502824858756, "support": 88.0}, "Opinion/Argumentation": {"precision": 0.9130434782608695, "recall": 0.8076923076923077, "f1-score": 0.8571428571428572, "support": 26.0}, "Other": {"precision": 0.2, "recall": 1.0, "f1-score": 0.33333333333333337, "support": 1.0}, "Promotion": {"precision": 0.6, "recall": 0.42857142857142855, "f1-score": 0.5, "support": 7.0}, "Prose/Lyrical": {"precision": 0.92, "recall": 0.7666666666666667, "f1-score": 0.8363636363636363, "support": 30.0}}}