{"f1": 0.6785714285714285, "f1_macro": 0.6672326898497163, "precision": 0.6333333333333333, "recall": 0.7307692307692307, "accuracy": 0.56, "threshold": 0.39999999999999997, "label_scores": {"Forum": {"precision": 0.5714285714285714, "recall": 1.0, "f1-score": 0.7272727272727273, "support": 4.0}, "Information/Explanation": {"precision": 0.5555555555555556, "recall": 0.7692307692307693, "f1-score": 0.6451612903225806, "support": 13.0}, "Instruction": {"precision": 0.5555555555555556, "recall": 0.5, "f1-score": 0.5263157894736842, "support": 10.0}, "Legal": {"precision": 0.5, "recall": 1.0, "f1-score": 0.6666666666666666, "support": 2.0}, "News": {"precision": 0.0, "recall": 0.0, "f1-score": 0.0, "support": 3.0}, "Opinion/Argumentation": {"precision": 0.8, "recall": 0.7058823529411765, "f1-score": 0.7500000000000001, "support": 34.0}, "Other": {"precision": 1.0, "recall": 0.4, "f1-score": 0.5714285714285715, "support": 5.0}, "Promotion": {"precision": 0.7073170731707317, "recall": 0.8787878787878788, "f1-score": 0.7837837837837839, "support": 33.0}, "Prose/Lyrical": {"precision": 0.0, "recall": 0.0, "f1-score": 0.0, "support": 0.0}}}