{"f1": 0.716577540106952, "f1_macro": 0.710333975640098, "precision": 0.6836734693877551, "recall": 0.7528089887640449, "accuracy": 0.45588235294117646, "threshold": 0.3, "label_scores": {"Forum": {"precision": 0.0, "recall": 0.0, "f1-score": 0.0, "support": 0.0}, "Information/Explanation": {"precision": 0.6666666666666666, "recall": 0.6666666666666666, "f1-score": 0.6666666666666666, "support": 15.0}, "Instruction": {"precision": 0.5555555555555556, "recall": 0.8333333333333334, "f1-score": 0.6666666666666667, "support": 6.0}, "Legal": {"precision": 1.0, "recall": 1.0, "f1-score": 1.0, "support": 1.0}, "News": {"precision": 0.8333333333333334, "recall": 1.0, "f1-score": 0.9090909090909091, "support": 20.0}, "Opinion/Argumentation": {"precision": 0.8125, "recall": 0.6190476190476191, "f1-score": 0.7027027027027026, "support": 21.0}, "Other": {"precision": 0.0, "recall": 0.0, "f1-score": 0.0, "support": 3.0}, "Promotion": {"precision": 0.5862068965517241, "recall": 0.85, "f1-score": 0.6938775510204082, "support": 20.0}, "Prose/Lyrical": {"precision": 0.3333333333333333, "recall": 0.3333333333333333, "f1-score": 0.3333333333333333, "support": 3.0}}}