{"f1": 0.8112475759534584, "f1_macro": 0.76844338344275, "precision": 0.8272907053394858, "recall": 0.7958148383005708, "accuracy": 0.6976024748646559, "threshold": 0.44999999999999996, "label_scores": {"Forum": {"precision": 0.8947368421052632, "recall": 0.6666666666666666, "f1-score": 0.7640449438202247, "support": 51.0}, "Information/Explanation": {"precision": 0.7681660899653979, "recall": 0.8191881918819188, "f1-score": 0.7928571428571428, "support": 271.0}, "Instruction": {"precision": 0.782608695652174, "recall": 0.6728971962616822, "f1-score": 0.7236180904522613, "support": 107.0}, "Legal": {"precision": 0.8787878787878788, "recall": 0.7631578947368421, "f1-score": 0.8169014084507042, "support": 38.0}, "News": {"precision": 0.845360824742268, "recall": 0.7522935779816514, "f1-score": 0.796116504854369, "support": 109.0}, "Opinion/Argumentation": {"precision": 0.8723958333333334, "recall": 0.850253807106599, "f1-score": 0.8611825192802057, "support": 394.0}, "Other": {"precision": 0.9411764705882353, "recall": 0.7804878048780488, "f1-score": 0.8533333333333334, "support": 123.0}, "Promotion": {"precision": 0.8416075650118203, "recall": 0.8537170263788969, "f1-score": 0.8476190476190477, "support": 417.0}, "Prose/Lyrical": {"precision": 0.4915254237288136, "recall": 0.43283582089552236, "f1-score": 0.46031746031746035, "support": 67.0}}}