{"f1": 0.6428571428571429, "f1_macro": 0.6172088197466646, "precision": 0.6356877323420075, "recall": 0.6501901140684411, "accuracy": 0.44360902255639095, "threshold": 0.39999999999999997, "label_scores": {"MT": {"precision": 0.8125, "recall": 0.7647058823529411, "f1-score": 0.787878787878788, "support": 17.0}, "LY": {"precision": 0.0, "recall": 0.0, "f1-score": 0.0, "support": 0.0}, "SP": {"precision": 0.0, "recall": 0.0, "f1-score": 0.0, "support": 0.0}, "ID": {"precision": 1.0, "recall": 0.5, "f1-score": 0.6666666666666666, "support": 4.0}, "NA": {"precision": 0.6451612903225806, "recall": 0.7407407407407407, "f1-score": 0.689655172413793, "support": 27.0}, "HI": {"precision": 0.5, "recall": 0.6, "f1-score": 0.5454545454545454, "support": 10.0}, "IN": {"precision": 0.7941176470588235, "recall": 0.6, "f1-score": 0.6835443037974683, "support": 45.0}, "OP": {"precision": 0.4444444444444444, "recall": 0.4444444444444444, "f1-score": 0.4444444444444444, "support": 9.0}, "IP": {"precision": 0.603448275862069, "recall": 0.9210526315789473, "f1-score": 0.7291666666666666, "support": 38.0}, "it": {"precision": 0.0, "recall": 0.0, "f1-score": 0.0, "support": 0.0}, "ne": {"precision": 0.875, "recall": 0.6363636363636364, "f1-score": 0.7368421052631579, "support": 11.0}, "sr": {"precision": 1.0, "recall": 0.6, "f1-score": 0.7499999999999999, "support": 5.0}, "nb": {"precision": 0.5, "recall": 0.75, "f1-score": 0.6, "support": 8.0}, "re": {"precision": 1.0, "recall": 0.6666666666666666, "f1-score": 0.8, "support": 6.0}, "en": {"precision": 0.5, "recall": 1.0, "f1-score": 0.6666666666666666, "support": 3.0}, "ra": {"precision": 0.0, "recall": 0.0, "f1-score": 0.0, "support": 0.0}, "dtp": {"precision": 0.5384615384615384, "recall": 0.28, "f1-score": 0.3684210526315789, "support": 25.0}, "fi": {"precision": 0.0, "recall": 0.0, "f1-score": 0.0, "support": 6.0}, "lt": {"precision": 0.3333333333333333, "recall": 1.0, "f1-score": 0.5, "support": 1.0}, "rv": {"precision": 0.25, "recall": 0.3333333333333333, "f1-score": 0.28571428571428575, "support": 3.0}, "ob": {"precision": 0.0, "recall": 0.0, "f1-score": 0.0, "support": 2.0}, "rs": {"precision": 0.0, "recall": 0.0, "f1-score": 0.0, "support": 1.0}, "av": {"precision": 1.0, "recall": 0.3333333333333333, "f1-score": 0.5, "support": 3.0}, "ds": {"precision": 0.62, "recall": 0.9117647058823529, "f1-score": 0.7380952380952381, "support": 34.0}, "ed": {"precision": 0.0, "recall": 0.0, "f1-score": 0.0, "support": 5.0}}}