{"f1": 0.547486033519553, "precision": 0.49, "recall": 0.620253164556962, "accuracy": 0.26, "threshold": 0.39999999999999997, "label_scores": {"MT": {"precision": 1.0, "recall": 0.25, "f1-score": 0.4, "support": 4.0}, "LY": {"precision": 0.0, "recall": 0.0, "f1-score": 0.0, "support": 0.0}, "SP": {"precision": 1.0, "recall": 1.0, "f1-score": 1.0, "support": 1.0}, "ID": {"precision": 0.5714285714285714, "recall": 1.0, "f1-score": 0.7272727272727273, "support": 4.0}, "NA": {"precision": 0.8260869565217391, "recall": 0.5277777777777778, "f1-score": 0.6440677966101694, "support": 36.0}, "HI": {"precision": 0.5555555555555556, "recall": 0.5, "f1-score": 0.5263157894736842, "support": 10.0}, "IN": {"precision": 0.5909090909090909, "recall": 0.8666666666666667, "f1-score": 0.7027027027027029, "support": 15.0}, "OP": {"precision": 0.15, "recall": 0.75, "f1-score": 0.24999999999999997, "support": 4.0}, "IP": {"precision": 0.7073170731707317, "recall": 0.8787878787878788, "f1-score": 0.7837837837837839, "support": 33.0}, "it": {"precision": 1.0, "recall": 1.0, "f1-score": 1.0, "support": 1.0}, "ne": {"precision": 0.0, "recall": 0.0, "f1-score": 0.0, "support": 3.0}, "sr": {"precision": 0.0, "recall": 0.0, "f1-score": 0.0, "support": 0.0}, "nb": {"precision": 0.9285714285714286, "recall": 0.3939393939393939, "f1-score": 0.5531914893617021, "support": 33.0}, "re": {"precision": 0.0, "recall": 0.0, "f1-score": 0.0, "support": 0.0}, "en": {"precision": 0.0, "recall": 0.0, "f1-score": 0.0, "support": 0.0}, "ra": {"precision": 0.0, "recall": 0.0, "f1-score": 0.0, "support": 0.0}, "dtp": {"precision": 0.8571428571428571, "recall": 0.75, "f1-score": 0.7999999999999999, "support": 8.0}, "fi": {"precision": 0.0, "recall": 0.0, "f1-score": 0.0, "support": 0.0}, "lt": {"precision": 0.5, "recall": 1.0, "f1-score": 0.6666666666666666, "support": 2.0}, "rv": {"precision": 0.1, "recall": 1.0, "f1-score": 0.18181818181818182, "support": 1.0}, "ob": {"precision": 0.0, "recall": 0.0, "f1-score": 0.0, "support": 0.0}, "rs": {"precision": 0.0, "recall": 0.0, "f1-score": 0.0, "support": 0.0}, "av": {"precision": 0.0, "recall": 0.0, "f1-score": 0.0, "support": 3.0}, "ds": {"precision": 0.0, "recall": 0.0, "f1-score": 0.0, "support": 0.0}, "ed": {"precision": 0.0, "recall": 0.0, "f1-score": 0.0, "support": 0.0}}}