{"f1": 0.7038123167155425, "f1_macro": 0.6880172665498752, "precision": 0.6629834254143646, "recall": 0.75, "accuracy": 0.38235294117647056, "threshold": 0.3, "label_scores": {"MT": {"precision": 0.0, "recall": 0.0, "f1-score": 0.0, "support": 2.0}, "LY": {"precision": 1.0, "recall": 0.3333333333333333, "f1-score": 0.5, "support": 3.0}, "SP": {"precision": 0.0, "recall": 0.0, "f1-score": 0.0, "support": 1.0}, "ID": {"precision": 0.0, "recall": 0.0, "f1-score": 0.0, "support": 0.0}, "NA": {"precision": 0.8, "recall": 1.0, "f1-score": 0.888888888888889, "support": 20.0}, "HI": {"precision": 0.5555555555555556, "recall": 0.8333333333333334, "f1-score": 0.6666666666666667, "support": 6.0}, "IN": {"precision": 0.6875, "recall": 0.6875, "f1-score": 0.6875, "support": 16.0}, "OP": {"precision": 0.7647058823529411, "recall": 0.6842105263157895, "f1-score": 0.7222222222222222, "support": 19.0}, "IP": {"precision": 0.5806451612903226, "recall": 0.782608695652174, "f1-score": 0.6666666666666667, "support": 23.0}, "it": {"precision": 0.0, "recall": 0.0, "f1-score": 0.0, "support": 0.0}, "ne": {"precision": 0.8947368421052632, "recall": 1.0, "f1-score": 0.9444444444444444, "support": 17.0}, "sr": {"precision": 0.625, "recall": 1.0, "f1-score": 0.7692307692307693, "support": 5.0}, "nb": {"precision": 0.0, "recall": 0.0, "f1-score": 0.0, "support": 0.0}, "re": {"precision": 0.0, "recall": 0.0, "f1-score": 0.0, "support": 0.0}, "en": {"precision": 0.0, "recall": 0.0, "f1-score": 0.0, "support": 1.0}, "ra": {"precision": 0.0, "recall": 0.0, "f1-score": 0.0, "support": 0.0}, "dtp": {"precision": 0.6, "recall": 0.46153846153846156, "f1-score": 0.5217391304347826, "support": 13.0}, "fi": {"precision": 0.0, "recall": 0.0, "f1-score": 0.0, "support": 0.0}, "lt": {"precision": 1.0, "recall": 1.0, "f1-score": 1.0, "support": 1.0}, "rv": {"precision": 0.0, "recall": 0.0, "f1-score": 0.0, "support": 1.0}, "ob": {"precision": 0.25, "recall": 1.0, "f1-score": 0.4, "support": 1.0}, "rs": {"precision": 0.0, "recall": 0.0, "f1-score": 0.0, "support": 0.0}, "av": {"precision": 1.0, "recall": 0.625, "f1-score": 0.7692307692307693, "support": 8.0}, "ds": {"precision": 0.6153846153846154, "recall": 0.8, "f1-score": 0.6956521739130435, "support": 20.0}, "ed": {"precision": 0.5, "recall": 0.3333333333333333, "f1-score": 0.4, "support": 3.0}}}