{"f1": 0.8231511254019291, "precision": 0.927536231884058, "recall": 0.7398843930635838, "accuracy": 0.73125, "threshold": 0.5499999999999999, "label_scores": {"MT": {"precision": 0.75, "recall": 0.6, "f1-score": 0.6666666666666665, "support": 5.0}, "LY": {"precision": 1.0, "recall": 0.75, "f1-score": 0.8571428571428571, "support": 12.0}, "SP": {"precision": 0.0, "recall": 0.0, "f1-score": 0.0, "support": 2.0}, "ID": {"precision": 1.0, "recall": 1.0, "f1-score": 1.0, "support": 1.0}, "NA": {"precision": 0.9733333333333334, "recall": 0.8588235294117647, "f1-score": 0.9125, "support": 85.0}, "HI": {"precision": 0.8571428571428571, "recall": 0.6666666666666666, "f1-score": 0.75, "support": 9.0}, "IN": {"precision": 0.90625, "recall": 0.8529411764705882, "f1-score": 0.8787878787878787, "support": 34.0}, "OP": {"precision": 0.6666666666666666, "recall": 0.5454545454545454, "f1-score": 0.6, "support": 11.0}, "IP": {"precision": 1.0, "recall": 0.07142857142857142, "f1-score": 0.13333333333333333, "support": 14.0}}}