{"f1": 0.7507930912936202, "f1_macro": 0.7196963281494245, "precision": 0.7689530685920578, "recall": 0.7334710743801653, "accuracy": 0.6422240128928284, "threshold": 0.44999999999999996, "label_scores": {"Forum": {"precision": 0.9607843137254902, "recall": 0.8166666666666667, "f1-score": 0.882882882882883, "support": 120.0}, "Information/Explanation": {"precision": 0.706081081081081, "recall": 0.7517985611510791, "f1-score": 0.7282229965156795, "support": 278.0}, "Instruction": {"precision": 0.6410256410256411, "recall": 0.6410256410256411, "f1-score": 0.6410256410256411, "support": 78.0}, "Legal": {"precision": 0.7741935483870968, "recall": 0.631578947368421, "f1-score": 0.6956521739130435, "support": 38.0}, "News": {"precision": 0.8538461538461538, "recall": 0.7551020408163265, "f1-score": 0.8014440433212996, "support": 147.0}, "Opinion/Argumentation": {"precision": 0.7647058823529411, "recall": 0.6946564885496184, "f1-score": 0.728, "support": 262.0}, "Other": {"precision": 0.8947368421052632, "recall": 0.6455696202531646, "f1-score": 0.7500000000000001, "support": 79.0}, "Promotion": {"precision": 0.8274932614555256, "recall": 0.8100263852242744, "f1-score": 0.8186666666666665, "support": 379.0}, "Prose/Lyrical": {"precision": 0.4024390243902439, "recall": 0.4647887323943662, "f1-score": 0.43137254901960786, "support": 71.0}}}