{"f1": 0.6251621271076524, "f1_macro": 0.5545235732683824, "precision": 0.5906862745098039, "recall": 0.6639118457300276, "accuracy": 0.5271084337349398, "threshold": 0.39999999999999997, "label_scores": {"Forum": {"precision": 0.5714285714285714, "recall": 0.23529411764705882, "f1-score": 0.3333333333333333, "support": 17.0}, "Information/Explanation": {"precision": 0.417910447761194, "recall": 0.5957446808510638, "f1-score": 0.4912280701754387, "support": 47.0}, "Instruction": {"precision": 0.6666666666666666, "recall": 0.5625, "f1-score": 0.6101694915254238, "support": 32.0}, "Legal": {"precision": 0.5, "recall": 0.75, "f1-score": 0.6, "support": 8.0}, "News": {"precision": 0.6914893617021277, "recall": 0.8125, "f1-score": 0.7471264367816093, "support": 80.0}, "Opinion/Argumentation": {"precision": 0.4375, "recall": 0.4883720930232558, "f1-score": 0.4615384615384615, "support": 43.0}, "Other": {"precision": 0.0, "recall": 0.0, "f1-score": 0.0, "support": 0.0}, "Promotion": {"precision": 0.7787610619469026, "recall": 0.8073394495412844, "f1-score": 0.7927927927927928, "support": 109.0}, "Prose/Lyrical": {"precision": 0.39285714285714285, "recall": 0.4074074074074074, "f1-score": 0.39999999999999997, "support": 27.0}}}