{"f1": 0.6539682539682539, "f1_macro": 0.6694696137592647, "precision": 0.639751552795031, "recall": 0.6688311688311688, "accuracy": 0.5338345864661654, "threshold": 0.39999999999999997, "label_scores": {"Forum": {"precision": 1.0, "recall": 0.5, "f1-score": 0.6666666666666666, "support": 4.0}, "Information/Explanation": {"precision": 0.7419354838709677, "recall": 0.575, "f1-score": 0.6478873239436619, "support": 40.0}, "Instruction": {"precision": 0.75, "recall": 0.5625, "f1-score": 0.6428571428571429, "support": 16.0}, "Legal": {"precision": 0.3333333333333333, "recall": 1.0, "f1-score": 0.5, "support": 1.0}, "News": {"precision": 1.0, "recall": 0.6875, "f1-score": 0.8148148148148148, "support": 16.0}, "Opinion/Argumentation": {"precision": 0.631578947368421, "recall": 0.5714285714285714, "f1-score": 0.6, "support": 21.0}, "Other": {"precision": 0.8125, "recall": 0.7647058823529411, "f1-score": 0.787878787878788, "support": 17.0}, "Promotion": {"precision": 0.5517241379310345, "recall": 0.9411764705882353, "f1-score": 0.6956521739130435, "support": 34.0}, "Prose/Lyrical": {"precision": 0.0, "recall": 0.0, "f1-score": 0.0, "support": 5.0}}}