{"f1": 0.6090999667884425, "precision": 0.6795109299740645, "recall": 0.5519109238639783, "accuracy": 0.30269814502529513, "pr_auc": 0.6731862028545347, "threshold": 0.3, "label_scores": {"MT": {"precision": 0.2127659574468085, "recall": 0.6896551724137931, "f1-score": 0.3252032520325203, "support": 29.0}, "LY": {"precision": 0.8888888888888888, "recall": 0.6666666666666666, "f1-score": 0.761904761904762, "support": 12.0}, "SP": {"precision": 0.0, "recall": 0.0, "f1-score": 0.0, "support": 104.0}, "ID": {"precision": 0.5, "recall": 0.13636363636363635, "f1-score": 0.21428571428571427, "support": 44.0}, "NA": {"precision": 0.8734693877551021, "recall": 0.7392055267702936, "f1-score": 0.8007483629560337, "support": 579.0}, "HI": {"precision": 0.5220125786163522, "recall": 0.6535433070866141, "f1-score": 0.5804195804195804, "support": 127.0}, "IN": {"precision": 0.6944444444444444, "recall": 0.4151291512915129, "f1-score": 0.5196304849884525, "support": 542.0}, "OP": {"precision": 0.6685393258426966, "recall": 0.4061433447098976, "f1-score": 0.505307855626327, "support": 293.0}, "IP": {"precision": 0.7125748502994012, "recall": 0.7579617834394905, "f1-score": 0.7345679012345678, "support": 314.0}, "it": {"precision": 0.0, "recall": 0.0, "f1-score": 0.0, "support": 13.0}, "ne": {"precision": 0.8035190615835777, "recall": 0.9256756756756757, "f1-score": 0.8602825745682888, "support": 296.0}, "sr": {"precision": 0.8461538461538461, "recall": 0.9565217391304348, "f1-score": 0.8979591836734695, "support": 46.0}, "nb": {"precision": 0.6081081081081081, "recall": 0.2980132450331126, "f1-score": 0.4, "support": 151.0}, "re": {"precision": 0.9166666666666666, "recall": 0.6875, "f1-score": 0.7857142857142857, "support": 16.0}, "en": {"precision": 0.625, "recall": 0.2631578947368421, "f1-score": 0.37037037037037035, "support": 19.0}, "ra": {"precision": 0.6, "recall": 0.42857142857142855, "f1-score": 0.5, "support": 14.0}, "dtp": {"precision": 0.2986111111111111, "recall": 0.22395833333333334, "f1-score": 0.255952380952381, "support": 192.0}, "fi": {"precision": 1.0, "recall": 0.5, "f1-score": 0.6666666666666666, "support": 2.0}, "lt": {"precision": 0.3333333333333333, "recall": 0.38461538461538464, "f1-score": 0.3571428571428571, "support": 13.0}, "rv": {"precision": 0.7027027027027027, "recall": 0.4, "f1-score": 0.5098039215686274, "support": 65.0}, "ob": {"precision": 0.5, "recall": 0.11711711711711711, "f1-score": 0.1897810218978102, "support": 111.0}, "rs": {"precision": 0.8695652173913043, "recall": 0.5714285714285714, "f1-score": 0.689655172413793, "support": 35.0}, "av": {"precision": 0.4262295081967213, "recall": 0.40625, "f1-score": 0.4159999999999999, "support": 64.0}, "ds": {"precision": 0.6438356164383562, "recall": 0.8173913043478261, "f1-score": 0.7203065134099618, "support": 230.0}, "ed": {"precision": 0.0, "recall": 0.0, "f1-score": 0.0, "support": 12.0}}}