{"f1": 0.8077994428969361, "precision": 0.8055555555555556, "recall": 0.8100558659217877, "accuracy": 0.7625, "threshold": 0.35, "label_scores": {"Forum": {"precision": 0.2, "recall": 1.0, "f1-score": 0.33333333333333337, "support": 1.0}, "Information/Explanation": {"precision": 0.5909090909090909, "recall": 0.7222222222222222, "f1-score": 0.65, "support": 18.0}, "Instruction": {"precision": 0.5, "recall": 0.2857142857142857, "f1-score": 0.36363636363636365, "support": 7.0}, "Legal": {"precision": 0.0, "recall": 0.0, "f1-score": 0.0, "support": 1.0}, "News": {"precision": 0.9777777777777777, "recall": 1.0, "f1-score": 0.9887640449438202, "support": 88.0}, "Opinion/Argumentation": {"precision": 0.7916666666666666, "recall": 0.7307692307692307, "f1-score": 0.76, "support": 26.0}, "Other": {"precision": 0.16666666666666666, "recall": 1.0, "f1-score": 0.2857142857142857, "support": 1.0}, "Promotion": {"precision": 0.3333333333333333, "recall": 0.42857142857142855, "f1-score": 0.375, "support": 7.0}, "Prose/Lyrical": {"precision": 0.9, "recall": 0.6, "f1-score": 0.7200000000000001, "support": 30.0}}}