{"f1": 0.7171428571428572, "f1_macro": 0.5594819653695672, "precision": 0.7090395480225988, "recall": 0.7254335260115607, "accuracy": 0.6151419558359621, "threshold": 0.39999999999999997, "label_scores": {"MT": {"precision": 0.4, "recall": 0.4, "f1-score": 0.4000000000000001, "support": 5.0}, "LY": {"precision": 0.3333333333333333, "recall": 0.3333333333333333, "f1-score": 0.3333333333333333, "support": 3.0}, "SP": {"precision": 0.0, "recall": 0.0, "f1-score": 0.0, "support": 1.0}, "ID": {"precision": 0.5555555555555556, "recall": 0.625, "f1-score": 0.5882352941176471, "support": 8.0}, "NA": {"precision": 0.9146341463414634, "recall": 0.7731958762886598, "f1-score": 0.8379888268156425, "support": 97.0}, "HI": {"precision": 0.5555555555555556, "recall": 0.4166666666666667, "f1-score": 0.4761904761904762, "support": 12.0}, "IN": {"precision": 0.5565217391304348, "recall": 0.9411764705882353, "f1-score": 0.6994535519125682, "support": 68.0}, "OP": {"precision": 0.4166666666666667, "recall": 0.2702702702702703, "f1-score": 0.3278688524590164, "support": 37.0}, "IP": {"precision": 0.8557692307692307, "recall": 0.7739130434782608, "f1-score": 0.8127853881278538, "support": 115.0}}}