{"f1": 0.6411889596602972, "f1_macro": 0.6338023766100992, "precision": 0.7259615384615384, "recall": 0.5741444866920152, "accuracy": 0.46616541353383456, "threshold": 0.5499999999999999, "label_scores": {"MT": {"precision": 0.8235294117647058, "recall": 0.8235294117647058, "f1-score": 0.8235294117647058, "support": 17.0}, "LY": {"precision": 0.0, "recall": 0.0, "f1-score": 0.0, "support": 0.0}, "SP": {"precision": 0.0, "recall": 0.0, "f1-score": 0.0, "support": 0.0}, "ID": {"precision": 1.0, "recall": 0.5, "f1-score": 0.6666666666666666, "support": 4.0}, "NA": {"precision": 0.7307692307692307, "recall": 0.7037037037037037, "f1-score": 0.7169811320754716, "support": 27.0}, "HI": {"precision": 0.8, "recall": 0.4, "f1-score": 0.5333333333333333, "support": 10.0}, "IN": {"precision": 0.8, "recall": 0.4444444444444444, "f1-score": 0.5714285714285714, "support": 45.0}, "OP": {"precision": 0.5, "recall": 0.3333333333333333, "f1-score": 0.4, "support": 9.0}, "IP": {"precision": 0.6808510638297872, "recall": 0.8421052631578947, "f1-score": 0.7529411764705882, "support": 38.0}, "it": {"precision": 0.0, "recall": 0.0, "f1-score": 0.0, "support": 0.0}, "ne": {"precision": 0.8571428571428571, "recall": 0.5454545454545454, "f1-score": 0.6666666666666665, "support": 11.0}, "sr": {"precision": 1.0, "recall": 0.8, "f1-score": 0.888888888888889, "support": 5.0}, "nb": {"precision": 0.5714285714285714, "recall": 0.5, "f1-score": 0.5333333333333333, "support": 8.0}, "re": {"precision": 1.0, "recall": 0.3333333333333333, "f1-score": 0.5, "support": 6.0}, "en": {"precision": 0.75, "recall": 1.0, "f1-score": 0.8571428571428571, "support": 3.0}, "ra": {"precision": 0.0, "recall": 0.0, "f1-score": 0.0, "support": 0.0}, "dtp": {"precision": 0.6666666666666666, "recall": 0.16, "f1-score": 0.25806451612903225, "support": 25.0}, "fi": {"precision": 0.0, "recall": 0.0, "f1-score": 0.0, "support": 6.0}, "lt": {"precision": 0.5, "recall": 1.0, "f1-score": 0.6666666666666666, "support": 1.0}, "rv": {"precision": 0.4, "recall": 0.6666666666666666, "f1-score": 0.5, "support": 3.0}, "ob": {"precision": 0.0, "recall": 0.0, "f1-score": 0.0, "support": 2.0}, "rs": {"precision": 0.0, "recall": 0.0, "f1-score": 0.0, "support": 1.0}, "av": {"precision": 0.0, "recall": 0.0, "f1-score": 0.0, "support": 3.0}, "ds": {"precision": 0.7209302325581395, "recall": 0.9117647058823529, "f1-score": 0.8051948051948051, "support": 34.0}, "ed": {"precision": 0.0, "recall": 0.0, "f1-score": 0.0, "support": 5.0}}}