{"f1": 0.7783300198807157, "precision": 0.7557915057915058, "recall": 0.8022540983606558, "accuracy": 0.6921397379912664, "threshold": 0.39999999999999997, "label_scores": {"MT": {"precision": 0.8735632183908046, "recall": 0.6909090909090909, "f1-score": 0.7715736040609137, "support": 110.0}, "LY": {"precision": 0.75, "recall": 0.42857142857142855, "f1-score": 0.5454545454545454, "support": 7.0}, "SP": {"precision": 0.6666666666666666, "recall": 0.6153846153846154, "f1-score": 0.64, "support": 13.0}, "ID": {"precision": 0.4444444444444444, "recall": 0.17391304347826086, "f1-score": 0.25, "support": 23.0}, "NA": {"precision": 0.8255813953488372, "recall": 0.9301310043668122, "f1-score": 0.8747433264887063, "support": 229.0}, "HI": {"precision": 0.627906976744186, "recall": 0.8181818181818182, "f1-score": 0.7105263157894738, "support": 33.0}, "IN": {"precision": 0.6933962264150944, "recall": 0.7945945945945946, "f1-score": 0.7405541561712846, "support": 185.0}, "OP": {"precision": 0.6842105263157895, "recall": 0.5652173913043478, "f1-score": 0.6190476190476191, "support": 92.0}, "IP": {"precision": 0.755223880597015, "recall": 0.8908450704225352, "f1-score": 0.8174474959612278, "support": 284.0}}}