{"f1": 0.6273291925465839, "f1_macro": 0.6849473876047398, "precision": 0.7163120567375887, "recall": 0.5580110497237569, "accuracy": 0.44954128440366975, "threshold": 0.6499999999999999, "label_scores": {"MT": {"precision": 0.0, "recall": 0.0, "f1-score": 0.0, "support": 3.0}, "LY": {"precision": 0.0, "recall": 0.0, "f1-score": 0.0, "support": 2.0}, "SP": {"precision": 1.0, "recall": 0.5, "f1-score": 0.6666666666666666, "support": 2.0}, "ID": {"precision": 1.0, "recall": 0.5, "f1-score": 0.6666666666666666, "support": 2.0}, "NA": {"precision": 0.7941176470588235, "recall": 0.7941176470588235, "f1-score": 0.7941176470588235, "support": 34.0}, "HI": {"precision": 1.0, "recall": 0.5, "f1-score": 0.6666666666666666, "support": 2.0}, "IN": {"precision": 0.8888888888888888, "recall": 0.37209302325581395, "f1-score": 0.5245901639344261, "support": 43.0}, "OP": {"precision": 0.8, "recall": 0.3333333333333333, "f1-score": 0.47058823529411764, "support": 12.0}, "IP": {"precision": 0.4782608695652174, "recall": 0.9166666666666666, "f1-score": 0.6285714285714286, "support": 12.0}, "it": {"precision": 1.0, "recall": 1.0, "f1-score": 1.0, "support": 1.0}, "ne": {"precision": 0.8235294117647058, "recall": 0.7777777777777778, "f1-score": 0.7999999999999999, "support": 18.0}, "sr": {"precision": 1.0, "recall": 1.0, "f1-score": 1.0, "support": 2.0}, "nb": {"precision": 0.75, "recall": 0.5, "f1-score": 0.6, "support": 12.0}, "re": {"precision": 0.0, "recall": 0.0, "f1-score": 0.0, "support": 0.0}, "en": {"precision": 0.5, "recall": 1.0, "f1-score": 0.6666666666666666, "support": 2.0}, "ra": {"precision": 0.0, "recall": 0.0, "f1-score": 0.0, "support": 2.0}, "dtp": {"precision": 1.0, "recall": 0.45454545454545453, "f1-score": 0.625, "support": 11.0}, "fi": {"precision": 0.0, "recall": 0.0, "f1-score": 0.0, "support": 0.0}, "lt": {"precision": 1.0, "recall": 1.0, "f1-score": 1.0, "support": 3.0}, "rv": {"precision": 1.0, "recall": 0.2727272727272727, "f1-score": 0.42857142857142855, "support": 11.0}, "ob": {"precision": 0.0, "recall": 0.0, "f1-score": 0.0, "support": 1.0}, "rs": {"precision": 0.0, "recall": 0.0, "f1-score": 0.0, "support": 0.0}, "av": {"precision": 0.0, "recall": 0.0, "f1-score": 0.0, "support": 0.0}, "ds": {"precision": 0.2857142857142857, "recall": 0.8, "f1-score": 0.4210526315789473, "support": 5.0}, "ed": {"precision": 0.0, "recall": 0.0, "f1-score": 0.0, "support": 1.0}}}