{"f1": 0.7978533094812164, "precision": 0.8168498168498168, "recall": 0.7797202797202797, "accuracy": 0.6625, "pr_auc": 0.8641193290063798, "threshold": 0.44999999999999996, "label_scores": {"MT": {"precision": 0.2857142857142857, "recall": 0.8, "f1-score": 0.4210526315789473, "support": 5.0}, "LY": {"precision": 0.9230769230769231, "recall": 1.0, "f1-score": 0.9600000000000001, "support": 12.0}, "SP": {"precision": 0.0, "recall": 0.0, "f1-score": 0.0, "support": 2.0}, "ID": {"precision": 0.0, "recall": 0.0, "f1-score": 0.0, "support": 1.0}, "NA": {"precision": 0.9302325581395349, "recall": 0.9411764705882353, "f1-score": 0.935672514619883, "support": 85.0}, "HI": {"precision": 0.75, "recall": 0.3333333333333333, "f1-score": 0.46153846153846156, "support": 9.0}, "IN": {"precision": 0.7894736842105263, "recall": 0.8823529411764706, "f1-score": 0.8333333333333333, "support": 34.0}, "OP": {"precision": 0.4444444444444444, "recall": 0.36363636363636365, "f1-score": 0.39999999999999997, "support": 11.0}, "IP": {"precision": 1.0, "recall": 0.21428571428571427, "f1-score": 0.35294117647058826, "support": 14.0}, "it": {"precision": 0.0, "recall": 0.0, "f1-score": 0.0, "support": 0.0}, "ne": {"precision": 0.9305555555555556, "recall": 0.9436619718309859, "f1-score": 0.9370629370629372, "support": 71.0}, "sr": {"precision": 0.3333333333333333, "recall": 1.0, "f1-score": 0.5, "support": 1.0}, "nb": {"precision": 1.0, "recall": 0.75, "f1-score": 0.8571428571428571, "support": 4.0}, "re": {"precision": 1.0, "recall": 1.0, "f1-score": 1.0, "support": 1.0}, "en": {"precision": 1.0, "recall": 0.5, "f1-score": 0.6666666666666666, "support": 6.0}, "ra": {"precision": 0.0, "recall": 0.0, "f1-score": 0.0, "support": 0.0}, "dtp": {"precision": 0.5333333333333333, "recall": 0.5714285714285714, "f1-score": 0.5517241379310344, "support": 14.0}, "fi": {"precision": 0.0, "recall": 0.0, "f1-score": 0.0, "support": 0.0}, "lt": {"precision": 1.0, "recall": 1.0, "f1-score": 1.0, "support": 1.0}, "rv": {"precision": 0.0, "recall": 0.0, "f1-score": 0.0, "support": 0.0}, "ob": {"precision": 0.0, "recall": 0.0, "f1-score": 0.0, "support": 1.0}, "rs": {"precision": 0.0, "recall": 0.0, "f1-score": 0.0, "support": 1.0}, "av": {"precision": 0.6666666666666666, "recall": 0.25, "f1-score": 0.36363636363636365, "support": 8.0}, "ds": {"precision": 1.0, "recall": 0.3333333333333333, "f1-score": 0.5, "support": 3.0}, "ed": {"precision": 0.0, "recall": 0.0, "f1-score": 0.0, "support": 2.0}}}