{"f1": 0.6885245901639345, "precision": 0.6, "recall": 0.8076923076923077, "accuracy": 0.5, "threshold": 0.3, "label_scores": {"Forum": {"precision": 0.5, "recall": 1.0, "f1-score": 0.6666666666666666, "support": 4.0}, "Information/Explanation": {"precision": 0.37142857142857144, "recall": 1.0, "f1-score": 0.5416666666666666, "support": 13.0}, "Instruction": {"precision": 0.8571428571428571, "recall": 0.6, "f1-score": 0.7058823529411764, "support": 10.0}, "Legal": {"precision": 0.5, "recall": 1.0, "f1-score": 0.6666666666666666, "support": 2.0}, "News": {"precision": 0.0, "recall": 0.0, "f1-score": 0.0, "support": 3.0}, "Opinion/Argumentation": {"precision": 0.8, "recall": 0.7058823529411765, "f1-score": 0.7500000000000001, "support": 34.0}, "Other": {"precision": 1.0, "recall": 0.6, "f1-score": 0.7499999999999999, "support": 5.0}, "Promotion": {"precision": 0.6808510638297872, "recall": 0.9696969696969697, "f1-score": 0.7999999999999999, "support": 33.0}, "Prose/Lyrical": {"precision": 0.0, "recall": 0.0, "f1-score": 0.0, "support": 0.0}}}