{"f1": 0.6948356807511737, "f1_macro": 0.5259303721488596, "precision": 0.6727272727272727, "recall": 0.7184466019417476, "accuracy": 0.61, "threshold": 0.44999999999999996, "label_scores": {"MT": {"precision": 0.2, "recall": 1.0, "f1-score": 0.33333333333333337, "support": 1.0}, "LY": {"precision": 0.0, "recall": 0.0, "f1-score": 0.0, "support": 0.0}, "SP": {"precision": 0.0, "recall": 0.0, "f1-score": 0.0, "support": 0.0}, "ID": {"precision": 0.5, "recall": 0.25, "f1-score": 0.3333333333333333, "support": 4.0}, "NA": {"precision": 0.8055555555555556, "recall": 0.90625, "f1-score": 0.8529411764705882, "support": 32.0}, "HI": {"precision": 0.6666666666666666, "recall": 0.2857142857142857, "f1-score": 0.4, "support": 7.0}, "IN": {"precision": 0.6, "recall": 0.6, "f1-score": 0.6, "support": 25.0}, "OP": {"precision": 0.4, "recall": 0.4, "f1-score": 0.4000000000000001, "support": 5.0}, "IP": {"precision": 0.7058823529411765, "recall": 0.8275862068965517, "f1-score": 0.7619047619047619, "support": 29.0}}}