{"f1": 0.6547314578005116, "precision": 0.6109785202863962, "recall": 0.7052341597796143, "accuracy": 0.5391566265060241, "threshold": 0.35, "label_scores": {"Forum": {"precision": 0.4444444444444444, "recall": 0.23529411764705882, "f1-score": 0.30769230769230765, "support": 17.0}, "Information/Explanation": {"precision": 0.463768115942029, "recall": 0.6808510638297872, "f1-score": 0.5517241379310345, "support": 47.0}, "Instruction": {"precision": 0.6551724137931034, "recall": 0.59375, "f1-score": 0.6229508196721311, "support": 32.0}, "Legal": {"precision": 0.5, "recall": 0.75, "f1-score": 0.6, "support": 8.0}, "News": {"precision": 0.6923076923076923, "recall": 0.9, "f1-score": 0.7826086956521738, "support": 80.0}, "Opinion/Argumentation": {"precision": 0.46808510638297873, "recall": 0.5116279069767442, "f1-score": 0.4888888888888889, "support": 43.0}, "Other": {"precision": 0.0, "recall": 0.0, "f1-score": 0.0, "support": 0.0}, "Promotion": {"precision": 0.8070175438596491, "recall": 0.8440366972477065, "f1-score": 0.8251121076233183, "support": 109.0}, "Prose/Lyrical": {"precision": 0.34615384615384615, "recall": 0.3333333333333333, "f1-score": 0.33962264150943394, "support": 27.0}}}