{"f1": 0.8073394495412844, "precision": 0.7977248489157484, "recall": 0.8171886380189366, "accuracy": 0.6148491879350348, "pr_auc": 0.877244888256747, "threshold": 0.39999999999999997, "label_scores": {"MT": {"precision": 0.908256880733945, "recall": 0.853448275862069, "f1-score": 0.88, "support": 116.0}, "LY": {"precision": 0.9090909090909091, "recall": 0.6666666666666666, "f1-score": 0.7692307692307692, "support": 15.0}, "SP": {"precision": 0.625, "recall": 0.7142857142857143, "f1-score": 0.6666666666666666, "support": 7.0}, "ID": {"precision": 0.8461538461538461, "recall": 0.6470588235294118, "f1-score": 0.7333333333333334, "support": 51.0}, "NA": {"precision": 0.844059405940594, "recall": 0.8676844783715013, "f1-score": 0.8557089084065245, "support": 393.0}, "HI": {"precision": 0.6891891891891891, "recall": 0.6538461538461539, "f1-score": 0.6710526315789473, "support": 78.0}, "IN": {"precision": 0.7728459530026109, "recall": 0.8757396449704142, "f1-score": 0.8210818307905687, "support": 338.0}, "OP": {"precision": 0.7409638554216867, "recall": 0.75, "f1-score": 0.7454545454545456, "support": 164.0}, "IP": {"precision": 0.8140589569160998, "recall": 0.8427230046948356, "f1-score": 0.8281430219146482, "support": 426.0}, "it": {"precision": 0.625, "recall": 0.8333333333333334, "f1-score": 0.7142857142857143, "support": 6.0}, "ne": {"precision": 0.8181818181818182, "recall": 0.7578947368421053, "f1-score": 0.7868852459016393, "support": 95.0}, "sr": {"precision": 0.8181818181818182, "recall": 0.6428571428571429, "f1-score": 0.7200000000000001, "support": 14.0}, "nb": {"precision": 0.8282442748091603, "recall": 0.8821138211382114, "f1-score": 0.8543307086614174, "support": 246.0}, "re": {"precision": 0.9444444444444444, "recall": 0.9444444444444444, "f1-score": 0.9444444444444444, "support": 18.0}, "en": {"precision": 0.9618320610687023, "recall": 0.9473684210526315, "f1-score": 0.9545454545454546, "support": 133.0}, "ra": {"precision": 0.0, "recall": 0.0, "f1-score": 0.0, "support": 1.0}, "dtp": {"precision": 0.5050505050505051, "recall": 0.5376344086021505, "f1-score": 0.5208333333333333, "support": 93.0}, "fi": {"precision": 1.0, "recall": 0.7, "f1-score": 0.8235294117647058, "support": 30.0}, "lt": {"precision": 0.8, "recall": 0.8421052631578947, "f1-score": 0.8205128205128205, "support": 38.0}, "rv": {"precision": 0.8088235294117647, "recall": 0.8088235294117647, "f1-score": 0.8088235294117648, "support": 68.0}, "ob": {"precision": 0.6792452830188679, "recall": 0.6666666666666666, "f1-score": 0.6728971962616822, "support": 54.0}, "rs": {"precision": 0.8571428571428571, "recall": 0.6666666666666666, "f1-score": 0.75, "support": 9.0}, "av": {"precision": 0.6842105263157895, "recall": 0.48148148148148145, "f1-score": 0.5652173913043478, "support": 27.0}, "ds": {"precision": 0.7592067988668555, "recall": 0.8454258675078864, "f1-score": 0.7999999999999999, "support": 317.0}, "ed": {"precision": 0.0, "recall": 0.0, "f1-score": 0.0, "support": 9.0}}}