{"f1": 0.7745830937320298, "f1_macro": 0.6465568846172082, "precision": 0.7567415730337078, "recall": 0.7932862190812721, "accuracy": 0.62882096069869, "threshold": 0.39999999999999997, "label_scores": {"MT": {"precision": 0.8735632183908046, "recall": 0.6909090909090909, "f1-score": 0.7715736040609137, "support": 110.0}, "LY": {"precision": 0.75, "recall": 0.42857142857142855, "f1-score": 0.5454545454545454, "support": 7.0}, "SP": {"precision": 0.6666666666666666, "recall": 0.6153846153846154, "f1-score": 0.64, "support": 13.0}, "ID": {"precision": 0.4444444444444444, "recall": 0.17391304347826086, "f1-score": 0.25, "support": 23.0}, "NA": {"precision": 0.8255813953488372, "recall": 0.9301310043668122, "f1-score": 0.8747433264887063, "support": 229.0}, "HI": {"precision": 0.627906976744186, "recall": 0.8181818181818182, "f1-score": 0.7105263157894738, "support": 33.0}, "IN": {"precision": 0.6933962264150944, "recall": 0.7945945945945946, "f1-score": 0.7405541561712846, "support": 185.0}, "OP": {"precision": 0.6842105263157895, "recall": 0.5652173913043478, "f1-score": 0.6190476190476191, "support": 92.0}, "IP": {"precision": 0.755223880597015, "recall": 0.8908450704225352, "f1-score": 0.8174474959612278, "support": 284.0}, "it": {"precision": 1.0, "recall": 0.7142857142857143, "f1-score": 0.8333333333333333, "support": 7.0}, "ne": {"precision": 0.821917808219178, "recall": 0.9424083769633508, "f1-score": 0.8780487804878048, "support": 191.0}, "sr": {"precision": 0.6666666666666666, "recall": 0.7142857142857143, "f1-score": 0.689655172413793, "support": 14.0}, "nb": {"precision": 0.6363636363636364, "recall": 0.6086956521739131, "f1-score": 0.6222222222222223, "support": 23.0}, "re": {"precision": 1.0, "recall": 0.9523809523809523, "f1-score": 0.975609756097561, "support": 21.0}, "en": {"precision": 0.2222222222222222, "recall": 0.5, "f1-score": 0.30769230769230765, "support": 4.0}, "ra": {"precision": 0.0, "recall": 0.0, "f1-score": 0.0, "support": 0.0}, "dtp": {"precision": 0.5740740740740741, "recall": 0.6739130434782609, "f1-score": 0.62, "support": 46.0}, "fi": {"precision": 0.5, "recall": 0.3333333333333333, "f1-score": 0.4, "support": 3.0}, "lt": {"precision": 0.8043478260869565, "recall": 0.6981132075471698, "f1-score": 0.7474747474747474, "support": 53.0}, "rv": {"precision": 0.55, "recall": 0.3548387096774194, "f1-score": 0.43137254901960786, "support": 31.0}, "ob": {"precision": 0.375, "recall": 0.13636363636363635, "f1-score": 0.19999999999999998, "support": 22.0}, "rs": {"precision": 0.9, "recall": 0.9, "f1-score": 0.9, "support": 10.0}, "av": {"precision": 0.6666666666666666, "recall": 0.4, "f1-score": 0.5, "support": 20.0}, "ds": {"precision": 0.7714285714285715, "recall": 0.8852459016393442, "f1-score": 0.8244274809160306, "support": 244.0}, "ed": {"precision": 0.7727272727272727, "recall": 0.5151515151515151, "f1-score": 0.6181818181818182, "support": 33.0}}}