{"f1": 0.8023598820058998, "precision": 0.8192771084337349, "recall": 0.7861271676300579, "accuracy": 0.7375, "threshold": 0.44999999999999996, "label_scores": {"Forum": {"precision": 0.0, "recall": 0.0, "f1-score": 0.0, "support": 1.0}, "Information/Explanation": {"precision": 0.7837837837837838, "recall": 0.8787878787878788, "f1-score": 0.8285714285714285, "support": 33.0}, "Instruction": {"precision": 0.75, "recall": 0.3333333333333333, "f1-score": 0.46153846153846156, "support": 9.0}, "Legal": {"precision": 1.0, "recall": 1.0, "f1-score": 1.0, "support": 1.0}, "News": {"precision": 0.9333333333333333, "recall": 0.9722222222222222, "f1-score": 0.9523809523809524, "support": 72.0}, "Opinion/Argumentation": {"precision": 0.75, "recall": 0.5625, "f1-score": 0.6428571428571429, "support": 16.0}, "Other": {"precision": 0.2857142857142857, "recall": 0.5714285714285714, "f1-score": 0.38095238095238093, "support": 7.0}, "Promotion": {"precision": 0.6666666666666666, "recall": 0.16666666666666666, "f1-score": 0.26666666666666666, "support": 12.0}, "Prose/Lyrical": {"precision": 0.9, "recall": 0.8181818181818182, "f1-score": 0.8571428571428572, "support": 22.0}}}