{"f1": 0.5998880805819811, "precision": 0.6746381371932033, "recall": 0.5400503778337532, "accuracy": 0.3684654300168634, "threshold": 0.3, "label_scores": {"Forum": {"precision": 0.5, "recall": 0.13636363636363635, "f1-score": 0.21428571428571427, "support": 44.0}, "Information/Explanation": {"precision": 0.678343949044586, "recall": 0.40037593984962405, "f1-score": 0.5035460992907801, "support": 532.0}, "Instruction": {"precision": 0.525, "recall": 0.65625, "f1-score": 0.5833333333333334, "support": 128.0}, "Legal": {"precision": 0.3333333333333333, "recall": 0.38461538461538464, "f1-score": 0.3571428571428571, "support": 13.0}, "News": {"precision": 0.8567639257294429, "recall": 0.9444444444444444, "f1-score": 0.8984700973574409, "support": 342.0}, "Opinion/Argumentation": {"precision": 0.6743119266055045, "recall": 0.4117647058823529, "f1-score": 0.5113043478260869, "support": 357.0}, "Other": {"precision": 0.2127659574468085, "recall": 0.15037593984962405, "f1-score": 0.1762114537444934, "support": 133.0}, "Promotion": {"precision": 0.7099697885196374, "recall": 0.7730263157894737, "f1-score": 0.7401574803149605, "support": 304.0}, "Prose/Lyrical": {"precision": 0.5735294117647058, "recall": 0.29545454545454547, "f1-score": 0.39, "support": 132.0}}}