{"f1": 0.6337448559670782, "f1_macro": 0.5701015696726061, "precision": 0.6311475409836066, "recall": 0.6363636363636364, "accuracy": 0.5108695652173914, "threshold": 0.3, "label_scores": {"Forum": {"precision": 1.0, "recall": 0.5, "f1-score": 0.6666666666666666, "support": 8.0}, "Information/Explanation": {"precision": 0.7142857142857143, "recall": 0.5769230769230769, "f1-score": 0.6382978723404256, "support": 26.0}, "Instruction": {"precision": 0.8333333333333334, "recall": 0.5, "f1-score": 0.625, "support": 10.0}, "Legal": {"precision": 0.4, "recall": 1.0, "f1-score": 0.5714285714285715, "support": 2.0}, "News": {"precision": 0.8823529411764706, "recall": 0.9375, "f1-score": 0.9090909090909091, "support": 32.0}, "Opinion/Argumentation": {"precision": 0.42857142857142855, "recall": 0.35294117647058826, "f1-score": 0.3870967741935484, "support": 17.0}, "Other": {"precision": 0.2222222222222222, "recall": 0.6666666666666666, "f1-score": 0.3333333333333333, "support": 3.0}, "Promotion": {"precision": 0.391304347826087, "recall": 0.6923076923076923, "f1-score": 0.5, "support": 13.0}, "Prose/Lyrical": {"precision": 0.6666666666666666, "recall": 0.4, "f1-score": 0.5, "support": 10.0}}}