{"f1": 0.8028876333961079, "precision": 0.7949036668738346, "recall": 0.8110336081166772, "accuracy": 0.6852281515854601, "threshold": 0.39999999999999997, "label_scores": {"Forum": {"precision": 0.8461538461538461, "recall": 0.6470588235294118, "f1-score": 0.7333333333333334, "support": 51.0}, "Information/Explanation": {"precision": 0.7204968944099379, "recall": 0.8560885608856088, "f1-score": 0.7824620573355817, "support": 271.0}, "Instruction": {"precision": 0.776595744680851, "recall": 0.6822429906542056, "f1-score": 0.7263681592039801, "support": 107.0}, "Legal": {"precision": 0.8, "recall": 0.8421052631578947, "f1-score": 0.8205128205128205, "support": 38.0}, "News": {"precision": 0.8282828282828283, "recall": 0.7522935779816514, "f1-score": 0.7884615384615384, "support": 109.0}, "Opinion/Argumentation": {"precision": 0.8582278481012658, "recall": 0.8604060913705583, "f1-score": 0.8593155893536122, "support": 394.0}, "Other": {"precision": 0.8888888888888888, "recall": 0.8455284552845529, "f1-score": 0.8666666666666666, "support": 123.0}, "Promotion": {"precision": 0.8072562358276644, "recall": 0.8537170263788969, "f1-score": 0.8298368298368298, "support": 417.0}, "Prose/Lyrical": {"precision": 0.45161290322580644, "recall": 0.417910447761194, "f1-score": 0.43410852713178294, "support": 67.0}}}