{"f1": 0.6833631484794275, "precision": 0.6809269162210339, "recall": 0.6858168761220825, "accuracy": 0.4952681388012618, "pr_auc": 0.7170314098698575, "threshold": 0.39999999999999997, "label_scores": {"MT": {"precision": 0.4, "recall": 0.4, "f1-score": 0.4000000000000001, "support": 5.0}, "LY": {"precision": 0.3333333333333333, "recall": 0.3333333333333333, "f1-score": 0.3333333333333333, "support": 3.0}, "SP": {"precision": 0.0, "recall": 0.0, "f1-score": 0.0, "support": 1.0}, "ID": {"precision": 0.5555555555555556, "recall": 0.625, "f1-score": 0.5882352941176471, "support": 8.0}, "NA": {"precision": 0.9146341463414634, "recall": 0.7731958762886598, "f1-score": 0.8379888268156425, "support": 97.0}, "HI": {"precision": 0.5555555555555556, "recall": 0.4166666666666667, "f1-score": 0.4761904761904762, "support": 12.0}, "IN": {"precision": 0.5565217391304348, "recall": 0.9411764705882353, "f1-score": 0.6994535519125682, "support": 68.0}, "OP": {"precision": 0.4166666666666667, "recall": 0.2702702702702703, "f1-score": 0.3278688524590164, "support": 37.0}, "IP": {"precision": 0.8557692307692307, "recall": 0.7739130434782608, "f1-score": 0.8127853881278538, "support": 115.0}, "it": {"precision": 0.0, "recall": 0.0, "f1-score": 0.0, "support": 0.0}, "ne": {"precision": 0.6428571428571429, "recall": 0.75, "f1-score": 0.6923076923076924, "support": 24.0}, "sr": {"precision": 1.0, "recall": 0.8571428571428571, "f1-score": 0.923076923076923, "support": 7.0}, "nb": {"precision": 0.1111111111111111, "recall": 0.2, "f1-score": 0.14285714285714285, "support": 10.0}, "re": {"precision": 0.0, "recall": 0.0, "f1-score": 0.0, "support": 0.0}, "en": {"precision": 1.0, "recall": 1.0, "f1-score": 1.0, "support": 1.0}, "ra": {"precision": 1.0, "recall": 1.0, "f1-score": 1.0, "support": 6.0}, "dtp": {"precision": 0.34782608695652173, "recall": 0.5714285714285714, "f1-score": 0.4324324324324324, "support": 14.0}, "fi": {"precision": 0.0, "recall": 0.0, "f1-score": 0.0, "support": 5.0}, "lt": {"precision": 0.7, "recall": 0.8235294117647058, "f1-score": 0.7567567567567567, "support": 17.0}, "rv": {"precision": 0.38461538461538464, "recall": 0.3333333333333333, "f1-score": 0.3571428571428571, "support": 15.0}, "ob": {"precision": 0.3333333333333333, "recall": 0.2, "f1-score": 0.25, "support": 5.0}, "rs": {"precision": 0.0, "recall": 0.0, "f1-score": 0.0, "support": 0.0}, "av": {"precision": 1.0, "recall": 0.1111111111111111, "f1-score": 0.19999999999999998, "support": 9.0}, "ds": {"precision": 0.8117647058823529, "recall": 0.71875, "f1-score": 0.7624309392265194, "support": 96.0}, "ed": {"precision": 0.0, "recall": 0.0, "f1-score": 0.0, "support": 2.0}}}