{"f1": 0.6362103326690174, "f1_macro": 0.5310387809156455, "precision": 0.8283433133732535, "recall": 0.5164260826281732, "accuracy": 0.09197194076383476, "threshold": 0.44999999999999996, "label_scores": {"MT": {"precision": 0.0, "recall": 0.0, "f1-score": 0.0, "support": 0.0}, "LY": {"precision": 1.0, "recall": 0.16666666666666666, "f1-score": 0.2857142857142857, "support": 6.0}, "SP": {"precision": 0.7619047619047619, "recall": 0.5161290322580645, "f1-score": 0.6153846153846153, "support": 31.0}, "ID": {"precision": 0.7142857142857143, "recall": 0.3125, "f1-score": 0.43478260869565216, "support": 32.0}, "NA": {"precision": 0.9292035398230089, "recall": 0.7563025210084033, "f1-score": 0.8338848444738584, "support": 833.0}, "HI": {"precision": 0.8392857142857143, "recall": 0.42342342342342343, "f1-score": 0.562874251497006, "support": 111.0}, "IN": {"precision": 0.924119241192412, "recall": 0.4564926372155288, "f1-score": 0.6111111111111112, "support": 747.0}, "OP": {"precision": 0.8429319371727748, "recall": 0.5504273504273505, "f1-score": 0.6659772492244054, "support": 585.0}, "IP": {"precision": 0.8305084745762712, "recall": 0.35507246376811596, "f1-score": 0.4974619289340102, "support": 138.0}, "it": {"precision": 0.6153846153846154, "recall": 0.42105263157894735, "f1-score": 0.5, "support": 19.0}, "ne": {"precision": 0.7548387096774194, "recall": 0.6190476190476191, "f1-score": 0.6802325581395349, "support": 378.0}, "sr": {"precision": 0.7368421052631579, "recall": 0.7368421052631579, "f1-score": 0.7368421052631579, "support": 76.0}, "nb": {"precision": 0.6551724137931034, "recall": 0.3958333333333333, "f1-score": 0.49350649350649356, "support": 144.0}, "re": {"precision": 0.6666666666666666, "recall": 1.0, "f1-score": 0.8, "support": 2.0}, "en": {"precision": 0.0, "recall": 0.0, "f1-score": 0.0, "support": 4.0}, "ra": {"precision": 0.8, "recall": 0.17391304347826086, "f1-score": 0.2857142857142857, "support": 23.0}, "dtp": {"precision": 0.624, "recall": 0.24920127795527156, "f1-score": 0.3561643835616438, "support": 313.0}, "fi": {"precision": 1.0, "recall": 0.15, "f1-score": 0.2608695652173913, "support": 20.0}, "lt": {"precision": 0.5, "recall": 0.5, "f1-score": 0.5, "support": 2.0}, "rv": {"precision": 0.7333333333333333, "recall": 0.44594594594594594, "f1-score": 0.5546218487394958, "support": 74.0}, "ob": {"precision": 0.743421052631579, "recall": 0.3704918032786885, "f1-score": 0.4945295404814004, "support": 305.0}, "rs": {"precision": 0.55, "recall": 0.4230769230769231, "f1-score": 0.47826086956521735, "support": 26.0}, "av": {"precision": 0.5757575757575758, "recall": 0.3064516129032258, "f1-score": 0.39999999999999997, "support": 62.0}, "ds": {"precision": 0.851063829787234, "recall": 0.5063291139240507, "f1-score": 0.634920634920635, "support": 79.0}, "ed": {"precision": 0.0, "recall": 0.0, "f1-score": 0.0, "support": 8.0}}}