{"f1": 0.7773703509690938, "precision": 0.7952840300107181, "recall": 0.7602459016393442, "accuracy": 0.7085152838427947, "pr_auc": 0.8250225170352341, "threshold": 0.49999999999999994, "label_scores": {"MT": {"precision": 0.9113924050632911, "recall": 0.6545454545454545, "f1-score": 0.761904761904762, "support": 110.0}, "LY": {"precision": 0.8, "recall": 0.5714285714285714, "f1-score": 0.6666666666666666, "support": 7.0}, "SP": {"precision": 0.8571428571428571, "recall": 0.46153846153846156, "f1-score": 0.6, "support": 13.0}, "ID": {"precision": 0.6363636363636364, "recall": 0.30434782608695654, "f1-score": 0.411764705882353, "support": 23.0}, "NA": {"precision": 0.8536585365853658, "recall": 0.9170305676855895, "f1-score": 0.8842105263157894, "support": 229.0}, "HI": {"precision": 0.6923076923076923, "recall": 0.8181818181818182, "f1-score": 0.7500000000000001, "support": 33.0}, "IN": {"precision": 0.76, "recall": 0.7189189189189189, "f1-score": 0.7388888888888888, "support": 185.0}, "OP": {"precision": 0.6805555555555556, "recall": 0.532608695652174, "f1-score": 0.5975609756097561, "support": 92.0}, "IP": {"precision": 0.782608695652174, "recall": 0.823943661971831, "f1-score": 0.8027444253859349, "support": 284.0}}}