{"f1": 0.64, "precision": 0.6371681415929203, "recall": 0.6428571428571429, "accuracy": 0.5963302752293578, "pr_auc": 0.6418067702585344, "threshold": 0.49999999999999994, "label_scores": {"MT": {"precision": 0.0, "recall": 0.0, "f1-score": 0.0, "support": 3.0}, "LY": {"precision": 1.0, "recall": 1.0, "f1-score": 1.0, "support": 2.0}, "SP": {"precision": 1.0, "recall": 1.0, "f1-score": 1.0, "support": 2.0}, "ID": {"precision": 1.0, "recall": 0.5, "f1-score": 0.6666666666666666, "support": 2.0}, "NA": {"precision": 0.725, "recall": 0.8529411764705882, "f1-score": 0.7837837837837837, "support": 34.0}, "HI": {"precision": 0.6666666666666666, "recall": 1.0, "f1-score": 0.8, "support": 2.0}, "IN": {"precision": 0.8636363636363636, "recall": 0.4418604651162791, "f1-score": 0.5846153846153846, "support": 43.0}, "OP": {"precision": 0.38461538461538464, "recall": 0.4166666666666667, "f1-score": 0.4, "support": 12.0}, "IP": {"precision": 0.4, "recall": 1.0, "f1-score": 0.5714285714285715, "support": 12.0}}}