{"f1": 0.7270628967109061, "f1_macro": 0.6560191146004332, "precision": 0.8333333333333334, "recall": 0.6448311156601843, "accuracy": 0.29605263157894735, "threshold": 0.44999999999999996, "label_scores": {"MT": {"precision": 0.9230769230769231, "recall": 0.7692307692307693, "f1-score": 0.8391608391608392, "support": 78.0}, "LY": {"precision": 1.0, "recall": 0.5, "f1-score": 0.6666666666666666, "support": 6.0}, "SP": {"precision": 0.6666666666666666, "recall": 0.8, "f1-score": 0.7272727272727272, "support": 5.0}, "ID": {"precision": 1.0, "recall": 0.3333333333333333, "f1-score": 0.5, "support": 6.0}, "NA": {"precision": 0.9302325581395349, "recall": 0.6504065040650406, "f1-score": 0.7655502392344499, "support": 123.0}, "HI": {"precision": 0.8518518518518519, "recall": 0.48936170212765956, "f1-score": 0.6216216216216216, "support": 47.0}, "IN": {"precision": 0.75, "recall": 0.625, "f1-score": 0.6818181818181818, "support": 96.0}, "OP": {"precision": 0.8142857142857143, "recall": 0.6705882352941176, "f1-score": 0.7354838709677418, "support": 85.0}, "IP": {"precision": 0.9122807017543859, "recall": 0.6797385620915033, "f1-score": 0.7790262172284643, "support": 153.0}, "it": {"precision": 0.6666666666666666, "recall": 0.8, "f1-score": 0.7272727272727272, "support": 5.0}, "ne": {"precision": 0.7857142857142857, "recall": 0.5238095238095238, "f1-score": 0.6285714285714286, "support": 21.0}, "sr": {"precision": 0.5, "recall": 0.4, "f1-score": 0.4444444444444445, "support": 5.0}, "nb": {"precision": 0.864406779661017, "recall": 0.6623376623376623, "f1-score": 0.75, "support": 77.0}, "re": {"precision": 0.7272727272727273, "recall": 0.8888888888888888, "f1-score": 0.7999999999999999, "support": 9.0}, "en": {"precision": 0.8571428571428571, "recall": 0.6666666666666666, "f1-score": 0.75, "support": 9.0}, "ra": {"precision": 0.0, "recall": 0.0, "f1-score": 0.0, "support": 0.0}, "dtp": {"precision": 0.7083333333333334, "recall": 0.4358974358974359, "f1-score": 0.5396825396825398, "support": 39.0}, "fi": {"precision": 1.0, "recall": 0.76, "f1-score": 0.8636363636363636, "support": 25.0}, "lt": {"precision": 0.42857142857142855, "recall": 0.42857142857142855, "f1-score": 0.42857142857142855, "support": 7.0}, "rv": {"precision": 0.8723404255319149, "recall": 0.7884615384615384, "f1-score": 0.8282828282828283, "support": 52.0}, "ob": {"precision": 0.4, "recall": 0.3333333333333333, "f1-score": 0.3636363636363636, "support": 6.0}, "rs": {"precision": 1.0, "recall": 0.3333333333333333, "f1-score": 0.5, "support": 3.0}, "av": {"precision": 0.6153846153846154, "recall": 0.34782608695652173, "f1-score": 0.4444444444444444, "support": 23.0}, "ds": {"precision": 0.7441860465116279, "recall": 0.6666666666666666, "f1-score": 0.7032967032967034, "support": 96.0}, "ed": {"precision": 0.0, "recall": 0.0, "f1-score": 0.0, "support": 1.0}}}