{"f1": 0.7564253713746758, "f1_macro": 0.713092753095434, "precision": 0.746046511627907, "recall": 0.7670970827355332, "accuracy": 0.6411446249033256, "threshold": 0.44999999999999996, "label_scores": {"MT": {"precision": 0.918918918918919, "recall": 0.8947368421052632, "f1-score": 0.9066666666666667, "support": 38.0}, "LY": {"precision": 0.75, "recall": 0.6666666666666666, "f1-score": 0.7058823529411765, "support": 9.0}, "SP": {"precision": 0.0, "recall": 0.0, "f1-score": 0.0, "support": 2.0}, "ID": {"precision": 0.8461538461538461, "recall": 0.7333333333333333, "f1-score": 0.7857142857142856, "support": 45.0}, "NA": {"precision": 0.775, "recall": 0.9018181818181819, "f1-score": 0.8336134453781513, "support": 275.0}, "HI": {"precision": 0.68, "recall": 0.5483870967741935, "f1-score": 0.6071428571428571, "support": 31.0}, "IN": {"precision": 0.7900763358778626, "recall": 0.8518518518518519, "f1-score": 0.8198019801980198, "support": 243.0}, "OP": {"precision": 0.6923076923076923, "recall": 0.6585365853658537, "f1-score": 0.675, "support": 82.0}, "IP": {"precision": 0.746031746031746, "recall": 0.8608058608058609, "f1-score": 0.7993197278911566, "support": 273.0}, "it": {"precision": 0.0, "recall": 0.0, "f1-score": 0.0, "support": 1.0}, "ne": {"precision": 0.75, "recall": 0.8181818181818182, "f1-score": 0.7826086956521738, "support": 77.0}, "sr": {"precision": 0.8888888888888888, "recall": 0.7272727272727273, "f1-score": 0.7999999999999999, "support": 11.0}, "nb": {"precision": 0.766497461928934, "recall": 0.867816091954023, "f1-score": 0.8140161725067385, "support": 174.0}, "re": {"precision": 0.6923076923076923, "recall": 1.0, "f1-score": 0.8181818181818181, "support": 9.0}, "en": {"precision": 0.8880597014925373, "recall": 0.9596774193548387, "f1-score": 0.9224806201550387, "support": 124.0}, "ra": {"precision": 0.0, "recall": 0.0, "f1-score": 0.0, "support": 1.0}, "dtp": {"precision": 0.5, "recall": 0.3090909090909091, "f1-score": 0.38202247191011235, "support": 55.0}, "fi": {"precision": 1.0, "recall": 0.2, "f1-score": 0.33333333333333337, "support": 5.0}, "lt": {"precision": 0.7435897435897436, "recall": 0.90625, "f1-score": 0.8169014084507042, "support": 32.0}, "rv": {"precision": 0.5, "recall": 0.5789473684210527, "f1-score": 0.5365853658536586, "support": 19.0}, "ob": {"precision": 0.8108108108108109, "recall": 0.625, "f1-score": 0.7058823529411764, "support": 48.0}, "rs": {"precision": 0.5714285714285714, "recall": 0.6666666666666666, "f1-score": 0.6153846153846153, "support": 6.0}, "av": {"precision": 0.0, "recall": 0.0, "f1-score": 0.0, "support": 7.0}, "ds": {"precision": 0.6891385767790262, "recall": 0.832579185520362, "f1-score": 0.7540983606557378, "support": 221.0}, "ed": {"precision": 0.0, "recall": 0.0, "f1-score": 0.0, "support": 8.0}, "MIX": {"precision": 0.6575342465753424, "recall": 0.488135593220339, "f1-score": 0.5603112840466926, "support": 295.0}}}