{"f1": 0.5972648618476137, "f1_macro": 0.4751573887968, "precision": 0.6695869837296621, "recall": 0.5390428211586902, "accuracy": 0.3591905564924115, "threshold": 0.3, "label_scores": {"Forum": {"precision": 0.2692307692307692, "recall": 0.1590909090909091, "f1-score": 0.19999999999999998, "support": 44.0}, "Information/Explanation": {"precision": 0.7170542635658915, "recall": 0.34774436090225563, "f1-score": 0.4683544303797469, "support": 532.0}, "Instruction": {"precision": 0.535031847133758, "recall": 0.65625, "f1-score": 0.5894736842105264, "support": 128.0}, "Legal": {"precision": 0.25, "recall": 0.23076923076923078, "f1-score": 0.24000000000000002, "support": 13.0}, "News": {"precision": 0.8518518518518519, "recall": 0.9415204678362573, "f1-score": 0.8944444444444446, "support": 342.0}, "Opinion/Argumentation": {"precision": 0.6653386454183267, "recall": 0.4677871148459384, "f1-score": 0.549342105263158, "support": 357.0}, "Other": {"precision": 0.23, "recall": 0.17293233082706766, "f1-score": 0.19742489270386265, "support": 133.0}, "Promotion": {"precision": 0.6898550724637681, "recall": 0.7828947368421053, "f1-score": 0.7334360554699537, "support": 304.0}, "Prose/Lyrical": {"precision": 0.5774647887323944, "recall": 0.3106060606060606, "f1-score": 0.4039408866995074, "support": 132.0}}}