{"f1": 0.5680933852140079, "f1_macro": 0.6268280738868974, "precision": 0.4866666666666667, "recall": 0.6822429906542056, "accuracy": 0.391304347826087, "threshold": 0.3, "label_scores": {"MT": {"precision": 1.0, "recall": 0.5, "f1-score": 0.6666666666666666, "support": 2.0}, "LY": {"precision": 1.0, "recall": 0.5, "f1-score": 0.6666666666666666, "support": 2.0}, "SP": {"precision": 0.0, "recall": 0.0, "f1-score": 0.0, "support": 0.0}, "ID": {"precision": 0.0, "recall": 0.0, "f1-score": 0.0, "support": 0.0}, "NA": {"precision": 0.6666666666666666, "recall": 1.0, "f1-score": 0.8, "support": 16.0}, "HI": {"precision": 0.75, "recall": 1.0, "f1-score": 0.8571428571428571, "support": 3.0}, "IN": {"precision": 0.38461538461538464, "recall": 0.7142857142857143, "f1-score": 0.5, "support": 7.0}, "OP": {"precision": 0.5714285714285714, "recall": 0.8, "f1-score": 0.6666666666666666, "support": 5.0}, "IP": {"precision": 0.3333333333333333, "recall": 0.7272727272727273, "f1-score": 0.4571428571428572, "support": 11.0}, "it": {"precision": 0.0, "recall": 0.0, "f1-score": 0.0, "support": 0.0}, "ne": {"precision": 0.65, "recall": 1.0, "f1-score": 0.787878787878788, "support": 13.0}, "sr": {"precision": 0.5, "recall": 0.6666666666666666, "f1-score": 0.5714285714285715, "support": 3.0}, "nb": {"precision": 0.0, "recall": 0.0, "f1-score": 0.0, "support": 0.0}, "re": {"precision": 0.0, "recall": 0.0, "f1-score": 0.0, "support": 0.0}, "en": {"precision": 0.0, "recall": 0.0, "f1-score": 0.0, "support": 1.0}, "ra": {"precision": 0.0, "recall": 0.0, "f1-score": 0.0, "support": 0.0}, "dtp": {"precision": 0.375, "recall": 0.6, "f1-score": 0.4615384615384615, "support": 5.0}, "fi": {"precision": 0.0, "recall": 0.0, "f1-score": 0.0, "support": 0.0}, "lt": {"precision": 1.0, "recall": 1.0, "f1-score": 1.0, "support": 1.0}, "rv": {"precision": 0.0, "recall": 0.0, "f1-score": 0.0, "support": 1.0}, "ob": {"precision": 0.25, "recall": 1.0, "f1-score": 0.4, "support": 1.0}, "rs": {"precision": 0.0, "recall": 0.0, "f1-score": 0.0, "support": 0.0}, "av": {"precision": 1.0, "recall": 1.0, "f1-score": 1.0, "support": 2.0}, "ds": {"precision": 0.3684210526315789, "recall": 0.7777777777777778, "f1-score": 0.5, "support": 9.0}, "ed": {"precision": 0.3333333333333333, "recall": 0.5, "f1-score": 0.4, "support": 2.0}, "MIX": {"precision": 0.45454545454545453, "recall": 0.21739130434782608, "f1-score": 0.29411764705882354, "support": 23.0}}}