{"f1": 0.6610455311973018, "precision": 0.6232114467408585, "recall": 0.703770197486535, "accuracy": 0.4416403785488959, "pr_auc": 0.6869170304876759, "threshold": 0.35, "label_scores": {"MT": {"precision": 0.25, "recall": 0.4, "f1-score": 0.3076923076923077, "support": 5.0}, "LY": {"precision": 0.25, "recall": 0.3333333333333333, "f1-score": 0.2857142857142857, "support": 3.0}, "SP": {"precision": 0.2, "recall": 1.0, "f1-score": 0.3333333333333333, "support": 1.0}, "ID": {"precision": 0.4444444444444444, "recall": 1.0, "f1-score": 0.6153846153846154, "support": 8.0}, "NA": {"precision": 0.8383838383838383, "recall": 0.8556701030927835, "f1-score": 0.8469387755102041, "support": 97.0}, "HI": {"precision": 0.3333333333333333, "recall": 0.5, "f1-score": 0.4, "support": 12.0}, "IN": {"precision": 0.5675675675675675, "recall": 0.9264705882352942, "f1-score": 0.7039106145251397, "support": 68.0}, "OP": {"precision": 0.37142857142857144, "recall": 0.35135135135135137, "f1-score": 0.3611111111111111, "support": 37.0}, "IP": {"precision": 0.8514851485148515, "recall": 0.7478260869565218, "f1-score": 0.7962962962962963, "support": 115.0}, "it": {"precision": 0.0, "recall": 0.0, "f1-score": 0.0, "support": 0.0}, "ne": {"precision": 0.5, "recall": 0.7916666666666666, "f1-score": 0.6129032258064516, "support": 24.0}, "sr": {"precision": 1.0, "recall": 0.7142857142857143, "f1-score": 0.8333333333333334, "support": 7.0}, "nb": {"precision": 0.10526315789473684, "recall": 0.2, "f1-score": 0.13793103448275862, "support": 10.0}, "re": {"precision": 0.0, "recall": 0.0, "f1-score": 0.0, "support": 0.0}, "en": {"precision": 0.5, "recall": 1.0, "f1-score": 0.6666666666666666, "support": 1.0}, "ra": {"precision": 0.5555555555555556, "recall": 0.8333333333333334, "f1-score": 0.6666666666666666, "support": 6.0}, "dtp": {"precision": 0.2, "recall": 0.2857142857142857, "f1-score": 0.23529411764705882, "support": 14.0}, "fi": {"precision": 0.0, "recall": 0.0, "f1-score": 0.0, "support": 5.0}, "lt": {"precision": 0.75, "recall": 0.7058823529411765, "f1-score": 0.7272727272727273, "support": 17.0}, "rv": {"precision": 0.2777777777777778, "recall": 0.3333333333333333, "f1-score": 0.30303030303030304, "support": 15.0}, "ob": {"precision": 0.4, "recall": 0.4, "f1-score": 0.4, "support": 5.0}, "rs": {"precision": 0.0, "recall": 0.0, "f1-score": 0.0, "support": 0.0}, "av": {"precision": 0.42857142857142855, "recall": 0.3333333333333333, "f1-score": 0.375, "support": 9.0}, "ds": {"precision": 0.797752808988764, "recall": 0.7395833333333334, "f1-score": 0.7675675675675676, "support": 96.0}, "ed": {"precision": 0.0, "recall": 0.0, "f1-score": 0.0, "support": 2.0}}}