{"f1": 0.7751322751322751, "f1_macro": 0.7465268666697907, "precision": 0.9184952978056427, "recall": 0.6704805491990846, "accuracy": 0.3959731543624161, "threshold": 0.49999999999999994, "label_scores": {"MT": {"precision": 1.0, "recall": 0.9795918367346939, "f1-score": 0.9896907216494846, "support": 49.0}, "LY": {"precision": 0.0, "recall": 0.0, "f1-score": 0.0, "support": 1.0}, "SP": {"precision": 1.0, "recall": 1.0, "f1-score": 1.0, "support": 1.0}, "ID": {"precision": 0.8181818181818182, "recall": 0.5294117647058824, "f1-score": 0.6428571428571428, "support": 17.0}, "NA": {"precision": 0.9393939393939394, "recall": 0.543859649122807, "f1-score": 0.688888888888889, "support": 57.0}, "HI": {"precision": 0.8888888888888888, "recall": 0.5161290322580645, "f1-score": 0.6530612244897959, "support": 31.0}, "IN": {"precision": 1.0, "recall": 0.6444444444444445, "f1-score": 0.7837837837837839, "support": 45.0}, "OP": {"precision": 0.9814814814814815, "recall": 0.7681159420289855, "f1-score": 0.8617886178861789, "support": 69.0}, "IP": {"precision": 0.9375, "recall": 0.5555555555555556, "f1-score": 0.6976744186046512, "support": 27.0}, "it": {"precision": 1.0, "recall": 1.0, "f1-score": 1.0, "support": 1.0}, "ne": {"precision": 0.5833333333333334, "recall": 0.6363636363636364, "f1-score": 0.6086956521739131, "support": 11.0}, "sr": {"precision": 1.0, "recall": 1.0, "f1-score": 1.0, "support": 3.0}, "nb": {"precision": 0.7777777777777778, "recall": 0.4117647058823529, "f1-score": 0.5384615384615384, "support": 17.0}, "re": {"precision": 0.6666666666666666, "recall": 1.0, "f1-score": 0.8, "support": 2.0}, "en": {"precision": 1.0, "recall": 0.6, "f1-score": 0.7499999999999999, "support": 5.0}, "ra": {"precision": 0.0, "recall": 0.0, "f1-score": 0.0, "support": 0.0}, "dtp": {"precision": 0.5882352941176471, "recall": 0.5263157894736842, "f1-score": 0.5555555555555555, "support": 19.0}, "fi": {"precision": 0.0, "recall": 0.0, "f1-score": 0.0, "support": 0.0}, "lt": {"precision": 0.0, "recall": 0.0, "f1-score": 0.0, "support": 4.0}, "rv": {"precision": 1.0, "recall": 0.9272727272727272, "f1-score": 0.9622641509433962, "support": 55.0}, "ob": {"precision": 0.0, "recall": 0.0, "f1-score": 0.0, "support": 0.0}, "rs": {"precision": 1.0, "recall": 0.2, "f1-score": 0.33333333333333337, "support": 5.0}, "av": {"precision": 0.0, "recall": 0.0, "f1-score": 0.0, "support": 4.0}, "ds": {"precision": 0.8571428571428571, "recall": 0.42857142857142855, "f1-score": 0.5714285714285714, "support": 14.0}, "ed": {"precision": 0.0, "recall": 0.0, "f1-score": 0.0, "support": 0.0}}}