{"f1": 0.7208888888888889, "precision": 0.7321146468065899, "recall": 0.710002188662727, "accuracy": 0.5040234089246525, "pr_auc": 0.7972578059599943, "threshold": 0.44999999999999996, "label_scores": {"MT": {"precision": 0.0, "recall": 0.0, "f1-score": 0.0, "support": 0.0}, "LY": {"precision": 0.9478260869565217, "recall": 0.8074074074074075, "f1-score": 0.872, "support": 135.0}, "SP": {"precision": 0.696551724137931, "recall": 0.6917808219178082, "f1-score": 0.6941580756013745, "support": 146.0}, "ID": {"precision": 0.8657937806873978, "recall": 0.7711370262390671, "f1-score": 0.8157286044718581, "support": 686.0}, "NA": {"precision": 0.7884252463828895, "recall": 0.8818011257035647, "f1-score": 0.832503044392782, "support": 4264.0}, "HI": {"precision": 0.6929133858267716, "recall": 0.6423357664233577, "f1-score": 0.6666666666666666, "support": 411.0}, "IN": {"precision": 0.7217138103161398, "recall": 0.6683359013867488, "f1-score": 0.694, "support": 2596.0}, "OP": {"precision": 0.6493848857644992, "recall": 0.6942226397369657, "f1-score": 0.67105561861521, "support": 2129.0}, "IP": {"precision": 0.6258992805755396, "recall": 0.43283582089552236, "f1-score": 0.5117647058823529, "support": 402.0}, "it": {"precision": 0.7128712871287128, "recall": 0.6923076923076923, "f1-score": 0.7024390243902439, "support": 104.0}, "ne": {"precision": 0.7682926829268293, "recall": 0.827893175074184, "f1-score": 0.7969802081207916, "support": 2359.0}, "sr": {"precision": 0.8611521418020679, "recall": 0.9181102362204724, "f1-score": 0.8887195121951219, "support": 635.0}, "nb": {"precision": 0.6941747572815534, "recall": 0.5941828254847645, "f1-score": 0.6402985074626866, "support": 722.0}, "re": {"precision": 0.8611111111111112, "recall": 0.8378378378378378, "f1-score": 0.8493150684931506, "support": 37.0}, "en": {"precision": 0.8505747126436781, "recall": 0.6851851851851852, "f1-score": 0.7589743589743589, "support": 108.0}, "ra": {"precision": 0.847457627118644, "recall": 0.5291005291005291, "f1-score": 0.6514657980456026, "support": 189.0}, "dtp": {"precision": 0.5997286295793759, "recall": 0.4055045871559633, "f1-score": 0.4838533114395183, "support": 1090.0}, "fi": {"precision": 0.875, "recall": 0.10144927536231885, "f1-score": 0.18181818181818182, "support": 69.0}, "lt": {"precision": 0.7352941176470589, "recall": 0.625, "f1-score": 0.6756756756756757, "support": 40.0}, "rv": {"precision": 0.7197802197802198, "recall": 0.6374695863746959, "f1-score": 0.6761290322580645, "support": 411.0}, "ob": {"precision": 0.588302752293578, "recall": 0.48810656517602286, "f1-score": 0.5335413416536662, "support": 1051.0}, "rs": {"precision": 0.7121212121212122, "recall": 0.5987261146496815, "f1-score": 0.6505190311418685, "support": 157.0}, "av": {"precision": 0.4972677595628415, "recall": 0.3855932203389831, "f1-score": 0.4343675417661098, "support": 236.0}, "ds": {"precision": 0.6696428571428571, "recall": 0.5357142857142857, "f1-score": 0.5952380952380952, "support": 280.0}, "ed": {"precision": 0.0, "recall": 0.0, "f1-score": 0.0, "support": 19.0}}}