{"f1": 0.5450180072028812, "f1_macro": 0.5425651698964752, "precision": 0.4274952919020716, "recall": 0.7516556291390728, "accuracy": 0.0, "threshold": 0.39999999999999997, "label_scores": {"MT": {"precision": 0.0, "recall": 0.0, "f1-score": 0.0, "support": 1.0}, "LY": {"precision": 0.0, "recall": 0.0, "f1-score": 0.0, "support": 0.0}, "SP": {"precision": 0.3333333333333333, "recall": 0.3333333333333333, "f1-score": 0.3333333333333333, "support": 3.0}, "ID": {"precision": 0.5333333333333333, "recall": 0.8888888888888888, "f1-score": 0.6666666666666667, "support": 9.0}, "NA": {"precision": 0.39759036144578314, "recall": 0.8461538461538461, "f1-score": 0.540983606557377, "support": 39.0}, "HI": {"precision": 0.2, "recall": 0.8, "f1-score": 0.32000000000000006, "support": 5.0}, "IN": {"precision": 0.46875, "recall": 0.8653846153846154, "f1-score": 0.6081081081081081, "support": 52.0}, "OP": {"precision": 0.4107142857142857, "recall": 0.92, "f1-score": 0.5679012345679012, "support": 25.0}, "IP": {"precision": 0.5189873417721519, "recall": 0.82, "f1-score": 0.6356589147286822, "support": 50.0}, "it": {"precision": 0.0, "recall": 0.0, "f1-score": 0.0, "support": 1.0}, "ne": {"precision": 0.45454545454545453, "recall": 0.5882352941176471, "f1-score": 0.5128205128205129, "support": 17.0}, "sr": {"precision": 1.0, "recall": 0.5, "f1-score": 0.6666666666666666, "support": 2.0}, "nb": {"precision": 0.2857142857142857, "recall": 0.6153846153846154, "f1-score": 0.3902439024390244, "support": 13.0}, "re": {"precision": 0.5, "recall": 1.0, "f1-score": 0.6666666666666666, "support": 1.0}, "en": {"precision": 0.3333333333333333, "recall": 1.0, "f1-score": 0.5, "support": 1.0}, "ra": {"precision": 1.0, "recall": 0.3333333333333333, "f1-score": 0.5, "support": 3.0}, "dtp": {"precision": 0.32653061224489793, "recall": 0.5714285714285714, "f1-score": 0.41558441558441556, "support": 28.0}, "fi": {"precision": 0.0, "recall": 0.0, "f1-score": 0.0, "support": 0.0}, "lt": {"precision": 1.0, "recall": 0.6666666666666666, "f1-score": 0.8, "support": 3.0}, "rv": {"precision": 0.4782608695652174, "recall": 0.8461538461538461, "f1-score": 0.6111111111111112, "support": 13.0}, "ob": {"precision": 0.5, "recall": 0.8571428571428571, "f1-score": 0.631578947368421, "support": 7.0}, "rs": {"precision": 0.0, "recall": 0.0, "f1-score": 0.0, "support": 0.0}, "av": {"precision": 0.2222222222222222, "recall": 1.0, "f1-score": 0.3636363636363636, "support": 2.0}, "ds": {"precision": 0.6190476190476191, "recall": 0.5416666666666666, "f1-score": 0.5777777777777778, "support": 24.0}, "ed": {"precision": 0.0, "recall": 0.0, "f1-score": 0.0, "support": 3.0}}}