{"f1": 0.7400688145136064, "f1_macro": 0.6362474269916921, "precision": 0.7130801687763713, "recall": 0.7691807542262679, "accuracy": 0.6353711790393013, "threshold": 0.39999999999999997, "label_scores": {"MT": {"precision": 0.8522727272727273, "recall": 0.6818181818181818, "f1-score": 0.7575757575757576, "support": 110.0}, "LY": {"precision": 0.5, "recall": 0.4, "f1-score": 0.4444444444444445, "support": 5.0}, "SP": {"precision": 1.0, "recall": 0.4166666666666667, "f1-score": 0.5882352941176471, "support": 12.0}, "ID": {"precision": 0.75, "recall": 0.42857142857142855, "f1-score": 0.5454545454545454, "support": 14.0}, "NA": {"precision": 0.8242677824267782, "recall": 0.9425837320574163, "f1-score": 0.8794642857142857, "support": 209.0}, "HI": {"precision": 0.5666666666666667, "recall": 0.8095238095238095, "f1-score": 0.6666666666666666, "support": 21.0}, "IN": {"precision": 0.6790123456790124, "recall": 0.6918238993710691, "f1-score": 0.6853582554517134, "support": 159.0}, "OP": {"precision": 0.7090909090909091, "recall": 0.5342465753424658, "f1-score": 0.6093750000000001, "support": 73.0}, "IP": {"precision": 0.6811145510835913, "recall": 0.873015873015873, "f1-score": 0.7652173913043478, "support": 252.0}, "it": {"precision": 1.0, "recall": 0.6666666666666666, "f1-score": 0.8, "support": 6.0}, "ne": {"precision": 0.8349514563106796, "recall": 0.9347826086956522, "f1-score": 0.8820512820512821, "support": 184.0}, "sr": {"precision": 0.6470588235294118, "recall": 0.9166666666666666, "f1-score": 0.7586206896551724, "support": 12.0}, "nb": {"precision": 0.5, "recall": 0.6153846153846154, "f1-score": 0.5517241379310345, "support": 13.0}, "re": {"precision": 0.6842105263157895, "recall": 1.0, "f1-score": 0.8125000000000001, "support": 13.0}, "en": {"precision": 0.5, "recall": 0.6666666666666666, "f1-score": 0.5714285714285715, "support": 3.0}, "ra": {"precision": 0.0, "recall": 0.0, "f1-score": 0.0, "support": 0.0}, "dtp": {"precision": 0.4909090909090909, "recall": 0.6585365853658537, "f1-score": 0.5625, "support": 41.0}, "fi": {"precision": 0.0, "recall": 0.0, "f1-score": 0.0, "support": 2.0}, "lt": {"precision": 0.7222222222222222, "recall": 0.7222222222222222, "f1-score": 0.7222222222222222, "support": 36.0}, "rv": {"precision": 0.5714285714285714, "recall": 0.36363636363636365, "f1-score": 0.4444444444444444, "support": 22.0}, "ob": {"precision": 0.16666666666666666, "recall": 0.05263157894736842, "f1-score": 0.08, "support": 19.0}, "rs": {"precision": 0.8888888888888888, "recall": 0.8, "f1-score": 0.8421052631578948, "support": 10.0}, "av": {"precision": 0.9, "recall": 0.5625, "f1-score": 0.6923076923076923, "support": 16.0}, "ds": {"precision": 0.7241379310344828, "recall": 0.875, "f1-score": 0.7924528301886793, "support": 216.0}, "ed": {"precision": 0.45714285714285713, "recall": 0.5517241379310345, "f1-score": 0.5, "support": 29.0}, "MIX": {"precision": 0.33962264150943394, "recall": 0.29508196721311475, "f1-score": 0.3157894736842105, "support": 61.0}}}