{"f1": 0.6137566137566137, "f1_macro": 0.5071974813460882, "precision": 0.6744186046511628, "recall": 0.5631067961165048, "accuracy": 0.55, "threshold": 0.5999999999999999, "label_scores": {"Forum": {"precision": 0.5, "recall": 0.25, "f1-score": 0.3333333333333333, "support": 4.0}, "Information/Explanation": {"precision": 0.5333333333333333, "recall": 0.36363636363636365, "f1-score": 0.43243243243243246, "support": 22.0}, "Instruction": {"precision": 1.0, "recall": 0.14285714285714285, "f1-score": 0.25, "support": 7.0}, "Legal": {"precision": 1.0, "recall": 0.6666666666666666, "f1-score": 0.8, "support": 3.0}, "News": {"precision": 0.7391304347826086, "recall": 0.8947368421052632, "f1-score": 0.8095238095238095, "support": 19.0}, "Opinion/Argumentation": {"precision": 0.6666666666666666, "recall": 0.36363636363636365, "f1-score": 0.4705882352941177, "support": 11.0}, "Other": {"precision": 0.2, "recall": 1.0, "f1-score": 0.33333333333333337, "support": 1.0}, "Promotion": {"precision": 0.7857142857142857, "recall": 0.7586206896551724, "f1-score": 0.7719298245614034, "support": 29.0}, "Prose/Lyrical": {"precision": 0.5, "recall": 0.2857142857142857, "f1-score": 0.36363636363636365, "support": 7.0}}}