{"f1": 0.8385093167701864, "f1_macro": 0.7884398077150806, "precision": 0.8562367864693446, "recall": 0.821501014198783, "accuracy": 0.5960264900662252, "threshold": 0.44999999999999996, "label_scores": {"MT": {"precision": 0.9365079365079365, "recall": 0.921875, "f1-score": 0.9291338582677166, "support": 64.0}, "LY": {"precision": 1.0, "recall": 1.0, "f1-score": 1.0, "support": 1.0}, "SP": {"precision": 0.6666666666666666, "recall": 1.0, "f1-score": 0.8, "support": 2.0}, "ID": {"precision": 1.0, "recall": 1.0, "f1-score": 1.0, "support": 1.0}, "NA": {"precision": 0.9130434782608695, "recall": 0.8235294117647058, "f1-score": 0.865979381443299, "support": 51.0}, "HI": {"precision": 0.8333333333333334, "recall": 0.8333333333333334, "f1-score": 0.8333333333333334, "support": 24.0}, "IN": {"precision": 0.7272727272727273, "recall": 0.8421052631578947, "f1-score": 0.7804878048780488, "support": 38.0}, "OP": {"precision": 0.8545454545454545, "recall": 0.8867924528301887, "f1-score": 0.8703703703703703, "support": 53.0}, "IP": {"precision": 0.8888888888888888, "recall": 0.8484848484848485, "f1-score": 0.8682170542635659, "support": 66.0}, "it": {"precision": 0.6666666666666666, "recall": 1.0, "f1-score": 0.8, "support": 2.0}, "ne": {"precision": 0.5, "recall": 0.25, "f1-score": 0.3333333333333333, "support": 4.0}, "sr": {"precision": 0.0, "recall": 0.0, "f1-score": 0.0, "support": 1.0}, "nb": {"precision": 0.8888888888888888, "recall": 0.8421052631578947, "f1-score": 0.8648648648648649, "support": 38.0}, "re": {"precision": 0.75, "recall": 0.8571428571428571, "f1-score": 0.7999999999999999, "support": 7.0}, "en": {"precision": 0.0, "recall": 0.0, "f1-score": 0.0, "support": 0.0}, "ra": {"precision": 0.0, "recall": 0.0, "f1-score": 0.0, "support": 0.0}, "dtp": {"precision": 0.6666666666666666, "recall": 0.42857142857142855, "f1-score": 0.5217391304347826, "support": 14.0}, "fi": {"precision": 1.0, "recall": 0.9473684210526315, "f1-score": 0.972972972972973, "support": 19.0}, "lt": {"precision": 0.0, "recall": 0.0, "f1-score": 0.0, "support": 0.0}, "rv": {"precision": 0.8974358974358975, "recall": 0.9210526315789473, "f1-score": 0.9090909090909091, "support": 38.0}, "ob": {"precision": 1.0, "recall": 0.3333333333333333, "f1-score": 0.5, "support": 3.0}, "rs": {"precision": 0.0, "recall": 0.0, "f1-score": 0.0, "support": 0.0}, "av": {"precision": 0.6363636363636364, "recall": 0.5, "f1-score": 0.56, "support": 14.0}, "ds": {"precision": 0.8604651162790697, "recall": 0.6981132075471698, "f1-score": 0.7708333333333334, "support": 53.0}, "ed": {"precision": 0.0, "recall": 0.0, "f1-score": 0.0, "support": 0.0}}}