{"f1": 0.7410863045651449, "f1_macro": 0.6127493381251515, "precision": 0.7611225188227242, "recall": 0.7220779220779221, "accuracy": 0.6342794759825328, "threshold": 0.49999999999999994, "label_scores": {"MT": {"precision": 0.9264705882352942, "recall": 0.5727272727272728, "f1-score": 0.7078651685393258, "support": 110.0}, "LY": {"precision": 0.5, "recall": 0.2, "f1-score": 0.28571428571428575, "support": 5.0}, "SP": {"precision": 1.0, "recall": 0.5, "f1-score": 0.6666666666666666, "support": 12.0}, "ID": {"precision": 1.0, "recall": 0.5, "f1-score": 0.6666666666666666, "support": 14.0}, "NA": {"precision": 0.8451327433628318, "recall": 0.9095238095238095, "f1-score": 0.8761467889908257, "support": 210.0}, "HI": {"precision": 0.6666666666666666, "recall": 0.7619047619047619, "f1-score": 0.7111111111111111, "support": 21.0}, "IN": {"precision": 0.6981132075471698, "recall": 0.6981132075471698, "f1-score": 0.6981132075471698, "support": 159.0}, "OP": {"precision": 0.6779661016949152, "recall": 0.547945205479452, "f1-score": 0.6060606060606061, "support": 73.0}, "IP": {"precision": 0.725, "recall": 0.8055555555555556, "f1-score": 0.7631578947368423, "support": 252.0}, "it": {"precision": 1.0, "recall": 0.6666666666666666, "f1-score": 0.8, "support": 6.0}, "ne": {"precision": 0.8557213930348259, "recall": 0.9297297297297298, "f1-score": 0.8911917098445598, "support": 185.0}, "sr": {"precision": 0.7, "recall": 0.5384615384615384, "f1-score": 0.608695652173913, "support": 13.0}, "nb": {"precision": 0.5, "recall": 0.5384615384615384, "f1-score": 0.5185185185185186, "support": 13.0}, "re": {"precision": 0.8125, "recall": 1.0, "f1-score": 0.896551724137931, "support": 13.0}, "en": {"precision": 0.3333333333333333, "recall": 0.6666666666666666, "f1-score": 0.4444444444444444, "support": 3.0}, "ra": {"precision": 0.0, "recall": 0.0, "f1-score": 0.0, "support": 0.0}, "dtp": {"precision": 0.6428571428571429, "recall": 0.43902439024390244, "f1-score": 0.5217391304347826, "support": 41.0}, "fi": {"precision": 0.0, "recall": 0.0, "f1-score": 0.0, "support": 2.0}, "lt": {"precision": 0.7297297297297297, "recall": 0.75, "f1-score": 0.7397260273972601, "support": 36.0}, "rv": {"precision": 0.4444444444444444, "recall": 0.36363636363636365, "f1-score": 0.39999999999999997, "support": 22.0}, "ob": {"precision": 1.0, "recall": 0.05263157894736842, "f1-score": 0.1, "support": 19.0}, "rs": {"precision": 0.8888888888888888, "recall": 0.8, "f1-score": 0.8421052631578948, "support": 10.0}, "av": {"precision": 0.8888888888888888, "recall": 0.5, "f1-score": 0.64, "support": 16.0}, "ds": {"precision": 0.7429718875502008, "recall": 0.8564814814814815, "f1-score": 0.7956989247311829, "support": 216.0}, "ed": {"precision": 0.5, "recall": 0.3448275862068966, "f1-score": 0.40816326530612246, "support": 29.0}, "MIX": {"precision": 0.5, "recall": 0.06666666666666667, "f1-score": 0.11764705882352941, "support": 60.0}}}