{"f1": 0.6334164588528679, "f1_macro": 0.650426084636611, "precision": 0.6105769230769231, "recall": 0.6580310880829016, "accuracy": 0.358695652173913, "threshold": 0.3, "label_scores": {"MT": {"precision": 0.25, "recall": 0.6666666666666666, "f1-score": 0.36363636363636365, "support": 3.0}, "LY": {"precision": 0.0, "recall": 0.0, "f1-score": 0.0, "support": 0.0}, "SP": {"precision": 0.0, "recall": 0.0, "f1-score": 0.0, "support": 0.0}, "ID": {"precision": 0.8, "recall": 0.5, "f1-score": 0.6153846153846154, "support": 8.0}, "NA": {"precision": 0.8717948717948718, "recall": 0.8717948717948718, "f1-score": 0.8717948717948718, "support": 39.0}, "HI": {"precision": 0.8, "recall": 0.5, "f1-score": 0.6153846153846154, "support": 8.0}, "IN": {"precision": 0.7368421052631579, "recall": 0.4666666666666667, "f1-score": 0.5714285714285714, "support": 30.0}, "OP": {"precision": 0.5714285714285714, "recall": 0.7058823529411765, "f1-score": 0.6315789473684211, "support": 17.0}, "IP": {"precision": 0.391304347826087, "recall": 0.5625, "f1-score": 0.46153846153846156, "support": 16.0}, "it": {"precision": 0.0, "recall": 0.0, "f1-score": 0.0, "support": 0.0}, "ne": {"precision": 0.8571428571428571, "recall": 0.8888888888888888, "f1-score": 0.8727272727272727, "support": 27.0}, "sr": {"precision": 0.625, "recall": 1.0, "f1-score": 0.7692307692307693, "support": 5.0}, "nb": {"precision": 0.0, "recall": 0.0, "f1-score": 0.0, "support": 3.0}, "re": {"precision": 1.0, "recall": 1.0, "f1-score": 1.0, "support": 2.0}, "en": {"precision": 1.0, "recall": 1.0, "f1-score": 1.0, "support": 1.0}, "ra": {"precision": 1.0, "recall": 0.5, "f1-score": 0.6666666666666666, "support": 2.0}, "dtp": {"precision": 0.3333333333333333, "recall": 0.3333333333333333, "f1-score": 0.3333333333333333, "support": 6.0}, "fi": {"precision": 0.0, "recall": 0.0, "f1-score": 0.0, "support": 2.0}, "lt": {"precision": 0.3333333333333333, "recall": 0.5, "f1-score": 0.4, "support": 2.0}, "rv": {"precision": 0.2857142857142857, "recall": 0.3333333333333333, "f1-score": 0.30769230769230765, "support": 6.0}, "ob": {"precision": 0.8, "recall": 0.6666666666666666, "f1-score": 0.7272727272727272, "support": 6.0}, "rs": {"precision": 0.8333333333333334, "recall": 0.8333333333333334, "f1-score": 0.8333333333333334, "support": 6.0}, "av": {"precision": 0.5, "recall": 1.0, "f1-score": 0.6666666666666666, "support": 1.0}, "ds": {"precision": 0.0, "recall": 0.0, "f1-score": 0.0, "support": 0.0}, "ed": {"precision": 0.0, "recall": 0.0, "f1-score": 0.0, "support": 3.0}}}