{"f1": 0.6238532110091743, "f1_macro": 0.6373608830505383, "precision": 0.6476190476190476, "recall": 0.6017699115044248, "accuracy": 0.5871559633027523, "threshold": 0.5499999999999999, "label_scores": {"Forum": {"precision": 1.0, "recall": 0.5, "f1-score": 0.6666666666666666, "support": 2.0}, "Information/Explanation": {"precision": 0.8888888888888888, "recall": 0.4, "f1-score": 0.5517241379310346, "support": 40.0}, "Instruction": {"precision": 0.6666666666666666, "recall": 1.0, "f1-score": 0.8, "support": 2.0}, "Legal": {"precision": 1.0, "recall": 1.0, "f1-score": 1.0, "support": 3.0}, "News": {"precision": 0.7727272727272727, "recall": 0.85, "f1-score": 0.8095238095238095, "support": 20.0}, "Opinion/Argumentation": {"precision": 0.6521739130434783, "recall": 0.6, "f1-score": 0.6250000000000001, "support": 25.0}, "Other": {"precision": 1.0, "recall": 0.2, "f1-score": 0.33333333333333337, "support": 5.0}, "Promotion": {"precision": 0.3793103448275862, "recall": 1.0, "f1-score": 0.5499999999999999, "support": 11.0}, "Prose/Lyrical": {"precision": 0.4, "recall": 0.4, "f1-score": 0.4000000000000001, "support": 5.0}}}