{"f1": 0.7414772727272728, "f1_macro": 0.7413130642836665, "precision": 0.7631578947368421, "recall": 0.7209944751381215, "accuracy": 0.38392857142857145, "threshold": 0.39999999999999997, "label_scores": {"MT": {"precision": 0.9444444444444444, "recall": 0.85, "f1-score": 0.8947368421052632, "support": 20.0}, "LY": {"precision": 1.0, "recall": 1.0, "f1-score": 1.0, "support": 2.0}, "SP": {"precision": 0.6666666666666666, "recall": 0.5, "f1-score": 0.5714285714285715, "support": 4.0}, "ID": {"precision": 0.75, "recall": 1.0, "f1-score": 0.8571428571428571, "support": 3.0}, "NA": {"precision": 0.8367346938775511, "recall": 0.82, "f1-score": 0.8282828282828283, "support": 50.0}, "HI": {"precision": 0.6190476190476191, "recall": 0.65, "f1-score": 0.6341463414634146, "support": 20.0}, "IN": {"precision": 0.717391304347826, "recall": 0.7857142857142857, "f1-score": 0.75, "support": 42.0}, "OP": {"precision": 0.7894736842105263, "recall": 0.7692307692307693, "f1-score": 0.7792207792207793, "support": 39.0}, "IP": {"precision": 0.8, "recall": 0.7619047619047619, "f1-score": 0.7804878048780488, "support": 42.0}, "it": {"precision": 0.6666666666666666, "recall": 0.6666666666666666, "f1-score": 0.6666666666666666, "support": 3.0}, "ne": {"precision": 0.5, "recall": 0.5, "f1-score": 0.5, "support": 4.0}, "sr": {"precision": 1.0, "recall": 1.0, "f1-score": 1.0, "support": 2.0}, "nb": {"precision": 0.8, "recall": 0.6451612903225806, "f1-score": 0.7142857142857142, "support": 31.0}, "re": {"precision": 0.7272727272727273, "recall": 0.8888888888888888, "f1-score": 0.7999999999999999, "support": 9.0}, "en": {"precision": 0.0, "recall": 0.0, "f1-score": 0.0, "support": 2.0}, "ra": {"precision": 0.0, "recall": 0.0, "f1-score": 0.0, "support": 1.0}, "dtp": {"precision": 0.4117647058823529, "recall": 0.5, "f1-score": 0.45161290322580644, "support": 14.0}, "fi": {"precision": 1.0, "recall": 0.8333333333333334, "f1-score": 0.9090909090909091, "support": 6.0}, "lt": {"precision": 1.0, "recall": 0.4, "f1-score": 0.5714285714285715, "support": 5.0}, "rv": {"precision": 0.9523809523809523, "recall": 0.7692307692307693, "f1-score": 0.8510638297872339, "support": 26.0}, "ob": {"precision": 0.0, "recall": 0.0, "f1-score": 0.0, "support": 2.0}, "rs": {"precision": 0.0, "recall": 0.0, "f1-score": 0.0, "support": 0.0}, "av": {"precision": 0.6666666666666666, "recall": 0.5454545454545454, "f1-score": 0.6, "support": 11.0}, "ds": {"precision": 0.7368421052631579, "recall": 0.6086956521739131, "f1-score": 0.6666666666666666, "support": 23.0}, "ed": {"precision": 0.0, "recall": 0.0, "f1-score": 0.0, "support": 1.0}}}