{"f1": 0.7491733585262162, "f1_macro": 0.6375411347274403, "precision": 0.8312368972746331, "recall": 0.6818572656921754, "accuracy": 0.32065217391304346, "threshold": 0.44999999999999996, "label_scores": {"MT": {"precision": 0.0, "recall": 0.0, "f1-score": 0.0, "support": 0.0}, "LY": {"precision": 1.0, "recall": 0.5, "f1-score": 0.6666666666666666, "support": 2.0}, "SP": {"precision": 0.8571428571428571, "recall": 0.6666666666666666, "f1-score": 0.75, "support": 9.0}, "ID": {"precision": 0.0, "recall": 0.0, "f1-score": 0.0, "support": 1.0}, "NA": {"precision": 0.8843283582089553, "recall": 0.915057915057915, "f1-score": 0.8994307400379508, "support": 259.0}, "HI": {"precision": 0.8285714285714286, "recall": 0.8529411764705882, "f1-score": 0.8405797101449276, "support": 34.0}, "IN": {"precision": 0.9301075268817204, "recall": 0.7863636363636364, "f1-score": 0.8522167487684729, "support": 220.0}, "OP": {"precision": 0.8513513513513513, "recall": 0.7544910179640718, "f1-score": 0.7999999999999999, "support": 167.0}, "IP": {"precision": 0.75, "recall": 0.4166666666666667, "f1-score": 0.5357142857142857, "support": 36.0}, "it": {"precision": 1.0, "recall": 0.1111111111111111, "f1-score": 0.19999999999999998, "support": 9.0}, "ne": {"precision": 0.6310679611650486, "recall": 0.6701030927835051, "f1-score": 0.65, "support": 97.0}, "sr": {"precision": 0.75, "recall": 0.5, "f1-score": 0.6, "support": 6.0}, "nb": {"precision": 0.7391304347826086, "recall": 0.38636363636363635, "f1-score": 0.5074626865671641, "support": 44.0}, "re": {"precision": 1.0, "recall": 1.0, "f1-score": 1.0, "support": 2.0}, "en": {"precision": 0.0, "recall": 0.0, "f1-score": 0.0, "support": 2.0}, "ra": {"precision": 0.0, "recall": 0.0, "f1-score": 0.0, "support": 6.0}, "dtp": {"precision": 0.7931034482758621, "recall": 0.42592592592592593, "f1-score": 0.5542168674698795, "support": 108.0}, "fi": {"precision": 0.0, "recall": 0.0, "f1-score": 0.0, "support": 3.0}, "lt": {"precision": 0.0, "recall": 0.0, "f1-score": 0.0, "support": 1.0}, "rv": {"precision": 0.6, "recall": 0.23076923076923078, "f1-score": 0.33333333333333337, "support": 13.0}, "ob": {"precision": 0.7761194029850746, "recall": 0.5531914893617021, "f1-score": 0.6459627329192547, "support": 94.0}, "rs": {"precision": 0.0, "recall": 0.0, "f1-score": 0.0, "support": 4.0}, "av": {"precision": 0.6923076923076923, "recall": 0.375, "f1-score": 0.48648648648648646, "support": 24.0}, "ds": {"precision": 0.7272727272727273, "recall": 0.4, "f1-score": 0.5161290322580645, "support": 20.0}, "ed": {"precision": 0.0, "recall": 0.0, "f1-score": 0.0, "support": 2.0}}}