{"f1": 0.8216458533461415, "f1_macro": 0.7823837893775715, "precision": 0.8358306188925081, "recall": 0.8079345088161209, "accuracy": 0.7061098221191029, "threshold": 0.44999999999999996, "label_scores": {"MT": {"precision": 0.9134615384615384, "recall": 0.8189655172413793, "f1-score": 0.8636363636363636, "support": 116.0}, "LY": {"precision": 0.9166666666666666, "recall": 0.7333333333333333, "f1-score": 0.8148148148148148, "support": 15.0}, "SP": {"precision": 0.625, "recall": 0.7142857142857143, "f1-score": 0.6666666666666666, "support": 7.0}, "ID": {"precision": 0.8043478260869565, "recall": 0.7254901960784313, "f1-score": 0.7628865979381443, "support": 51.0}, "NA": {"precision": 0.8707124010554089, "recall": 0.8396946564885496, "f1-score": 0.8549222797927462, "support": 393.0}, "HI": {"precision": 0.7540983606557377, "recall": 0.5897435897435898, "f1-score": 0.6618705035971222, "support": 78.0}, "IN": {"precision": 0.8016997167138811, "recall": 0.8372781065088757, "f1-score": 0.8191027496382055, "support": 338.0}, "OP": {"precision": 0.7396449704142012, "recall": 0.7621951219512195, "f1-score": 0.7507507507507507, "support": 164.0}, "IP": {"precision": 0.8709677419354839, "recall": 0.823943661971831, "f1-score": 0.8468033775633292, "support": 426.0}}}