{"f1": 0.7517241379310344, "precision": 0.7332805698456668, "recall": 0.7711194340407823, "accuracy": 0.5423045930701047, "pr_auc": 0.828871858567217, "threshold": 0.39999999999999997, "label_scores": {"MT": {"precision": 0.9038461538461539, "recall": 0.734375, "f1-score": 0.8103448275862069, "support": 64.0}, "LY": {"precision": 0.8571428571428571, "recall": 0.9230769230769231, "f1-score": 0.8888888888888888, "support": 13.0}, "SP": {"precision": 0.6153846153846154, "recall": 0.5333333333333333, "f1-score": 0.5714285714285714, "support": 15.0}, "ID": {"precision": 0.856, "recall": 0.8916666666666667, "f1-score": 0.8734693877551021, "support": 120.0}, "NA": {"precision": 0.7605633802816901, "recall": 0.8307692307692308, "f1-score": 0.7941176470588235, "support": 325.0}, "HI": {"precision": 0.6376811594202898, "recall": 0.6111111111111112, "f1-score": 0.624113475177305, "support": 72.0}, "IN": {"precision": 0.7338935574229691, "recall": 0.81875, "f1-score": 0.7740029542097489, "support": 320.0}, "OP": {"precision": 0.654320987654321, "recall": 0.7066666666666667, "f1-score": 0.6794871794871795, "support": 150.0}, "IP": {"precision": 0.8191489361702128, "recall": 0.7917737789203085, "f1-score": 0.8052287581699347, "support": 389.0}, "it": {"precision": 0.7142857142857143, "recall": 0.625, "f1-score": 0.6666666666666666, "support": 8.0}, "ne": {"precision": 0.6891891891891891, "recall": 0.8225806451612904, "f1-score": 0.75, "support": 124.0}, "sr": {"precision": 0.9166666666666666, "recall": 0.9565217391304348, "f1-score": 0.9361702127659575, "support": 23.0}, "nb": {"precision": 0.7073170731707317, "recall": 0.6796875, "f1-score": 0.6932270916334662, "support": 128.0}, "re": {"precision": 0.782608695652174, "recall": 0.8571428571428571, "f1-score": 0.8181818181818182, "support": 21.0}, "en": {"precision": 0.8285714285714286, "recall": 0.8529411764705882, "f1-score": 0.8405797101449275, "support": 34.0}, "ra": {"precision": 0.5, "recall": 0.5, "f1-score": 0.5, "support": 10.0}, "dtp": {"precision": 0.5277777777777778, "recall": 0.6375838926174496, "f1-score": 0.5775075987841946, "support": 149.0}, "fi": {"precision": 0.8333333333333334, "recall": 0.8333333333333334, "f1-score": 0.8333333333333334, "support": 6.0}, "lt": {"precision": 0.7941176470588235, "recall": 0.7105263157894737, "f1-score": 0.75, "support": 38.0}, "rv": {"precision": 0.7763157894736842, "recall": 0.7763157894736842, "f1-score": 0.7763157894736842, "support": 76.0}, "ob": {"precision": 0.5483870967741935, "recall": 0.6296296296296297, "f1-score": 0.5862068965517241, "support": 27.0}, "rs": {"precision": 0.5833333333333334, "recall": 1.0, "f1-score": 0.7368421052631579, "support": 7.0}, "av": {"precision": 0.4782608695652174, "recall": 0.39285714285714285, "f1-score": 0.43137254901960786, "support": 28.0}, "ds": {"precision": 0.7352941176470589, "recall": 0.8130081300813008, "f1-score": 0.7722007722007722, "support": 246.0}, "ed": {"precision": 0.0, "recall": 0.0, "f1-score": 0.0, "support": 10.0}}}