{"f1": 0.8179078777442962, "f1_macro": 0.7759665872104775, "precision": 0.8095440988495952, "recall": 0.8264462809917356, "accuracy": 0.7591817759181776, "threshold": 0.44999999999999996, "label_scores": {"MT": {"precision": 0.985239852398524, "recall": 0.967391304347826, "f1-score": 0.9762340036563072, "support": 276.0}, "LY": {"precision": 0.6, "recall": 0.6, "f1-score": 0.6, "support": 5.0}, "SP": {"precision": 0.7647058823529411, "recall": 0.7222222222222222, "f1-score": 0.7428571428571428, "support": 18.0}, "ID": {"precision": 0.8564814814814815, "recall": 0.8008658008658008, "f1-score": 0.8277404921700223, "support": 231.0}, "NA": {"precision": 0.8228004956629492, "recall": 0.8806366047745358, "f1-score": 0.8507367072389493, "support": 754.0}, "HI": {"precision": 0.7596153846153846, "recall": 0.6752136752136753, "f1-score": 0.7149321266968327, "support": 117.0}, "IN": {"precision": 0.7597597597597597, "recall": 0.6988950276243094, "f1-score": 0.7280575539568345, "support": 362.0}, "OP": {"precision": 0.7253086419753086, "recall": 0.8274647887323944, "f1-score": 0.7730263157894737, "support": 284.0}, "IP": {"precision": 0.7444444444444445, "recall": 0.7976190476190477, "f1-score": 0.7701149425287357, "support": 252.0}}}