{"f1": 0.8879824286162535, "f1_macro": 0.850892431005549, "precision": 0.8838226108682073, "recall": 0.8921815889029003, "accuracy": 0.8297142857142857, "threshold": 0.44999999999999996, "label_scores": {"MT": {"precision": 0.9444444444444444, "recall": 0.9444444444444444, "f1-score": 0.9444444444444444, "support": 36.0}, "LY": {"precision": 0.8571428571428571, "recall": 0.8571428571428571, "f1-score": 0.8571428571428571, "support": 7.0}, "SP": {"precision": 1.0, "recall": 0.5, "f1-score": 0.6666666666666666, "support": 2.0}, "ID": {"precision": 0.8717948717948718, "recall": 0.7906976744186046, "f1-score": 0.8292682926829267, "support": 43.0}, "NA": {"precision": 0.9291666666666667, "recall": 0.9369747899159664, "f1-score": 0.9330543933054394, "support": 238.0}, "HI": {"precision": 0.9, "recall": 0.75, "f1-score": 0.8181818181818182, "support": 24.0}, "IN": {"precision": 0.8836206896551724, "recall": 0.9318181818181818, "f1-score": 0.9070796460176991, "support": 220.0}, "OP": {"precision": 0.803030303030303, "recall": 0.828125, "f1-score": 0.8153846153846153, "support": 64.0}, "IP": {"precision": 0.9316239316239316, "recall": 0.9045643153526971, "f1-score": 0.9178947368421052, "support": 241.0}, "it": {"precision": 0.0, "recall": 0.0, "f1-score": 0.0, "support": 1.0}, "ne": {"precision": 0.8289473684210527, "recall": 0.9, "f1-score": 0.8630136986301371, "support": 70.0}, "sr": {"precision": 1.0, "recall": 0.875, "f1-score": 0.9333333333333333, "support": 8.0}, "nb": {"precision": 0.934640522875817, "recall": 0.9407894736842105, "f1-score": 0.937704918032787, "support": 152.0}, "re": {"precision": 1.0, "recall": 1.0, "f1-score": 1.0, "support": 9.0}, "en": {"precision": 0.9516129032258065, "recall": 0.9516129032258065, "f1-score": 0.9516129032258065, "support": 124.0}, "ra": {"precision": 0.0, "recall": 0.0, "f1-score": 0.0, "support": 1.0}, "dtp": {"precision": 0.5263157894736842, "recall": 0.47619047619047616, "f1-score": 0.5, "support": 42.0}, "fi": {"precision": 1.0, "recall": 0.6, "f1-score": 0.7499999999999999, "support": 5.0}, "lt": {"precision": 0.8666666666666667, "recall": 0.8666666666666667, "f1-score": 0.8666666666666667, "support": 30.0}, "rv": {"precision": 0.7692307692307693, "recall": 0.7692307692307693, "f1-score": 0.7692307692307693, "support": 13.0}, "ob": {"precision": 0.7857142857142857, "recall": 0.7857142857142857, "f1-score": 0.7857142857142857, "support": 42.0}, "rs": {"precision": 0.8, "recall": 0.8, "f1-score": 0.8000000000000002, "support": 5.0}, "av": {"precision": 1.0, "recall": 1.0, "f1-score": 1.0, "support": 1.0}, "ds": {"precision": 0.8340807174887892, "recall": 0.916256157635468, "f1-score": 0.8732394366197183, "support": 203.0}, "ed": {"precision": 0.0, "recall": 0.0, "f1-score": 0.0, "support": 5.0}}}