{"f1": 0.4914675767918089, "f1_macro": 0.6392495696570931, "precision": 0.48322147651006714, "recall": 0.5, "accuracy": 0.31, "threshold": 0.44999999999999996, "label_scores": {"MT": {"precision": 0.0, "recall": 0.0, "f1-score": 0.0, "support": 0.0}, "LY": {"precision": 0.0, "recall": 0.0, "f1-score": 0.0, "support": 0.0}, "SP": {"precision": 1.0, "recall": 1.0, "f1-score": 1.0, "support": 1.0}, "ID": {"precision": 0.6666666666666666, "recall": 1.0, "f1-score": 0.8, "support": 4.0}, "NA": {"precision": 0.8, "recall": 0.36363636363636365, "f1-score": 0.5000000000000001, "support": 33.0}, "HI": {"precision": 1.0, "recall": 0.5, "f1-score": 0.6666666666666666, "support": 8.0}, "IN": {"precision": 0.6, "recall": 0.6428571428571429, "f1-score": 0.6206896551724138, "support": 14.0}, "OP": {"precision": 0.0, "recall": 0.0, "f1-score": 0.0, "support": 1.0}, "IP": {"precision": 0.7352941176470589, "recall": 0.78125, "f1-score": 0.7575757575757576, "support": 32.0}, "it": {"precision": 1.0, "recall": 1.0, "f1-score": 1.0, "support": 1.0}, "ne": {"precision": 0.0, "recall": 0.0, "f1-score": 0.0, "support": 3.0}, "sr": {"precision": 0.0, "recall": 0.0, "f1-score": 0.0, "support": 0.0}, "nb": {"precision": 1.0, "recall": 0.3, "f1-score": 0.4615384615384615, "support": 30.0}, "re": {"precision": 0.0, "recall": 0.0, "f1-score": 0.0, "support": 0.0}, "en": {"precision": 0.0, "recall": 0.0, "f1-score": 0.0, "support": 0.0}, "ra": {"precision": 0.0, "recall": 0.0, "f1-score": 0.0, "support": 0.0}, "dtp": {"precision": 0.6666666666666666, "recall": 0.5, "f1-score": 0.5714285714285715, "support": 8.0}, "fi": {"precision": 0.0, "recall": 0.0, "f1-score": 0.0, "support": 0.0}, "lt": {"precision": 0.3333333333333333, "recall": 1.0, "f1-score": 0.5, "support": 1.0}, "rv": {"precision": 0.0, "recall": 0.0, "f1-score": 0.0, "support": 0.0}, "ob": {"precision": 0.0, "recall": 0.0, "f1-score": 0.0, "support": 0.0}, "rs": {"precision": 0.0, "recall": 0.0, "f1-score": 0.0, "support": 0.0}, "av": {"precision": 0.0, "recall": 0.0, "f1-score": 0.0, "support": 1.0}, "ds": {"precision": 0.0, "recall": 0.0, "f1-score": 0.0, "support": 0.0}, "ed": {"precision": 0.0, "recall": 0.0, "f1-score": 0.0, "support": 0.0}, "MIX": {"precision": 0.10526315789473684, "recall": 0.2857142857142857, "f1-score": 0.15384615384615385, "support": 7.0}}}