{"f1": 0.5840707964601769, "f1_macro": 0.6462364791086713, "precision": 0.5641025641025641, "recall": 0.6055045871559633, "accuracy": 0.4782608695652174, "threshold": 0.44999999999999996, "label_scores": {"MT": {"precision": 1.0, "recall": 0.5, "f1-score": 0.6666666666666666, "support": 2.0}, "LY": {"precision": 1.0, "recall": 0.5, "f1-score": 0.6666666666666666, "support": 2.0}, "SP": {"precision": 0.0, "recall": 0.0, "f1-score": 0.0, "support": 0.0}, "ID": {"precision": 0.0, "recall": 0.0, "f1-score": 0.0, "support": 0.0}, "NA": {"precision": 0.6956521739130435, "recall": 0.9411764705882353, "f1-score": 0.7999999999999999, "support": 17.0}, "HI": {"precision": 1.0, "recall": 1.0, "f1-score": 1.0, "support": 3.0}, "IN": {"precision": 0.5, "recall": 0.5714285714285714, "f1-score": 0.5333333333333333, "support": 7.0}, "OP": {"precision": 0.5, "recall": 0.6, "f1-score": 0.5454545454545454, "support": 5.0}, "IP": {"precision": 0.391304347826087, "recall": 0.8181818181818182, "f1-score": 0.5294117647058824, "support": 11.0}, "it": {"precision": 0.0, "recall": 0.0, "f1-score": 0.0, "support": 0.0}, "ne": {"precision": 0.7647058823529411, "recall": 0.9285714285714286, "f1-score": 0.8387096774193549, "support": 14.0}, "sr": {"precision": 0.3333333333333333, "recall": 0.25, "f1-score": 0.28571428571428575, "support": 4.0}, "nb": {"precision": 0.0, "recall": 0.0, "f1-score": 0.0, "support": 0.0}, "re": {"precision": 0.0, "recall": 0.0, "f1-score": 0.0, "support": 0.0}, "en": {"precision": 0.0, "recall": 0.0, "f1-score": 0.0, "support": 1.0}, "ra": {"precision": 0.0, "recall": 0.0, "f1-score": 0.0, "support": 0.0}, "dtp": {"precision": 0.0, "recall": 0.0, "f1-score": 0.0, "support": 5.0}, "fi": {"precision": 0.0, "recall": 0.0, "f1-score": 0.0, "support": 0.0}, "lt": {"precision": 1.0, "recall": 1.0, "f1-score": 1.0, "support": 1.0}, "rv": {"precision": 0.0, "recall": 0.0, "f1-score": 0.0, "support": 1.0}, "ob": {"precision": 0.5, "recall": 1.0, "f1-score": 0.6666666666666666, "support": 1.0}, "rs": {"precision": 0.0, "recall": 0.0, "f1-score": 0.0, "support": 0.0}, "av": {"precision": 1.0, "recall": 0.5, "f1-score": 0.6666666666666666, "support": 2.0}, "ds": {"precision": 0.4, "recall": 0.8888888888888888, "f1-score": 0.5517241379310346, "support": 9.0}, "ed": {"precision": 0.0, "recall": 0.0, "f1-score": 0.0, "support": 2.0}, "MIX": {"precision": 0.8, "recall": 0.18181818181818182, "f1-score": 0.2962962962962963, "support": 22.0}}}