{"f1": 0.7113234680150299, "precision": 0.7039757598016712, "recall": 0.7188261766360398, "accuracy": 0.5999581983488348, "threshold": 0.44999999999999996, "label_scores": {"Forum": {"precision": 0.8657937806873978, "recall": 0.7711370262390671, "f1-score": 0.8157286044718582, "support": 686.0}, "Information/Explanation": {"precision": 0.6896697713801863, "recall": 0.6536918138041734, "f1-score": 0.6711990111248455, "support": 2492.0}, "Instruction": {"precision": 0.7069408740359897, "recall": 0.588865096359743, "f1-score": 0.6425233644859814, "support": 467.0}, "Legal": {"precision": 0.7352941176470589, "recall": 0.625, "f1-score": 0.6756756756756757, "support": 40.0}, "News": {"precision": 0.7995018679950187, "recall": 0.8684477510990869, "f1-score": 0.8325498460042147, "support": 2957.0}, "Opinion/Argumentation": {"precision": 0.7125703564727955, "recall": 0.7256400458540313, "f1-score": 0.7190458159787959, "support": 2617.0}, "Other": {"precision": 0.643312101910828, "recall": 0.6917808219178082, "f1-score": 0.6666666666666666, "support": 146.0}, "Promotion": {"precision": 0.6258992805755396, "recall": 0.45430809399477806, "f1-score": 0.5264750378214825, "support": 383.0}, "Prose/Lyrical": {"precision": 0.39475908706677937, "recall": 0.5318906605922551, "f1-score": 0.4531780688985929, "support": 878.0}}}