{"f1": 0.6135135135135135, "f1_macro": 0.5579262657567744, "precision": 0.5732323232323232, "recall": 0.6598837209302325, "accuracy": 0.501577287066246, "threshold": 0.35, "label_scores": {"Forum": {"precision": 0.4444444444444444, "recall": 1.0, "f1-score": 0.6153846153846153, "support": 8.0}, "Information/Explanation": {"precision": 0.43157894736842106, "recall": 0.8723404255319149, "f1-score": 0.5774647887323944, "support": 47.0}, "Instruction": {"precision": 0.3333333333333333, "recall": 0.375, "f1-score": 0.35294117647058826, "support": 16.0}, "Legal": {"precision": 0.75, "recall": 0.7058823529411765, "f1-score": 0.7272727272727272, "support": 17.0}, "News": {"precision": 0.6046511627906976, "recall": 0.8387096774193549, "f1-score": 0.7027027027027026, "support": 31.0}, "Opinion/Argumentation": {"precision": 0.3076923076923077, "recall": 0.32653061224489793, "f1-score": 0.31683168316831684, "support": 49.0}, "Other": {"precision": 0.23076923076923078, "recall": 0.5, "f1-score": 0.3157894736842105, "support": 6.0}, "Promotion": {"precision": 0.8415841584158416, "recall": 0.7522123893805309, "f1-score": 0.794392523364486, "support": 113.0}, "Prose/Lyrical": {"precision": 0.75, "recall": 0.5263157894736842, "f1-score": 0.6185567010309279, "support": 57.0}}}