{"f1": 0.5853658536585367, "f1_macro": 0.6157709855114717, "precision": 0.5793103448275863, "recall": 0.5915492957746479, "accuracy": 0.3804347826086957, "threshold": 0.44999999999999996, "label_scores": {"MT": {"precision": 0.0, "recall": 0.0, "f1-score": 0.0, "support": 0.0}, "LY": {"precision": 0.0, "recall": 0.0, "f1-score": 0.0, "support": 0.0}, "SP": {"precision": 0.0, "recall": 0.0, "f1-score": 0.0, "support": 0.0}, "ID": {"precision": 0.0, "recall": 0.0, "f1-score": 0.0, "support": 3.0}, "NA": {"precision": 0.8571428571428571, "recall": 0.9375, "f1-score": 0.8955223880597014, "support": 32.0}, "HI": {"precision": 1.0, "recall": 1.0, "f1-score": 1.0, "support": 2.0}, "IN": {"precision": 0.46153846153846156, "recall": 0.5, "f1-score": 0.48000000000000004, "support": 12.0}, "OP": {"precision": 0.625, "recall": 0.5, "f1-score": 0.5555555555555556, "support": 10.0}, "IP": {"precision": 0.3333333333333333, "recall": 0.7142857142857143, "f1-score": 0.4545454545454545, "support": 7.0}, "it": {"precision": 0.0, "recall": 0.0, "f1-score": 0.0, "support": 0.0}, "ne": {"precision": 0.8148148148148148, "recall": 0.9166666666666666, "f1-score": 0.8627450980392156, "support": 24.0}, "sr": {"precision": 0.625, "recall": 1.0, "f1-score": 0.7692307692307693, "support": 5.0}, "nb": {"precision": 0.0, "recall": 0.0, "f1-score": 0.0, "support": 1.0}, "re": {"precision": 1.0, "recall": 1.0, "f1-score": 1.0, "support": 2.0}, "en": {"precision": 1.0, "recall": 1.0, "f1-score": 1.0, "support": 1.0}, "ra": {"precision": 1.0, "recall": 0.5, "f1-score": 0.6666666666666666, "support": 2.0}, "dtp": {"precision": 0.3333333333333333, "recall": 0.5, "f1-score": 0.4, "support": 2.0}, "fi": {"precision": 0.0, "recall": 0.0, "f1-score": 0.0, "support": 0.0}, "lt": {"precision": 0.0, "recall": 0.0, "f1-score": 0.0, "support": 1.0}, "rv": {"precision": 1.0, "recall": 0.3333333333333333, "f1-score": 0.5, "support": 3.0}, "ob": {"precision": 0.5, "recall": 0.25, "f1-score": 0.3333333333333333, "support": 4.0}, "rs": {"precision": 0.3333333333333333, "recall": 0.2, "f1-score": 0.25, "support": 5.0}, "av": {"precision": 0.0, "recall": 0.0, "f1-score": 0.0, "support": 0.0}, "ds": {"precision": 0.0, "recall": 0.0, "f1-score": 0.0, "support": 0.0}, "ed": {"precision": 0.0, "recall": 0.0, "f1-score": 0.0, "support": 0.0}, "MIX": {"precision": 0.3333333333333333, "recall": 0.038461538461538464, "f1-score": 0.06896551724137931, "support": 26.0}}}