{"f1": 0.6824789594491202, "f1_macro": 0.6817343540520742, "precision": 0.7992831541218638, "recall": 0.595460614152203, "accuracy": 0.18454935622317598, "threshold": 0.39999999999999997, "label_scores": {"MT": {"precision": 0.9473684210526315, "recall": 0.5806451612903226, "f1-score": 0.72, "support": 31.0}, "LY": {"precision": 1.0, "recall": 0.75, "f1-score": 0.8571428571428571, "support": 4.0}, "SP": {"precision": 0.6, "recall": 0.375, "f1-score": 0.4615384615384615, "support": 8.0}, "ID": {"precision": 0.6666666666666666, "recall": 0.7272727272727273, "f1-score": 0.6956521739130435, "support": 11.0}, "NA": {"precision": 0.8974358974358975, "recall": 0.6796116504854369, "f1-score": 0.7734806629834254, "support": 103.0}, "HI": {"precision": 0.7037037037037037, "recall": 0.4523809523809524, "f1-score": 0.5507246376811594, "support": 42.0}, "IN": {"precision": 0.8059701492537313, "recall": 0.675, "f1-score": 0.7346938775510204, "support": 80.0}, "OP": {"precision": 0.8245614035087719, "recall": 0.6266666666666667, "f1-score": 0.7121212121212122, "support": 75.0}, "IP": {"precision": 0.8378378378378378, "recall": 0.5849056603773585, "f1-score": 0.6888888888888889, "support": 106.0}, "it": {"precision": 0.6, "recall": 0.6, "f1-score": 0.6, "support": 5.0}, "ne": {"precision": 0.5625, "recall": 0.45, "f1-score": 0.5, "support": 20.0}, "sr": {"precision": 1.0, "recall": 1.0, "f1-score": 1.0, "support": 4.0}, "nb": {"precision": 0.8205128205128205, "recall": 0.5614035087719298, "f1-score": 0.6666666666666666, "support": 57.0}, "re": {"precision": 0.7142857142857143, "recall": 0.8333333333333334, "f1-score": 0.7692307692307692, "support": 12.0}, "en": {"precision": 0.6666666666666666, "recall": 0.5, "f1-score": 0.5714285714285715, "support": 4.0}, "ra": {"precision": 0.0, "recall": 0.0, "f1-score": 0.0, "support": 1.0}, "dtp": {"precision": 0.6206896551724138, "recall": 0.46153846153846156, "f1-score": 0.5294117647058824, "support": 39.0}, "fi": {"precision": 1.0, "recall": 0.8333333333333334, "f1-score": 0.9090909090909091, "support": 6.0}, "lt": {"precision": 1.0, "recall": 0.4166666666666667, "f1-score": 0.5882352941176471, "support": 12.0}, "rv": {"precision": 0.9375, "recall": 0.7317073170731707, "f1-score": 0.821917808219178, "support": 41.0}, "ob": {"precision": 0.5, "recall": 0.4, "f1-score": 0.4444444444444445, "support": 5.0}, "rs": {"precision": 1.0, "recall": 1.0, "f1-score": 1.0, "support": 1.0}, "av": {"precision": 0.6666666666666666, "recall": 0.3333333333333333, "f1-score": 0.4444444444444444, "support": 24.0}, "ds": {"precision": 0.717391304347826, "recall": 0.5789473684210527, "f1-score": 0.6407766990291262, "support": 57.0}, "ed": {"precision": 0.0, "recall": 0.0, "f1-score": 0.0, "support": 1.0}}}