{"f1": 0.7662091812588736, "f1_macro": 0.7073734524691078, "precision": 0.7519739897816999, "recall": 0.7809937288953208, "accuracy": 0.662799690641918, "threshold": 0.44999999999999996, "label_scores": {"MT": {"precision": 0.9210526315789473, "recall": 0.9210526315789473, "f1-score": 0.9210526315789473, "support": 38.0}, "LY": {"precision": 0.7142857142857143, "recall": 0.5555555555555556, "f1-score": 0.6250000000000001, "support": 9.0}, "SP": {"precision": 1.0, "recall": 0.5, "f1-score": 0.6666666666666666, "support": 2.0}, "ID": {"precision": 0.8888888888888888, "recall": 0.7111111111111111, "f1-score": 0.7901234567901234, "support": 45.0}, "NA": {"precision": 0.7741935483870968, "recall": 0.8888888888888888, "f1-score": 0.8275862068965517, "support": 270.0}, "HI": {"precision": 0.6666666666666666, "recall": 0.6451612903225806, "f1-score": 0.6557377049180327, "support": 31.0}, "IN": {"precision": 0.7644927536231884, "recall": 0.871900826446281, "f1-score": 0.8146718146718147, "support": 242.0}, "OP": {"precision": 0.7936507936507936, "recall": 0.6329113924050633, "f1-score": 0.704225352112676, "support": 79.0}, "IP": {"precision": 0.7766323024054983, "recall": 0.8278388278388278, "f1-score": 0.801418439716312, "support": 273.0}, "it": {"precision": 0.0, "recall": 0.0, "f1-score": 0.0, "support": 1.0}, "ne": {"precision": 0.7848101265822784, "recall": 0.8378378378378378, "f1-score": 0.8104575163398693, "support": 74.0}, "sr": {"precision": 0.7, "recall": 0.7777777777777778, "f1-score": 0.7368421052631577, "support": 9.0}, "nb": {"precision": 0.7715736040609137, "recall": 0.8994082840236687, "f1-score": 0.8306010928961748, "support": 169.0}, "re": {"precision": 0.75, "recall": 1.0, "f1-score": 0.8571428571428571, "support": 9.0}, "en": {"precision": 0.8888888888888888, "recall": 0.967741935483871, "f1-score": 0.9266409266409267, "support": 124.0}, "ra": {"precision": 0.0, "recall": 0.0, "f1-score": 0.0, "support": 1.0}, "dtp": {"precision": 0.4482758620689655, "recall": 0.48148148148148145, "f1-score": 0.4642857142857143, "support": 54.0}, "fi": {"precision": 0.5, "recall": 0.2, "f1-score": 0.28571428571428575, "support": 5.0}, "lt": {"precision": 0.8181818181818182, "recall": 0.8709677419354839, "f1-score": 0.84375, "support": 31.0}, "rv": {"precision": 0.6153846153846154, "recall": 0.5, "f1-score": 0.5517241379310345, "support": 16.0}, "ob": {"precision": 0.8857142857142857, "recall": 0.6458333333333334, "f1-score": 0.7469879518072288, "support": 48.0}, "rs": {"precision": 0.6, "recall": 0.5, "f1-score": 0.5454545454545454, "support": 6.0}, "av": {"precision": 0.0, "recall": 0.0, "f1-score": 0.0, "support": 4.0}, "ds": {"precision": 0.7393162393162394, "recall": 0.7828054298642534, "f1-score": 0.7604395604395605, "support": 221.0}, "ed": {"precision": 0.75, "recall": 0.375, "f1-score": 0.5, "support": 8.0}, "MIX": {"precision": 0.6254416961130742, "recall": 0.5822368421052632, "f1-score": 0.6030664395229982, "support": 304.0}}}