{"f1": 0.7941312741312742, "f1_macro": 0.7269539483977313, "precision": 0.7964684014869888, "recall": 0.791807822605482, "accuracy": 0.7007992007992008, "threshold": 0.49999999999999994, "label_scores": {"MT": {"precision": 0.9819004524886877, "recall": 0.9559471365638766, "f1-score": 0.96875, "support": 227.0}, "LY": {"precision": 0.75, "recall": 0.75, "f1-score": 0.75, "support": 4.0}, "SP": {"precision": 0.7142857142857143, "recall": 0.5882352941176471, "f1-score": 0.6451612903225806, "support": 17.0}, "ID": {"precision": 0.8775510204081632, "recall": 0.8037383177570093, "f1-score": 0.8390243902439024, "support": 214.0}, "NA": {"precision": 0.8337874659400545, "recall": 0.8780487804878049, "f1-score": 0.8553459119496856, "support": 697.0}, "HI": {"precision": 0.7662337662337663, "recall": 0.686046511627907, "f1-score": 0.7239263803680982, "support": 86.0}, "IN": {"precision": 0.7714285714285715, "recall": 0.6813880126182965, "f1-score": 0.7236180904522612, "support": 317.0}, "OP": {"precision": 0.6947791164658634, "recall": 0.8046511627906977, "f1-score": 0.7456896551724137, "support": 215.0}, "IP": {"precision": 0.7540983606557377, "recall": 0.8177777777777778, "f1-score": 0.7846481876332623, "support": 225.0}, "it": {"precision": 0.7777777777777778, "recall": 0.5833333333333334, "f1-score": 0.6666666666666666, "support": 12.0}, "ne": {"precision": 0.6406779661016949, "recall": 0.883177570093458, "f1-score": 0.7426326129666011, "support": 214.0}, "sr": {"precision": 0.8955223880597015, "recall": 0.8823529411764706, "f1-score": 0.888888888888889, "support": 68.0}, "nb": {"precision": 0.8872180451127819, "recall": 0.7468354430379747, "f1-score": 0.8109965635738833, "support": 316.0}, "re": {"precision": 0.8, "recall": 0.6666666666666666, "f1-score": 0.7272727272727272, "support": 6.0}, "en": {"precision": 0.7575757575757576, "recall": 0.625, "f1-score": 0.6849315068493151, "support": 40.0}, "ra": {"precision": 0.7142857142857143, "recall": 0.7142857142857143, "f1-score": 0.7142857142857143, "support": 14.0}, "dtp": {"precision": 0.6451612903225806, "recall": 0.5128205128205128, "f1-score": 0.5714285714285714, "support": 117.0}, "fi": {"precision": 1.0, "recall": 0.5, "f1-score": 0.6666666666666666, "support": 4.0}, "lt": {"precision": 0.75, "recall": 0.6818181818181818, "f1-score": 0.7142857142857143, "support": 22.0}, "rv": {"precision": 0.6323529411764706, "recall": 0.7962962962962963, "f1-score": 0.7049180327868853, "support": 54.0}, "ob": {"precision": 0.609375, "recall": 0.5735294117647058, "f1-score": 0.5909090909090909, "support": 68.0}, "rs": {"precision": 0.918918918918919, "recall": 0.8192771084337349, "f1-score": 0.8662420382165605, "support": 83.0}, "av": {"precision": 1.0, "recall": 0.125, "f1-score": 0.2222222222222222, "support": 8.0}, "ds": {"precision": 0.8383838383838383, "recall": 0.8383838383838383, "f1-score": 0.8383838383838383, "support": 198.0}, "ed": {"precision": 0.0, "recall": 0.0, "f1-score": 0.0, "support": 21.0}}}