{"f1": 0.6332622601279317, "f1_macro": 0.5314803737527596, "precision": 0.6811926605504587, "recall": 0.5916334661354582, "accuracy": 0.45425867507886436, "threshold": 0.44999999999999996, "label_scores": {"MT": {"precision": 0.2, "recall": 0.2, "f1-score": 0.20000000000000004, "support": 5.0}, "LY": {"precision": 0.0, "recall": 0.0, "f1-score": 0.0, "support": 1.0}, "SP": {"precision": 0.0, "recall": 0.0, "f1-score": 0.0, "support": 1.0}, "ID": {"precision": 0.5, "recall": 1.0, "f1-score": 0.6666666666666666, "support": 5.0}, "NA": {"precision": 0.855072463768116, "recall": 0.7023809523809523, "f1-score": 0.7712418300653594, "support": 84.0}, "HI": {"precision": 0.0, "recall": 0.0, "f1-score": 0.0, "support": 8.0}, "IN": {"precision": 0.6493506493506493, "recall": 0.8620689655172413, "f1-score": 0.7407407407407408, "support": 58.0}, "OP": {"precision": 0.5, "recall": 0.2962962962962963, "f1-score": 0.37209302325581395, "support": 27.0}, "IP": {"precision": 0.8947368421052632, "recall": 0.6538461538461539, "f1-score": 0.7555555555555555, "support": 104.0}, "it": {"precision": 0.0, "recall": 0.0, "f1-score": 0.0, "support": 0.0}, "ne": {"precision": 0.5483870967741935, "recall": 0.8095238095238095, "f1-score": 0.6538461538461537, "support": 21.0}, "sr": {"precision": 1.0, "recall": 0.2857142857142857, "f1-score": 0.4444444444444445, "support": 7.0}, "nb": {"precision": 0.1, "recall": 0.1111111111111111, "f1-score": 0.10526315789473685, "support": 9.0}, "re": {"precision": 0.0, "recall": 0.0, "f1-score": 0.0, "support": 0.0}, "en": {"precision": 1.0, "recall": 1.0, "f1-score": 1.0, "support": 1.0}, "ra": {"precision": 0.5714285714285714, "recall": 0.8, "f1-score": 0.6666666666666666, "support": 5.0}, "dtp": {"precision": 0.25, "recall": 0.08333333333333333, "f1-score": 0.125, "support": 12.0}, "fi": {"precision": 0.0, "recall": 0.0, "f1-score": 0.0, "support": 2.0}, "lt": {"precision": 0.7142857142857143, "recall": 0.7142857142857143, "f1-score": 0.7142857142857143, "support": 14.0}, "rv": {"precision": 0.4166666666666667, "recall": 0.38461538461538464, "f1-score": 0.4, "support": 13.0}, "ob": {"precision": 0.0, "recall": 0.0, "f1-score": 0.0, "support": 5.0}, "rs": {"precision": 0.0, "recall": 0.0, "f1-score": 0.0, "support": 0.0}, "av": {"precision": 1.0, "recall": 0.3333333333333333, "f1-score": 0.5, "support": 6.0}, "ds": {"precision": 0.8285714285714286, "recall": 0.6590909090909091, "f1-score": 0.7341772151898734, "support": 88.0}, "ed": {"precision": 0.0, "recall": 0.0, "f1-score": 0.0, "support": 2.0}, "MIX": {"precision": 0.16666666666666666, "recall": 0.20833333333333334, "f1-score": 0.1851851851851852, "support": 24.0}}}