{"f1": 0.7692307692307692, "f1_macro": 0.7104783620368663, "precision": 0.7684426229508197, "recall": 0.7700205338809035, "accuracy": 0.7019650655021834, "threshold": 0.44999999999999996, "label_scores": {"Forum": {"precision": 0.6666666666666666, "recall": 0.34782608695652173, "f1-score": 0.4571428571428571, "support": 23.0}, "Information/Explanation": {"precision": 0.6041666666666666, "recall": 0.6744186046511628, "f1-score": 0.6373626373626373, "support": 129.0}, "Instruction": {"precision": 0.675, "recall": 0.75, "f1-score": 0.7105263157894738, "support": 36.0}, "Legal": {"precision": 0.7872340425531915, "recall": 0.6981132075471698, "f1-score": 0.74, "support": 53.0}, "News": {"precision": 0.8508771929824561, "recall": 0.9509803921568627, "f1-score": 0.8981481481481481, "support": 204.0}, "Opinion/Argumentation": {"precision": 0.7663551401869159, "recall": 0.6029411764705882, "f1-score": 0.6748971193415637, "support": 136.0}, "Other": {"precision": 0.8804347826086957, "recall": 0.6585365853658537, "f1-score": 0.7534883720930232, "support": 123.0}, "Promotion": {"precision": 0.7673611111111112, "recall": 0.8804780876494024, "f1-score": 0.8200371057513914, "support": 251.0}, "Prose/Lyrical": {"precision": 0.7222222222222222, "recall": 0.6842105263157895, "f1-score": 0.7027027027027027, "support": 19.0}}}