{"f1": 0.5685071574642128, "f1_macro": 0.5863897377132671, "precision": 0.4542483660130719, "recall": 0.7595628415300546, "accuracy": 0.0, "threshold": 0.44999999999999996, "label_scores": {"MT": {"precision": 0.3333333333333333, "recall": 0.5, "f1-score": 0.4, "support": 2.0}, "LY": {"precision": 1.0, "recall": 1.0, "f1-score": 1.0, "support": 2.0}, "SP": {"precision": 0.0, "recall": 0.0, "f1-score": 0.0, "support": 0.0}, "ID": {"precision": 0.2, "recall": 0.5, "f1-score": 0.28571428571428575, "support": 2.0}, "NA": {"precision": 0.5094339622641509, "recall": 0.84375, "f1-score": 0.6352941176470588, "support": 32.0}, "HI": {"precision": 0.35714285714285715, "recall": 0.7142857142857143, "f1-score": 0.4761904761904762, "support": 7.0}, "IN": {"precision": 0.43902439024390244, "recall": 0.8181818181818182, "f1-score": 0.5714285714285715, "support": 22.0}, "OP": {"precision": 0.45454545454545453, "recall": 1.0, "f1-score": 0.625, "support": 15.0}, "IP": {"precision": 0.5272727272727272, "recall": 0.90625, "f1-score": 0.6666666666666665, "support": 32.0}, "it": {"precision": 0.0, "recall": 0.0, "f1-score": 0.0, "support": 0.0}, "ne": {"precision": 0.0, "recall": 0.0, "f1-score": 0.0, "support": 4.0}, "sr": {"precision": 0.3333333333333333, "recall": 1.0, "f1-score": 0.5, "support": 1.0}, "nb": {"precision": 0.41935483870967744, "recall": 0.7647058823529411, "f1-score": 0.5416666666666666, "support": 17.0}, "re": {"precision": 0.0, "recall": 0.0, "f1-score": 0.0, "support": 0.0}, "en": {"precision": 0.0, "recall": 0.0, "f1-score": 0.0, "support": 0.0}, "ra": {"precision": 0.0, "recall": 0.0, "f1-score": 0.0, "support": 0.0}, "dtp": {"precision": 0.45, "recall": 0.75, "f1-score": 0.5625000000000001, "support": 12.0}, "fi": {"precision": 0.0, "recall": 0.0, "f1-score": 0.0, "support": 0.0}, "lt": {"precision": 0.0, "recall": 0.0, "f1-score": 0.0, "support": 1.0}, "rv": {"precision": 0.6, "recall": 1.0, "f1-score": 0.7499999999999999, "support": 3.0}, "ob": {"precision": 0.35714285714285715, "recall": 0.8333333333333334, "f1-score": 0.5, "support": 6.0}, "rs": {"precision": 0.0, "recall": 0.0, "f1-score": 0.0, "support": 1.0}, "av": {"precision": 0.75, "recall": 1.0, "f1-score": 0.8571428571428571, "support": 3.0}, "ds": {"precision": 0.4666666666666667, "recall": 0.3888888888888889, "f1-score": 0.42424242424242425, "support": 18.0}, "ed": {"precision": 0.0, "recall": 0.0, "f1-score": 0.0, "support": 3.0}}}