{"f1": 0.6966292134831461, "precision": 0.7948717948717948, "recall": 0.62, "accuracy": 0.5939849624060151, "pr_auc": 0.764163744328912, "threshold": 0.6499999999999999, "label_scores": {"MT": {"precision": 0.8666666666666667, "recall": 0.7647058823529411, "f1-score": 0.8125, "support": 17.0}, "LY": {"precision": 0.0, "recall": 0.0, "f1-score": 0.0, "support": 0.0}, "SP": {"precision": 0.0, "recall": 0.0, "f1-score": 0.0, "support": 0.0}, "ID": {"precision": 1.0, "recall": 0.5, "f1-score": 0.6666666666666666, "support": 4.0}, "NA": {"precision": 0.7916666666666666, "recall": 0.7037037037037037, "f1-score": 0.7450980392156864, "support": 27.0}, "HI": {"precision": 0.8571428571428571, "recall": 0.6, "f1-score": 0.7058823529411764, "support": 10.0}, "IN": {"precision": 0.8260869565217391, "recall": 0.4222222222222222, "f1-score": 0.5588235294117647, "support": 45.0}, "OP": {"precision": 0.75, "recall": 0.3333333333333333, "f1-score": 0.46153846153846156, "support": 9.0}, "IP": {"precision": 0.7380952380952381, "recall": 0.8157894736842105, "f1-score": 0.775, "support": 38.0}}}