{"f1": 0.44295302013422816, "f1_macro": 0.46964553933983716, "precision": 0.45, "recall": 0.43612334801762115, "accuracy": 0.0, "threshold": 0.49999999999999994, "label_scores": {"MT": {"precision": 0.0, "recall": 0.0, "f1-score": 0.0, "support": 4.0}, "LY": {"precision": 0.0, "recall": 0.0, "f1-score": 0.0, "support": 1.0}, "SP": {"precision": 0.0, "recall": 0.0, "f1-score": 0.0, "support": 0.0}, "ID": {"precision": 0.8571428571428571, "recall": 0.4, "f1-score": 0.5454545454545455, "support": 15.0}, "NA": {"precision": 0.4067796610169492, "recall": 0.631578947368421, "f1-score": 0.4948453608247423, "support": 38.0}, "HI": {"precision": 0.6875, "recall": 0.6470588235294118, "f1-score": 0.6666666666666667, "support": 17.0}, "IN": {"precision": 0.4444444444444444, "recall": 0.4444444444444444, "f1-score": 0.4444444444444444, "support": 36.0}, "OP": {"precision": 0.4090909090909091, "recall": 0.391304347826087, "f1-score": 0.4, "support": 23.0}, "IP": {"precision": 0.38095238095238093, "recall": 0.6666666666666666, "f1-score": 0.4848484848484849, "support": 12.0}, "it": {"precision": 0.0, "recall": 0.0, "f1-score": 0.0, "support": 0.0}, "ne": {"precision": 0.2857142857142857, "recall": 0.4, "f1-score": 0.3333333333333333, "support": 5.0}, "sr": {"precision": 0.0, "recall": 0.0, "f1-score": 0.0, "support": 2.0}, "nb": {"precision": 0.4375, "recall": 0.3684210526315789, "f1-score": 0.39999999999999997, "support": 19.0}, "re": {"precision": 0.0, "recall": 0.0, "f1-score": 0.0, "support": 1.0}, "en": {"precision": 0.0, "recall": 0.0, "f1-score": 0.0, "support": 4.0}, "ra": {"precision": 0.0, "recall": 0.0, "f1-score": 0.0, "support": 0.0}, "dtp": {"precision": 0.5294117647058824, "recall": 0.6, "f1-score": 0.5625, "support": 15.0}, "fi": {"precision": 0.0, "recall": 0.0, "f1-score": 0.0, "support": 0.0}, "lt": {"precision": 0.0, "recall": 0.0, "f1-score": 0.0, "support": 1.0}, "rv": {"precision": 0.45454545454545453, "recall": 0.625, "f1-score": 0.5263157894736842, "support": 8.0}, "ob": {"precision": 0.0, "recall": 0.0, "f1-score": 0.0, "support": 7.0}, "rs": {"precision": 0.0, "recall": 0.0, "f1-score": 0.0, "support": 4.0}, "av": {"precision": 0.0, "recall": 0.0, "f1-score": 0.0, "support": 3.0}, "ds": {"precision": 0.5, "recall": 0.2222222222222222, "f1-score": 0.30769230769230765, "support": 9.0}, "ed": {"precision": 0.0, "recall": 0.0, "f1-score": 0.0, "support": 3.0}}}