{"f1": 0.6381462616452456, "f1_macro": 0.5069889187734394, "precision": 0.6163650267652306, "recall": 0.6615233092580434, "accuracy": 0.383739157696729, "threshold": 0.35, "label_scores": {"MT": {"precision": 0.0, "recall": 0.0, "f1-score": 0.0, "support": 0.0}, "LY": {"precision": 1.0, "recall": 0.05185185185185185, "f1-score": 0.09859154929577466, "support": 135.0}, "SP": {"precision": 0.0, "recall": 0.0, "f1-score": 0.0, "support": 146.0}, "ID": {"precision": 0.7195994277539342, "recall": 0.7332361516034985, "f1-score": 0.7263537906137184, "support": 686.0}, "NA": {"precision": 0.7418772563176895, "recall": 0.8674953095684803, "f1-score": 0.7997837837837837, "support": 4264.0}, "HI": {"precision": 0.4157303370786517, "recall": 0.36009732360097324, "f1-score": 0.3859191655801826, "support": 411.0}, "IN": {"precision": 0.543558606124604, "recall": 0.7931432973805855, "f1-score": 0.6450501253132833, "support": 2596.0}, "OP": {"precision": 0.5877192982456141, "recall": 0.5664631282292156, "f1-score": 0.5768954795503468, "support": 2129.0}, "IP": {"precision": 0.6842105263157895, "recall": 0.19402985074626866, "f1-score": 0.3023255813953488, "support": 402.0}, "it": {"precision": 0.0, "recall": 0.0, "f1-score": 0.0, "support": 104.0}, "ne": {"precision": 0.7208600528102603, "recall": 0.8100890207715133, "f1-score": 0.762874251497006, "support": 2359.0}, "sr": {"precision": 0.8145048814504882, "recall": 0.9196850393700787, "f1-score": 0.863905325443787, "support": 635.0}, "nb": {"precision": 0.5856423173803527, "recall": 0.6440443213296398, "f1-score": 0.6134564643799472, "support": 722.0}, "re": {"precision": 0.0, "recall": 0.0, "f1-score": 0.0, "support": 37.0}, "en": {"precision": 0.0, "recall": 0.0, "f1-score": 0.0, "support": 108.0}, "ra": {"precision": 0.0, "recall": 0.0, "f1-score": 0.0, "support": 189.0}, "dtp": {"precision": 0.32414126753749395, "recall": 0.6146788990825688, "f1-score": 0.42445359518530246, "support": 1090.0}, "fi": {"precision": 0.0, "recall": 0.0, "f1-score": 0.0, "support": 69.0}, "lt": {"precision": 0.0, "recall": 0.0, "f1-score": 0.0, "support": 40.0}, "rv": {"precision": 0.7014925373134329, "recall": 0.45742092457420924, "f1-score": 0.5537555228276878, "support": 411.0}, "ob": {"precision": 0.49606299212598426, "recall": 0.47954329210275926, "f1-score": 0.48766328011611026, "support": 1051.0}, "rs": {"precision": 0.0, "recall": 0.0, "f1-score": 0.0, "support": 157.0}, "av": {"precision": 0.3333333333333333, "recall": 0.00423728813559322, "f1-score": 0.008368200836820085, "support": 236.0}, "ds": {"precision": 0.6907216494845361, "recall": 0.2392857142857143, "f1-score": 0.35543766578249336, "support": 280.0}, "ed": {"precision": 0.0, "recall": 0.0, "f1-score": 0.0, "support": 19.0}}}