{"f1": 0.6677071280574765, "f1_macro": 0.5640704041407787, "precision": 0.656906867157304, "recall": 0.6788684613701028, "accuracy": 0.41718047862890584, "threshold": 0.39999999999999997, "label_scores": {"MT": {"precision": 0.0, "recall": 0.0, "f1-score": 0.0, "support": 0.0}, "LY": {"precision": 0.9680851063829787, "recall": 0.674074074074074, "f1-score": 0.7947598253275109, "support": 135.0}, "SP": {"precision": 0.8260869565217391, "recall": 0.2602739726027397, "f1-score": 0.3958333333333333, "support": 146.0}, "ID": {"precision": 0.8125, "recall": 0.739067055393586, "f1-score": 0.7740458015267175, "support": 686.0}, "NA": {"precision": 0.7751656336824108, "recall": 0.850609756097561, "f1-score": 0.8111372022811136, "support": 4264.0}, "HI": {"precision": 0.6406779661016949, "recall": 0.45985401459854014, "f1-score": 0.5354107648725213, "support": 411.0}, "IN": {"precision": 0.5429021254263973, "recall": 0.7969953775038521, "f1-score": 0.6458560948962073, "support": 2596.0}, "OP": {"precision": 0.5996258185219832, "recall": 0.6021606387975575, "f1-score": 0.6008905554253574, "support": 2129.0}, "IP": {"precision": 0.6391304347826087, "recall": 0.3656716417910448, "f1-score": 0.4651898734177215, "support": 402.0}, "it": {"precision": 0.8260869565217391, "recall": 0.36538461538461536, "f1-score": 0.5066666666666666, "support": 104.0}, "ne": {"precision": 0.7091966557615412, "recall": 0.8270453582026283, "f1-score": 0.763600782778865, "support": 2359.0}, "sr": {"precision": 0.8717156105100463, "recall": 0.8881889763779528, "f1-score": 0.8798751950078002, "support": 635.0}, "nb": {"precision": 0.6504424778761062, "recall": 0.610803324099723, "f1-score": 0.6300000000000001, "support": 722.0}, "re": {"precision": 0.0, "recall": 0.0, "f1-score": 0.0, "support": 37.0}, "en": {"precision": 0.0, "recall": 0.0, "f1-score": 0.0, "support": 108.0}, "ra": {"precision": 0.8272727272727273, "recall": 0.48148148148148145, "f1-score": 0.608695652173913, "support": 189.0}, "dtp": {"precision": 0.43416666666666665, "recall": 0.4779816513761468, "f1-score": 0.4550218340611354, "support": 1090.0}, "fi": {"precision": 0.0, "recall": 0.0, "f1-score": 0.0, "support": 69.0}, "lt": {"precision": 0.0, "recall": 0.0, "f1-score": 0.0, "support": 40.0}, "rv": {"precision": 0.7413127413127413, "recall": 0.46715328467153283, "f1-score": 0.5731343283582089, "support": 411.0}, "ob": {"precision": 0.4836795252225519, "recall": 0.4652711703139867, "f1-score": 0.4742967992240543, "support": 1051.0}, "rs": {"precision": 1.0, "recall": 0.03184713375796178, "f1-score": 0.0617283950617284, "support": 157.0}, "av": {"precision": 0.5319148936170213, "recall": 0.1059322033898305, "f1-score": 0.17667844522968199, "support": 236.0}, "ds": {"precision": 0.6481481481481481, "recall": 0.5, "f1-score": 0.564516129032258, "support": 280.0}, "ed": {"precision": 0.0, "recall": 0.0, "f1-score": 0.0, "support": 19.0}}}