{"f1": 0.7383605344676129, "f1_macro": 0.705078829298981, "precision": 0.728359025814102, "recall": 0.7486405400337521, "accuracy": 0.6336085275368377, "threshold": 0.44999999999999996, "label_scores": {"Forum": {"precision": 0.9123376623376623, "recall": 0.8192419825072886, "f1-score": 0.8632872503840245, "support": 686.0}, "Information/Explanation": {"precision": 0.7212331741207121, "recall": 0.6665329052969502, "f1-score": 0.6928050052137643, "support": 2492.0}, "Instruction": {"precision": 0.7197943444730077, "recall": 0.5995717344753747, "f1-score": 0.6542056074766355, "support": 467.0}, "Legal": {"precision": 0.8125, "recall": 0.65, "f1-score": 0.7222222222222223, "support": 40.0}, "News": {"precision": 0.8201530612244898, "recall": 0.8698004734528239, "f1-score": 0.8442474971278517, "support": 2957.0}, "Opinion/Argumentation": {"precision": 0.6973772696704774, "recall": 0.7925105082155139, "f1-score": 0.7419066356644608, "support": 2617.0}, "Other": {"precision": 0.7310344827586207, "recall": 0.726027397260274, "f1-score": 0.7285223367697595, "support": 146.0}, "Promotion": {"precision": 0.71875, "recall": 0.4804177545691906, "f1-score": 0.5758998435054774, "support": 383.0}, "Prose/Lyrical": {"precision": 0.4676258992805755, "recall": 0.592255125284738, "f1-score": 0.5226130653266331, "support": 878.0}}}