{"f1": 0.7209898562033219, "f1_macro": 0.6771977704658887, "precision": 0.7350835322195705, "recall": 0.707426446461774, "accuracy": 0.5147397031151997, "threshold": 0.44999999999999996, "label_scores": {"MT": {"precision": 0.0, "recall": 0.0, "f1-score": 0.0, "support": 0.0}, "LY": {"precision": 0.9365079365079365, "recall": 0.8676470588235294, "f1-score": 0.9007633587786259, "support": 68.0}, "SP": {"precision": 0.7301587301587301, "recall": 0.6216216216216216, "f1-score": 0.6715328467153284, "support": 74.0}, "ID": {"precision": 0.8444444444444444, "recall": 0.7732558139534884, "f1-score": 0.8072837632776935, "support": 344.0}, "NA": {"precision": 0.8029359430604982, "recall": 0.8470201783200375, "f1-score": 0.824389129938342, "support": 2131.0}, "HI": {"precision": 0.6070038910505836, "recall": 0.7647058823529411, "f1-score": 0.6767895878524944, "support": 204.0}, "IN": {"precision": 0.7564444444444445, "recall": 0.6556240369799692, "f1-score": 0.7024349979364424, "support": 1298.0}, "OP": {"precision": 0.6526586620926244, "recall": 0.716572504708098, "f1-score": 0.6831238779174148, "support": 1062.0}, "IP": {"precision": 0.5898876404494382, "recall": 0.5223880597014925, "f1-score": 0.5540897097625329, "support": 201.0}, "it": {"precision": 0.7755102040816326, "recall": 0.76, "f1-score": 0.7676767676767676, "support": 50.0}, "ne": {"precision": 0.7952755905511811, "recall": 0.7606694560669456, "f1-score": 0.7775876817792986, "support": 1195.0}, "sr": {"precision": 0.8273972602739726, "recall": 0.9320987654320988, "f1-score": 0.8766328011611031, "support": 324.0}, "nb": {"precision": 0.721830985915493, "recall": 0.5959302325581395, "f1-score": 0.6528662420382165, "support": 344.0}, "re": {"precision": 0.8947368421052632, "recall": 0.8095238095238095, "f1-score": 0.8500000000000001, "support": 21.0}, "en": {"precision": 0.8157894736842105, "recall": 0.6458333333333334, "f1-score": 0.7209302325581395, "support": 48.0}, "ra": {"precision": 0.75, "recall": 0.5625, "f1-score": 0.6428571428571429, "support": 112.0}, "dtp": {"precision": 0.5883720930232558, "recall": 0.47026022304832715, "f1-score": 0.5227272727272727, "support": 538.0}, "fi": {"precision": 0.5384615384615384, "recall": 0.2413793103448276, "f1-score": 0.3333333333333333, "support": 29.0}, "lt": {"precision": 1.0, "recall": 0.5263157894736842, "f1-score": 0.6896551724137931, "support": 19.0}, "rv": {"precision": 0.7457627118644068, "recall": 0.6407766990291263, "f1-score": 0.689295039164491, "support": 206.0}, "ob": {"precision": 0.5793991416309013, "recall": 0.5056179775280899, "f1-score": 0.54, "support": 534.0}, "rs": {"precision": 0.6521739130434783, "recall": 0.7407407407407407, "f1-score": 0.6936416184971098, "support": 81.0}, "av": {"precision": 0.49295774647887325, "recall": 0.33653846153846156, "f1-score": 0.4, "support": 104.0}, "ds": {"precision": 0.6126760563380281, "recall": 0.5838926174496645, "f1-score": 0.5979381443298969, "support": 149.0}, "ed": {"precision": 0.0, "recall": 0.0, "f1-score": 0.0, "support": 7.0}}}