{"f1": 0.6559843034663179, "f1_macro": 0.5505878604868077, "precision": 0.7375, "recall": 0.5906949352179034, "accuracy": 0.4737991266375546, "threshold": 0.39999999999999997, "label_scores": {"MT": {"precision": 0.8888888888888888, "recall": 0.509090909090909, "f1-score": 0.6473988439306357, "support": 110.0}, "LY": {"precision": 0.0, "recall": 0.0, "f1-score": 0.0, "support": 7.0}, "SP": {"precision": 0.0, "recall": 0.0, "f1-score": 0.0, "support": 13.0}, "ID": {"precision": 0.0, "recall": 0.0, "f1-score": 0.0, "support": 23.0}, "NA": {"precision": 0.7410071942446043, "recall": 0.8995633187772926, "f1-score": 0.8126232741617356, "support": 229.0}, "HI": {"precision": 1.0, "recall": 0.06060606060606061, "f1-score": 0.1142857142857143, "support": 33.0}, "IN": {"precision": 0.6964285714285714, "recall": 0.6324324324324324, "f1-score": 0.6628895184135977, "support": 185.0}, "OP": {"precision": 0.8181818181818182, "recall": 0.09782608695652174, "f1-score": 0.17475728155339806, "support": 92.0}, "IP": {"precision": 0.7198697068403909, "recall": 0.778169014084507, "f1-score": 0.7478849407783418, "support": 284.0}, "it": {"precision": 0.0, "recall": 0.0, "f1-score": 0.0, "support": 7.0}, "ne": {"precision": 0.7338709677419355, "recall": 0.9528795811518325, "f1-score": 0.8291571753986332, "support": 191.0}, "sr": {"precision": 0.0, "recall": 0.0, "f1-score": 0.0, "support": 14.0}, "nb": {"precision": 0.0, "recall": 0.0, "f1-score": 0.0, "support": 23.0}, "re": {"precision": 1.0, "recall": 0.09523809523809523, "f1-score": 0.17391304347826084, "support": 21.0}, "en": {"precision": 0.0, "recall": 0.0, "f1-score": 0.0, "support": 4.0}, "ra": {"precision": 0.0, "recall": 0.0, "f1-score": 0.0, "support": 0.0}, "dtp": {"precision": 0.0, "recall": 0.0, "f1-score": 0.0, "support": 46.0}, "fi": {"precision": 0.0, "recall": 0.0, "f1-score": 0.0, "support": 3.0}, "lt": {"precision": 0.0, "recall": 0.0, "f1-score": 0.0, "support": 53.0}, "rv": {"precision": 0.0, "recall": 0.0, "f1-score": 0.0, "support": 31.0}, "ob": {"precision": 0.0, "recall": 0.0, "f1-score": 0.0, "support": 22.0}, "rs": {"precision": 0.0, "recall": 0.0, "f1-score": 0.0, "support": 10.0}, "av": {"precision": 0.0, "recall": 0.0, "f1-score": 0.0, "support": 20.0}, "ds": {"precision": 0.7402135231316725, "recall": 0.8524590163934426, "f1-score": 0.7923809523809524, "support": 244.0}, "ed": {"precision": 0.0, "recall": 0.0, "f1-score": 0.0, "support": 33.0}}}