{"f1": 0.6776119402985075, "precision": 0.6504297994269341, "recall": 0.7071651090342679, "accuracy": 0.4759036144578313, "pr_auc": 0.7118528052256758, "threshold": 0.39999999999999997, "label_scores": {"MT": {"precision": 0.0, "recall": 0.0, "f1-score": 0.0, "support": 0.0}, "LY": {"precision": 0.0, "recall": 0.0, "f1-score": 0.0, "support": 4.0}, "SP": {"precision": 0.0, "recall": 0.0, "f1-score": 0.0, "support": 0.0}, "ID": {"precision": 0.5714285714285714, "recall": 0.23529411764705882, "f1-score": 0.3333333333333333, "support": 17.0}, "NA": {"precision": 0.8, "recall": 0.9203539823008849, "f1-score": 0.8559670781893004, "support": 113.0}, "HI": {"precision": 0.8, "recall": 0.375, "f1-score": 0.5106382978723405, "support": 32.0}, "IN": {"precision": 0.4266666666666667, "recall": 0.5818181818181818, "f1-score": 0.4923076923076923, "support": 55.0}, "OP": {"precision": 0.5625, "recall": 0.6, "f1-score": 0.5806451612903225, "support": 30.0}, "IP": {"precision": 0.7459016393442623, "recall": 0.8053097345132744, "f1-score": 0.774468085106383, "support": 113.0}, "it": {"precision": 0.0, "recall": 0.0, "f1-score": 0.0, "support": 0.0}, "ne": {"precision": 0.6907216494845361, "recall": 0.8933333333333333, "f1-score": 0.7790697674418604, "support": 75.0}, "sr": {"precision": 0.6666666666666666, "recall": 0.6666666666666666, "f1-score": 0.6666666666666666, "support": 6.0}, "nb": {"precision": 0.4444444444444444, "recall": 0.42105263157894735, "f1-score": 0.43243243243243246, "support": 19.0}, "re": {"precision": 1.0, "recall": 0.8333333333333334, "f1-score": 0.9090909090909091, "support": 6.0}, "en": {"precision": 0.0, "recall": 0.0, "f1-score": 0.0, "support": 3.0}, "ra": {"precision": 0.0, "recall": 0.0, "f1-score": 0.0, "support": 2.0}, "dtp": {"precision": 0.2702702702702703, "recall": 0.5263157894736842, "f1-score": 0.35714285714285715, "support": 19.0}, "fi": {"precision": 0.0, "recall": 0.0, "f1-score": 0.0, "support": 1.0}, "lt": {"precision": 0.46153846153846156, "recall": 0.75, "f1-score": 0.5714285714285714, "support": 8.0}, "rv": {"precision": 1.0, "recall": 0.3333333333333333, "f1-score": 0.5, "support": 9.0}, "ob": {"precision": 0.4, "recall": 0.4, "f1-score": 0.4000000000000001, "support": 5.0}, "rs": {"precision": 0.8, "recall": 0.8888888888888888, "f1-score": 0.8421052631578948, "support": 9.0}, "av": {"precision": 0.2, "recall": 0.3333333333333333, "f1-score": 0.25, "support": 6.0}, "ds": {"precision": 0.7857142857142857, "recall": 0.7264150943396226, "f1-score": 0.7549019607843137, "support": 106.0}, "ed": {"precision": 1.0, "recall": 0.25, "f1-score": 0.4, "support": 4.0}}}