{"f1": 0.6863335340156532, "precision": 0.7019704433497537, "recall": 0.6713780918727915, "accuracy": 0.537117903930131, "pr_auc": 0.7083494352445115, "threshold": 0.44999999999999996, "label_scores": {"MT": {"precision": 0.9791666666666666, "recall": 0.42727272727272725, "f1-score": 0.5949367088607596, "support": 110.0}, "LY": {"precision": 0.75, "recall": 0.42857142857142855, "f1-score": 0.5454545454545454, "support": 7.0}, "SP": {"precision": 1.0, "recall": 0.46153846153846156, "f1-score": 0.631578947368421, "support": 13.0}, "ID": {"precision": 0.6666666666666666, "recall": 0.2608695652173913, "f1-score": 0.37500000000000006, "support": 23.0}, "NA": {"precision": 0.7022653721682848, "recall": 0.9475982532751092, "f1-score": 0.8066914498141264, "support": 229.0}, "HI": {"precision": 0.4909090909090909, "recall": 0.8181818181818182, "f1-score": 0.6136363636363636, "support": 33.0}, "IN": {"precision": 0.6763005780346821, "recall": 0.6324324324324324, "f1-score": 0.6536312849162011, "support": 185.0}, "OP": {"precision": 0.5660377358490566, "recall": 0.32608695652173914, "f1-score": 0.4137931034482759, "support": 92.0}, "IP": {"precision": 0.7491289198606271, "recall": 0.7570422535211268, "f1-score": 0.7530647985989491, "support": 284.0}, "it": {"precision": 1.0, "recall": 0.7142857142857143, "f1-score": 0.8333333333333333, "support": 7.0}, "ne": {"precision": 0.7456896551724138, "recall": 0.9057591623036649, "f1-score": 0.8179669030732861, "support": 191.0}, "sr": {"precision": 0.4782608695652174, "recall": 0.7857142857142857, "f1-score": 0.5945945945945946, "support": 14.0}, "nb": {"precision": 0.5263157894736842, "recall": 0.43478260869565216, "f1-score": 0.47619047619047616, "support": 23.0}, "re": {"precision": 1.0, "recall": 0.8095238095238095, "f1-score": 0.8947368421052632, "support": 21.0}, "en": {"precision": 0.13333333333333333, "recall": 0.5, "f1-score": 0.2105263157894737, "support": 4.0}, "ra": {"precision": 0.0, "recall": 0.0, "f1-score": 0.0, "support": 0.0}, "dtp": {"precision": 0.4444444444444444, "recall": 0.5217391304347826, "f1-score": 0.48, "support": 46.0}, "fi": {"precision": 0.3333333333333333, "recall": 0.3333333333333333, "f1-score": 0.3333333333333333, "support": 3.0}, "lt": {"precision": 0.896551724137931, "recall": 0.49056603773584906, "f1-score": 0.6341463414634146, "support": 53.0}, "rv": {"precision": 0.6666666666666666, "recall": 0.25806451612903225, "f1-score": 0.37209302325581395, "support": 31.0}, "ob": {"precision": 0.17647058823529413, "recall": 0.13636363636363635, "f1-score": 0.15384615384615383, "support": 22.0}, "rs": {"precision": 0.8888888888888888, "recall": 0.8, "f1-score": 0.8421052631578948, "support": 10.0}, "av": {"precision": 0.5, "recall": 0.15, "f1-score": 0.23076923076923075, "support": 20.0}, "ds": {"precision": 0.7573221757322176, "recall": 0.7418032786885246, "f1-score": 0.7494824016563146, "support": 244.0}, "ed": {"precision": 0.0, "recall": 0.0, "f1-score": 0.0, "support": 33.0}}}