{"f1": 0.7129337539432178, "precision": 0.7197452229299363, "recall": 0.70625, "accuracy": 0.4264705882352941, "pr_auc": 0.743599062851929, "threshold": 0.35, "label_scores": {"MT": {"precision": 1.0, "recall": 0.5, "f1-score": 0.6666666666666666, "support": 2.0}, "LY": {"precision": 1.0, "recall": 0.6666666666666666, "f1-score": 0.8, "support": 3.0}, "SP": {"precision": 0.0, "recall": 0.0, "f1-score": 0.0, "support": 1.0}, "ID": {"precision": 0.0, "recall": 0.0, "f1-score": 0.0, "support": 0.0}, "NA": {"precision": 0.8260869565217391, "recall": 0.95, "f1-score": 0.8837209302325583, "support": 20.0}, "HI": {"precision": 0.75, "recall": 0.5, "f1-score": 0.6, "support": 6.0}, "IN": {"precision": 0.6190476190476191, "recall": 0.8125, "f1-score": 0.7027027027027026, "support": 16.0}, "OP": {"precision": 0.7272727272727273, "recall": 0.42105263157894735, "f1-score": 0.5333333333333333, "support": 19.0}, "IP": {"precision": 0.7391304347826086, "recall": 0.7391304347826086, "f1-score": 0.7391304347826085, "support": 23.0}, "it": {"precision": 0.0, "recall": 0.0, "f1-score": 0.0, "support": 0.0}, "ne": {"precision": 0.9411764705882353, "recall": 0.9411764705882353, "f1-score": 0.9411764705882353, "support": 17.0}, "sr": {"precision": 0.6666666666666666, "recall": 0.8, "f1-score": 0.7272727272727272, "support": 5.0}, "nb": {"precision": 0.0, "recall": 0.0, "f1-score": 0.0, "support": 0.0}, "re": {"precision": 0.0, "recall": 0.0, "f1-score": 0.0, "support": 0.0}, "en": {"precision": 0.0, "recall": 0.0, "f1-score": 0.0, "support": 1.0}, "ra": {"precision": 0.0, "recall": 0.0, "f1-score": 0.0, "support": 0.0}, "dtp": {"precision": 0.6, "recall": 0.46153846153846156, "f1-score": 0.5217391304347826, "support": 13.0}, "fi": {"precision": 0.0, "recall": 0.0, "f1-score": 0.0, "support": 0.0}, "lt": {"precision": 1.0, "recall": 1.0, "f1-score": 1.0, "support": 1.0}, "rv": {"precision": 1.0, "recall": 1.0, "f1-score": 1.0, "support": 1.0}, "ob": {"precision": 0.3333333333333333, "recall": 1.0, "f1-score": 0.5, "support": 1.0}, "rs": {"precision": 0.0, "recall": 0.0, "f1-score": 0.0, "support": 0.0}, "av": {"precision": 1.0, "recall": 0.625, "f1-score": 0.7692307692307693, "support": 8.0}, "ds": {"precision": 0.7894736842105263, "recall": 0.75, "f1-score": 0.7692307692307692, "support": 20.0}, "ed": {"precision": 0.5, "recall": 0.3333333333333333, "f1-score": 0.4, "support": 3.0}}}