{"f1": 0.6522911051212938, "precision": 0.6797752808988764, "recall": 0.6269430051813472, "accuracy": 0.41304347826086957, "pr_auc": 0.7178210574210747, "threshold": 0.39999999999999997, "label_scores": {"MT": {"precision": 0.3333333333333333, "recall": 0.6666666666666666, "f1-score": 0.4444444444444444, "support": 3.0}, "LY": {"precision": 0.0, "recall": 0.0, "f1-score": 0.0, "support": 0.0}, "SP": {"precision": 0.0, "recall": 0.0, "f1-score": 0.0, "support": 0.0}, "ID": {"precision": 0.6, "recall": 0.375, "f1-score": 0.4615384615384615, "support": 8.0}, "NA": {"precision": 0.918918918918919, "recall": 0.8717948717948718, "f1-score": 0.8947368421052632, "support": 39.0}, "HI": {"precision": 0.6, "recall": 0.375, "f1-score": 0.4615384615384615, "support": 8.0}, "IN": {"precision": 0.7894736842105263, "recall": 0.5, "f1-score": 0.6122448979591837, "support": 30.0}, "OP": {"precision": 0.631578947368421, "recall": 0.7058823529411765, "f1-score": 0.6666666666666667, "support": 17.0}, "IP": {"precision": 0.4666666666666667, "recall": 0.4375, "f1-score": 0.45161290322580644, "support": 16.0}, "it": {"precision": 0.0, "recall": 0.0, "f1-score": 0.0, "support": 0.0}, "ne": {"precision": 0.9230769230769231, "recall": 0.8888888888888888, "f1-score": 0.9056603773584906, "support": 27.0}, "sr": {"precision": 0.625, "recall": 1.0, "f1-score": 0.7692307692307693, "support": 5.0}, "nb": {"precision": 0.0, "recall": 0.0, "f1-score": 0.0, "support": 3.0}, "re": {"precision": 1.0, "recall": 1.0, "f1-score": 1.0, "support": 2.0}, "en": {"precision": 0.5, "recall": 1.0, "f1-score": 0.6666666666666666, "support": 1.0}, "ra": {"precision": 1.0, "recall": 0.5, "f1-score": 0.6666666666666666, "support": 2.0}, "dtp": {"precision": 0.6666666666666666, "recall": 0.3333333333333333, "f1-score": 0.4444444444444444, "support": 6.0}, "fi": {"precision": 0.0, "recall": 0.0, "f1-score": 0.0, "support": 2.0}, "lt": {"precision": 0.5, "recall": 1.0, "f1-score": 0.6666666666666666, "support": 2.0}, "rv": {"precision": 0.5, "recall": 0.3333333333333333, "f1-score": 0.4, "support": 6.0}, "ob": {"precision": 0.5, "recall": 0.16666666666666666, "f1-score": 0.25, "support": 6.0}, "rs": {"precision": 0.7142857142857143, "recall": 0.8333333333333334, "f1-score": 0.7692307692307692, "support": 6.0}, "av": {"precision": 0.0, "recall": 0.0, "f1-score": 0.0, "support": 1.0}, "ds": {"precision": 0.0, "recall": 0.0, "f1-score": 0.0, "support": 0.0}, "ed": {"precision": 0.0, "recall": 0.0, "f1-score": 0.0, "support": 3.0}}}