{"f1": 0.8188736681887367, "precision": 0.838006230529595, "recall": 0.8005952380952381, "accuracy": 0.675, "pr_auc": 0.8981744639266456, "threshold": 0.39999999999999997, "label_scores": {"MT": {"precision": 0.3333333333333333, "recall": 1.0, "f1-score": 0.5, "support": 1.0}, "LY": {"precision": 1.0, "recall": 1.0, "f1-score": 1.0, "support": 3.0}, "SP": {"precision": 0.0, "recall": 0.0, "f1-score": 0.0, "support": 0.0}, "ID": {"precision": 0.2, "recall": 1.0, "f1-score": 0.33333333333333337, "support": 1.0}, "NA": {"precision": 0.941747572815534, "recall": 0.97, "f1-score": 0.9556650246305418, "support": 100.0}, "HI": {"precision": 1.0, "recall": 0.5, "f1-score": 0.6666666666666666, "support": 2.0}, "IN": {"precision": 0.7, "recall": 0.5833333333333334, "f1-score": 0.6363636363636365, "support": 24.0}, "OP": {"precision": 0.8157894736842105, "recall": 0.8857142857142857, "f1-score": 0.8493150684931505, "support": 35.0}, "IP": {"precision": 0.2, "recall": 0.08333333333333333, "f1-score": 0.11764705882352941, "support": 12.0}, "it": {"precision": 0.0, "recall": 0.0, "f1-score": 0.0, "support": 0.0}, "ne": {"precision": 0.9529411764705882, "recall": 0.9759036144578314, "f1-score": 0.9642857142857143, "support": 83.0}, "sr": {"precision": 0.625, "recall": 1.0, "f1-score": 0.7692307692307693, "support": 5.0}, "nb": {"precision": 0.5, "recall": 0.25, "f1-score": 0.3333333333333333, "support": 4.0}, "re": {"precision": 0.0, "recall": 0.0, "f1-score": 0.0, "support": 0.0}, "en": {"precision": 0.8333333333333334, "recall": 0.8333333333333334, "f1-score": 0.8333333333333334, "support": 6.0}, "ra": {"precision": 0.0, "recall": 0.0, "f1-score": 0.0, "support": 0.0}, "dtp": {"precision": 0.5, "recall": 0.375, "f1-score": 0.42857142857142855, "support": 8.0}, "fi": {"precision": 0.0, "recall": 0.0, "f1-score": 0.0, "support": 5.0}, "lt": {"precision": 1.0, "recall": 1.0, "f1-score": 1.0, "support": 1.0}, "rv": {"precision": 1.0, "recall": 0.5, "f1-score": 0.6666666666666666, "support": 2.0}, "ob": {"precision": 0.45454545454545453, "recall": 1.0, "f1-score": 0.625, "support": 5.0}, "rs": {"precision": 0.7894736842105263, "recall": 0.75, "f1-score": 0.7692307692307692, "support": 20.0}, "av": {"precision": 1.0, "recall": 0.25, "f1-score": 0.4, "support": 8.0}, "ds": {"precision": 1.0, "recall": 0.16666666666666666, "f1-score": 0.2857142857142857, "support": 6.0}, "ed": {"precision": 0.0, "recall": 0.0, "f1-score": 0.0, "support": 5.0}}}