{"f1": 0.736996644295302, "precision": 0.7429175475687103, "recall": 0.7311693716188098, "accuracy": 0.523771152296535, "pr_auc": 0.8057475190693737, "threshold": 0.44999999999999996, "label_scores": {"MT": {"precision": 0.9523809523809523, "recall": 0.625, "f1-score": 0.7547169811320755, "support": 64.0}, "LY": {"precision": 0.9285714285714286, "recall": 1.0, "f1-score": 0.962962962962963, "support": 13.0}, "SP": {"precision": 0.5882352941176471, "recall": 0.6666666666666666, "f1-score": 0.625, "support": 15.0}, "ID": {"precision": 0.9509803921568627, "recall": 0.8083333333333333, "f1-score": 0.8738738738738738, "support": 120.0}, "NA": {"precision": 0.7162534435261708, "recall": 0.8, "f1-score": 0.7558139534883721, "support": 325.0}, "HI": {"precision": 0.7164179104477612, "recall": 0.6666666666666666, "f1-score": 0.6906474820143884, "support": 72.0}, "IN": {"precision": 0.7696969696969697, "recall": 0.79375, "f1-score": 0.7815384615384614, "support": 320.0}, "OP": {"precision": 0.6535947712418301, "recall": 0.6666666666666666, "f1-score": 0.6600660066006601, "support": 150.0}, "IP": {"precision": 0.8424068767908309, "recall": 0.7557840616966581, "f1-score": 0.7967479674796748, "support": 389.0}, "it": {"precision": 0.6666666666666666, "recall": 0.75, "f1-score": 0.7058823529411765, "support": 8.0}, "ne": {"precision": 0.6604938271604939, "recall": 0.8629032258064516, "f1-score": 0.7482517482517481, "support": 124.0}, "sr": {"precision": 0.7, "recall": 0.9130434782608695, "f1-score": 0.7924528301886793, "support": 23.0}, "nb": {"precision": 0.7582417582417582, "recall": 0.5390625, "f1-score": 0.6301369863013698, "support": 128.0}, "re": {"precision": 1.0, "recall": 0.8571428571428571, "f1-score": 0.923076923076923, "support": 21.0}, "en": {"precision": 0.7941176470588235, "recall": 0.7941176470588235, "f1-score": 0.7941176470588235, "support": 34.0}, "ra": {"precision": 0.5, "recall": 0.2, "f1-score": 0.28571428571428575, "support": 10.0}, "dtp": {"precision": 0.5376344086021505, "recall": 0.6711409395973155, "f1-score": 0.5970149253731344, "support": 149.0}, "fi": {"precision": 1.0, "recall": 0.8333333333333334, "f1-score": 0.9090909090909091, "support": 6.0}, "lt": {"precision": 0.7352941176470589, "recall": 0.6578947368421053, "f1-score": 0.6944444444444445, "support": 38.0}, "rv": {"precision": 0.7777777777777778, "recall": 0.7368421052631579, "f1-score": 0.7567567567567567, "support": 76.0}, "ob": {"precision": 0.4583333333333333, "recall": 0.4074074074074074, "f1-score": 0.4313725490196078, "support": 27.0}, "rs": {"precision": 0.45454545454545453, "recall": 0.7142857142857143, "f1-score": 0.5555555555555556, "support": 7.0}, "av": {"precision": 0.5625, "recall": 0.32142857142857145, "f1-score": 0.40909090909090917, "support": 28.0}, "ds": {"precision": 0.7841409691629956, "recall": 0.7235772357723578, "f1-score": 0.7526427061310783, "support": 246.0}, "ed": {"precision": 0.4, "recall": 0.2, "f1-score": 0.26666666666666666, "support": 10.0}}}