{"f1": 0.6432653061224489, "precision": 0.6758147512864494, "recall": 0.6137071651090342, "accuracy": 0.463855421686747, "pr_auc": 0.6527890874105663, "threshold": 0.49999999999999994, "label_scores": {"MT": {"precision": 0.0, "recall": 0.0, "f1-score": 0.0, "support": 0.0}, "LY": {"precision": 0.0, "recall": 0.0, "f1-score": 0.0, "support": 4.0}, "SP": {"precision": 0.0, "recall": 0.0, "f1-score": 0.0, "support": 0.0}, "ID": {"precision": 0.6666666666666666, "recall": 0.23529411764705882, "f1-score": 0.3478260869565218, "support": 17.0}, "NA": {"precision": 0.7983193277310925, "recall": 0.8407079646017699, "f1-score": 0.8189655172413793, "support": 113.0}, "HI": {"precision": 0.9090909090909091, "recall": 0.3125, "f1-score": 0.4651162790697674, "support": 32.0}, "IN": {"precision": 0.4266666666666667, "recall": 0.5818181818181818, "f1-score": 0.4923076923076923, "support": 55.0}, "OP": {"precision": 0.4594594594594595, "recall": 0.5666666666666667, "f1-score": 0.5074626865671642, "support": 30.0}, "IP": {"precision": 0.9, "recall": 0.6371681415929203, "f1-score": 0.7461139896373058, "support": 113.0}, "it": {"precision": 0.0, "recall": 0.0, "f1-score": 0.0, "support": 0.0}, "ne": {"precision": 0.6774193548387096, "recall": 0.84, "f1-score": 0.75, "support": 75.0}, "sr": {"precision": 0.75, "recall": 0.5, "f1-score": 0.6, "support": 6.0}, "nb": {"precision": 0.36363636363636365, "recall": 0.21052631578947367, "f1-score": 0.26666666666666666, "support": 19.0}, "re": {"precision": 1.0, "recall": 0.8333333333333334, "f1-score": 0.9090909090909091, "support": 6.0}, "en": {"precision": 0.0, "recall": 0.0, "f1-score": 0.0, "support": 3.0}, "ra": {"precision": 0.0, "recall": 0.0, "f1-score": 0.0, "support": 2.0}, "dtp": {"precision": 0.2413793103448276, "recall": 0.3684210526315789, "f1-score": 0.2916666666666667, "support": 19.0}, "fi": {"precision": 0.0, "recall": 0.0, "f1-score": 0.0, "support": 1.0}, "lt": {"precision": 0.5, "recall": 0.875, "f1-score": 0.6363636363636364, "support": 8.0}, "rv": {"precision": 1.0, "recall": 0.2222222222222222, "f1-score": 0.3636363636363636, "support": 9.0}, "ob": {"precision": 0.3333333333333333, "recall": 0.2, "f1-score": 0.25, "support": 5.0}, "rs": {"precision": 0.7777777777777778, "recall": 0.7777777777777778, "f1-score": 0.7777777777777778, "support": 9.0}, "av": {"precision": 0.25, "recall": 0.3333333333333333, "f1-score": 0.28571428571428575, "support": 6.0}, "ds": {"precision": 0.9264705882352942, "recall": 0.5943396226415094, "f1-score": 0.7241379310344828, "support": 106.0}, "ed": {"precision": 0.0, "recall": 0.0, "f1-score": 0.0, "support": 4.0}}}