{"f1": 0.597272570343518, "precision": 0.7004048582995951, "recall": 0.5206139030996088, "accuracy": 0.30522765598650925, "pr_auc": 0.6569740432770853, "threshold": 0.35, "label_scores": {"MT": {"precision": 0.17757009345794392, "recall": 0.6551724137931034, "f1-score": 0.27941176470588236, "support": 29.0}, "LY": {"precision": 0.7777777777777778, "recall": 0.5833333333333334, "f1-score": 0.6666666666666666, "support": 12.0}, "SP": {"precision": 0.5, "recall": 0.009615384615384616, "f1-score": 0.01886792452830189, "support": 104.0}, "ID": {"precision": 0.375, "recall": 0.13636363636363635, "f1-score": 0.19999999999999998, "support": 44.0}, "NA": {"precision": 0.8955223880597015, "recall": 0.7253886010362695, "f1-score": 0.801526717557252, "support": 579.0}, "HI": {"precision": 0.609375, "recall": 0.6141732283464567, "f1-score": 0.611764705882353, "support": 127.0}, "IN": {"precision": 0.7682926829268293, "recall": 0.34870848708487084, "f1-score": 0.4796954314720812, "support": 542.0}, "OP": {"precision": 0.6274509803921569, "recall": 0.43686006825938567, "f1-score": 0.5150905432595573, "support": 293.0}, "IP": {"precision": 0.7272727272727273, "recall": 0.6624203821656051, "f1-score": 0.6933333333333332, "support": 314.0}, "it": {"precision": 0.0, "recall": 0.0, "f1-score": 0.0, "support": 13.0}, "ne": {"precision": 0.8262195121951219, "recall": 0.9155405405405406, "f1-score": 0.8685897435897436, "support": 296.0}, "sr": {"precision": 0.7931034482758621, "recall": 1.0, "f1-score": 0.8846153846153846, "support": 46.0}, "nb": {"precision": 0.7166666666666667, "recall": 0.2847682119205298, "f1-score": 0.40758293838862564, "support": 151.0}, "re": {"precision": 0.8461538461538461, "recall": 0.6875, "f1-score": 0.7586206896551724, "support": 16.0}, "en": {"precision": 0.6, "recall": 0.15789473684210525, "f1-score": 0.25, "support": 19.0}, "ra": {"precision": 0.7142857142857143, "recall": 0.35714285714285715, "f1-score": 0.4761904761904762, "support": 14.0}, "dtp": {"precision": 0.36065573770491804, "recall": 0.22916666666666666, "f1-score": 0.2802547770700637, "support": 192.0}, "fi": {"precision": 0.3333333333333333, "recall": 0.5, "f1-score": 0.4, "support": 2.0}, "lt": {"precision": 0.36363636363636365, "recall": 0.3076923076923077, "f1-score": 0.33333333333333337, "support": 13.0}, "rv": {"precision": 0.625, "recall": 0.38461538461538464, "f1-score": 0.4761904761904762, "support": 65.0}, "ob": {"precision": 0.6363636363636364, "recall": 0.12612612612612611, "f1-score": 0.2105263157894737, "support": 111.0}, "rs": {"precision": 0.6756756756756757, "recall": 0.7142857142857143, "f1-score": 0.6944444444444444, "support": 35.0}, "av": {"precision": 0.3384615384615385, "recall": 0.34375, "f1-score": 0.34108527131782945, "support": 64.0}, "ds": {"precision": 0.7207207207207207, "recall": 0.6956521739130435, "f1-score": 0.7079646017699114, "support": 230.0}, "ed": {"precision": 0.0, "recall": 0.0, "f1-score": 0.0, "support": 12.0}}}