{"f1": 0.8179643901142706, "f1_macro": 0.7812442335040809, "precision": 0.8173127987254382, "recall": 0.8186170212765957, "accuracy": 0.705719557195572, "threshold": 0.44999999999999996, "label_scores": {"MT": {"precision": 1.0, "recall": 0.920863309352518, "f1-score": 0.9588014981273408, "support": 139.0}, "LY": {"precision": 0.5, "recall": 0.5, "f1-score": 0.5, "support": 2.0}, "SP": {"precision": 0.5555555555555556, "recall": 0.625, "f1-score": 0.5882352941176471, "support": 8.0}, "ID": {"precision": 0.8823529411764706, "recall": 0.8411214953271028, "f1-score": 0.861244019138756, "support": 107.0}, "NA": {"precision": 0.850356294536817, "recall": 0.9040404040404041, "f1-score": 0.876376988984088, "support": 396.0}, "HI": {"precision": 0.7083333333333334, "recall": 0.6181818181818182, "f1-score": 0.6601941747572815, "support": 55.0}, "IN": {"precision": 0.7359550561797753, "recall": 0.7616279069767442, "f1-score": 0.7485714285714287, "support": 172.0}, "OP": {"precision": 0.8682170542635659, "recall": 0.7943262411347518, "f1-score": 0.8296296296296296, "support": 141.0}, "IP": {"precision": 0.7142857142857143, "recall": 0.8208955223880597, "f1-score": 0.7638888888888888, "support": 134.0}, "it": {"precision": 0.6, "recall": 0.5, "f1-score": 0.5454545454545454, "support": 6.0}, "ne": {"precision": 0.7843137254901961, "recall": 0.8633093525179856, "f1-score": 0.8219178082191781, "support": 139.0}, "sr": {"precision": 0.85, "recall": 0.9714285714285714, "f1-score": 0.9066666666666667, "support": 35.0}, "nb": {"precision": 0.8471337579617835, "recall": 0.8209876543209876, "f1-score": 0.8338557993730407, "support": 162.0}, "re": {"precision": 0.8571428571428571, "recall": 0.8571428571428571, "f1-score": 0.8571428571428571, "support": 7.0}, "en": {"precision": 0.8, "recall": 0.8421052631578947, "f1-score": 0.8205128205128205, "support": 19.0}, "ra": {"precision": 1.0, "recall": 0.7, "f1-score": 0.8235294117647058, "support": 10.0}, "dtp": {"precision": 0.5797101449275363, "recall": 0.6060606060606061, "f1-score": 0.5925925925925926, "support": 66.0}, "fi": {"precision": 1.0, "recall": 1.0, "f1-score": 1.0, "support": 4.0}, "lt": {"precision": 0.9166666666666666, "recall": 0.6875, "f1-score": 0.7857142857142857, "support": 16.0}, "rv": {"precision": 0.8627450980392157, "recall": 0.7586206896551724, "f1-score": 0.8073394495412843, "support": 58.0}, "ob": {"precision": 0.8461538461538461, "recall": 0.5641025641025641, "f1-score": 0.676923076923077, "support": 39.0}, "rs": {"precision": 0.96875, "recall": 0.8378378378378378, "f1-score": 0.8985507246376812, "support": 37.0}, "av": {"precision": 0.0, "recall": 0.0, "f1-score": 0.0, "support": 3.0}, "ds": {"precision": 0.7795275590551181, "recall": 0.8461538461538461, "f1-score": 0.8114754098360655, "support": 117.0}, "ed": {"precision": 0.0, "recall": 0.0, "f1-score": 0.0, "support": 8.0}}}