{"f1": 0.7131693501861857, "f1_macro": 0.6843183815421807, "precision": 0.6864209994952044, "recall": 0.7420868805937568, "accuracy": 0.4851010627214003, "threshold": 0.39999999999999997, "label_scores": {"MT": {"precision": 0.0, "recall": 0.0, "f1-score": 0.0, "support": 0.0}, "LY": {"precision": 0.9836065573770492, "recall": 0.8823529411764706, "f1-score": 0.9302325581395349, "support": 68.0}, "SP": {"precision": 0.55, "recall": 0.7432432432432432, "f1-score": 0.632183908045977, "support": 74.0}, "ID": {"precision": 0.8363636363636363, "recall": 0.8, "f1-score": 0.8177777777777778, "support": 345.0}, "NA": {"precision": 0.7629449838187702, "recall": 0.8854460093896713, "f1-score": 0.8196436332029552, "support": 2130.0}, "HI": {"precision": 0.625, "recall": 0.6097560975609756, "f1-score": 0.6172839506172839, "support": 205.0}, "IN": {"precision": 0.6228501228501229, "recall": 0.7812018489984591, "f1-score": 0.6930963773069035, "support": 1298.0}, "OP": {"precision": 0.6723809523809524, "recall": 0.664783427495292, "f1-score": 0.6685606060606062, "support": 1062.0}, "IP": {"precision": 0.5916230366492147, "recall": 0.5621890547263682, "f1-score": 0.5765306122448979, "support": 201.0}, "it": {"precision": 0.524390243902439, "recall": 0.8269230769230769, "f1-score": 0.6417910447761194, "support": 52.0}, "ne": {"precision": 0.7070285316631872, "recall": 0.8566610455311973, "f1-score": 0.7746854746473505, "support": 1186.0}, "sr": {"precision": 0.8939393939393939, "recall": 0.921875, "f1-score": 0.9076923076923077, "support": 320.0}, "nb": {"precision": 0.711340206185567, "recall": 0.5640326975476839, "f1-score": 0.629179331306991, "support": 367.0}, "re": {"precision": 0.84, "recall": 0.9130434782608695, "f1-score": 0.8749999999999999, "support": 23.0}, "en": {"precision": 0.8545454545454545, "recall": 0.6714285714285714, "f1-score": 0.752, "support": 70.0}, "ra": {"precision": 0.75, "recall": 0.46987951807228917, "f1-score": 0.5777777777777777, "support": 83.0}, "dtp": {"precision": 0.45112781954887216, "recall": 0.5617977528089888, "f1-score": 0.5004170141784821, "support": 534.0}, "fi": {"precision": 0.8, "recall": 0.45454545454545453, "f1-score": 0.5797101449275363, "support": 44.0}, "lt": {"precision": 0.8571428571428571, "recall": 0.631578947368421, "f1-score": 0.7272727272727273, "support": 19.0}, "rv": {"precision": 0.7960526315789473, "recall": 0.5238095238095238, "f1-score": 0.6318537859007833, "support": 231.0}, "ob": {"precision": 0.5678160919540229, "recall": 0.49105367793240556, "f1-score": 0.5266524520255864, "support": 503.0}, "rs": {"precision": 0.7790697674418605, "recall": 0.788235294117647, "f1-score": 0.7836257309941521, "support": 85.0}, "av": {"precision": 0.45263157894736844, "recall": 0.41346153846153844, "f1-score": 0.43216080402010054, "support": 104.0}, "ds": {"precision": 0.7226890756302521, "recall": 0.581081081081081, "f1-score": 0.6441947565543071, "support": 148.0}, "ed": {"precision": 0.0, "recall": 0.0, "f1-score": 0.0, "support": 10.0}}}