{"f1": 0.8197088465845466, "f1_macro": 0.8028439400863192, "precision": 0.820627802690583, "recall": 0.8187919463087249, "accuracy": 0.630071599045346, "threshold": 0.44999999999999996, "label_scores": {"MT": {"precision": 0.9444444444444444, "recall": 0.8717948717948718, "f1-score": 0.9066666666666667, "support": 39.0}, "LY": {"precision": 1.0, "recall": 1.0, "f1-score": 1.0, "support": 2.0}, "SP": {"precision": 1.0, "recall": 0.5, "f1-score": 0.6666666666666666, "support": 2.0}, "ID": {"precision": 1.0, "recall": 0.7692307692307693, "f1-score": 0.8695652173913044, "support": 13.0}, "NA": {"precision": 0.8492063492063492, "recall": 0.8359375, "f1-score": 0.84251968503937, "support": 128.0}, "HI": {"precision": 0.7222222222222222, "recall": 0.5, "f1-score": 0.5909090909090908, "support": 26.0}, "IN": {"precision": 0.8114754098360656, "recall": 0.8319327731092437, "f1-score": 0.8215767634854773, "support": 119.0}, "OP": {"precision": 0.75, "recall": 0.6666666666666666, "f1-score": 0.7058823529411765, "support": 54.0}, "IP": {"precision": 0.8367346938775511, "recall": 0.9044117647058824, "f1-score": 0.8692579505300353, "support": 136.0}, "it": {"precision": 1.0, "recall": 0.5, "f1-score": 0.6666666666666666, "support": 2.0}, "ne": {"precision": 0.7666666666666667, "recall": 0.92, "f1-score": 0.8363636363636363, "support": 25.0}, "sr": {"precision": 0.7777777777777778, "recall": 1.0, "f1-score": 0.8750000000000001, "support": 7.0}, "nb": {"precision": 0.8441558441558441, "recall": 0.8125, "f1-score": 0.8280254777070064, "support": 80.0}, "re": {"precision": 1.0, "recall": 1.0, "f1-score": 1.0, "support": 3.0}, "en": {"precision": 0.9761904761904762, "recall": 0.9761904761904762, "f1-score": 0.9761904761904762, "support": 42.0}, "ra": {"precision": 0.0, "recall": 0.0, "f1-score": 0.0, "support": 0.0}, "dtp": {"precision": 0.6410256410256411, "recall": 0.6578947368421053, "f1-score": 0.6493506493506495, "support": 38.0}, "fi": {"precision": 1.0, "recall": 0.8, "f1-score": 0.888888888888889, "support": 10.0}, "lt": {"precision": 0.875, "recall": 1.0, "f1-score": 0.9333333333333333, "support": 14.0}, "rv": {"precision": 0.8, "recall": 0.8695652173913043, "f1-score": 0.8333333333333333, "support": 23.0}, "ob": {"precision": 0.9090909090909091, "recall": 0.5882352941176471, "f1-score": 0.7142857142857143, "support": 17.0}, "rs": {"precision": 0.0, "recall": 0.0, "f1-score": 0.0, "support": 0.0}, "av": {"precision": 0.6, "recall": 0.2727272727272727, "f1-score": 0.37499999999999994, "support": 11.0}, "ds": {"precision": 0.7565217391304347, "recall": 0.8787878787878788, "f1-score": 0.8130841121495327, "support": 99.0}, "ed": {"precision": 0.0, "recall": 0.0, "f1-score": 0.0, "support": 4.0}}}