{"f1": 0.663013698630137, "precision": 0.7034883720930233, "recall": 0.6269430051813472, "accuracy": 0.42391304347826086, "pr_auc": 0.7112499204553027, "threshold": 0.39999999999999997, "label_scores": {"MT": {"precision": 0.2857142857142857, "recall": 0.6666666666666666, "f1-score": 0.4, "support": 3.0}, "LY": {"precision": 0.0, "recall": 0.0, "f1-score": 0.0, "support": 0.0}, "SP": {"precision": 0.0, "recall": 0.0, "f1-score": 0.0, "support": 0.0}, "ID": {"precision": 1.0, "recall": 0.5, "f1-score": 0.6666666666666666, "support": 8.0}, "NA": {"precision": 0.8947368421052632, "recall": 0.8717948717948718, "f1-score": 0.8831168831168831, "support": 39.0}, "HI": {"precision": 0.42857142857142855, "recall": 0.375, "f1-score": 0.39999999999999997, "support": 8.0}, "IN": {"precision": 0.7647058823529411, "recall": 0.43333333333333335, "f1-score": 0.5531914893617021, "support": 30.0}, "OP": {"precision": 0.9090909090909091, "recall": 0.5882352941176471, "f1-score": 0.7142857142857143, "support": 17.0}, "IP": {"precision": 0.5882352941176471, "recall": 0.625, "f1-score": 0.6060606060606061, "support": 16.0}, "it": {"precision": 0.0, "recall": 0.0, "f1-score": 0.0, "support": 0.0}, "ne": {"precision": 0.9230769230769231, "recall": 0.8888888888888888, "f1-score": 0.9056603773584906, "support": 27.0}, "sr": {"precision": 0.625, "recall": 1.0, "f1-score": 0.7692307692307693, "support": 5.0}, "nb": {"precision": 0.0, "recall": 0.0, "f1-score": 0.0, "support": 3.0}, "re": {"precision": 1.0, "recall": 1.0, "f1-score": 1.0, "support": 2.0}, "en": {"precision": 1.0, "recall": 1.0, "f1-score": 1.0, "support": 1.0}, "ra": {"precision": 1.0, "recall": 0.5, "f1-score": 0.6666666666666666, "support": 2.0}, "dtp": {"precision": 0.5, "recall": 0.5, "f1-score": 0.5, "support": 6.0}, "fi": {"precision": 0.0, "recall": 0.0, "f1-score": 0.0, "support": 2.0}, "lt": {"precision": 0.25, "recall": 0.5, "f1-score": 0.3333333333333333, "support": 2.0}, "rv": {"precision": 1.0, "recall": 0.3333333333333333, "f1-score": 0.5, "support": 6.0}, "ob": {"precision": 0.5, "recall": 0.16666666666666666, "f1-score": 0.25, "support": 6.0}, "rs": {"precision": 1.0, "recall": 0.6666666666666666, "f1-score": 0.8, "support": 6.0}, "av": {"precision": 1.0, "recall": 1.0, "f1-score": 1.0, "support": 1.0}, "ds": {"precision": 0.0, "recall": 0.0, "f1-score": 0.0, "support": 0.0}, "ed": {"precision": 0.0, "recall": 0.0, "f1-score": 0.0, "support": 3.0}}}