{"f1": 0.6149253731343284, "precision": 0.6848910232729959, "recall": 0.5579295817032802, "accuracy": 0.2942664418212479, "pr_auc": 0.6790358429533287, "threshold": 0.3, "label_scores": {"MT": {"precision": 0.2711864406779661, "recall": 0.5517241379310345, "f1-score": 0.36363636363636365, "support": 29.0}, "LY": {"precision": 0.9090909090909091, "recall": 0.8333333333333334, "f1-score": 0.8695652173913043, "support": 12.0}, "SP": {"precision": 0.0, "recall": 0.0, "f1-score": 0.0, "support": 104.0}, "ID": {"precision": 0.6363636363636364, "recall": 0.1590909090909091, "f1-score": 0.2545454545454546, "support": 44.0}, "NA": {"precision": 0.839924670433145, "recall": 0.770293609671848, "f1-score": 0.8036036036036035, "support": 579.0}, "HI": {"precision": 0.4793814432989691, "recall": 0.7322834645669292, "f1-score": 0.5794392523364486, "support": 127.0}, "IN": {"precision": 0.6793478260869565, "recall": 0.4612546125461255, "f1-score": 0.5494505494505495, "support": 542.0}, "OP": {"precision": 0.6783625730994152, "recall": 0.39590443686006827, "f1-score": 0.5, "support": 293.0}, "IP": {"precision": 0.7474048442906575, "recall": 0.6878980891719745, "f1-score": 0.7164179104477612, "support": 314.0}, "it": {"precision": 0.0, "recall": 0.0, "f1-score": 0.0, "support": 13.0}, "ne": {"precision": 0.8160237388724035, "recall": 0.9290540540540541, "f1-score": 0.8688783570300158, "support": 296.0}, "sr": {"precision": 0.8148148148148148, "recall": 0.9565217391304348, "f1-score": 0.8800000000000001, "support": 46.0}, "nb": {"precision": 0.5263157894736842, "recall": 0.33112582781456956, "f1-score": 0.4065040650406504, "support": 151.0}, "re": {"precision": 0.9230769230769231, "recall": 0.75, "f1-score": 0.8275862068965517, "support": 16.0}, "en": {"precision": 0.5714285714285714, "recall": 0.21052631578947367, "f1-score": 0.3076923076923077, "support": 19.0}, "ra": {"precision": 0.5555555555555556, "recall": 0.35714285714285715, "f1-score": 0.43478260869565216, "support": 14.0}, "dtp": {"precision": 0.3146853146853147, "recall": 0.234375, "f1-score": 0.26865671641791045, "support": 192.0}, "fi": {"precision": 0.5, "recall": 0.5, "f1-score": 0.5, "support": 2.0}, "lt": {"precision": 0.38461538461538464, "recall": 0.38461538461538464, "f1-score": 0.38461538461538464, "support": 13.0}, "rv": {"precision": 0.6666666666666666, "recall": 0.36923076923076925, "f1-score": 0.47524752475247534, "support": 65.0}, "ob": {"precision": 0.5, "recall": 0.11711711711711711, "f1-score": 0.1897810218978102, "support": 111.0}, "rs": {"precision": 0.8214285714285714, "recall": 0.6571428571428571, "f1-score": 0.73015873015873, "support": 35.0}, "av": {"precision": 0.40350877192982454, "recall": 0.359375, "f1-score": 0.38016528925619836, "support": 64.0}, "ds": {"precision": 0.6956521739130435, "recall": 0.7652173913043478, "f1-score": 0.7287784679089027, "support": 230.0}, "ed": {"precision": 0.0, "recall": 0.0, "f1-score": 0.0, "support": 12.0}}}