{"f1": 0.8149926144756278, "precision": 0.8265917602996254, "recall": 0.803714493809177, "accuracy": 0.6264501160092807, "pr_auc": 0.8803382299166536, "threshold": 0.44999999999999996, "label_scores": {"MT": {"precision": 0.9158878504672897, "recall": 0.8448275862068966, "f1-score": 0.8789237668161435, "support": 116.0}, "LY": {"precision": 0.9, "recall": 0.6, "f1-score": 0.7200000000000001, "support": 15.0}, "SP": {"precision": 0.6666666666666666, "recall": 0.8571428571428571, "f1-score": 0.75, "support": 7.0}, "ID": {"precision": 0.8157894736842105, "recall": 0.6078431372549019, "f1-score": 0.6966292134831461, "support": 51.0}, "NA": {"precision": 0.8756476683937824, "recall": 0.8600508905852418, "f1-score": 0.8677792041078306, "support": 393.0}, "HI": {"precision": 0.7619047619047619, "recall": 0.6153846153846154, "f1-score": 0.6808510638297872, "support": 78.0}, "IN": {"precision": 0.8238805970149253, "recall": 0.8165680473372781, "f1-score": 0.8202080237741456, "support": 338.0}, "OP": {"precision": 0.7891156462585034, "recall": 0.7073170731707317, "f1-score": 0.7459807073954984, "support": 164.0}, "IP": {"precision": 0.8329571106094809, "recall": 0.8661971830985915, "f1-score": 0.8492520138089757, "support": 426.0}, "it": {"precision": 0.625, "recall": 0.8333333333333334, "f1-score": 0.7142857142857143, "support": 6.0}, "ne": {"precision": 0.8426966292134831, "recall": 0.7894736842105263, "f1-score": 0.8152173913043478, "support": 95.0}, "sr": {"precision": 0.8333333333333334, "recall": 0.7142857142857143, "f1-score": 0.7692307692307692, "support": 14.0}, "nb": {"precision": 0.8630705394190872, "recall": 0.8455284552845529, "f1-score": 0.8542094455852155, "support": 246.0}, "re": {"precision": 0.9411764705882353, "recall": 0.8888888888888888, "f1-score": 0.9142857142857143, "support": 18.0}, "en": {"precision": 0.9615384615384616, "recall": 0.9398496240601504, "f1-score": 0.9505703422053231, "support": 133.0}, "ra": {"precision": 0.0, "recall": 0.0, "f1-score": 0.0, "support": 1.0}, "dtp": {"precision": 0.569620253164557, "recall": 0.4838709677419355, "f1-score": 0.5232558139534885, "support": 93.0}, "fi": {"precision": 1.0, "recall": 0.7666666666666667, "f1-score": 0.8679245283018869, "support": 30.0}, "lt": {"precision": 0.8095238095238095, "recall": 0.8947368421052632, "f1-score": 0.8500000000000001, "support": 38.0}, "rv": {"precision": 0.8181818181818182, "recall": 0.7941176470588235, "f1-score": 0.8059701492537314, "support": 68.0}, "ob": {"precision": 0.7674418604651163, "recall": 0.6111111111111112, "f1-score": 0.6804123711340206, "support": 54.0}, "rs": {"precision": 0.8571428571428571, "recall": 0.6666666666666666, "f1-score": 0.75, "support": 9.0}, "av": {"precision": 0.7777777777777778, "recall": 0.5185185185185185, "f1-score": 0.6222222222222222, "support": 27.0}, "ds": {"precision": 0.7507002801120448, "recall": 0.8454258675078864, "f1-score": 0.7952522255192878, "support": 317.0}, "ed": {"precision": 0.0, "recall": 0.0, "f1-score": 0.0, "support": 9.0}}}