{"f1": 0.7962441314553991, "precision": 0.7870591355078228, "recall": 0.8056460369163952, "accuracy": 0.6741050674105067, "pr_auc": 0.859980127897985, "threshold": 0.44999999999999996, "label_scores": {"MT": {"precision": 0.9818840579710145, "recall": 0.9818840579710145, "f1-score": 0.9818840579710145, "support": 276.0}, "LY": {"precision": 0.0, "recall": 0.0, "f1-score": 0.0, "support": 5.0}, "SP": {"precision": 0.8235294117647058, "recall": 0.7777777777777778, "f1-score": 0.7999999999999999, "support": 18.0}, "ID": {"precision": 0.8984771573604061, "recall": 0.7662337662337663, "f1-score": 0.8271028037383178, "support": 231.0}, "NA": {"precision": 0.7945205479452054, "recall": 0.9230769230769231, "f1-score": 0.8539877300613498, "support": 754.0}, "HI": {"precision": 0.7477477477477478, "recall": 0.7094017094017094, "f1-score": 0.7280701754385965, "support": 117.0}, "IN": {"precision": 0.8129251700680272, "recall": 0.6602209944751382, "f1-score": 0.7286585365853658, "support": 362.0}, "OP": {"precision": 0.8120300751879699, "recall": 0.7605633802816901, "f1-score": 0.7854545454545454, "support": 284.0}, "IP": {"precision": 0.696969696969697, "recall": 0.8214285714285714, "f1-score": 0.7540983606557378, "support": 252.0}, "it": {"precision": 0.8333333333333334, "recall": 0.7692307692307693, "f1-score": 0.8, "support": 13.0}, "ne": {"precision": 0.6126126126126126, "recall": 0.9066666666666666, "f1-score": 0.7311827956989246, "support": 225.0}, "sr": {"precision": 0.9315068493150684, "recall": 0.9577464788732394, "f1-score": 0.9444444444444444, "support": 71.0}, "nb": {"precision": 0.8035714285714286, "recall": 0.8108108108108109, "f1-score": 0.8071748878923768, "support": 333.0}, "re": {"precision": 0.7777777777777778, "recall": 0.875, "f1-score": 0.823529411764706, "support": 8.0}, "en": {"precision": 0.6744186046511628, "recall": 0.6444444444444445, "f1-score": 0.6590909090909091, "support": 45.0}, "ra": {"precision": 0.8888888888888888, "recall": 0.5714285714285714, "f1-score": 0.6956521739130435, "support": 14.0}, "dtp": {"precision": 0.5748031496062992, "recall": 0.5367647058823529, "f1-score": 0.5551330798479087, "support": 136.0}, "fi": {"precision": 1.0, "recall": 0.5, "f1-score": 0.6666666666666666, "support": 4.0}, "lt": {"precision": 0.7619047619047619, "recall": 0.6153846153846154, "f1-score": 0.6808510638297872, "support": 26.0}, "rv": {"precision": 0.8173913043478261, "recall": 0.8623853211009175, "f1-score": 0.8392857142857143, "support": 109.0}, "ob": {"precision": 0.6730769230769231, "recall": 0.5147058823529411, "f1-score": 0.5833333333333334, "support": 68.0}, "rs": {"precision": 0.9444444444444444, "recall": 0.7727272727272727, "f1-score": 0.85, "support": 88.0}, "av": {"precision": 0.0, "recall": 0.0, "f1-score": 0.0, "support": 12.0}, "ds": {"precision": 0.7835497835497836, "recall": 0.8537735849056604, "f1-score": 0.817155756207675, "support": 212.0}, "ed": {"precision": 0.0, "recall": 0.0, "f1-score": 0.0, "support": 21.0}}}