{"f1": 0.8140556368960468, "precision": 0.8011527377521613, "recall": 0.8273809523809523, "accuracy": 0.68125, "pr_auc": 0.8902880421370675, "threshold": 0.3, "label_scores": {"MT": {"precision": 0.25, "recall": 1.0, "f1-score": 0.4, "support": 1.0}, "LY": {"precision": 1.0, "recall": 1.0, "f1-score": 1.0, "support": 3.0}, "SP": {"precision": 0.0, "recall": 0.0, "f1-score": 0.0, "support": 0.0}, "ID": {"precision": 0.2, "recall": 1.0, "f1-score": 0.33333333333333337, "support": 1.0}, "NA": {"precision": 0.8899082568807339, "recall": 0.97, "f1-score": 0.9282296650717704, "support": 100.0}, "HI": {"precision": 0.4, "recall": 1.0, "f1-score": 0.5714285714285715, "support": 2.0}, "IN": {"precision": 0.5625, "recall": 0.75, "f1-score": 0.6428571428571429, "support": 24.0}, "OP": {"precision": 0.8529411764705882, "recall": 0.8285714285714286, "f1-score": 0.8405797101449276, "support": 35.0}, "IP": {"precision": 1.0, "recall": 0.16666666666666666, "f1-score": 0.2857142857142857, "support": 12.0}, "it": {"precision": 0.0, "recall": 0.0, "f1-score": 0.0, "support": 0.0}, "ne": {"precision": 0.9534883720930233, "recall": 0.9879518072289156, "f1-score": 0.9704142011834319, "support": 83.0}, "sr": {"precision": 0.625, "recall": 1.0, "f1-score": 0.7692307692307693, "support": 5.0}, "nb": {"precision": 0.6, "recall": 0.75, "f1-score": 0.6666666666666665, "support": 4.0}, "re": {"precision": 0.0, "recall": 0.0, "f1-score": 0.0, "support": 0.0}, "en": {"precision": 0.75, "recall": 1.0, "f1-score": 0.8571428571428571, "support": 6.0}, "ra": {"precision": 0.0, "recall": 0.0, "f1-score": 0.0, "support": 0.0}, "dtp": {"precision": 0.38461538461538464, "recall": 0.625, "f1-score": 0.4761904761904762, "support": 8.0}, "fi": {"precision": 0.0, "recall": 0.0, "f1-score": 0.0, "support": 5.0}, "lt": {"precision": 0.0, "recall": 0.0, "f1-score": 0.0, "support": 1.0}, "rv": {"precision": 1.0, "recall": 0.5, "f1-score": 0.6666666666666666, "support": 2.0}, "ob": {"precision": 0.5555555555555556, "recall": 1.0, "f1-score": 0.7142857142857143, "support": 5.0}, "rs": {"precision": 0.8666666666666667, "recall": 0.65, "f1-score": 0.7428571428571429, "support": 20.0}, "av": {"precision": 1.0, "recall": 0.5, "f1-score": 0.6666666666666666, "support": 8.0}, "ds": {"precision": 0.5, "recall": 0.16666666666666666, "f1-score": 0.25, "support": 6.0}, "ed": {"precision": 0.0, "recall": 0.0, "f1-score": 0.0, "support": 5.0}}}