{"f1": 0.7867647058823529, "precision": 0.8294573643410853, "recall": 0.7482517482517482, "accuracy": 0.6375, "pr_auc": 0.8626488384223079, "threshold": 0.49999999999999994, "label_scores": {"MT": {"precision": 0.2857142857142857, "recall": 0.4, "f1-score": 0.3333333333333333, "support": 5.0}, "LY": {"precision": 0.9166666666666666, "recall": 0.9166666666666666, "f1-score": 0.9166666666666666, "support": 12.0}, "SP": {"precision": 0.0, "recall": 0.0, "f1-score": 0.0, "support": 2.0}, "ID": {"precision": 0.0, "recall": 0.0, "f1-score": 0.0, "support": 1.0}, "NA": {"precision": 0.8901098901098901, "recall": 0.9529411764705882, "f1-score": 0.9204545454545454, "support": 85.0}, "HI": {"precision": 0.7142857142857143, "recall": 0.5555555555555556, "f1-score": 0.6250000000000001, "support": 9.0}, "IN": {"precision": 0.8857142857142857, "recall": 0.9117647058823529, "f1-score": 0.8985507246376812, "support": 34.0}, "OP": {"precision": 0.0, "recall": 0.0, "f1-score": 0.0, "support": 11.0}, "IP": {"precision": 0.0, "recall": 0.0, "f1-score": 0.0, "support": 14.0}, "it": {"precision": 0.0, "recall": 0.0, "f1-score": 0.0, "support": 0.0}, "ne": {"precision": 0.8625, "recall": 0.971830985915493, "f1-score": 0.9139072847682119, "support": 71.0}, "sr": {"precision": 0.3333333333333333, "recall": 1.0, "f1-score": 0.5, "support": 1.0}, "nb": {"precision": 1.0, "recall": 0.5, "f1-score": 0.6666666666666666, "support": 4.0}, "re": {"precision": 1.0, "recall": 1.0, "f1-score": 1.0, "support": 1.0}, "en": {"precision": 1.0, "recall": 0.5, "f1-score": 0.6666666666666666, "support": 6.0}, "ra": {"precision": 0.0, "recall": 0.0, "f1-score": 0.0, "support": 0.0}, "dtp": {"precision": 0.7, "recall": 0.5, "f1-score": 0.5833333333333334, "support": 14.0}, "fi": {"precision": 0.0, "recall": 0.0, "f1-score": 0.0, "support": 0.0}, "lt": {"precision": 1.0, "recall": 1.0, "f1-score": 1.0, "support": 1.0}, "rv": {"precision": 0.0, "recall": 0.0, "f1-score": 0.0, "support": 0.0}, "ob": {"precision": 0.0, "recall": 0.0, "f1-score": 0.0, "support": 1.0}, "rs": {"precision": 0.0, "recall": 0.0, "f1-score": 0.0, "support": 1.0}, "av": {"precision": 0.0, "recall": 0.0, "f1-score": 0.0, "support": 8.0}, "ds": {"precision": 0.0, "recall": 0.0, "f1-score": 0.0, "support": 3.0}, "ed": {"precision": 0.0, "recall": 0.0, "f1-score": 0.0, "support": 2.0}}}