{"f1": 0.7903780068728522, "precision": 0.8363636363636363, "recall": 0.749185667752443, "accuracy": 0.6666666666666666, "pr_auc": 0.8698867960702746, "threshold": 0.5499999999999999, "label_scores": {"MT": {"precision": 0.9888059701492538, "recall": 0.9601449275362319, "f1-score": 0.974264705882353, "support": 276.0}, "LY": {"precision": 0.5, "recall": 0.2, "f1-score": 0.28571428571428575, "support": 5.0}, "SP": {"precision": 0.9090909090909091, "recall": 0.5555555555555556, "f1-score": 0.6896551724137931, "support": 18.0}, "ID": {"precision": 0.9411764705882353, "recall": 0.6926406926406926, "f1-score": 0.798004987531172, "support": 231.0}, "NA": {"precision": 0.8347826086956521, "recall": 0.8912466843501327, "f1-score": 0.8620910840282232, "support": 754.0}, "HI": {"precision": 0.8461538461538461, "recall": 0.5641025641025641, "f1-score": 0.676923076923077, "support": 117.0}, "IN": {"precision": 0.8102189781021898, "recall": 0.6132596685082873, "f1-score": 0.6981132075471699, "support": 362.0}, "OP": {"precision": 0.8387096774193549, "recall": 0.7323943661971831, "f1-score": 0.7819548872180452, "support": 284.0}, "IP": {"precision": 0.8036529680365296, "recall": 0.6984126984126984, "f1-score": 0.7473460721868365, "support": 252.0}, "it": {"precision": 0.875, "recall": 0.5384615384615384, "f1-score": 0.6666666666666667, "support": 13.0}, "ne": {"precision": 0.6655518394648829, "recall": 0.8844444444444445, "f1-score": 0.7595419847328244, "support": 225.0}, "sr": {"precision": 0.9428571428571428, "recall": 0.9295774647887324, "f1-score": 0.9361702127659575, "support": 71.0}, "nb": {"precision": 0.894927536231884, "recall": 0.7417417417417418, "f1-score": 0.8111658456486044, "support": 333.0}, "re": {"precision": 0.8571428571428571, "recall": 0.75, "f1-score": 0.7999999999999999, "support": 8.0}, "en": {"precision": 0.7368421052631579, "recall": 0.6222222222222222, "f1-score": 0.6746987951807228, "support": 45.0}, "ra": {"precision": 0.9090909090909091, "recall": 0.7142857142857143, "f1-score": 0.8, "support": 14.0}, "dtp": {"precision": 0.61, "recall": 0.4485294117647059, "f1-score": 0.5169491525423728, "support": 136.0}, "fi": {"precision": 1.0, "recall": 0.5, "f1-score": 0.6666666666666666, "support": 4.0}, "lt": {"precision": 0.8461538461538461, "recall": 0.4230769230769231, "f1-score": 0.5641025641025641, "support": 26.0}, "rv": {"precision": 0.8557692307692307, "recall": 0.8165137614678899, "f1-score": 0.835680751173709, "support": 109.0}, "ob": {"precision": 0.6530612244897959, "recall": 0.47058823529411764, "f1-score": 0.547008547008547, "support": 68.0}, "rs": {"precision": 0.9117647058823529, "recall": 0.7045454545454546, "f1-score": 0.794871794871795, "support": 88.0}, "av": {"precision": 0.0, "recall": 0.0, "f1-score": 0.0, "support": 12.0}, "ds": {"precision": 0.8888888888888888, "recall": 0.7547169811320755, "f1-score": 0.8163265306122449, "support": 212.0}, "ed": {"precision": 0.0, "recall": 0.0, "f1-score": 0.0, "support": 21.0}}}