{"f1": 0.8008923591745677, "precision": 0.8180782377516141, "recall": 0.7844136926438456, "accuracy": 0.6163959783449343, "pr_auc": 0.8781297128181453, "threshold": 0.44999999999999996, "label_scores": {"MT": {"precision": 0.9158878504672897, "recall": 0.8448275862068966, "f1-score": 0.8789237668161435, "support": 116.0}, "LY": {"precision": 1.0, "recall": 0.6666666666666666, "f1-score": 0.8, "support": 15.0}, "SP": {"precision": 0.8333333333333334, "recall": 0.7142857142857143, "f1-score": 0.7692307692307692, "support": 7.0}, "ID": {"precision": 0.78, "recall": 0.7647058823529411, "f1-score": 0.7722772277227723, "support": 51.0}, "NA": {"precision": 0.8612565445026178, "recall": 0.8371501272264631, "f1-score": 0.8490322580645161, "support": 393.0}, "HI": {"precision": 0.7377049180327869, "recall": 0.5769230769230769, "f1-score": 0.6474820143884893, "support": 78.0}, "IN": {"precision": 0.7653333333333333, "recall": 0.849112426035503, "f1-score": 0.8050490883590464, "support": 338.0}, "OP": {"precision": 0.7365269461077845, "recall": 0.75, "f1-score": 0.7432024169184289, "support": 164.0}, "IP": {"precision": 0.8978494623655914, "recall": 0.784037558685446, "f1-score": 0.8370927318295739, "support": 426.0}, "it": {"precision": 1.0, "recall": 0.6666666666666666, "f1-score": 0.8, "support": 6.0}, "ne": {"precision": 0.7628865979381443, "recall": 0.7789473684210526, "f1-score": 0.7708333333333333, "support": 95.0}, "sr": {"precision": 0.6470588235294118, "recall": 0.7857142857142857, "f1-score": 0.7096774193548386, "support": 14.0}, "nb": {"precision": 0.871244635193133, "recall": 0.8252032520325203, "f1-score": 0.8475991649269311, "support": 246.0}, "re": {"precision": 0.8421052631578947, "recall": 0.8888888888888888, "f1-score": 0.8648648648648649, "support": 18.0}, "en": {"precision": 0.9692307692307692, "recall": 0.9473684210526315, "f1-score": 0.9581749049429658, "support": 133.0}, "ra": {"precision": 0.0, "recall": 0.0, "f1-score": 0.0, "support": 1.0}, "dtp": {"precision": 0.4725274725274725, "recall": 0.46236559139784944, "f1-score": 0.4673913043478261, "support": 93.0}, "fi": {"precision": 1.0, "recall": 0.7, "f1-score": 0.8235294117647058, "support": 30.0}, "lt": {"precision": 0.7435897435897436, "recall": 0.7631578947368421, "f1-score": 0.7532467532467534, "support": 38.0}, "rv": {"precision": 0.7941176470588235, "recall": 0.7941176470588235, "f1-score": 0.7941176470588235, "support": 68.0}, "ob": {"precision": 0.6851851851851852, "recall": 0.6851851851851852, "f1-score": 0.6851851851851852, "support": 54.0}, "rs": {"precision": 0.75, "recall": 0.6666666666666666, "f1-score": 0.7058823529411765, "support": 9.0}, "av": {"precision": 0.7142857142857143, "recall": 0.37037037037037035, "f1-score": 0.4878048780487805, "support": 27.0}, "ds": {"precision": 0.8169934640522876, "recall": 0.7886435331230284, "f1-score": 0.8025682182985553, "support": 317.0}, "ed": {"precision": 0.0, "recall": 0.0, "f1-score": 0.0, "support": 9.0}}}