{"f1": 0.6323268206039075, "precision": 0.6256590509666081, "recall": 0.6391382405745063, "accuracy": 0.416403785488959, "pr_auc": 0.6230678365677191, "threshold": 0.35, "label_scores": {"MT": {"precision": 0.14285714285714285, "recall": 0.2, "f1-score": 0.16666666666666666, "support": 5.0}, "LY": {"precision": 0.3333333333333333, "recall": 0.3333333333333333, "f1-score": 0.3333333333333333, "support": 3.0}, "SP": {"precision": 0.0, "recall": 0.0, "f1-score": 0.0, "support": 1.0}, "ID": {"precision": 0.5714285714285714, "recall": 1.0, "f1-score": 0.7272727272727273, "support": 8.0}, "NA": {"precision": 0.7870370370370371, "recall": 0.8762886597938144, "f1-score": 0.8292682926829268, "support": 97.0}, "HI": {"precision": 0.23076923076923078, "recall": 0.25, "f1-score": 0.24000000000000002, "support": 12.0}, "IN": {"precision": 0.47692307692307695, "recall": 0.9117647058823529, "f1-score": 0.6262626262626263, "support": 68.0}, "OP": {"precision": 0.35714285714285715, "recall": 0.2702702702702703, "f1-score": 0.3076923076923077, "support": 37.0}, "IP": {"precision": 0.9230769230769231, "recall": 0.6260869565217392, "f1-score": 0.7461139896373057, "support": 115.0}, "it": {"precision": 0.0, "recall": 0.0, "f1-score": 0.0, "support": 0.0}, "ne": {"precision": 0.4857142857142857, "recall": 0.7083333333333334, "f1-score": 0.576271186440678, "support": 24.0}, "sr": {"precision": 1.0, "recall": 1.0, "f1-score": 1.0, "support": 7.0}, "nb": {"precision": 0.3333333333333333, "recall": 0.3, "f1-score": 0.3157894736842105, "support": 10.0}, "re": {"precision": 0.0, "recall": 0.0, "f1-score": 0.0, "support": 0.0}, "en": {"precision": 0.5, "recall": 1.0, "f1-score": 0.6666666666666666, "support": 1.0}, "ra": {"precision": 0.625, "recall": 0.8333333333333334, "f1-score": 0.7142857142857143, "support": 6.0}, "dtp": {"precision": 0.125, "recall": 0.21428571428571427, "f1-score": 0.15789473684210525, "support": 14.0}, "fi": {"precision": 0.0, "recall": 0.0, "f1-score": 0.0, "support": 5.0}, "lt": {"precision": 0.8333333333333334, "recall": 0.5882352941176471, "f1-score": 0.6896551724137931, "support": 17.0}, "rv": {"precision": 0.5384615384615384, "recall": 0.4666666666666667, "f1-score": 0.5, "support": 15.0}, "ob": {"precision": 0.3333333333333333, "recall": 0.2, "f1-score": 0.25, "support": 5.0}, "rs": {"precision": 0.0, "recall": 0.0, "f1-score": 0.0, "support": 0.0}, "av": {"precision": 0.25, "recall": 0.1111111111111111, "f1-score": 0.15384615384615383, "support": 9.0}, "ds": {"precision": 0.8805970149253731, "recall": 0.6145833333333334, "f1-score": 0.7239263803680982, "support": 96.0}, "ed": {"precision": 0.0, "recall": 0.0, "f1-score": 0.0, "support": 2.0}}}