{"f1": 0.734835355285962, "precision": 0.748059280169372, "recall": 0.7220708446866485, "accuracy": 0.6035455278001611, "threshold": 0.39999999999999997, "label_scores": {"MT": {"precision": 0.9736842105263158, "recall": 0.578125, "f1-score": 0.7254901960784313, "support": 64.0}, "LY": {"precision": 1.0, "recall": 0.9230769230769231, "f1-score": 0.9600000000000001, "support": 13.0}, "SP": {"precision": 0.6, "recall": 0.2, "f1-score": 0.3, "support": 15.0}, "ID": {"precision": 0.9306930693069307, "recall": 0.7833333333333333, "f1-score": 0.8506787330316742, "support": 120.0}, "NA": {"precision": 0.746268656716418, "recall": 0.7692307692307693, "f1-score": 0.7575757575757576, "support": 325.0}, "HI": {"precision": 0.6984126984126984, "recall": 0.6111111111111112, "f1-score": 0.6518518518518519, "support": 72.0}, "IN": {"precision": 0.6193693693693694, "recall": 0.859375, "f1-score": 0.7198952879581152, "support": 320.0}, "OP": {"precision": 0.6506849315068494, "recall": 0.6333333333333333, "f1-score": 0.6418918918918919, "support": 150.0}, "IP": {"precision": 0.9157509157509157, "recall": 0.6426735218508998, "f1-score": 0.7552870090634441, "support": 389.0}}}