{"f1": 0.6986013986013986, "f1_macro": 0.6772216883511103, "precision": 0.7095170454545454, "recall": 0.6880165289256198, "accuracy": 0.580177276390008, "threshold": 0.39999999999999997, "label_scores": {"Forum": {"precision": 0.9306930693069307, "recall": 0.7833333333333333, "f1-score": 0.8506787330316742, "support": 120.0}, "Information/Explanation": {"precision": 0.5542168674698795, "recall": 0.8273381294964028, "f1-score": 0.6637806637806638, "support": 278.0}, "Instruction": {"precision": 0.7121212121212122, "recall": 0.6025641025641025, "f1-score": 0.6527777777777778, "support": 78.0}, "Legal": {"precision": 0.8076923076923077, "recall": 0.5526315789473685, "f1-score": 0.6562500000000001, "support": 38.0}, "News": {"precision": 0.702247191011236, "recall": 0.8503401360544217, "f1-score": 0.7692307692307694, "support": 147.0}, "Opinion/Argumentation": {"precision": 0.7745098039215687, "recall": 0.6030534351145038, "f1-score": 0.6781115879828326, "support": 262.0}, "Other": {"precision": 0.9302325581395349, "recall": 0.5063291139240507, "f1-score": 0.6557377049180328, "support": 79.0}, "Promotion": {"precision": 0.9120879120879121, "recall": 0.6569920844327177, "f1-score": 0.763803680981595, "support": 379.0}, "Prose/Lyrical": {"precision": 0.3431372549019608, "recall": 0.49295774647887325, "f1-score": 0.40462427745664736, "support": 71.0}}}