{"f1": 0.6292769350016609, "precision": 0.6368220528910802, "recall": 0.6219085138980083, "accuracy": 0.43964886613021215, "threshold": 0.44999999999999996, "label_scores": {"MT": {"precision": 0.0, "recall": 0.0, "f1-score": 0.0, "support": 0.0}, "LY": {"precision": 0.9702970297029703, "recall": 0.725925925925926, "f1-score": 0.8305084745762712, "support": 135.0}, "SP": {"precision": 0.6940298507462687, "recall": 0.636986301369863, "f1-score": 0.6642857142857143, "support": 146.0}, "ID": {"precision": 0.8217665615141956, "recall": 0.7594752186588921, "f1-score": 0.7893939393939394, "support": 686.0}, "NA": {"precision": 0.7666122639309862, "recall": 0.7711069418386491, "f1-score": 0.7688530340231498, "support": 4264.0}, "HI": {"precision": 0.5909090909090909, "recall": 0.44282238442822386, "f1-score": 0.5062586926286509, "support": 411.0}, "IN": {"precision": 0.7987927565392354, "recall": 0.45878274268104774, "f1-score": 0.5828235869831172, "support": 2596.0}, "OP": {"precision": 0.5700389105058365, "recall": 0.6881164866134335, "f1-score": 0.6235369227495212, "support": 2129.0}, "IP": {"precision": 0.23930131004366811, "recall": 0.681592039800995, "f1-score": 0.3542340012928248, "support": 402.0}, "it": {"precision": 0.7171717171717171, "recall": 0.6826923076923077, "f1-score": 0.6995073891625616, "support": 104.0}, "ne": {"precision": 0.8586956521739131, "recall": 0.6362865621025858, "f1-score": 0.7309471633795958, "support": 2359.0}, "sr": {"precision": 0.9276859504132231, "recall": 0.7070866141732284, "f1-score": 0.8025022341376229, "support": 635.0}, "nb": {"precision": 0.4169014084507042, "recall": 0.8199445983379502, "f1-score": 0.5527544351073763, "support": 722.0}, "re": {"precision": 0.7272727272727273, "recall": 0.6486486486486487, "f1-score": 0.6857142857142857, "support": 37.0}, "en": {"precision": 0.42857142857142855, "recall": 0.8055555555555556, "f1-score": 0.5594855305466238, "support": 108.0}, "ra": {"precision": 0.0, "recall": 0.0, "f1-score": 0.0, "support": 189.0}, "dtp": {"precision": 0.5280898876404494, "recall": 0.21559633027522937, "f1-score": 0.3061889250814332, "support": 1090.0}, "fi": {"precision": 0.6666666666666666, "recall": 0.028985507246376812, "f1-score": 0.05555555555555555, "support": 69.0}, "lt": {"precision": 0.54, "recall": 0.675, "f1-score": 0.6000000000000001, "support": 40.0}, "rv": {"precision": 0.5798816568047337, "recall": 0.7153284671532847, "f1-score": 0.6405228758169934, "support": 411.0}, "ob": {"precision": 0.5044598612487612, "recall": 0.48430066603235017, "f1-score": 0.49417475728155347, "support": 1051.0}, "rs": {"precision": 0.6440677966101694, "recall": 0.7261146496815286, "f1-score": 0.6826347305389221, "support": 157.0}, "av": {"precision": 0.3462603878116344, "recall": 0.5296610169491526, "f1-score": 0.41876046901172537, "support": 236.0}, "ds": {"precision": 0.3708609271523179, "recall": 0.8, "f1-score": 0.5067873303167422, "support": 280.0}, "ed": {"precision": 0.0, "recall": 0.0, "f1-score": 0.0, "support": 19.0}}}