{"f1": 0.7387556809277543, "f1_macro": 0.7093773825580112, "precision": 0.7097259861487504, "recall": 0.7702614379084968, "accuracy": 0.521223470661673, "threshold": 0.39999999999999997, "label_scores": {"MT": {"precision": 0.0, "recall": 0.0, "f1-score": 0.0, "support": 0.0}, "LY": {"precision": 0.9473684210526315, "recall": 0.7941176470588235, "f1-score": 0.864, "support": 68.0}, "SP": {"precision": 0.6951219512195121, "recall": 0.7702702702702703, "f1-score": 0.7307692307692307, "support": 74.0}, "ID": {"precision": 0.861764705882353, "recall": 0.8492753623188406, "f1-score": 0.8554744525547445, "support": 345.0}, "NA": {"precision": 0.8049298767530811, "recall": 0.8887846081651807, "f1-score": 0.8447814451382694, "support": 2131.0}, "HI": {"precision": 0.5833333333333334, "recall": 0.8195121951219512, "f1-score": 0.6815415821501014, "support": 205.0}, "IN": {"precision": 0.6644250168123739, "recall": 0.7611710323574731, "f1-score": 0.7095152603231597, "support": 1298.0}, "OP": {"precision": 0.659915611814346, "recall": 0.735653809971778, "f1-score": 0.6957295373665481, "support": 1063.0}, "IP": {"precision": 0.6312849162011173, "recall": 0.5621890547263682, "f1-score": 0.5947368421052631, "support": 201.0}, "it": {"precision": 0.5915492957746479, "recall": 0.7924528301886793, "f1-score": 0.6774193548387097, "support": 53.0}, "ne": {"precision": 0.7918983320095314, "recall": 0.8350083752093802, "f1-score": 0.8128821850794945, "support": 1194.0}, "sr": {"precision": 0.8466257668711656, "recall": 0.9169435215946844, "f1-score": 0.8803827751196172, "support": 301.0}, "nb": {"precision": 0.6467661691542289, "recall": 0.7065217391304348, "f1-score": 0.6753246753246753, "support": 368.0}, "re": {"precision": 0.6666666666666666, "recall": 0.8333333333333334, "f1-score": 0.7407407407407408, "support": 12.0}, "en": {"precision": 0.819672131147541, "recall": 0.819672131147541, "f1-score": 0.819672131147541, "support": 61.0}, "ra": {"precision": 0.6923076923076923, "recall": 0.6, "f1-score": 0.6428571428571429, "support": 105.0}, "dtp": {"precision": 0.5297029702970297, "recall": 0.5911602209944752, "f1-score": 0.5587467362924283, "support": 543.0}, "fi": {"precision": 0.6052631578947368, "recall": 0.6388888888888888, "f1-score": 0.6216216216216216, "support": 36.0}, "lt": {"precision": 1.0, "recall": 0.6071428571428571, "f1-score": 0.7555555555555554, "support": 28.0}, "rv": {"precision": 0.7635467980295566, "recall": 0.6768558951965066, "f1-score": 0.7175925925925927, "support": 229.0}, "ob": {"precision": 0.5560253699788583, "recall": 0.5228628230616302, "f1-score": 0.5389344262295082, "support": 503.0}, "rs": {"precision": 0.6630434782608695, "recall": 0.7439024390243902, "f1-score": 0.7011494252873564, "support": 82.0}, "av": {"precision": 0.4444444444444444, "recall": 0.6178861788617886, "f1-score": 0.5170068027210883, "support": 123.0}, "ds": {"precision": 0.6467065868263473, "recall": 0.7152317880794702, "f1-score": 0.6792452830188679, "support": 151.0}, "ed": {"precision": 0.0, "recall": 0.0, "f1-score": 0.0, "support": 6.0}}}