{"f1": 0.7488721804511279, "f1_macro": 0.6954495131814402, "precision": 0.7398132427843803, "recall": 0.758155719878208, "accuracy": 0.6759646675964668, "threshold": 0.44999999999999996, "label_scores": {"MT": {"precision": 0.9022556390977443, "recall": 0.8695652173913043, "f1-score": 0.8856088560885609, "support": 276.0}, "LY": {"precision": 0.0, "recall": 0.0, "f1-score": 0.0, "support": 5.0}, "SP": {"precision": 0.8, "recall": 0.4444444444444444, "f1-score": 0.5714285714285714, "support": 18.0}, "ID": {"precision": 0.9141104294478528, "recall": 0.645021645021645, "f1-score": 0.7563451776649747, "support": 231.0}, "NA": {"precision": 0.8074454428754814, "recall": 0.8342175066312998, "f1-score": 0.8206131767775604, "support": 754.0}, "HI": {"precision": 0.7547169811320755, "recall": 0.3418803418803419, "f1-score": 0.47058823529411775, "support": 117.0}, "IN": {"precision": 0.6259946949602122, "recall": 0.6519337016574586, "f1-score": 0.638700947225981, "support": 362.0}, "OP": {"precision": 0.6103896103896104, "recall": 0.8274647887323944, "f1-score": 0.70254110612855, "support": 284.0}, "IP": {"precision": 0.639751552795031, "recall": 0.8174603174603174, "f1-score": 0.7177700348432056, "support": 252.0}}}