{"f1": 0.7556935817805382, "precision": 0.7620041753653445, "recall": 0.7494866529774127, "accuracy": 0.6943231441048034, "threshold": 0.44999999999999996, "label_scores": {"Forum": {"precision": 0.5, "recall": 0.17391304347826086, "f1-score": 0.25806451612903225, "support": 23.0}, "Information/Explanation": {"precision": 0.6287878787878788, "recall": 0.6434108527131783, "f1-score": 0.6360153256704981, "support": 129.0}, "Instruction": {"precision": 0.6944444444444444, "recall": 0.6944444444444444, "f1-score": 0.6944444444444444, "support": 36.0}, "Legal": {"precision": 0.7954545454545454, "recall": 0.660377358490566, "f1-score": 0.7216494845360825, "support": 53.0}, "News": {"precision": 0.8304347826086956, "recall": 0.9362745098039216, "f1-score": 0.880184331797235, "support": 204.0}, "Opinion/Argumentation": {"precision": 0.7857142857142857, "recall": 0.5661764705882353, "f1-score": 0.658119658119658, "support": 136.0}, "Other": {"precision": 0.9, "recall": 0.6585365853658537, "f1-score": 0.7605633802816902, "support": 123.0}, "Promotion": {"precision": 0.7408637873754153, "recall": 0.8884462151394422, "f1-score": 0.8079710144927535, "support": 251.0}, "Prose/Lyrical": {"precision": 0.5789473684210527, "recall": 0.5789473684210527, "f1-score": 0.5789473684210527, "support": 19.0}}}