{"f1": 0.7633769322235434, "precision": 0.7707082833133253, "recall": 0.7561837455830389, "accuracy": 0.6255458515283843, "threshold": 0.44999999999999996, "label_scores": {"MT": {"precision": 0.9047619047619048, "recall": 0.6909090909090909, "f1-score": 0.7835051546391754, "support": 110.0}, "LY": {"precision": 0.6666666666666666, "recall": 0.2857142857142857, "f1-score": 0.4, "support": 7.0}, "SP": {"precision": 0.8333333333333334, "recall": 0.38461538461538464, "f1-score": 0.5263157894736842, "support": 13.0}, "ID": {"precision": 0.5, "recall": 0.17391304347826086, "f1-score": 0.25806451612903225, "support": 23.0}, "NA": {"precision": 0.8247011952191236, "recall": 0.9039301310043668, "f1-score": 0.8625, "support": 229.0}, "HI": {"precision": 0.6944444444444444, "recall": 0.7575757575757576, "f1-score": 0.7246376811594203, "support": 33.0}, "IN": {"precision": 0.75, "recall": 0.7135135135135136, "f1-score": 0.7313019390581719, "support": 185.0}, "OP": {"precision": 0.6533333333333333, "recall": 0.532608695652174, "f1-score": 0.5868263473053893, "support": 92.0}, "IP": {"precision": 0.7570093457943925, "recall": 0.8556338028169014, "f1-score": 0.803305785123967, "support": 284.0}, "it": {"precision": 1.0, "recall": 0.5714285714285714, "f1-score": 0.7272727272727273, "support": 7.0}, "ne": {"precision": 0.8186046511627907, "recall": 0.9214659685863874, "f1-score": 0.8669950738916257, "support": 191.0}, "sr": {"precision": 0.5238095238095238, "recall": 0.7857142857142857, "f1-score": 0.6285714285714286, "support": 14.0}, "nb": {"precision": 0.75, "recall": 0.5217391304347826, "f1-score": 0.6153846153846153, "support": 23.0}, "re": {"precision": 0.9545454545454546, "recall": 1.0, "f1-score": 0.9767441860465117, "support": 21.0}, "en": {"precision": 0.25, "recall": 0.5, "f1-score": 0.3333333333333333, "support": 4.0}, "ra": {"precision": 0.0, "recall": 0.0, "f1-score": 0.0, "support": 0.0}, "dtp": {"precision": 0.6216216216216216, "recall": 0.5, "f1-score": 0.5542168674698795, "support": 46.0}, "fi": {"precision": 0.0, "recall": 0.0, "f1-score": 0.0, "support": 3.0}, "lt": {"precision": 0.7954545454545454, "recall": 0.660377358490566, "f1-score": 0.7216494845360825, "support": 53.0}, "rv": {"precision": 0.5, "recall": 0.3225806451612903, "f1-score": 0.39215686274509803, "support": 31.0}, "ob": {"precision": 0.5, "recall": 0.18181818181818182, "f1-score": 0.26666666666666666, "support": 22.0}, "rs": {"precision": 0.8181818181818182, "recall": 0.9, "f1-score": 0.8571428571428572, "support": 10.0}, "av": {"precision": 0.6666666666666666, "recall": 0.4, "f1-score": 0.5, "support": 20.0}, "ds": {"precision": 0.7873134328358209, "recall": 0.8647540983606558, "f1-score": 0.8242187499999999, "support": 244.0}, "ed": {"precision": 0.75, "recall": 0.45454545454545453, "f1-score": 0.5660377358490566, "support": 33.0}}}