{"f1": 0.8098434004474274, "precision": 0.8337171810225702, "recall": 0.7872988255763376, "accuracy": 0.7545327754532776, "threshold": 0.49999999999999994, "label_scores": {"MT": {"precision": 0.9887640449438202, "recall": 0.9565217391304348, "f1-score": 0.9723756906077348, "support": 276.0}, "LY": {"precision": 0.0, "recall": 0.0, "f1-score": 0.0, "support": 5.0}, "SP": {"precision": 0.8181818181818182, "recall": 0.5, "f1-score": 0.6206896551724137, "support": 18.0}, "ID": {"precision": 0.898989898989899, "recall": 0.7705627705627706, "f1-score": 0.8298368298368298, "support": 231.0}, "NA": {"precision": 0.8222222222222222, "recall": 0.883289124668435, "f1-score": 0.8516624040920716, "support": 754.0}, "HI": {"precision": 0.7654320987654321, "recall": 0.5299145299145299, "f1-score": 0.6262626262626262, "support": 117.0}, "IN": {"precision": 0.8021978021978022, "recall": 0.6049723756906077, "f1-score": 0.689763779527559, "support": 362.0}, "OP": {"precision": 0.784452296819788, "recall": 0.7816901408450704, "f1-score": 0.7830687830687831, "support": 284.0}, "IP": {"precision": 0.7692307692307693, "recall": 0.753968253968254, "f1-score": 0.7615230460921845, "support": 252.0}}}