{"f1": 0.6026200873362445, "f1_macro": 0.5336167856592693, "precision": 0.6388888888888888, "recall": 0.5702479338842975, "accuracy": 0.4891304347826087, "threshold": 0.35, "label_scores": {"Forum": {"precision": 1.0, "recall": 0.5, "f1-score": 0.6666666666666666, "support": 8.0}, "Information/Explanation": {"precision": 0.75, "recall": 0.46153846153846156, "f1-score": 0.5714285714285714, "support": 26.0}, "Instruction": {"precision": 0.75, "recall": 0.3, "f1-score": 0.4285714285714285, "support": 10.0}, "Legal": {"precision": 0.4, "recall": 1.0, "f1-score": 0.5714285714285715, "support": 2.0}, "News": {"precision": 0.8823529411764706, "recall": 0.9375, "f1-score": 0.9090909090909091, "support": 32.0}, "Opinion/Argumentation": {"precision": 0.4, "recall": 0.23529411764705882, "f1-score": 0.29629629629629634, "support": 17.0}, "Other": {"precision": 0.2222222222222222, "recall": 0.6666666666666666, "f1-score": 0.3333333333333333, "support": 3.0}, "Promotion": {"precision": 0.3684210526315789, "recall": 0.5384615384615384, "f1-score": 0.4375, "support": 13.0}, "Prose/Lyrical": {"precision": 0.7142857142857143, "recall": 0.5, "f1-score": 0.588235294117647, "support": 10.0}}}