{"f1": 0.667680608365019, "precision": 0.6523031203566122, "recall": 0.6838006230529595, "accuracy": 0.5, "threshold": 0.39999999999999997, "label_scores": {"MT": {"precision": 0.0, "recall": 0.0, "f1-score": 0.0, "support": 0.0}, "LY": {"precision": 0.0, "recall": 0.0, "f1-score": 0.0, "support": 4.0}, "SP": {"precision": 0.0, "recall": 0.0, "f1-score": 0.0, "support": 0.0}, "ID": {"precision": 0.5714285714285714, "recall": 0.23529411764705882, "f1-score": 0.3333333333333333, "support": 17.0}, "NA": {"precision": 0.75, "recall": 0.9026548672566371, "f1-score": 0.8192771084337348, "support": 113.0}, "HI": {"precision": 0.7142857142857143, "recall": 0.46875, "f1-score": 0.5660377358490566, "support": 32.0}, "IN": {"precision": 0.4788732394366197, "recall": 0.6181818181818182, "f1-score": 0.5396825396825397, "support": 55.0}, "OP": {"precision": 0.47368421052631576, "recall": 0.6, "f1-score": 0.5294117647058824, "support": 30.0}, "IP": {"precision": 0.8137254901960784, "recall": 0.7345132743362832, "f1-score": 0.772093023255814, "support": 113.0}, "it": {"precision": 0.0, "recall": 0.0, "f1-score": 0.0, "support": 0.0}, "ne": {"precision": 0.6509433962264151, "recall": 0.92, "f1-score": 0.7624309392265193, "support": 75.0}, "sr": {"precision": 0.6, "recall": 0.5, "f1-score": 0.5454545454545454, "support": 6.0}, "nb": {"precision": 0.38461538461538464, "recall": 0.2631578947368421, "f1-score": 0.3125, "support": 19.0}, "re": {"precision": 1.0, "recall": 0.8333333333333334, "f1-score": 0.9090909090909091, "support": 6.0}, "en": {"precision": 0.0, "recall": 0.0, "f1-score": 0.0, "support": 3.0}, "ra": {"precision": 0.0, "recall": 0.0, "f1-score": 0.0, "support": 2.0}, "dtp": {"precision": 0.21212121212121213, "recall": 0.3684210526315789, "f1-score": 0.2692307692307693, "support": 19.0}, "fi": {"precision": 0.0, "recall": 0.0, "f1-score": 0.0, "support": 1.0}, "lt": {"precision": 0.5454545454545454, "recall": 0.75, "f1-score": 0.631578947368421, "support": 8.0}, "rv": {"precision": 1.0, "recall": 0.3333333333333333, "f1-score": 0.5, "support": 9.0}, "ob": {"precision": 0.4, "recall": 0.4, "f1-score": 0.4000000000000001, "support": 5.0}, "rs": {"precision": 0.8, "recall": 0.8888888888888888, "f1-score": 0.8421052631578948, "support": 9.0}, "av": {"precision": 0.16666666666666666, "recall": 0.3333333333333333, "f1-score": 0.2222222222222222, "support": 6.0}, "ds": {"precision": 0.8571428571428571, "recall": 0.6792452830188679, "f1-score": 0.7578947368421052, "support": 106.0}, "ed": {"precision": 1.0, "recall": 0.25, "f1-score": 0.4, "support": 4.0}}}