{"f1": 0.7222222222222223, "f1_macro": 0.6967812771201518, "precision": 0.7142857142857143, "recall": 0.7303370786516854, "accuracy": 0.5, "threshold": 0.3, "label_scores": {"Forum": {"precision": 0.0, "recall": 0.0, "f1-score": 0.0, "support": 0.0}, "Information/Explanation": {"precision": 0.631578947368421, "recall": 0.8, "f1-score": 0.7058823529411765, "support": 15.0}, "Instruction": {"precision": 0.5714285714285714, "recall": 0.6666666666666666, "f1-score": 0.6153846153846153, "support": 6.0}, "Legal": {"precision": 1.0, "recall": 1.0, "f1-score": 1.0, "support": 1.0}, "News": {"precision": 0.8333333333333334, "recall": 1.0, "f1-score": 0.9090909090909091, "support": 20.0}, "Opinion/Argumentation": {"precision": 0.8888888888888888, "recall": 0.38095238095238093, "f1-score": 0.5333333333333333, "support": 21.0}, "Other": {"precision": 1.0, "recall": 0.3333333333333333, "f1-score": 0.5, "support": 3.0}, "Promotion": {"precision": 0.6538461538461539, "recall": 0.85, "f1-score": 0.7391304347826088, "support": 20.0}, "Prose/Lyrical": {"precision": 0.5, "recall": 0.6666666666666666, "f1-score": 0.5714285714285715, "support": 3.0}}}