{"f1": 0.6956521739130435, "precision": 0.7227414330218068, "recall": 0.6705202312138728, "accuracy": 0.6214511041009464, "threshold": 0.44999999999999996, "label_scores": {"MT": {"precision": 0.16666666666666666, "recall": 0.2, "f1-score": 0.1818181818181818, "support": 5.0}, "LY": {"precision": 0.5, "recall": 0.3333333333333333, "f1-score": 0.4, "support": 3.0}, "SP": {"precision": 0.0, "recall": 0.0, "f1-score": 0.0, "support": 1.0}, "ID": {"precision": 0.6, "recall": 0.75, "f1-score": 0.6666666666666665, "support": 8.0}, "NA": {"precision": 0.8275862068965517, "recall": 0.7422680412371134, "f1-score": 0.782608695652174, "support": 97.0}, "HI": {"precision": 0.3333333333333333, "recall": 0.16666666666666666, "f1-score": 0.2222222222222222, "support": 12.0}, "IN": {"precision": 0.6161616161616161, "recall": 0.8970588235294118, "f1-score": 0.7305389221556885, "support": 68.0}, "OP": {"precision": 0.4074074074074074, "recall": 0.2972972972972973, "f1-score": 0.34375, "support": 37.0}, "IP": {"precision": 0.9285714285714286, "recall": 0.6782608695652174, "f1-score": 0.7839195979899498, "support": 115.0}}}