{"f1": 0.5941585535465925, "f1_macro": 0.48846551122139836, "precision": 0.6633540372670808, "recall": 0.5380352644836272, "accuracy": 0.3608768971332209, "threshold": 0.3, "label_scores": {"Forum": {"precision": 0.4375, "recall": 0.1590909090909091, "f1-score": 0.23333333333333334, "support": 44.0}, "Information/Explanation": {"precision": 0.6807817589576547, "recall": 0.39285714285714285, "f1-score": 0.49821215733015495, "support": 532.0}, "Instruction": {"precision": 0.51875, "recall": 0.6484375, "f1-score": 0.576388888888889, "support": 128.0}, "Legal": {"precision": 0.3333333333333333, "recall": 0.38461538461538464, "f1-score": 0.3571428571428571, "support": 13.0}, "News": {"precision": 0.8376288659793815, "recall": 0.9502923976608187, "f1-score": 0.8904109589041096, "support": 342.0}, "Opinion/Argumentation": {"precision": 0.6422764227642277, "recall": 0.4425770308123249, "f1-score": 0.5240464344941956, "support": 357.0}, "Other": {"precision": 0.23, "recall": 0.17293233082706766, "f1-score": 0.19742489270386265, "support": 133.0}, "Promotion": {"precision": 0.7239057239057239, "recall": 0.7072368421052632, "f1-score": 0.7154742096505824, "support": 304.0}, "Prose/Lyrical": {"precision": 0.5308641975308642, "recall": 0.32575757575757575, "f1-score": 0.4037558685446009, "support": 132.0}}}