{"f1": 0.707461738071281, "f1_macro": 0.6675897626065534, "precision": 0.6854284248332478, "recall": 0.7309586342744583, "accuracy": 0.47612080677186747, "threshold": 0.39999999999999997, "label_scores": {"MT": {"precision": 0.0, "recall": 0.0, "f1-score": 0.0, "support": 0.0}, "LY": {"precision": 0.9724770642201835, "recall": 0.7851851851851852, "f1-score": 0.8688524590163935, "support": 135.0}, "SP": {"precision": 0.6793893129770993, "recall": 0.6095890410958904, "f1-score": 0.6425992779783393, "support": 146.0}, "ID": {"precision": 0.837386018237082, "recall": 0.8032069970845481, "f1-score": 0.8199404761904762, "support": 686.0}, "NA": {"precision": 0.7570971611355458, "recall": 0.8881332082551595, "f1-score": 0.8173969350312973, "support": 4264.0}, "HI": {"precision": 0.6147757255936676, "recall": 0.5669099756690997, "f1-score": 0.589873417721519, "support": 411.0}, "IN": {"precision": 0.6858800773694391, "recall": 0.6829738058551618, "f1-score": 0.6844238563983787, "support": 2596.0}, "OP": {"precision": 0.6024325351577346, "recall": 0.7444809769844998, "f1-score": 0.6659663865546218, "support": 2129.0}, "IP": {"precision": 0.5230024213075061, "recall": 0.5373134328358209, "f1-score": 0.5300613496932517, "support": 402.0}, "it": {"precision": 0.7, "recall": 0.6057692307692307, "f1-score": 0.6494845360824743, "support": 104.0}, "ne": {"precision": 0.7448713166728832, "recall": 0.8465451462484104, "f1-score": 0.7924603174603174, "support": 2359.0}, "sr": {"precision": 0.8416547788873039, "recall": 0.9291338582677166, "f1-score": 0.8832335329341318, "support": 635.0}, "nb": {"precision": 0.6351351351351351, "recall": 0.6509695290858726, "f1-score": 0.6429548563611491, "support": 722.0}, "re": {"precision": 0.8709677419354839, "recall": 0.7297297297297297, "f1-score": 0.7941176470588235, "support": 37.0}, "en": {"precision": 0.5942028985507246, "recall": 0.7592592592592593, "f1-score": 0.6666666666666666, "support": 108.0}, "ra": {"precision": 0.8015873015873016, "recall": 0.5343915343915344, "f1-score": 0.6412698412698413, "support": 189.0}, "dtp": {"precision": 0.5082690187431091, "recall": 0.42293577981651376, "f1-score": 0.4616925388082123, "support": 1090.0}, "fi": {"precision": 0.0, "recall": 0.0, "f1-score": 0.0, "support": 69.0}, "lt": {"precision": 0.6410256410256411, "recall": 0.625, "f1-score": 0.6329113924050633, "support": 40.0}, "rv": {"precision": 0.6715328467153284, "recall": 0.6715328467153284, "f1-score": 0.6715328467153284, "support": 411.0}, "ob": {"precision": 0.5265116279069767, "recall": 0.538534728829686, "f1-score": 0.5324553151458137, "support": 1051.0}, "rs": {"precision": 0.6936416184971098, "recall": 0.7643312101910829, "f1-score": 0.7272727272727273, "support": 157.0}, "av": {"precision": 0.41836734693877553, "recall": 0.3474576271186441, "f1-score": 0.3796296296296296, "support": 236.0}, "ds": {"precision": 0.6186770428015564, "recall": 0.5678571428571428, "f1-score": 0.5921787709497207, "support": 280.0}, "ed": {"precision": 0.0, "recall": 0.0, "f1-score": 0.0, "support": 19.0}}}