{"f1": 0.6652360515021459, "precision": 0.7635467980295566, "recall": 0.5893536121673004, "accuracy": 0.45864661654135336, "threshold": 0.5499999999999999, "label_scores": {"MT": {"precision": 0.8235294117647058, "recall": 0.8235294117647058, "f1-score": 0.8235294117647058, "support": 17.0}, "LY": {"precision": 0.0, "recall": 0.0, "f1-score": 0.0, "support": 0.0}, "SP": {"precision": 0.0, "recall": 0.0, "f1-score": 0.0, "support": 0.0}, "ID": {"precision": 1.0, "recall": 0.5, "f1-score": 0.6666666666666666, "support": 4.0}, "NA": {"precision": 0.75, "recall": 0.7777777777777778, "f1-score": 0.7636363636363638, "support": 27.0}, "HI": {"precision": 0.8333333333333334, "recall": 0.5, "f1-score": 0.625, "support": 10.0}, "IN": {"precision": 0.7692307692307693, "recall": 0.4444444444444444, "f1-score": 0.5633802816901408, "support": 45.0}, "OP": {"precision": 0.6, "recall": 0.3333333333333333, "f1-score": 0.42857142857142855, "support": 9.0}, "IP": {"precision": 0.75, "recall": 0.868421052631579, "f1-score": 0.8048780487804879, "support": 38.0}, "it": {"precision": 0.0, "recall": 0.0, "f1-score": 0.0, "support": 0.0}, "ne": {"precision": 0.875, "recall": 0.6363636363636364, "f1-score": 0.7368421052631579, "support": 11.0}, "sr": {"precision": 1.0, "recall": 0.8, "f1-score": 0.888888888888889, "support": 5.0}, "nb": {"precision": 0.7142857142857143, "recall": 0.625, "f1-score": 0.6666666666666666, "support": 8.0}, "re": {"precision": 1.0, "recall": 0.3333333333333333, "f1-score": 0.5, "support": 6.0}, "en": {"precision": 0.75, "recall": 1.0, "f1-score": 0.8571428571428571, "support": 3.0}, "ra": {"precision": 0.0, "recall": 0.0, "f1-score": 0.0, "support": 0.0}, "dtp": {"precision": 0.5, "recall": 0.12, "f1-score": 0.1935483870967742, "support": 25.0}, "fi": {"precision": 0.0, "recall": 0.0, "f1-score": 0.0, "support": 6.0}, "lt": {"precision": 0.5, "recall": 1.0, "f1-score": 0.6666666666666666, "support": 1.0}, "rv": {"precision": 0.3333333333333333, "recall": 0.3333333333333333, "f1-score": 0.3333333333333333, "support": 3.0}, "ob": {"precision": 0.0, "recall": 0.0, "f1-score": 0.0, "support": 2.0}, "rs": {"precision": 0.0, "recall": 0.0, "f1-score": 0.0, "support": 1.0}, "av": {"precision": 0.0, "recall": 0.0, "f1-score": 0.0, "support": 3.0}, "ds": {"precision": 0.7948717948717948, "recall": 0.9117647058823529, "f1-score": 0.8493150684931507, "support": 34.0}, "ed": {"precision": 0.0, "recall": 0.0, "f1-score": 0.0, "support": 5.0}}}