{"f1": 0.7135135135135134, "precision": 0.6947368421052632, "recall": 0.7333333333333333, "accuracy": 0.4411764705882353, "threshold": 0.3, "label_scores": {"MT": {"precision": 1.0, "recall": 0.5, "f1-score": 0.6666666666666666, "support": 2.0}, "LY": {"precision": 1.0, "recall": 0.6666666666666666, "f1-score": 0.8, "support": 3.0}, "SP": {"precision": 0.0, "recall": 0.0, "f1-score": 0.0, "support": 1.0}, "ID": {"precision": 0.0, "recall": 0.0, "f1-score": 0.0, "support": 0.0}, "NA": {"precision": 0.7692307692307693, "recall": 1.0, "f1-score": 0.8695652173913044, "support": 20.0}, "HI": {"precision": 0.5714285714285714, "recall": 0.6666666666666666, "f1-score": 0.6153846153846153, "support": 6.0}, "IN": {"precision": 0.65, "recall": 0.8125, "f1-score": 0.7222222222222223, "support": 16.0}, "OP": {"precision": 0.7272727272727273, "recall": 0.42105263157894735, "f1-score": 0.5333333333333333, "support": 19.0}, "IP": {"precision": 0.6428571428571429, "recall": 0.782608695652174, "f1-score": 0.7058823529411765, "support": 23.0}}}