{"f1": 0.778443113772455, "f1_macro": 0.6508710501744557, "precision": 0.8074534161490683, "recall": 0.7514450867052023, "accuracy": 0.7125, "threshold": 0.44999999999999996, "label_scores": {"MT": {"precision": 0.2857142857142857, "recall": 0.8, "f1-score": 0.4210526315789473, "support": 5.0}, "LY": {"precision": 0.9166666666666666, "recall": 0.9166666666666666, "f1-score": 0.9166666666666666, "support": 12.0}, "SP": {"precision": 0.0, "recall": 0.0, "f1-score": 0.0, "support": 2.0}, "ID": {"precision": 0.0, "recall": 0.0, "f1-score": 0.0, "support": 1.0}, "NA": {"precision": 0.9294117647058824, "recall": 0.9294117647058824, "f1-score": 0.9294117647058824, "support": 85.0}, "HI": {"precision": 0.6666666666666666, "recall": 0.2222222222222222, "f1-score": 0.3333333333333333, "support": 9.0}, "IN": {"precision": 0.8055555555555556, "recall": 0.8529411764705882, "f1-score": 0.8285714285714286, "support": 34.0}, "OP": {"precision": 0.5, "recall": 0.45454545454545453, "f1-score": 0.47619047619047616, "support": 11.0}, "IP": {"precision": 0.0, "recall": 0.0, "f1-score": 0.0, "support": 14.0}}}