{"f1": 0.8173803526448362, "precision": 0.8173803526448362, "recall": 0.8173803526448362, "accuracy": 0.691415313225058, "pr_auc": 0.8909916464782233, "threshold": 0.44999999999999996, "label_scores": {"MT": {"precision": 0.96, "recall": 0.8275862068965517, "f1-score": 0.888888888888889, "support": 116.0}, "LY": {"precision": 1.0, "recall": 0.7333333333333333, "f1-score": 0.846153846153846, "support": 15.0}, "SP": {"precision": 0.625, "recall": 0.7142857142857143, "f1-score": 0.6666666666666666, "support": 7.0}, "ID": {"precision": 0.8157894736842105, "recall": 0.6078431372549019, "f1-score": 0.6966292134831461, "support": 51.0}, "NA": {"precision": 0.8478802992518704, "recall": 0.8651399491094147, "f1-score": 0.8564231738035265, "support": 393.0}, "HI": {"precision": 0.7012987012987013, "recall": 0.6923076923076923, "f1-score": 0.6967741935483871, "support": 78.0}, "IN": {"precision": 0.8184523809523809, "recall": 0.8136094674556213, "f1-score": 0.8160237388724035, "support": 338.0}, "OP": {"precision": 0.7655172413793103, "recall": 0.676829268292683, "f1-score": 0.7184466019417476, "support": 164.0}, "IP": {"precision": 0.7944915254237288, "recall": 0.8802816901408451, "f1-score": 0.8351893095768375, "support": 426.0}}}