{"f1": 0.7385877475411282, "precision": 0.7033770161290323, "recall": 0.7775095180611014, "accuracy": 0.5867906782317902, "pr_auc": 0.8220268504761499, "threshold": 0.39999999999999997, "label_scores": {"MT": {"precision": 0.0, "recall": 0.0, "f1-score": 0.0, "support": 0.0}, "LY": {"precision": 0.926829268292683, "recall": 0.8444444444444444, "f1-score": 0.8837209302325582, "support": 135.0}, "SP": {"precision": 0.5909090909090909, "recall": 0.8013698630136986, "f1-score": 0.6802325581395349, "support": 146.0}, "ID": {"precision": 0.8950086058519794, "recall": 0.7580174927113703, "f1-score": 0.8208366219415943, "support": 686.0}, "NA": {"precision": 0.7855319148936171, "recall": 0.8658536585365854, "f1-score": 0.8237394020526552, "support": 4264.0}, "HI": {"precision": 0.48353293413173654, "recall": 0.7858880778588808, "f1-score": 0.5987025023169602, "support": 411.0}, "IN": {"precision": 0.7008086253369272, "recall": 0.7010785824345146, "f1-score": 0.700943577893318, "support": 2596.0}, "OP": {"precision": 0.5969311377245509, "recall": 0.7491780178487553, "f1-score": 0.6644449073109768, "support": 2129.0}, "IP": {"precision": 0.5348189415041783, "recall": 0.47761194029850745, "f1-score": 0.504599211563732, "support": 402.0}}}