{"f1": 0.7403090268365411, "f1_macro": 0.7053181265622339, "precision": 0.739306984298863, "recall": 0.741313789359392, "accuracy": 0.6029753602975361, "threshold": 0.39999999999999997, "label_scores": {"MT": {"precision": 0.9808429118773946, "recall": 0.927536231884058, "f1-score": 0.9534450651769086, "support": 276.0}, "LY": {"precision": 0.0, "recall": 0.0, "f1-score": 0.0, "support": 5.0}, "SP": {"precision": 0.0, "recall": 0.0, "f1-score": 0.0, "support": 18.0}, "ID": {"precision": 0.8293838862559242, "recall": 0.7575757575757576, "f1-score": 0.7918552036199096, "support": 231.0}, "NA": {"precision": 0.8007290400972054, "recall": 0.8740053050397878, "f1-score": 0.8357641090678503, "support": 754.0}, "HI": {"precision": 0.5966386554621849, "recall": 0.6068376068376068, "f1-score": 0.6016949152542374, "support": 117.0}, "IN": {"precision": 0.6265984654731458, "recall": 0.6767955801104972, "f1-score": 0.650730411686587, "support": 362.0}, "OP": {"precision": 0.7785977859778598, "recall": 0.7429577464788732, "f1-score": 0.7603603603603603, "support": 284.0}, "IP": {"precision": 0.7302904564315352, "recall": 0.6984126984126984, "f1-score": 0.7139959432048681, "support": 252.0}, "it": {"precision": 0.0, "recall": 0.0, "f1-score": 0.0, "support": 13.0}, "ne": {"precision": 0.5825825825825826, "recall": 0.8622222222222222, "f1-score": 0.6953405017921147, "support": 225.0}, "sr": {"precision": 0.8589743589743589, "recall": 0.9436619718309859, "f1-score": 0.8993288590604026, "support": 71.0}, "nb": {"precision": 0.8031746031746032, "recall": 0.7597597597597597, "f1-score": 0.7808641975308642, "support": 333.0}, "re": {"precision": 0.0, "recall": 0.0, "f1-score": 0.0, "support": 8.0}, "en": {"precision": 0.7777777777777778, "recall": 0.15555555555555556, "f1-score": 0.25925925925925924, "support": 45.0}, "ra": {"precision": 0.0, "recall": 0.0, "f1-score": 0.0, "support": 14.0}, "dtp": {"precision": 0.35384615384615387, "recall": 0.5073529411764706, "f1-score": 0.4169184290030211, "support": 136.0}, "fi": {"precision": 0.0, "recall": 0.0, "f1-score": 0.0, "support": 4.0}, "lt": {"precision": 0.0, "recall": 0.0, "f1-score": 0.0, "support": 26.0}, "rv": {"precision": 0.9186046511627907, "recall": 0.7247706422018348, "f1-score": 0.8102564102564102, "support": 109.0}, "ob": {"precision": 0.5333333333333333, "recall": 0.47058823529411764, "f1-score": 0.5, "support": 68.0}, "rs": {"precision": 0.8987341772151899, "recall": 0.8068181818181818, "f1-score": 0.8502994011976047, "support": 88.0}, "av": {"precision": 0.0, "recall": 0.0, "f1-score": 0.0, "support": 12.0}, "ds": {"precision": 0.7477477477477478, "recall": 0.7830188679245284, "f1-score": 0.7649769585253458, "support": 212.0}, "ed": {"precision": 0.0, "recall": 0.0, "f1-score": 0.0, "support": 21.0}}}