{"f1": 0.6802218114602588, "precision": 0.700952380952381, "recall": 0.6606822262118492, "accuracy": 0.47003154574132494, "pr_auc": 0.7275439056070375, "threshold": 0.39999999999999997, "label_scores": {"MT": {"precision": 0.3333333333333333, "recall": 0.4, "f1-score": 0.3636363636363636, "support": 5.0}, "LY": {"precision": 0.3333333333333333, "recall": 0.3333333333333333, "f1-score": 0.3333333333333333, "support": 3.0}, "SP": {"precision": 0.0, "recall": 0.0, "f1-score": 0.0, "support": 1.0}, "ID": {"precision": 0.625, "recall": 0.625, "f1-score": 0.625, "support": 8.0}, "NA": {"precision": 0.927710843373494, "recall": 0.7938144329896907, "f1-score": 0.8555555555555555, "support": 97.0}, "HI": {"precision": 0.4, "recall": 0.3333333333333333, "f1-score": 0.3636363636363636, "support": 12.0}, "IN": {"precision": 0.5740740740740741, "recall": 0.9117647058823529, "f1-score": 0.7045454545454545, "support": 68.0}, "OP": {"precision": 0.4411764705882353, "recall": 0.40540540540540543, "f1-score": 0.4225352112676056, "support": 37.0}, "IP": {"precision": 0.8829787234042553, "recall": 0.7217391304347827, "f1-score": 0.7942583732057416, "support": 115.0}, "it": {"precision": 0.0, "recall": 0.0, "f1-score": 0.0, "support": 0.0}, "ne": {"precision": 0.75, "recall": 0.625, "f1-score": 0.6818181818181818, "support": 24.0}, "sr": {"precision": 1.0, "recall": 0.8571428571428571, "f1-score": 0.923076923076923, "support": 7.0}, "nb": {"precision": 0.17647058823529413, "recall": 0.3, "f1-score": 0.22222222222222224, "support": 10.0}, "re": {"precision": 0.0, "recall": 0.0, "f1-score": 0.0, "support": 0.0}, "en": {"precision": 1.0, "recall": 1.0, "f1-score": 1.0, "support": 1.0}, "ra": {"precision": 1.0, "recall": 0.16666666666666666, "f1-score": 0.2857142857142857, "support": 6.0}, "dtp": {"precision": 0.16666666666666666, "recall": 0.07142857142857142, "f1-score": 0.1, "support": 14.0}, "fi": {"precision": 0.0, "recall": 0.0, "f1-score": 0.0, "support": 5.0}, "lt": {"precision": 0.6521739130434783, "recall": 0.8823529411764706, "f1-score": 0.75, "support": 17.0}, "rv": {"precision": 0.38461538461538464, "recall": 0.3333333333333333, "f1-score": 0.3571428571428571, "support": 15.0}, "ob": {"precision": 0.0, "recall": 0.0, "f1-score": 0.0, "support": 5.0}, "rs": {"precision": 0.0, "recall": 0.0, "f1-score": 0.0, "support": 0.0}, "av": {"precision": 0.42857142857142855, "recall": 0.3333333333333333, "f1-score": 0.375, "support": 9.0}, "ds": {"precision": 0.8414634146341463, "recall": 0.71875, "f1-score": 0.7752808988764045, "support": 96.0}, "ed": {"precision": 0.0, "recall": 0.0, "f1-score": 0.0, "support": 2.0}}}