{"f1": 0.8091971073613944, "precision": 0.8243294295428787, "recall": 0.7946103423160962, "accuracy": 0.6233565351894819, "pr_auc": 0.8757618443842781, "threshold": 0.44999999999999996, "label_scores": {"MT": {"precision": 0.9326923076923077, "recall": 0.8362068965517241, "f1-score": 0.8818181818181818, "support": 116.0}, "LY": {"precision": 0.9090909090909091, "recall": 0.6666666666666666, "f1-score": 0.7692307692307692, "support": 15.0}, "SP": {"precision": 0.625, "recall": 0.7142857142857143, "f1-score": 0.6666666666666666, "support": 7.0}, "ID": {"precision": 0.8, "recall": 0.6274509803921569, "f1-score": 0.7032967032967032, "support": 51.0}, "NA": {"precision": 0.8970189701897019, "recall": 0.8422391857506362, "f1-score": 0.8687664041994752, "support": 393.0}, "HI": {"precision": 0.7580645161290323, "recall": 0.6025641025641025, "f1-score": 0.6714285714285715, "support": 78.0}, "IN": {"precision": 0.7910863509749304, "recall": 0.8402366863905325, "f1-score": 0.8149210903873746, "support": 338.0}, "OP": {"precision": 0.7894736842105263, "recall": 0.7317073170731707, "f1-score": 0.7594936708860759, "support": 164.0}, "IP": {"precision": 0.836027713625866, "recall": 0.8497652582159625, "f1-score": 0.8428405122235157, "support": 426.0}, "it": {"precision": 0.625, "recall": 0.8333333333333334, "f1-score": 0.7142857142857143, "support": 6.0}, "ne": {"precision": 0.8313253012048193, "recall": 0.7263157894736842, "f1-score": 0.7752808988764045, "support": 95.0}, "sr": {"precision": 0.7692307692307693, "recall": 0.7142857142857143, "f1-score": 0.7407407407407408, "support": 14.0}, "nb": {"precision": 0.8828451882845189, "recall": 0.8577235772357723, "f1-score": 0.8701030927835051, "support": 246.0}, "re": {"precision": 1.0, "recall": 0.8888888888888888, "f1-score": 0.9411764705882353, "support": 18.0}, "en": {"precision": 0.9612403100775194, "recall": 0.9323308270676691, "f1-score": 0.9465648854961832, "support": 133.0}, "ra": {"precision": 0.0, "recall": 0.0, "f1-score": 0.0, "support": 1.0}, "dtp": {"precision": 0.5176470588235295, "recall": 0.4731182795698925, "f1-score": 0.4943820224719101, "support": 93.0}, "fi": {"precision": 1.0, "recall": 0.7, "f1-score": 0.8235294117647058, "support": 30.0}, "lt": {"precision": 0.8205128205128205, "recall": 0.8421052631578947, "f1-score": 0.8311688311688312, "support": 38.0}, "rv": {"precision": 0.828125, "recall": 0.7794117647058824, "f1-score": 0.8030303030303031, "support": 68.0}, "ob": {"precision": 0.723404255319149, "recall": 0.6296296296296297, "f1-score": 0.6732673267326733, "support": 54.0}, "rs": {"precision": 0.8333333333333334, "recall": 0.5555555555555556, "f1-score": 0.6666666666666667, "support": 9.0}, "av": {"precision": 0.7222222222222222, "recall": 0.48148148148148145, "f1-score": 0.5777777777777777, "support": 27.0}, "ds": {"precision": 0.7536656891495601, "recall": 0.8107255520504731, "f1-score": 0.7811550151975682, "support": 317.0}, "ed": {"precision": 0.0, "recall": 0.0, "f1-score": 0.0, "support": 9.0}}}