{"f1": 0.6779359430604982, "precision": 0.671957671957672, "recall": 0.6840215439856373, "accuracy": 0.47003154574132494, "pr_auc": 0.6959544549755272, "threshold": 0.39999999999999997, "label_scores": {"MT": {"precision": 0.25, "recall": 0.2, "f1-score": 0.22222222222222224, "support": 5.0}, "LY": {"precision": 0.3333333333333333, "recall": 0.3333333333333333, "f1-score": 0.3333333333333333, "support": 3.0}, "SP": {"precision": 0.0, "recall": 0.0, "f1-score": 0.0, "support": 1.0}, "ID": {"precision": 0.75, "recall": 0.75, "f1-score": 0.75, "support": 8.0}, "NA": {"precision": 0.9090909090909091, "recall": 0.8247422680412371, "f1-score": 0.8648648648648649, "support": 97.0}, "HI": {"precision": 0.42857142857142855, "recall": 0.25, "f1-score": 0.3157894736842105, "support": 12.0}, "IN": {"precision": 0.515625, "recall": 0.9705882352941176, "f1-score": 0.673469387755102, "support": 68.0}, "OP": {"precision": 0.41379310344827586, "recall": 0.32432432432432434, "f1-score": 0.36363636363636365, "support": 37.0}, "IP": {"precision": 0.8829787234042553, "recall": 0.7217391304347827, "f1-score": 0.7942583732057416, "support": 115.0}, "it": {"precision": 0.0, "recall": 0.0, "f1-score": 0.0, "support": 0.0}, "ne": {"precision": 0.6071428571428571, "recall": 0.7083333333333334, "f1-score": 0.6538461538461539, "support": 24.0}, "sr": {"precision": 1.0, "recall": 0.8571428571428571, "f1-score": 0.923076923076923, "support": 7.0}, "nb": {"precision": 0.07142857142857142, "recall": 0.1, "f1-score": 0.08333333333333333, "support": 10.0}, "re": {"precision": 0.0, "recall": 0.0, "f1-score": 0.0, "support": 0.0}, "en": {"precision": 1.0, "recall": 1.0, "f1-score": 1.0, "support": 1.0}, "ra": {"precision": 0.8571428571428571, "recall": 1.0, "f1-score": 0.923076923076923, "support": 6.0}, "dtp": {"precision": 0.3333333333333333, "recall": 0.35714285714285715, "f1-score": 0.3448275862068965, "support": 14.0}, "fi": {"precision": 1.0, "recall": 0.4, "f1-score": 0.5714285714285715, "support": 5.0}, "lt": {"precision": 0.6086956521739131, "recall": 0.8235294117647058, "f1-score": 0.7, "support": 17.0}, "rv": {"precision": 0.35714285714285715, "recall": 0.3333333333333333, "f1-score": 0.3448275862068965, "support": 15.0}, "ob": {"precision": 0.5, "recall": 0.2, "f1-score": 0.28571428571428575, "support": 5.0}, "rs": {"precision": 0.0, "recall": 0.0, "f1-score": 0.0, "support": 0.0}, "av": {"precision": 0.4, "recall": 0.2222222222222222, "f1-score": 0.2857142857142857, "support": 9.0}, "ds": {"precision": 0.8518518518518519, "recall": 0.71875, "f1-score": 0.7796610169491525, "support": 96.0}, "ed": {"precision": 0.0, "recall": 0.0, "f1-score": 0.0, "support": 2.0}}}