{"f1": 0.6952896616589135, "precision": 0.649290224564402, "recall": 0.7483037863865178, "accuracy": 0.42554080886195006, "pr_auc": 0.7626201229741326, "threshold": 0.35, "label_scores": {"MT": {"precision": 0.0, "recall": 0.0, "f1-score": 0.0, "support": 0.0}, "LY": {"precision": 0.97, "recall": 0.7185185185185186, "f1-score": 0.8255319148936171, "support": 135.0}, "SP": {"precision": 0.696, "recall": 0.5958904109589042, "f1-score": 0.6420664206642066, "support": 146.0}, "ID": {"precision": 0.8399390243902439, "recall": 0.8032069970845481, "f1-score": 0.8211624441132639, "support": 686.0}, "NA": {"precision": 0.7077852826164237, "recall": 0.9338649155722326, "f1-score": 0.8052578361981798, "support": 4264.0}, "HI": {"precision": 0.5507518796992481, "recall": 0.7128953771289538, "f1-score": 0.6214209968186638, "support": 411.0}, "IN": {"precision": 0.7239101717305152, "recall": 0.6332819722650231, "f1-score": 0.6755701664269571, "support": 2596.0}, "OP": {"precision": 0.5444373401534527, "recall": 0.7999060591827148, "f1-score": 0.6478980407076279, "support": 2129.0}, "IP": {"precision": 0.39593908629441626, "recall": 0.582089552238806, "f1-score": 0.47129909365558914, "support": 402.0}, "it": {"precision": 0.6831683168316832, "recall": 0.6634615384615384, "f1-score": 0.6731707317073171, "support": 104.0}, "ne": {"precision": 0.7527410207939509, "recall": 0.8440016956337432, "f1-score": 0.7957633892885693, "support": 2359.0}, "sr": {"precision": 0.8146611341632088, "recall": 0.9275590551181102, "f1-score": 0.8674521354933726, "support": 635.0}, "nb": {"precision": 0.553347280334728, "recall": 0.7326869806094183, "f1-score": 0.630512514898689, "support": 722.0}, "re": {"precision": 0.7941176470588235, "recall": 0.7297297297297297, "f1-score": 0.7605633802816901, "support": 37.0}, "en": {"precision": 0.5028901734104047, "recall": 0.8055555555555556, "f1-score": 0.6192170818505338, "support": 108.0}, "ra": {"precision": 0.90625, "recall": 0.30687830687830686, "f1-score": 0.4584980237154149, "support": 189.0}, "dtp": {"precision": 0.5111940298507462, "recall": 0.37706422018348623, "f1-score": 0.4340021119324182, "support": 1090.0}, "fi": {"precision": 0.0, "recall": 0.0, "f1-score": 0.0, "support": 69.0}, "lt": {"precision": 0.4745762711864407, "recall": 0.7, "f1-score": 0.5656565656565656, "support": 40.0}, "rv": {"precision": 0.6099585062240664, "recall": 0.7153284671532847, "f1-score": 0.658454647256439, "support": 411.0}, "ob": {"precision": 0.5431119920713577, "recall": 0.5214081826831589, "f1-score": 0.5320388349514563, "support": 1051.0}, "rs": {"precision": 0.6987951807228916, "recall": 0.7388535031847133, "f1-score": 0.718266253869969, "support": 157.0}, "av": {"precision": 0.3871866295264624, "recall": 0.5889830508474576, "f1-score": 0.4672268907563025, "support": 236.0}, "ds": {"precision": 0.4795180722891566, "recall": 0.7107142857142857, "f1-score": 0.5726618705035971, "support": 280.0}, "ed": {"precision": 0.0, "recall": 0.0, "f1-score": 0.0, "support": 19.0}}}