{"f1": 0.7534303534303534, "precision": 0.7528043207312006, "recall": 0.7540574282147315, "accuracy": 0.5358581788879936, "pr_auc": 0.8297775094136824, "threshold": 0.39999999999999997, "label_scores": {"MT": {"precision": 0.9019607843137255, "recall": 0.71875, "f1-score": 0.8, "support": 64.0}, "LY": {"precision": 1.0, "recall": 0.7692307692307693, "f1-score": 0.8695652173913044, "support": 13.0}, "SP": {"precision": 0.75, "recall": 0.2, "f1-score": 0.31578947368421056, "support": 15.0}, "ID": {"precision": 0.9035087719298246, "recall": 0.8583333333333333, "f1-score": 0.8803418803418803, "support": 120.0}, "NA": {"precision": 0.7287671232876712, "recall": 0.8184615384615385, "f1-score": 0.7710144927536232, "support": 325.0}, "HI": {"precision": 0.6266666666666667, "recall": 0.6527777777777778, "f1-score": 0.6394557823129251, "support": 72.0}, "IN": {"precision": 0.823728813559322, "recall": 0.759375, "f1-score": 0.7902439024390243, "support": 320.0}, "OP": {"precision": 0.6942675159235668, "recall": 0.7266666666666667, "f1-score": 0.7100977198697069, "support": 150.0}, "IP": {"precision": 0.7883211678832117, "recall": 0.8329048843187661, "f1-score": 0.8099999999999999, "support": 389.0}, "it": {"precision": 0.75, "recall": 0.375, "f1-score": 0.5, "support": 8.0}, "ne": {"precision": 0.7313432835820896, "recall": 0.7903225806451613, "f1-score": 0.7596899224806203, "support": 124.0}, "sr": {"precision": 0.88, "recall": 0.9565217391304348, "f1-score": 0.9166666666666666, "support": 23.0}, "nb": {"precision": 0.71900826446281, "recall": 0.6796875, "f1-score": 0.6987951807228916, "support": 128.0}, "re": {"precision": 0.9411764705882353, "recall": 0.7619047619047619, "f1-score": 0.8421052631578947, "support": 21.0}, "en": {"precision": 0.7647058823529411, "recall": 0.7647058823529411, "f1-score": 0.7647058823529412, "support": 34.0}, "ra": {"precision": 0.0, "recall": 0.0, "f1-score": 0.0, "support": 10.0}, "dtp": {"precision": 0.6379310344827587, "recall": 0.4966442953020134, "f1-score": 0.558490566037736, "support": 149.0}, "fi": {"precision": 1.0, "recall": 0.8333333333333334, "f1-score": 0.9090909090909091, "support": 6.0}, "lt": {"precision": 0.7777777777777778, "recall": 0.7368421052631579, "f1-score": 0.7567567567567567, "support": 38.0}, "rv": {"precision": 0.9180327868852459, "recall": 0.7368421052631579, "f1-score": 0.8175182481751824, "support": 76.0}, "ob": {"precision": 0.6071428571428571, "recall": 0.6296296296296297, "f1-score": 0.6181818181818182, "support": 27.0}, "rs": {"precision": 0.75, "recall": 0.8571428571428571, "f1-score": 0.7999999999999999, "support": 7.0}, "av": {"precision": 0.5, "recall": 0.35714285714285715, "f1-score": 0.41666666666666663, "support": 28.0}, "ds": {"precision": 0.6740506329113924, "recall": 0.8658536585365854, "f1-score": 0.7580071174377224, "support": 246.0}, "ed": {"precision": 0.0, "recall": 0.0, "f1-score": 0.0, "support": 10.0}}}