{"f1": 0.777946243969676, "precision": 0.7902548305796696, "recall": 0.7660152008686211, "accuracy": 0.6434216643421664, "pr_auc": 0.8526709144580054, "threshold": 0.44999999999999996, "label_scores": {"MT": {"precision": 0.978021978021978, "recall": 0.967391304347826, "f1-score": 0.9726775956284153, "support": 276.0}, "LY": {"precision": 0.0, "recall": 0.0, "f1-score": 0.0, "support": 5.0}, "SP": {"precision": 1.0, "recall": 0.3333333333333333, "f1-score": 0.5, "support": 18.0}, "ID": {"precision": 0.8820754716981132, "recall": 0.8095238095238095, "f1-score": 0.8442437923250565, "support": 231.0}, "NA": {"precision": 0.8044758539458187, "recall": 0.9058355437665783, "f1-score": 0.8521522145976295, "support": 754.0}, "HI": {"precision": 0.7654320987654321, "recall": 0.5299145299145299, "f1-score": 0.6262626262626262, "support": 117.0}, "IN": {"precision": 0.7508417508417509, "recall": 0.6160220994475138, "f1-score": 0.6767830045523521, "support": 362.0}, "OP": {"precision": 0.7716262975778547, "recall": 0.7852112676056338, "f1-score": 0.7783595113438047, "support": 284.0}, "IP": {"precision": 0.6959459459459459, "recall": 0.8174603174603174, "f1-score": 0.7518248175182483, "support": 252.0}, "it": {"precision": 1.0, "recall": 0.38461538461538464, "f1-score": 0.5555555555555556, "support": 13.0}, "ne": {"precision": 0.674074074074074, "recall": 0.8088888888888889, "f1-score": 0.7353535353535354, "support": 225.0}, "sr": {"precision": 0.9041095890410958, "recall": 0.9295774647887324, "f1-score": 0.9166666666666666, "support": 71.0}, "nb": {"precision": 0.8098159509202454, "recall": 0.7927927927927928, "f1-score": 0.8012139605462821, "support": 333.0}, "re": {"precision": 0.7, "recall": 0.875, "f1-score": 0.7777777777777777, "support": 8.0}, "en": {"precision": 0.6363636363636364, "recall": 0.4666666666666667, "f1-score": 0.5384615384615385, "support": 45.0}, "ra": {"precision": 1.0, "recall": 0.07142857142857142, "f1-score": 0.13333333333333333, "support": 14.0}, "dtp": {"precision": 0.575, "recall": 0.3382352941176471, "f1-score": 0.42592592592592593, "support": 136.0}, "fi": {"precision": 0.0, "recall": 0.0, "f1-score": 0.0, "support": 4.0}, "lt": {"precision": 0.7727272727272727, "recall": 0.6538461538461539, "f1-score": 0.7083333333333333, "support": 26.0}, "rv": {"precision": 0.875, "recall": 0.8348623853211009, "f1-score": 0.8544600938967136, "support": 109.0}, "ob": {"precision": 0.603448275862069, "recall": 0.5147058823529411, "f1-score": 0.5555555555555555, "support": 68.0}, "rs": {"precision": 0.953125, "recall": 0.6931818181818182, "f1-score": 0.8026315789473685, "support": 88.0}, "av": {"precision": 0.0, "recall": 0.0, "f1-score": 0.0, "support": 12.0}, "ds": {"precision": 0.771689497716895, "recall": 0.7971698113207547, "f1-score": 0.7842227378190255, "support": 212.0}, "ed": {"precision": 0.0, "recall": 0.0, "f1-score": 0.0, "support": 21.0}}}