{"f1": 0.6028169014084508, "precision": 0.6707227138643068, "recall": 0.547396930484502, "accuracy": 0.2951096121416526, "pr_auc": 0.6629189206361563, "threshold": 0.3, "label_scores": {"MT": {"precision": 0.1941747572815534, "recall": 0.6896551724137931, "f1-score": 0.30303030303030304, "support": 29.0}, "LY": {"precision": 1.0, "recall": 0.4166666666666667, "f1-score": 0.5882352941176471, "support": 12.0}, "SP": {"precision": 0.0, "recall": 0.0, "f1-score": 0.0, "support": 104.0}, "ID": {"precision": 0.5384615384615384, "recall": 0.1590909090909091, "f1-score": 0.2456140350877193, "support": 44.0}, "NA": {"precision": 0.8571428571428571, "recall": 0.7357512953367875, "f1-score": 0.79182156133829, "support": 579.0}, "HI": {"precision": 0.554140127388535, "recall": 0.6850393700787402, "f1-score": 0.6126760563380281, "support": 127.0}, "IN": {"precision": 0.7800829875518672, "recall": 0.34686346863468637, "f1-score": 0.48020434227330777, "support": 542.0}, "OP": {"precision": 0.5975103734439834, "recall": 0.49146757679180886, "f1-score": 0.5393258426966293, "support": 293.0}, "IP": {"precision": 0.6801152737752162, "recall": 0.7515923566878981, "f1-score": 0.7140695915279878, "support": 314.0}, "it": {"precision": 0.0, "recall": 0.0, "f1-score": 0.0, "support": 13.0}, "ne": {"precision": 0.8058823529411765, "recall": 0.9256756756756757, "f1-score": 0.8616352201257862, "support": 296.0}, "sr": {"precision": 0.8148148148148148, "recall": 0.9565217391304348, "f1-score": 0.8800000000000001, "support": 46.0}, "nb": {"precision": 0.5632183908045977, "recall": 0.32450331125827814, "f1-score": 0.4117647058823529, "support": 151.0}, "re": {"precision": 0.8, "recall": 0.75, "f1-score": 0.7741935483870969, "support": 16.0}, "en": {"precision": 0.5, "recall": 0.21052631578947367, "f1-score": 0.2962962962962963, "support": 19.0}, "ra": {"precision": 1.0, "recall": 0.35714285714285715, "f1-score": 0.5263157894736842, "support": 14.0}, "dtp": {"precision": 0.3490566037735849, "recall": 0.19270833333333334, "f1-score": 0.2483221476510067, "support": 192.0}, "fi": {"precision": 1.0, "recall": 0.5, "f1-score": 0.6666666666666666, "support": 2.0}, "lt": {"precision": 0.25, "recall": 0.38461538461538464, "f1-score": 0.30303030303030304, "support": 13.0}, "rv": {"precision": 0.5945945945945946, "recall": 0.3384615384615385, "f1-score": 0.43137254901960786, "support": 65.0}, "ob": {"precision": 0.5769230769230769, "recall": 0.13513513513513514, "f1-score": 0.21897810218978106, "support": 111.0}, "rs": {"precision": 0.8846153846153846, "recall": 0.6571428571428571, "f1-score": 0.7540983606557377, "support": 35.0}, "av": {"precision": 0.35365853658536583, "recall": 0.453125, "f1-score": 0.3972602739726027, "support": 64.0}, "ds": {"precision": 0.62, "recall": 0.808695652173913, "f1-score": 0.7018867924528303, "support": 230.0}, "ed": {"precision": 0.0, "recall": 0.0, "f1-score": 0.0, "support": 12.0}}}