{"f1": 0.7918215613382901, "precision": 0.8452380952380952, "recall": 0.7447552447552448, "accuracy": 0.6375, "pr_auc": 0.87061512709103, "threshold": 0.49999999999999994, "label_scores": {"MT": {"precision": 0.3076923076923077, "recall": 0.8, "f1-score": 0.4444444444444444, "support": 5.0}, "LY": {"precision": 1.0, "recall": 1.0, "f1-score": 1.0, "support": 12.0}, "SP": {"precision": 0.0, "recall": 0.0, "f1-score": 0.0, "support": 2.0}, "ID": {"precision": 0.0, "recall": 0.0, "f1-score": 0.0, "support": 1.0}, "NA": {"precision": 0.95, "recall": 0.8941176470588236, "f1-score": 0.9212121212121211, "support": 85.0}, "HI": {"precision": 1.0, "recall": 0.3333333333333333, "f1-score": 0.5, "support": 9.0}, "IN": {"precision": 0.75, "recall": 0.7941176470588235, "f1-score": 0.7714285714285715, "support": 34.0}, "OP": {"precision": 0.5555555555555556, "recall": 0.45454545454545453, "f1-score": 0.5, "support": 11.0}, "IP": {"precision": 1.0, "recall": 0.14285714285714285, "f1-score": 0.25, "support": 14.0}, "it": {"precision": 0.0, "recall": 0.0, "f1-score": 0.0, "support": 0.0}, "ne": {"precision": 0.9178082191780822, "recall": 0.9436619718309859, "f1-score": 0.9305555555555556, "support": 71.0}, "sr": {"precision": 0.3333333333333333, "recall": 1.0, "f1-score": 0.5, "support": 1.0}, "nb": {"precision": 1.0, "recall": 0.5, "f1-score": 0.6666666666666666, "support": 4.0}, "re": {"precision": 1.0, "recall": 1.0, "f1-score": 1.0, "support": 1.0}, "en": {"precision": 0.75, "recall": 0.5, "f1-score": 0.6, "support": 6.0}, "ra": {"precision": 0.0, "recall": 0.0, "f1-score": 0.0, "support": 0.0}, "dtp": {"precision": 0.7142857142857143, "recall": 0.35714285714285715, "f1-score": 0.4761904761904762, "support": 14.0}, "fi": {"precision": 0.0, "recall": 0.0, "f1-score": 0.0, "support": 0.0}, "lt": {"precision": 1.0, "recall": 1.0, "f1-score": 1.0, "support": 1.0}, "rv": {"precision": 0.0, "recall": 0.0, "f1-score": 0.0, "support": 0.0}, "ob": {"precision": 0.0, "recall": 0.0, "f1-score": 0.0, "support": 1.0}, "rs": {"precision": 0.0, "recall": 0.0, "f1-score": 0.0, "support": 1.0}, "av": {"precision": 0.75, "recall": 0.375, "f1-score": 0.5, "support": 8.0}, "ds": {"precision": 1.0, "recall": 0.3333333333333333, "f1-score": 0.5, "support": 3.0}, "ed": {"precision": 0.0, "recall": 0.0, "f1-score": 0.0, "support": 2.0}}}