{"f1": 0.5325779036827195, "precision": 0.48205128205128206, "recall": 0.5949367088607594, "accuracy": 0.24, "pr_auc": 0.500396993213282, "threshold": 0.39999999999999997, "label_scores": {"MT": {"precision": 1.0, "recall": 0.5, "f1-score": 0.6666666666666666, "support": 4.0}, "LY": {"precision": 0.0, "recall": 0.0, "f1-score": 0.0, "support": 0.0}, "SP": {"precision": 1.0, "recall": 1.0, "f1-score": 1.0, "support": 1.0}, "ID": {"precision": 0.6666666666666666, "recall": 1.0, "f1-score": 0.8, "support": 4.0}, "NA": {"precision": 0.9375, "recall": 0.4166666666666667, "f1-score": 0.5769230769230769, "support": 36.0}, "HI": {"precision": 0.6666666666666666, "recall": 0.2, "f1-score": 0.30769230769230765, "support": 10.0}, "IN": {"precision": 0.4838709677419355, "recall": 1.0, "f1-score": 0.6521739130434783, "support": 15.0}, "OP": {"precision": 0.2, "recall": 0.75, "f1-score": 0.31578947368421056, "support": 4.0}, "IP": {"precision": 0.7209302325581395, "recall": 0.9393939393939394, "f1-score": 0.8157894736842105, "support": 33.0}, "it": {"precision": 1.0, "recall": 1.0, "f1-score": 1.0, "support": 1.0}, "ne": {"precision": 0.0, "recall": 0.0, "f1-score": 0.0, "support": 3.0}, "sr": {"precision": 0.0, "recall": 0.0, "f1-score": 0.0, "support": 0.0}, "nb": {"precision": 0.9166666666666666, "recall": 0.3333333333333333, "f1-score": 0.4888888888888888, "support": 33.0}, "re": {"precision": 0.0, "recall": 0.0, "f1-score": 0.0, "support": 0.0}, "en": {"precision": 0.0, "recall": 0.0, "f1-score": 0.0, "support": 0.0}, "ra": {"precision": 0.0, "recall": 0.0, "f1-score": 0.0, "support": 0.0}, "dtp": {"precision": 0.7142857142857143, "recall": 0.625, "f1-score": 0.6666666666666666, "support": 8.0}, "fi": {"precision": 0.0, "recall": 0.0, "f1-score": 0.0, "support": 0.0}, "lt": {"precision": 0.5, "recall": 1.0, "f1-score": 0.6666666666666666, "support": 2.0}, "rv": {"precision": 0.14285714285714285, "recall": 1.0, "f1-score": 0.25, "support": 1.0}, "ob": {"precision": 0.0, "recall": 0.0, "f1-score": 0.0, "support": 0.0}, "rs": {"precision": 0.0, "recall": 0.0, "f1-score": 0.0, "support": 0.0}, "av": {"precision": 0.3333333333333333, "recall": 0.3333333333333333, "f1-score": 0.3333333333333333, "support": 3.0}, "ds": {"precision": 0.0, "recall": 0.0, "f1-score": 0.0, "support": 0.0}, "ed": {"precision": 0.0, "recall": 0.0, "f1-score": 0.0, "support": 0.0}}}