{"f1": 0.6388384754990926, "precision": 0.6111111111111112, "recall": 0.6692015209125475, "accuracy": 0.44360902255639095, "pr_auc": 0.6849184859740272, "threshold": 0.35, "label_scores": {"MT": {"precision": 0.8235294117647058, "recall": 0.8235294117647058, "f1-score": 0.8235294117647058, "support": 17.0}, "LY": {"precision": 0.0, "recall": 0.0, "f1-score": 0.0, "support": 0.0}, "SP": {"precision": 0.0, "recall": 0.0, "f1-score": 0.0, "support": 0.0}, "ID": {"precision": 1.0, "recall": 0.5, "f1-score": 0.6666666666666666, "support": 4.0}, "NA": {"precision": 0.6875, "recall": 0.8148148148148148, "f1-score": 0.7457627118644067, "support": 27.0}, "HI": {"precision": 0.7272727272727273, "recall": 0.8, "f1-score": 0.761904761904762, "support": 10.0}, "IN": {"precision": 0.6829268292682927, "recall": 0.6222222222222222, "f1-score": 0.6511627906976744, "support": 45.0}, "OP": {"precision": 0.4444444444444444, "recall": 0.4444444444444444, "f1-score": 0.4444444444444444, "support": 9.0}, "IP": {"precision": 0.55, "recall": 0.868421052631579, "f1-score": 0.673469387755102, "support": 38.0}, "it": {"precision": 0.0, "recall": 0.0, "f1-score": 0.0, "support": 0.0}, "ne": {"precision": 0.6, "recall": 0.5454545454545454, "f1-score": 0.5714285714285713, "support": 11.0}, "sr": {"precision": 1.0, "recall": 0.8, "f1-score": 0.888888888888889, "support": 5.0}, "nb": {"precision": 0.42857142857142855, "recall": 0.75, "f1-score": 0.5454545454545454, "support": 8.0}, "re": {"precision": 1.0, "recall": 0.5, "f1-score": 0.6666666666666666, "support": 6.0}, "en": {"precision": 0.5, "recall": 1.0, "f1-score": 0.6666666666666666, "support": 3.0}, "ra": {"precision": 0.0, "recall": 0.0, "f1-score": 0.0, "support": 0.0}, "dtp": {"precision": 0.4, "recall": 0.32, "f1-score": 0.35555555555555557, "support": 25.0}, "fi": {"precision": 1.0, "recall": 0.16666666666666666, "f1-score": 0.2857142857142857, "support": 6.0}, "lt": {"precision": 0.5, "recall": 1.0, "f1-score": 0.6666666666666666, "support": 1.0}, "rv": {"precision": 0.3333333333333333, "recall": 0.6666666666666666, "f1-score": 0.4444444444444444, "support": 3.0}, "ob": {"precision": 0.0, "recall": 0.0, "f1-score": 0.0, "support": 2.0}, "rs": {"precision": 0.0, "recall": 0.0, "f1-score": 0.0, "support": 1.0}, "av": {"precision": 0.0, "recall": 0.0, "f1-score": 0.0, "support": 3.0}, "ds": {"precision": 0.6595744680851063, "recall": 0.9117647058823529, "f1-score": 0.7654320987654322, "support": 34.0}, "ed": {"precision": 0.0, "recall": 0.0, "f1-score": 0.0, "support": 5.0}}}