{"f1": 0.7510584250635055, "precision": 0.7643257216716932, "recall": 0.7382438618393674, "accuracy": 0.5624496373892023, "pr_auc": 0.8233439227212032, "threshold": 0.44999999999999996, "label_scores": {"MT": {"precision": 0.9056603773584906, "recall": 0.75, "f1-score": 0.8205128205128206, "support": 64.0}, "LY": {"precision": 0.9230769230769231, "recall": 0.9230769230769231, "f1-score": 0.9230769230769231, "support": 13.0}, "SP": {"precision": 1.0, "recall": 0.3333333333333333, "f1-score": 0.5, "support": 15.0}, "ID": {"precision": 0.918918918918919, "recall": 0.85, "f1-score": 0.8831168831168831, "support": 120.0}, "NA": {"precision": 0.8172757475083057, "recall": 0.7569230769230769, "f1-score": 0.7859424920127795, "support": 325.0}, "HI": {"precision": 0.7818181818181819, "recall": 0.5972222222222222, "f1-score": 0.6771653543307087, "support": 72.0}, "IN": {"precision": 0.7623456790123457, "recall": 0.771875, "f1-score": 0.7670807453416149, "support": 320.0}, "OP": {"precision": 0.7132352941176471, "recall": 0.6466666666666666, "f1-score": 0.6783216783216783, "support": 150.0}, "IP": {"precision": 0.7989690721649485, "recall": 0.7969151670951157, "f1-score": 0.797940797940798, "support": 389.0}, "it": {"precision": 1.0, "recall": 0.375, "f1-score": 0.5454545454545454, "support": 8.0}, "ne": {"precision": 0.75, "recall": 0.7258064516129032, "f1-score": 0.7377049180327869, "support": 124.0}, "sr": {"precision": 0.95, "recall": 0.8260869565217391, "f1-score": 0.8837209302325583, "support": 23.0}, "nb": {"precision": 0.6976744186046512, "recall": 0.703125, "f1-score": 0.7003891050583658, "support": 128.0}, "re": {"precision": 1.0, "recall": 0.8571428571428571, "f1-score": 0.923076923076923, "support": 21.0}, "en": {"precision": 0.8571428571428571, "recall": 0.8823529411764706, "f1-score": 0.8695652173913043, "support": 34.0}, "ra": {"precision": 0.6, "recall": 0.3, "f1-score": 0.4, "support": 10.0}, "dtp": {"precision": 0.581081081081081, "recall": 0.5771812080536913, "f1-score": 0.5791245791245792, "support": 149.0}, "fi": {"precision": 0.625, "recall": 0.8333333333333334, "f1-score": 0.7142857142857143, "support": 6.0}, "lt": {"precision": 0.8235294117647058, "recall": 0.7368421052631579, "f1-score": 0.7777777777777778, "support": 38.0}, "rv": {"precision": 0.8833333333333333, "recall": 0.6973684210526315, "f1-score": 0.7794117647058824, "support": 76.0}, "ob": {"precision": 0.5172413793103449, "recall": 0.5555555555555556, "f1-score": 0.5357142857142857, "support": 27.0}, "rs": {"precision": 0.5384615384615384, "recall": 1.0, "f1-score": 0.7000000000000001, "support": 7.0}, "av": {"precision": 0.5833333333333334, "recall": 0.25, "f1-score": 0.35000000000000003, "support": 28.0}, "ds": {"precision": 0.6976744186046512, "recall": 0.8536585365853658, "f1-score": 0.7678244972577697, "support": 246.0}, "ed": {"precision": 0.0, "recall": 0.0, "f1-score": 0.0, "support": 10.0}}}