{"f1": 0.7011173184357542, "precision": 0.6783783783783783, "recall": 0.7254335260115607, "accuracy": 0.5615141955835962, "threshold": 0.39999999999999997, "label_scores": {"MT": {"precision": 0.25, "recall": 0.4, "f1-score": 0.3076923076923077, "support": 5.0}, "LY": {"precision": 0.3333333333333333, "recall": 0.3333333333333333, "f1-score": 0.3333333333333333, "support": 3.0}, "SP": {"precision": 0.0, "recall": 0.0, "f1-score": 0.0, "support": 1.0}, "ID": {"precision": 0.5555555555555556, "recall": 0.625, "f1-score": 0.5882352941176471, "support": 8.0}, "NA": {"precision": 0.8604651162790697, "recall": 0.7628865979381443, "f1-score": 0.8087431693989071, "support": 97.0}, "HI": {"precision": 0.35714285714285715, "recall": 0.4166666666666667, "f1-score": 0.3846153846153846, "support": 12.0}, "IN": {"precision": 0.5526315789473685, "recall": 0.9264705882352942, "f1-score": 0.6923076923076924, "support": 68.0}, "OP": {"precision": 0.41935483870967744, "recall": 0.35135135135135137, "f1-score": 0.38235294117647056, "support": 37.0}, "IP": {"precision": 0.8543689320388349, "recall": 0.7652173913043478, "f1-score": 0.8073394495412843, "support": 115.0}}}