{"f1": 0.7182320441988951, "precision": 0.7142857142857143, "recall": 0.7222222222222222, "accuracy": 0.47058823529411764, "threshold": 0.35, "label_scores": {"MT": {"precision": 1.0, "recall": 0.5, "f1-score": 0.6666666666666666, "support": 2.0}, "LY": {"precision": 1.0, "recall": 0.3333333333333333, "f1-score": 0.5, "support": 3.0}, "SP": {"precision": 0.0, "recall": 0.0, "f1-score": 0.0, "support": 1.0}, "ID": {"precision": 0.0, "recall": 0.0, "f1-score": 0.0, "support": 0.0}, "NA": {"precision": 0.8, "recall": 1.0, "f1-score": 0.888888888888889, "support": 20.0}, "HI": {"precision": 0.6666666666666666, "recall": 0.6666666666666666, "f1-score": 0.6666666666666666, "support": 6.0}, "IN": {"precision": 0.6666666666666666, "recall": 0.625, "f1-score": 0.6451612903225806, "support": 16.0}, "OP": {"precision": 0.6666666666666666, "recall": 0.5263157894736842, "f1-score": 0.5882352941176471, "support": 19.0}, "IP": {"precision": 0.6785714285714286, "recall": 0.8260869565217391, "f1-score": 0.7450980392156864, "support": 23.0}}}