{"f1": 0.6131820637493247, "precision": 0.6845597104945718, "recall": 0.5552837573385518, "accuracy": 0.3634064080944351, "threshold": 0.3, "label_scores": {"MT": {"precision": 0.19626168224299065, "recall": 0.7241379310344828, "f1-score": 0.30882352941176466, "support": 29.0}, "LY": {"precision": 0.8181818181818182, "recall": 0.75, "f1-score": 0.7826086956521738, "support": 12.0}, "SP": {"precision": 1.0, "recall": 0.009615384615384616, "f1-score": 0.01904761904761905, "support": 104.0}, "ID": {"precision": 0.47368421052631576, "recall": 0.20454545454545456, "f1-score": 0.28571428571428575, "support": 44.0}, "NA": {"precision": 0.8677354709418837, "recall": 0.7478411053540587, "f1-score": 0.8033395176252319, "support": 579.0}, "HI": {"precision": 0.5579710144927537, "recall": 0.6062992125984252, "f1-score": 0.5811320754716981, "support": 127.0}, "IN": {"precision": 0.7683397683397684, "recall": 0.3671586715867159, "f1-score": 0.49687890137328344, "support": 542.0}, "OP": {"precision": 0.5592592592592592, "recall": 0.515358361774744, "f1-score": 0.5364120781527532, "support": 293.0}, "IP": {"precision": 0.6638418079096046, "recall": 0.7484076433121019, "f1-score": 0.7035928143712575, "support": 314.0}}}