{"f1": 0.7848797250859106, "precision": 0.7919556171983356, "recall": 0.7779291553133515, "accuracy": 0.6567284448025785, "threshold": 0.44999999999999996, "label_scores": {"MT": {"precision": 0.9019607843137255, "recall": 0.71875, "f1-score": 0.8, "support": 64.0}, "LY": {"precision": 0.9230769230769231, "recall": 0.9230769230769231, "f1-score": 0.9230769230769231, "support": 13.0}, "SP": {"precision": 0.8181818181818182, "recall": 0.6, "f1-score": 0.6923076923076923, "support": 15.0}, "ID": {"precision": 0.8823529411764706, "recall": 0.875, "f1-score": 0.8786610878661087, "support": 120.0}, "NA": {"precision": 0.7807017543859649, "recall": 0.8215384615384616, "f1-score": 0.8005997001499251, "support": 325.0}, "HI": {"precision": 0.6521739130434783, "recall": 0.625, "f1-score": 0.6382978723404256, "support": 72.0}, "IN": {"precision": 0.8280701754385965, "recall": 0.7375, "f1-score": 0.7801652892561983, "support": 320.0}, "OP": {"precision": 0.6842105263157895, "recall": 0.6933333333333334, "f1-score": 0.6887417218543047, "support": 150.0}, "IP": {"precision": 0.795, "recall": 0.8174807197943444, "f1-score": 0.8060836501901141, "support": 389.0}}}