{"f1": 0.8486646884272997, "precision": 0.89937106918239, "recall": 0.8033707865168539, "accuracy": 0.775, "threshold": 0.49999999999999994, "label_scores": {"MT": {"precision": 0.2, "recall": 1.0, "f1-score": 0.33333333333333337, "support": 1.0}, "LY": {"precision": 1.0, "recall": 1.0, "f1-score": 1.0, "support": 3.0}, "SP": {"precision": 0.0, "recall": 0.0, "f1-score": 0.0, "support": 0.0}, "ID": {"precision": 0.3333333333333333, "recall": 1.0, "f1-score": 0.5, "support": 1.0}, "NA": {"precision": 0.9894736842105263, "recall": 0.94, "f1-score": 0.964102564102564, "support": 100.0}, "HI": {"precision": 1.0, "recall": 0.5, "f1-score": 0.6666666666666666, "support": 2.0}, "IN": {"precision": 0.7692307692307693, "recall": 0.4166666666666667, "f1-score": 0.5405405405405406, "support": 24.0}, "OP": {"precision": 0.8529411764705882, "recall": 0.8285714285714286, "f1-score": 0.8405797101449276, "support": 35.0}, "IP": {"precision": 0.8, "recall": 0.3333333333333333, "f1-score": 0.47058823529411764, "support": 12.0}}}