{"f1": 0.7062937062937064, "precision": 0.7426470588235294, "recall": 0.6733333333333333, "accuracy": 0.6165413533834586, "threshold": 0.5499999999999999, "label_scores": {"MT": {"precision": 0.8235294117647058, "recall": 0.8235294117647058, "f1-score": 0.8235294117647058, "support": 17.0}, "LY": {"precision": 0.0, "recall": 0.0, "f1-score": 0.0, "support": 0.0}, "SP": {"precision": 0.0, "recall": 0.0, "f1-score": 0.0, "support": 0.0}, "ID": {"precision": 1.0, "recall": 0.5, "f1-score": 0.6666666666666666, "support": 4.0}, "NA": {"precision": 0.7241379310344828, "recall": 0.7777777777777778, "f1-score": 0.75, "support": 27.0}, "HI": {"precision": 0.6666666666666666, "recall": 0.6, "f1-score": 0.631578947368421, "support": 10.0}, "IN": {"precision": 0.8518518518518519, "recall": 0.5111111111111111, "f1-score": 0.6388888888888888, "support": 45.0}, "OP": {"precision": 0.5, "recall": 0.3333333333333333, "f1-score": 0.4, "support": 9.0}, "IP": {"precision": 0.6956521739130435, "recall": 0.8421052631578947, "f1-score": 0.761904761904762, "support": 38.0}}}