{"f1": 0.6896551724137931, "f1_macro": 0.5396468931935602, "precision": 0.6201550387596899, "recall": 0.7766990291262136, "accuracy": 0.57, "threshold": 0.35, "label_scores": {"MT": {"precision": 0.16666666666666666, "recall": 1.0, "f1-score": 0.2857142857142857, "support": 1.0}, "LY": {"precision": 0.0, "recall": 0.0, "f1-score": 0.0, "support": 0.0}, "SP": {"precision": 0.0, "recall": 0.0, "f1-score": 0.0, "support": 0.0}, "ID": {"precision": 0.5, "recall": 0.5, "f1-score": 0.5, "support": 4.0}, "NA": {"precision": 0.8055555555555556, "recall": 0.90625, "f1-score": 0.8529411764705882, "support": 32.0}, "HI": {"precision": 1.0, "recall": 0.42857142857142855, "f1-score": 0.6, "support": 7.0}, "IN": {"precision": 0.53125, "recall": 0.68, "f1-score": 0.5964912280701754, "support": 25.0}, "OP": {"precision": 0.16666666666666666, "recall": 0.2, "f1-score": 0.1818181818181818, "support": 5.0}, "IP": {"precision": 0.6428571428571429, "recall": 0.9310344827586207, "f1-score": 0.7605633802816901, "support": 29.0}}}