{"f1": 0.6750700280112044, "f1_macro": 0.522532078411122, "precision": 0.654891304347826, "recall": 0.6965317919075145, "accuracy": 0.5488958990536278, "threshold": 0.39999999999999997, "label_scores": {"MT": {"precision": 0.2, "recall": 0.2, "f1-score": 0.20000000000000004, "support": 5.0}, "LY": {"precision": 0.3333333333333333, "recall": 0.3333333333333333, "f1-score": 0.3333333333333333, "support": 3.0}, "SP": {"precision": 0.0, "recall": 0.0, "f1-score": 0.0, "support": 1.0}, "ID": {"precision": 0.6363636363636364, "recall": 0.875, "f1-score": 0.7368421052631579, "support": 8.0}, "NA": {"precision": 0.8111111111111111, "recall": 0.7525773195876289, "f1-score": 0.7807486631016044, "support": 97.0}, "HI": {"precision": 0.29411764705882354, "recall": 0.4166666666666667, "f1-score": 0.3448275862068966, "support": 12.0}, "IN": {"precision": 0.5333333333333333, "recall": 0.9411764705882353, "f1-score": 0.6808510638297872, "support": 68.0}, "OP": {"precision": 0.44, "recall": 0.2972972972972973, "f1-score": 0.3548387096774193, "support": 37.0}, "IP": {"precision": 0.8229166666666666, "recall": 0.6869565217391305, "f1-score": 0.7488151658767772, "support": 115.0}}}