{"f1": 0.608, "f1_macro": 0.5295092196832704, "precision": 0.5205479452054794, "recall": 0.7307692307692307, "accuracy": 0.44, "threshold": 0.3, "label_scores": {"Forum": {"precision": 0.5, "recall": 1.0, "f1-score": 0.6666666666666666, "support": 4.0}, "Information/Explanation": {"precision": 0.2857142857142857, "recall": 0.7692307692307693, "f1-score": 0.41666666666666663, "support": 13.0}, "Instruction": {"precision": 0.5333333333333333, "recall": 0.8, "f1-score": 0.64, "support": 10.0}, "Legal": {"precision": 0.4, "recall": 1.0, "f1-score": 0.5714285714285715, "support": 2.0}, "News": {"precision": 0.125, "recall": 0.3333333333333333, "f1-score": 0.18181818181818182, "support": 3.0}, "Opinion/Argumentation": {"precision": 0.7692307692307693, "recall": 0.5882352941176471, "f1-score": 0.6666666666666667, "support": 34.0}, "Other": {"precision": 1.0, "recall": 0.2, "f1-score": 0.33333333333333337, "support": 5.0}, "Promotion": {"precision": 0.6521739130434783, "recall": 0.9090909090909091, "f1-score": 0.759493670886076, "support": 33.0}, "Prose/Lyrical": {"precision": 0.0, "recall": 0.0, "f1-score": 0.0, "support": 0.0}}}