{"f1": 0.6474820143884892, "f1_macro": 0.7036501990502736, "precision": 0.7258064516129032, "recall": 0.5844155844155844, "accuracy": 0.5338345864661654, "threshold": 0.6499999999999999, "label_scores": {"Forum": {"precision": 1.0, "recall": 0.5, "f1-score": 0.6666666666666666, "support": 4.0}, "Information/Explanation": {"precision": 0.7, "recall": 0.525, "f1-score": 0.6, "support": 40.0}, "Instruction": {"precision": 1.0, "recall": 0.4375, "f1-score": 0.6086956521739131, "support": 16.0}, "Legal": {"precision": 1.0, "recall": 1.0, "f1-score": 1.0, "support": 1.0}, "News": {"precision": 1.0, "recall": 0.5, "f1-score": 0.6666666666666666, "support": 16.0}, "Opinion/Argumentation": {"precision": 0.6428571428571429, "recall": 0.42857142857142855, "f1-score": 0.5142857142857143, "support": 21.0}, "Other": {"precision": 0.9285714285714286, "recall": 0.7647058823529411, "f1-score": 0.8387096774193549, "support": 17.0}, "Promotion": {"precision": 0.6444444444444445, "recall": 0.8529411764705882, "f1-score": 0.7341772151898734, "support": 34.0}, "Prose/Lyrical": {"precision": 0.0, "recall": 0.0, "f1-score": 0.0, "support": 5.0}}}