{"f1": 0.6744897959183673, "f1_macro": 0.5709158987299581, "precision": 0.6703853955375254, "recall": 0.6786447638603696, "accuracy": 0.6037117903930131, "threshold": 0.44999999999999996, "label_scores": {"Forum": {"precision": 0.7777777777777778, "recall": 0.30434782608695654, "f1-score": 0.43750000000000006, "support": 23.0}, "Information/Explanation": {"precision": 0.5089820359281437, "recall": 0.6589147286821705, "f1-score": 0.5743243243243243, "support": 129.0}, "Instruction": {"precision": 0.39473684210526316, "recall": 0.8333333333333334, "f1-score": 0.5357142857142857, "support": 36.0}, "Legal": {"precision": 0.896551724137931, "recall": 0.49056603773584906, "f1-score": 0.6341463414634146, "support": 53.0}, "News": {"precision": 0.7854251012145749, "recall": 0.9509803921568627, "f1-score": 0.8603104212860311, "support": 204.0}, "Opinion/Argumentation": {"precision": 0.8095238095238095, "recall": 0.5, "f1-score": 0.6181818181818182, "support": 136.0}, "Other": {"precision": 0.9666666666666667, "recall": 0.23577235772357724, "f1-score": 0.3790849673202615, "support": 123.0}, "Promotion": {"precision": 0.6870967741935484, "recall": 0.848605577689243, "f1-score": 0.7593582887700535, "support": 251.0}, "Prose/Lyrical": {"precision": 0.2647058823529412, "recall": 0.47368421052631576, "f1-score": 0.339622641509434, "support": 19.0}}}