{"f1": 0.6254332178085845, "f1_macro": 0.56671845310689, "precision": 0.687170474516696, "recall": 0.5738747553816047, "accuracy": 0.3566610455311973, "threshold": 0.3, "label_scores": {"MT": {"precision": 0.2235294117647059, "recall": 0.6551724137931034, "f1-score": 0.33333333333333337, "support": 29.0}, "LY": {"precision": 0.8181818181818182, "recall": 0.75, "f1-score": 0.7826086956521738, "support": 12.0}, "SP": {"precision": 0.0, "recall": 0.0, "f1-score": 0.0, "support": 104.0}, "ID": {"precision": 0.47058823529411764, "recall": 0.18181818181818182, "f1-score": 0.26229508196721313, "support": 44.0}, "NA": {"precision": 0.8792756539235412, "recall": 0.7547495682210709, "f1-score": 0.8122676579925651, "support": 579.0}, "HI": {"precision": 0.44221105527638194, "recall": 0.6929133858267716, "f1-score": 0.5398773006134969, "support": 127.0}, "IN": {"precision": 0.649616368286445, "recall": 0.46863468634686345, "f1-score": 0.5444801714898178, "support": 542.0}, "OP": {"precision": 0.6844919786096256, "recall": 0.43686006825938567, "f1-score": 0.5333333333333334, "support": 293.0}, "IP": {"precision": 0.71875, "recall": 0.732484076433121, "f1-score": 0.725552050473186, "support": 314.0}}}