{"f1": 0.6575342465753425, "f1_macro": 0.7157455963426111, "precision": 0.6728971962616822, "recall": 0.6428571428571429, "accuracy": 0.6238532110091743, "threshold": 0.5499999999999999, "label_scores": {"MT": {"precision": 0.0, "recall": 0.0, "f1-score": 0.0, "support": 3.0}, "LY": {"precision": 1.0, "recall": 1.0, "f1-score": 1.0, "support": 2.0}, "SP": {"precision": 1.0, "recall": 0.5, "f1-score": 0.6666666666666666, "support": 2.0}, "ID": {"precision": 1.0, "recall": 0.5, "f1-score": 0.6666666666666666, "support": 2.0}, "NA": {"precision": 0.725, "recall": 0.8529411764705882, "f1-score": 0.7837837837837837, "support": 34.0}, "HI": {"precision": 1.0, "recall": 1.0, "f1-score": 1.0, "support": 2.0}, "IN": {"precision": 0.875, "recall": 0.4883720930232558, "f1-score": 0.6268656716417911, "support": 43.0}, "OP": {"precision": 0.3333333333333333, "recall": 0.3333333333333333, "f1-score": 0.3333333333333333, "support": 12.0}, "IP": {"precision": 0.48, "recall": 1.0, "f1-score": 0.6486486486486487, "support": 12.0}}}