{"f1": 0.7383669885864793, "precision": 0.7452370403190075, "recall": 0.7316224445411048, "accuracy": 0.6503951650395166, "threshold": 0.44999999999999996, "label_scores": {"MT": {"precision": 0.8807017543859649, "recall": 0.9094202898550725, "f1-score": 0.894830659536542, "support": 276.0}, "LY": {"precision": 0.0, "recall": 0.0, "f1-score": 0.0, "support": 5.0}, "SP": {"precision": 0.8333333333333334, "recall": 0.2777777777777778, "f1-score": 0.4166666666666667, "support": 18.0}, "ID": {"precision": 0.9133333333333333, "recall": 0.5930735930735931, "f1-score": 0.7191601049868765, "support": 231.0}, "NA": {"precision": 0.8112712975098296, "recall": 0.8209549071618037, "f1-score": 0.8160843770599868, "support": 754.0}, "HI": {"precision": 0.76, "recall": 0.3247863247863248, "f1-score": 0.45508982035928147, "support": 117.0}, "IN": {"precision": 0.6028708133971292, "recall": 0.6961325966850829, "f1-score": 0.6461538461538462, "support": 362.0}, "OP": {"precision": 0.694980694980695, "recall": 0.6338028169014085, "f1-score": 0.6629834254143647, "support": 284.0}, "IP": {"precision": 0.6153846153846154, "recall": 0.7936507936507936, "f1-score": 0.6932409012131716, "support": 252.0}}}