{"f1": 0.7608868144690781, "f1_macro": 0.7345690102372638, "precision": 0.7649211711711712, "recall": 0.7568947906026557, "accuracy": 0.6445814609677082, "threshold": 0.44999999999999996, "label_scores": {"MT": {"precision": 0.0, "recall": 0.0, "f1-score": 0.0, "support": 0.0}, "LY": {"precision": 0.954954954954955, "recall": 0.7851851851851852, "f1-score": 0.8617886178861789, "support": 135.0}, "SP": {"precision": 0.7253521126760564, "recall": 0.7054794520547946, "f1-score": 0.7152777777777779, "support": 146.0}, "ID": {"precision": 0.8810641627543035, "recall": 0.8206997084548106, "f1-score": 0.849811320754717, "support": 686.0}, "NA": {"precision": 0.8268704379562044, "recall": 0.850140712945591, "f1-score": 0.8383441258094358, "support": 4264.0}, "HI": {"precision": 0.6337719298245614, "recall": 0.7031630170316302, "f1-score": 0.6666666666666667, "support": 411.0}, "IN": {"precision": 0.7161016949152542, "recall": 0.7161016949152542, "f1-score": 0.7161016949152541, "support": 2596.0}, "OP": {"precision": 0.6877413127413128, "recall": 0.6693283231564114, "f1-score": 0.6784099024041894, "support": 2129.0}, "IP": {"precision": 0.70703125, "recall": 0.4502487562189055, "f1-score": 0.5501519756838906, "support": 402.0}}}