{"f1": 0.672566371681416, "f1_macro": 0.5780934979456493, "precision": 0.7238095238095238, "recall": 0.628099173553719, "accuracy": 0.5543478260869565, "threshold": 0.35, "label_scores": {"MT": {"precision": 0.3333333333333333, "recall": 0.6666666666666666, "f1-score": 0.4444444444444444, "support": 3.0}, "LY": {"precision": 0.0, "recall": 0.0, "f1-score": 0.0, "support": 0.0}, "SP": {"precision": 0.0, "recall": 0.0, "f1-score": 0.0, "support": 0.0}, "ID": {"precision": 0.75, "recall": 0.375, "f1-score": 0.5, "support": 8.0}, "NA": {"precision": 0.918918918918919, "recall": 0.8717948717948718, "f1-score": 0.8947368421052632, "support": 39.0}, "HI": {"precision": 0.6, "recall": 0.375, "f1-score": 0.4615384615384615, "support": 8.0}, "IN": {"precision": 0.7894736842105263, "recall": 0.5, "f1-score": 0.6122448979591837, "support": 30.0}, "OP": {"precision": 0.5882352941176471, "recall": 0.5882352941176471, "f1-score": 0.5882352941176471, "support": 17.0}, "IP": {"precision": 0.5294117647058824, "recall": 0.5625, "f1-score": 0.5454545454545455, "support": 16.0}}}