{"f1": 0.6399999999999999, "f1_macro": 0.5603419322717569, "precision": 0.6597938144329897, "recall": 0.6213592233009708, "accuracy": 0.58, "threshold": 0.49999999999999994, "label_scores": {"Forum": {"precision": 0.3333333333333333, "recall": 0.25, "f1-score": 0.28571428571428575, "support": 4.0}, "Information/Explanation": {"precision": 0.4375, "recall": 0.3181818181818182, "f1-score": 0.3684210526315789, "support": 22.0}, "Instruction": {"precision": 1.0, "recall": 0.2857142857142857, "f1-score": 0.4444444444444445, "support": 7.0}, "Legal": {"precision": 1.0, "recall": 0.6666666666666666, "f1-score": 0.8, "support": 3.0}, "News": {"precision": 0.72, "recall": 0.9473684210526315, "f1-score": 0.8181818181818181, "support": 19.0}, "Opinion/Argumentation": {"precision": 0.625, "recall": 0.45454545454545453, "f1-score": 0.5263157894736842, "support": 11.0}, "Other": {"precision": 0.2, "recall": 1.0, "f1-score": 0.33333333333333337, "support": 1.0}, "Promotion": {"precision": 0.7741935483870968, "recall": 0.8275862068965517, "f1-score": 0.7999999999999999, "support": 29.0}, "Prose/Lyrical": {"precision": 0.8, "recall": 0.5714285714285714, "f1-score": 0.6666666666666666, "support": 7.0}}}