{"f1": 0.7134831460674157, "f1_macro": 0.5451139261407607, "precision": 0.6939890710382514, "recall": 0.7341040462427746, "accuracy": 0.5993690851735016, "threshold": 0.39999999999999997, "label_scores": {"MT": {"precision": 0.3333333333333333, "recall": 0.2, "f1-score": 0.25, "support": 5.0}, "LY": {"precision": 0.5, "recall": 0.3333333333333333, "f1-score": 0.4, "support": 3.0}, "SP": {"precision": 0.0, "recall": 0.0, "f1-score": 0.0, "support": 1.0}, "ID": {"precision": 0.6666666666666666, "recall": 0.75, "f1-score": 0.7058823529411765, "support": 8.0}, "NA": {"precision": 0.7870370370370371, "recall": 0.8762886597938144, "f1-score": 0.8292682926829268, "support": 97.0}, "HI": {"precision": 0.29411764705882354, "recall": 0.4166666666666667, "f1-score": 0.3448275862068966, "support": 12.0}, "IN": {"precision": 0.6161616161616161, "recall": 0.8970588235294118, "f1-score": 0.7305389221556885, "support": 68.0}, "OP": {"precision": 0.3333333333333333, "recall": 0.2702702702702703, "f1-score": 0.29850746268656714, "support": 37.0}, "IP": {"precision": 0.8762886597938144, "recall": 0.7391304347826086, "f1-score": 0.8018867924528302, "support": 115.0}}}