{"f1": 0.6737967914438503, "precision": 0.6611694152923538, "recall": 0.6869158878504673, "accuracy": 0.49698795180722893, "threshold": 0.39999999999999997, "label_scores": {"MT": {"precision": 0.0, "recall": 0.0, "f1-score": 0.0, "support": 0.0}, "LY": {"precision": 0.0, "recall": 0.0, "f1-score": 0.0, "support": 4.0}, "SP": {"precision": 0.0, "recall": 0.0, "f1-score": 0.0, "support": 0.0}, "ID": {"precision": 0.6666666666666666, "recall": 0.23529411764705882, "f1-score": 0.3478260869565218, "support": 17.0}, "NA": {"precision": 0.762962962962963, "recall": 0.911504424778761, "f1-score": 0.8306451612903226, "support": 113.0}, "HI": {"precision": 0.7916666666666666, "recall": 0.59375, "f1-score": 0.6785714285714286, "support": 32.0}, "IN": {"precision": 0.4626865671641791, "recall": 0.5636363636363636, "f1-score": 0.5081967213114753, "support": 55.0}, "OP": {"precision": 0.40425531914893614, "recall": 0.6333333333333333, "f1-score": 0.49350649350649345, "support": 30.0}, "IP": {"precision": 0.845360824742268, "recall": 0.7256637168141593, "f1-score": 0.780952380952381, "support": 113.0}, "it": {"precision": 0.0, "recall": 0.0, "f1-score": 0.0, "support": 0.0}, "ne": {"precision": 0.6504854368932039, "recall": 0.8933333333333333, "f1-score": 0.752808988764045, "support": 75.0}, "sr": {"precision": 0.6, "recall": 0.5, "f1-score": 0.5454545454545454, "support": 6.0}, "nb": {"precision": 0.3333333333333333, "recall": 0.2631578947368421, "f1-score": 0.29411764705882354, "support": 19.0}, "re": {"precision": 1.0, "recall": 0.8333333333333334, "f1-score": 0.9090909090909091, "support": 6.0}, "en": {"precision": 0.0, "recall": 0.0, "f1-score": 0.0, "support": 3.0}, "ra": {"precision": 0.0, "recall": 0.0, "f1-score": 0.0, "support": 2.0}, "dtp": {"precision": 0.3333333333333333, "recall": 0.42105263157894735, "f1-score": 0.372093023255814, "support": 19.0}, "fi": {"precision": 0.0, "recall": 0.0, "f1-score": 0.0, "support": 1.0}, "lt": {"precision": 0.5, "recall": 0.75, "f1-score": 0.6, "support": 8.0}, "rv": {"precision": 0.8, "recall": 0.4444444444444444, "f1-score": 0.5714285714285714, "support": 9.0}, "ob": {"precision": 0.3, "recall": 0.6, "f1-score": 0.4, "support": 5.0}, "rs": {"precision": 0.7777777777777778, "recall": 0.7777777777777778, "f1-score": 0.7777777777777778, "support": 9.0}, "av": {"precision": 0.2222222222222222, "recall": 0.3333333333333333, "f1-score": 0.26666666666666666, "support": 6.0}, "ds": {"precision": 0.8795180722891566, "recall": 0.6886792452830188, "f1-score": 0.7724867724867726, "support": 106.0}, "ed": {"precision": 0.0, "recall": 0.0, "f1-score": 0.0, "support": 4.0}}}