{"f1": 0.7590027700831025, "f1_macro": 0.6501813863845171, "precision": 0.7287234042553191, "recall": 0.791907514450867, "accuracy": 0.68125, "threshold": 0.35, "label_scores": {"Forum": {"precision": 0.0, "recall": 0.0, "f1-score": 0.0, "support": 1.0}, "Information/Explanation": {"precision": 0.7941176470588235, "recall": 0.8181818181818182, "f1-score": 0.8059701492537314, "support": 33.0}, "Instruction": {"precision": 0.5, "recall": 0.6666666666666666, "f1-score": 0.5714285714285715, "support": 9.0}, "Legal": {"precision": 1.0, "recall": 1.0, "f1-score": 1.0, "support": 1.0}, "News": {"precision": 0.8658536585365854, "recall": 0.9861111111111112, "f1-score": 0.9220779220779222, "support": 72.0}, "Opinion/Argumentation": {"precision": 0.5, "recall": 0.75, "f1-score": 0.6, "support": 16.0}, "Other": {"precision": 0.35714285714285715, "recall": 0.7142857142857143, "f1-score": 0.4761904761904762, "support": 7.0}, "Promotion": {"precision": 0.5, "recall": 0.08333333333333333, "f1-score": 0.14285714285714285, "support": 12.0}, "Prose/Lyrical": {"precision": 0.7368421052631579, "recall": 0.6363636363636364, "f1-score": 0.6829268292682926, "support": 22.0}}}