{"f1": 0.6880000000000001, "precision": 0.6683937823834197, "recall": 0.7087912087912088, "accuracy": 0.5933734939759037, "threshold": 0.39999999999999997, "label_scores": {"MT": {"precision": 0.0, "recall": 0.0, "f1-score": 0.0, "support": 0.0}, "LY": {"precision": 0.0, "recall": 0.0, "f1-score": 0.0, "support": 4.0}, "SP": {"precision": 0.0, "recall": 0.0, "f1-score": 0.0, "support": 0.0}, "ID": {"precision": 0.6666666666666666, "recall": 0.23529411764705882, "f1-score": 0.3478260869565218, "support": 17.0}, "NA": {"precision": 0.762962962962963, "recall": 0.911504424778761, "f1-score": 0.8306451612903226, "support": 113.0}, "HI": {"precision": 0.7916666666666666, "recall": 0.59375, "f1-score": 0.6785714285714286, "support": 32.0}, "IN": {"precision": 0.4626865671641791, "recall": 0.5636363636363636, "f1-score": 0.5081967213114753, "support": 55.0}, "OP": {"precision": 0.40425531914893614, "recall": 0.6333333333333333, "f1-score": 0.49350649350649345, "support": 30.0}, "IP": {"precision": 0.845360824742268, "recall": 0.7256637168141593, "f1-score": 0.780952380952381, "support": 113.0}}}