{"f1": 0.5951219512195122, "f1_macro": 0.6428651845413047, "precision": 0.6630434782608695, "recall": 0.5398230088495575, "accuracy": 0.5412844036697247, "threshold": 0.5999999999999999, "label_scores": {"Forum": {"precision": 1.0, "recall": 0.5, "f1-score": 0.6666666666666666, "support": 2.0}, "Information/Explanation": {"precision": 0.8666666666666667, "recall": 0.325, "f1-score": 0.4727272727272728, "support": 40.0}, "Instruction": {"precision": 1.0, "recall": 0.5, "f1-score": 0.6666666666666666, "support": 2.0}, "Legal": {"precision": 1.0, "recall": 1.0, "f1-score": 1.0, "support": 3.0}, "News": {"precision": 0.782608695652174, "recall": 0.9, "f1-score": 0.8372093023255814, "support": 20.0}, "Opinion/Argumentation": {"precision": 0.75, "recall": 0.48, "f1-score": 0.5853658536585366, "support": 25.0}, "Other": {"precision": 0.0, "recall": 0.0, "f1-score": 0.0, "support": 5.0}, "Promotion": {"precision": 0.4583333333333333, "recall": 1.0, "f1-score": 0.6285714285714286, "support": 11.0}, "Prose/Lyrical": {"precision": 0.2222222222222222, "recall": 0.4, "f1-score": 0.2857142857142857, "support": 5.0}}}