{"f1": 0.8263174306205175, "precision": 0.8184064237183447, "recall": 0.8343828715365239, "accuracy": 0.7037896365042536, "threshold": 0.39999999999999997, "label_scores": {"MT": {"precision": 0.9074074074074074, "recall": 0.8448275862068966, "f1-score": 0.875, "support": 116.0}, "LY": {"precision": 1.0, "recall": 0.6, "f1-score": 0.7499999999999999, "support": 15.0}, "SP": {"precision": 1.0, "recall": 0.42857142857142855, "f1-score": 0.6, "support": 7.0}, "ID": {"precision": 0.7916666666666666, "recall": 0.7450980392156863, "f1-score": 0.7676767676767677, "support": 51.0}, "NA": {"precision": 0.822429906542056, "recall": 0.8956743002544529, "f1-score": 0.8574908647990255, "support": 393.0}, "HI": {"precision": 0.6933333333333334, "recall": 0.6666666666666666, "f1-score": 0.6797385620915033, "support": 78.0}, "IN": {"precision": 0.8284023668639053, "recall": 0.8284023668639053, "f1-score": 0.8284023668639053, "support": 338.0}, "OP": {"precision": 0.7021276595744681, "recall": 0.8048780487804879, "f1-score": 0.7500000000000001, "support": 164.0}, "IP": {"precision": 0.8554502369668247, "recall": 0.8474178403755869, "f1-score": 0.8514150943396226, "support": 426.0}}}