{"f1": 0.7449664429530201, "f1_macro": 0.6821968188990691, "precision": 0.7376422394173874, "recall": 0.7524375522332621, "accuracy": 0.6069599749190093, "threshold": 0.44999999999999996, "label_scores": {"MT": {"precision": 0.0, "recall": 0.0, "f1-score": 0.0, "support": 0.0}, "LY": {"precision": 0.9733333333333334, "recall": 0.5407407407407407, "f1-score": 0.6952380952380952, "support": 135.0}, "SP": {"precision": 0.7280701754385965, "recall": 0.5684931506849316, "f1-score": 0.6384615384615385, "support": 146.0}, "ID": {"precision": 0.8528951486697965, "recall": 0.7944606413994169, "f1-score": 0.8226415094339623, "support": 686.0}, "NA": {"precision": 0.772370802332596, "recall": 0.900797373358349, "f1-score": 0.8316552993396125, "support": 4264.0}, "HI": {"precision": 0.7013422818791947, "recall": 0.5085158150851582, "f1-score": 0.5895627644569816, "support": 411.0}, "IN": {"precision": 0.747434181169121, "recall": 0.6452234206471494, "f1-score": 0.692578044242299, "support": 2596.0}, "OP": {"precision": 0.6345585128855091, "recall": 0.7054955378111789, "f1-score": 0.6681494661921707, "support": 2129.0}, "IP": {"precision": 0.6433823529411765, "recall": 0.43532338308457713, "f1-score": 0.5192878338278931, "support": 402.0}}}