{"f1": 0.5907314349525404, "f1_macro": 0.47652891098247857, "precision": 0.662492172824045, "recall": 0.5329974811083124, "accuracy": 0.35160202360876897, "threshold": 0.3, "label_scores": {"Forum": {"precision": 0.38461538461538464, "recall": 0.11363636363636363, "f1-score": 0.17543859649122806, "support": 44.0}, "Information/Explanation": {"precision": 0.8, "recall": 0.3082706766917293, "f1-score": 0.4450474898236092, "support": 532.0}, "Instruction": {"precision": 0.5, "recall": 0.6328125, "f1-score": 0.5586206896551724, "support": 128.0}, "Legal": {"precision": 0.3076923076923077, "recall": 0.3076923076923077, "f1-score": 0.3076923076923077, "support": 13.0}, "News": {"precision": 0.8709677419354839, "recall": 0.9473684210526315, "f1-score": 0.9075630252100839, "support": 342.0}, "Opinion/Argumentation": {"precision": 0.6105610561056105, "recall": 0.5182072829131653, "f1-score": 0.5606060606060607, "support": 357.0}, "Other": {"precision": 0.19008264462809918, "recall": 0.17293233082706766, "f1-score": 0.18110236220472442, "support": 133.0}, "Promotion": {"precision": 0.7044025157232704, "recall": 0.7368421052631579, "f1-score": 0.7202572347266881, "support": 304.0}, "Prose/Lyrical": {"precision": 0.5333333333333333, "recall": 0.36363636363636365, "f1-score": 0.43243243243243246, "support": 132.0}}}