{"f1": 0.7726483859770913, "f1_macro": 0.7135982431294166, "precision": 0.7876857749469215, "recall": 0.7581743869209809, "accuracy": 0.6502820306204674, "threshold": 0.44999999999999996, "label_scores": {"MT": {"precision": 0.9375, "recall": 0.703125, "f1-score": 0.8035714285714286, "support": 64.0}, "LY": {"precision": 0.8571428571428571, "recall": 0.46153846153846156, "f1-score": 0.6, "support": 13.0}, "SP": {"precision": 0.8333333333333334, "recall": 0.3333333333333333, "f1-score": 0.47619047619047616, "support": 15.0}, "ID": {"precision": 0.9026548672566371, "recall": 0.85, "f1-score": 0.8755364806866952, "support": 120.0}, "NA": {"precision": 0.7353760445682451, "recall": 0.8123076923076923, "f1-score": 0.7719298245614036, "support": 325.0}, "HI": {"precision": 0.7049180327868853, "recall": 0.5972222222222222, "f1-score": 0.6466165413533835, "support": 72.0}, "IN": {"precision": 0.7911392405063291, "recall": 0.78125, "f1-score": 0.7861635220125787, "support": 320.0}, "OP": {"precision": 0.6643835616438356, "recall": 0.6466666666666666, "f1-score": 0.6554054054054054, "support": 150.0}, "IP": {"precision": 0.8431372549019608, "recall": 0.7737789203084833, "f1-score": 0.806970509383378, "support": 389.0}}}