{"f1": 0.6271186440677966, "f1_macro": 0.5526450282258354, "precision": 0.6098901098901099, "recall": 0.6453488372093024, "accuracy": 0.5362776025236593, "threshold": 0.39999999999999997, "label_scores": {"Forum": {"precision": 0.6666666666666666, "recall": 0.75, "f1-score": 0.7058823529411765, "support": 8.0}, "Information/Explanation": {"precision": 0.46511627906976744, "recall": 0.851063829787234, "f1-score": 0.6015037593984962, "support": 47.0}, "Instruction": {"precision": 0.35294117647058826, "recall": 0.375, "f1-score": 0.3636363636363636, "support": 16.0}, "Legal": {"precision": 0.7692307692307693, "recall": 0.5882352941176471, "f1-score": 0.6666666666666667, "support": 17.0}, "News": {"precision": 0.5531914893617021, "recall": 0.8387096774193549, "f1-score": 0.6666666666666666, "support": 31.0}, "Opinion/Argumentation": {"precision": 0.3333333333333333, "recall": 0.30612244897959184, "f1-score": 0.3191489361702127, "support": 49.0}, "Other": {"precision": 0.25, "recall": 0.16666666666666666, "f1-score": 0.2, "support": 6.0}, "Promotion": {"precision": 0.8762886597938144, "recall": 0.7522123893805309, "f1-score": 0.8095238095238095, "support": 113.0}, "Prose/Lyrical": {"precision": 0.717391304347826, "recall": 0.5789473684210527, "f1-score": 0.6407766990291262, "support": 57.0}}}