{"f1": 0.638888888888889, "precision": 0.6680497925311203, "recall": 0.6121673003802282, "accuracy": 0.45864661654135336, "threshold": 0.44999999999999996, "label_scores": {"MT": {"precision": 0.7777777777777778, "recall": 0.8235294117647058, "f1-score": 0.7999999999999999, "support": 17.0}, "LY": {"precision": 0.0, "recall": 0.0, "f1-score": 0.0, "support": 0.0}, "SP": {"precision": 0.0, "recall": 0.0, "f1-score": 0.0, "support": 0.0}, "ID": {"precision": 1.0, "recall": 0.5, "f1-score": 0.6666666666666666, "support": 4.0}, "NA": {"precision": 0.6774193548387096, "recall": 0.7777777777777778, "f1-score": 0.7241379310344828, "support": 27.0}, "HI": {"precision": 0.6, "recall": 0.6, "f1-score": 0.6, "support": 10.0}, "IN": {"precision": 0.7666666666666667, "recall": 0.5111111111111111, "f1-score": 0.6133333333333334, "support": 45.0}, "OP": {"precision": 0.42857142857142855, "recall": 0.3333333333333333, "f1-score": 0.375, "support": 9.0}, "IP": {"precision": 0.6346153846153846, "recall": 0.868421052631579, "f1-score": 0.7333333333333333, "support": 38.0}, "it": {"precision": 0.0, "recall": 0.0, "f1-score": 0.0, "support": 0.0}, "ne": {"precision": 0.875, "recall": 0.6363636363636364, "f1-score": 0.7368421052631579, "support": 11.0}, "sr": {"precision": 1.0, "recall": 0.6, "f1-score": 0.7499999999999999, "support": 5.0}, "nb": {"precision": 0.46153846153846156, "recall": 0.75, "f1-score": 0.5714285714285714, "support": 8.0}, "re": {"precision": 1.0, "recall": 0.6666666666666666, "f1-score": 0.8, "support": 6.0}, "en": {"precision": 0.5, "recall": 1.0, "f1-score": 0.6666666666666666, "support": 3.0}, "ra": {"precision": 0.0, "recall": 0.0, "f1-score": 0.0, "support": 0.0}, "dtp": {"precision": 0.75, "recall": 0.12, "f1-score": 0.20689655172413793, "support": 25.0}, "fi": {"precision": 0.0, "recall": 0.0, "f1-score": 0.0, "support": 6.0}, "lt": {"precision": 0.3333333333333333, "recall": 1.0, "f1-score": 0.5, "support": 1.0}, "rv": {"precision": 0.25, "recall": 0.3333333333333333, "f1-score": 0.28571428571428575, "support": 3.0}, "ob": {"precision": 0.0, "recall": 0.0, "f1-score": 0.0, "support": 2.0}, "rs": {"precision": 0.0, "recall": 0.0, "f1-score": 0.0, "support": 1.0}, "av": {"precision": 0.0, "recall": 0.0, "f1-score": 0.0, "support": 3.0}, "ds": {"precision": 0.6888888888888889, "recall": 0.9117647058823529, "f1-score": 0.7848101265822784, "support": 34.0}, "ed": {"precision": 0.0, "recall": 0.0, "f1-score": 0.0, "support": 5.0}}}