{"f1": 0.815041539134237, "f1_macro": 0.8049898276535287, "precision": 0.8193406593406594, "recall": 0.8107872988255763, "accuracy": 0.7656903765690377, "threshold": 0.44999999999999996, "label_scores": {"MT": {"precision": 0.9925650557620818, "recall": 0.967391304347826, "f1-score": 0.9798165137614679, "support": 276.0}, "LY": {"precision": 0.0, "recall": 0.0, "f1-score": 0.0, "support": 5.0}, "SP": {"precision": 0.0, "recall": 0.0, "f1-score": 0.0, "support": 18.0}, "ID": {"precision": 0.895, "recall": 0.7748917748917749, "f1-score": 0.8306264501160092, "support": 231.0}, "NA": {"precision": 0.8092967818831943, "recall": 0.9005305039787799, "f1-score": 0.85247959824231, "support": 754.0}, "HI": {"precision": 0.77, "recall": 0.6581196581196581, "f1-score": 0.7096774193548387, "support": 117.0}, "IN": {"precision": 0.7312138728323699, "recall": 0.6988950276243094, "f1-score": 0.7146892655367232, "support": 362.0}, "OP": {"precision": 0.7985074626865671, "recall": 0.7535211267605634, "f1-score": 0.7753623188405796, "support": 284.0}, "IP": {"precision": 0.7707509881422925, "recall": 0.7738095238095238, "f1-score": 0.7722772277227723, "support": 252.0}}}