{"f1": 0.7892190739460953, "f1_macro": 0.7523464377234295, "precision": 0.8039988735567446, "recall": 0.7749728555917481, "accuracy": 0.6908414690841469, "threshold": 0.49999999999999994, "label_scores": {"MT": {"precision": 0.9925373134328358, "recall": 0.9637681159420289, "f1-score": 0.9779411764705882, "support": 276.0}, "LY": {"precision": 0.0, "recall": 0.0, "f1-score": 0.0, "support": 5.0}, "SP": {"precision": 0.0, "recall": 0.0, "f1-score": 0.0, "support": 18.0}, "ID": {"precision": 0.9067357512953368, "recall": 0.7575757575757576, "f1-score": 0.8254716981132075, "support": 231.0}, "NA": {"precision": 0.8222222222222222, "recall": 0.883289124668435, "f1-score": 0.8516624040920716, "support": 754.0}, "HI": {"precision": 0.7894736842105263, "recall": 0.6410256410256411, "f1-score": 0.7075471698113207, "support": 117.0}, "IN": {"precision": 0.7553516819571865, "recall": 0.6823204419889503, "f1-score": 0.7169811320754716, "support": 362.0}, "OP": {"precision": 0.8153846153846154, "recall": 0.7464788732394366, "f1-score": 0.7794117647058824, "support": 284.0}, "IP": {"precision": 0.7875, "recall": 0.75, "f1-score": 0.7682926829268292, "support": 252.0}, "it": {"precision": 0.0, "recall": 0.0, "f1-score": 0.0, "support": 13.0}, "ne": {"precision": 0.6360759493670886, "recall": 0.8933333333333333, "f1-score": 0.7430683918669131, "support": 225.0}, "sr": {"precision": 0.9402985074626866, "recall": 0.8873239436619719, "f1-score": 0.9130434782608696, "support": 71.0}, "nb": {"precision": 0.8295819935691319, "recall": 0.7747747747747747, "f1-score": 0.8012422360248448, "support": 333.0}, "re": {"precision": 1.0, "recall": 0.5, "f1-score": 0.6666666666666666, "support": 8.0}, "en": {"precision": 0.84375, "recall": 0.6, "f1-score": 0.7012987012987012, "support": 45.0}, "ra": {"precision": 0.6153846153846154, "recall": 0.5714285714285714, "f1-score": 0.5925925925925927, "support": 14.0}, "dtp": {"precision": 0.5891472868217055, "recall": 0.5588235294117647, "f1-score": 0.5735849056603775, "support": 136.0}, "fi": {"precision": 0.0, "recall": 0.0, "f1-score": 0.0, "support": 4.0}, "lt": {"precision": 0.7647058823529411, "recall": 0.5, "f1-score": 0.6046511627906976, "support": 26.0}, "rv": {"precision": 0.8380952380952381, "recall": 0.8073394495412844, "f1-score": 0.822429906542056, "support": 109.0}, "ob": {"precision": 0.6031746031746031, "recall": 0.5588235294117647, "f1-score": 0.5801526717557252, "support": 68.0}, "rs": {"precision": 0.92, "recall": 0.7840909090909091, "f1-score": 0.8466257668711655, "support": 88.0}, "av": {"precision": 0.0, "recall": 0.0, "f1-score": 0.0, "support": 12.0}, "ds": {"precision": 0.7964601769911505, "recall": 0.8490566037735849, "f1-score": 0.8219178082191781, "support": 212.0}, "ed": {"precision": 0.0, "recall": 0.0, "f1-score": 0.0, "support": 21.0}}}