{"f1": 0.7767295597484277, "f1_macro": 0.7491819292900767, "precision": 0.8012048192771084, "recall": 0.7537053182214473, "accuracy": 0.7359367735936774, "threshold": 0.49999999999999994, "label_scores": {"Forum": {"precision": 0.8974358974358975, "recall": 0.7575757575757576, "f1-score": 0.8215962441314554, "support": 231.0}, "Information/Explanation": {"precision": 0.7018072289156626, "recall": 0.6996996996996997, "f1-score": 0.700751879699248, "support": 333.0}, "Instruction": {"precision": 0.7692307692307693, "recall": 0.5785123966942148, "f1-score": 0.660377358490566, "support": 121.0}, "Legal": {"precision": 0.8235294117647058, "recall": 0.5384615384615384, "f1-score": 0.6511627906976744, "support": 26.0}, "News": {"precision": 0.7558139534883721, "recall": 0.8783783783783784, "f1-score": 0.8125, "support": 296.0}, "Opinion/Argumentation": {"precision": 0.8417849898580122, "recall": 0.7628676470588235, "f1-score": 0.8003857280617165, "support": 544.0}, "Other": {"precision": 0.9853479853479854, "recall": 0.9149659863945578, "f1-score": 0.9488536155202822, "support": 294.0}, "Promotion": {"precision": 0.7991071428571429, "recall": 0.7748917748917749, "f1-score": 0.7868131868131868, "support": 231.0}, "Prose/Lyrical": {"precision": 0.6031746031746031, "recall": 0.5229357798165137, "f1-score": 0.5601965601965602, "support": 218.0}}}