{"f1": 0.6618444846292947, "precision": 0.6310344827586207, "recall": 0.6958174904942965, "accuracy": 0.45864661654135336, "pr_auc": 0.7243017538856853, "threshold": 0.35, "label_scores": {"MT": {"precision": 0.8235294117647058, "recall": 0.8235294117647058, "f1-score": 0.8235294117647058, "support": 17.0}, "LY": {"precision": 0.0, "recall": 0.0, "f1-score": 0.0, "support": 0.0}, "SP": {"precision": 0.0, "recall": 0.0, "f1-score": 0.0, "support": 0.0}, "ID": {"precision": 1.0, "recall": 0.5, "f1-score": 0.6666666666666666, "support": 4.0}, "NA": {"precision": 0.6470588235294118, "recall": 0.8148148148148148, "f1-score": 0.7213114754098361, "support": 27.0}, "HI": {"precision": 0.7272727272727273, "recall": 0.8, "f1-score": 0.761904761904762, "support": 10.0}, "IN": {"precision": 0.64, "recall": 0.7111111111111111, "f1-score": 0.6736842105263158, "support": 45.0}, "OP": {"precision": 0.4444444444444444, "recall": 0.4444444444444444, "f1-score": 0.4444444444444444, "support": 9.0}, "IP": {"precision": 0.64, "recall": 0.8421052631578947, "f1-score": 0.7272727272727272, "support": 38.0}, "it": {"precision": 0.0, "recall": 0.0, "f1-score": 0.0, "support": 0.0}, "ne": {"precision": 0.5384615384615384, "recall": 0.6363636363636364, "f1-score": 0.5833333333333334, "support": 11.0}, "sr": {"precision": 1.0, "recall": 0.8, "f1-score": 0.888888888888889, "support": 5.0}, "nb": {"precision": 0.75, "recall": 0.75, "f1-score": 0.75, "support": 8.0}, "re": {"precision": 1.0, "recall": 0.6666666666666666, "f1-score": 0.8, "support": 6.0}, "en": {"precision": 1.0, "recall": 1.0, "f1-score": 1.0, "support": 3.0}, "ra": {"precision": 0.0, "recall": 0.0, "f1-score": 0.0, "support": 0.0}, "dtp": {"precision": 0.3870967741935484, "recall": 0.48, "f1-score": 0.42857142857142855, "support": 25.0}, "fi": {"precision": 0.0, "recall": 0.0, "f1-score": 0.0, "support": 6.0}, "lt": {"precision": 0.5, "recall": 1.0, "f1-score": 0.6666666666666666, "support": 1.0}, "rv": {"precision": 0.3333333333333333, "recall": 0.6666666666666666, "f1-score": 0.4444444444444444, "support": 3.0}, "ob": {"precision": 0.0, "recall": 0.0, "f1-score": 0.0, "support": 2.0}, "rs": {"precision": 0.0, "recall": 0.0, "f1-score": 0.0, "support": 1.0}, "av": {"precision": 0.0, "recall": 0.0, "f1-score": 0.0, "support": 3.0}, "ds": {"precision": 0.6976744186046512, "recall": 0.8823529411764706, "f1-score": 0.7792207792207793, "support": 34.0}, "ed": {"precision": 0.0, "recall": 0.0, "f1-score": 0.0, "support": 5.0}}}