{"f1": 0.7784447476125511, "precision": 0.7825013713658804, "recall": 0.7744299674267101, "accuracy": 0.6569037656903766, "pr_auc": 0.8498696265195445, "threshold": 0.44999999999999996, "label_scores": {"MT": {"precision": 0.9854014598540146, "recall": 0.9782608695652174, "f1-score": 0.9818181818181817, "support": 276.0}, "LY": {"precision": 0.5, "recall": 0.2, "f1-score": 0.28571428571428575, "support": 5.0}, "SP": {"precision": 0.9, "recall": 0.5, "f1-score": 0.6428571428571429, "support": 18.0}, "ID": {"precision": 0.8617511520737328, "recall": 0.8095238095238095, "f1-score": 0.8348214285714286, "support": 231.0}, "NA": {"precision": 0.7801578354002254, "recall": 0.9177718832891246, "f1-score": 0.8433881779402803, "support": 754.0}, "HI": {"precision": 0.7702702702702703, "recall": 0.48717948717948717, "f1-score": 0.5968586387434555, "support": 117.0}, "IN": {"precision": 0.7918088737201365, "recall": 0.6408839779005525, "f1-score": 0.7083969465648856, "support": 362.0}, "OP": {"precision": 0.8084291187739464, "recall": 0.7429577464788732, "f1-score": 0.7743119266055047, "support": 284.0}, "IP": {"precision": 0.7411764705882353, "recall": 0.75, "f1-score": 0.7455621301775148, "support": 252.0}, "it": {"precision": 1.0, "recall": 0.38461538461538464, "f1-score": 0.5555555555555556, "support": 13.0}, "ne": {"precision": 0.5830903790087464, "recall": 0.8888888888888888, "f1-score": 0.704225352112676, "support": 225.0}, "sr": {"precision": 0.9402985074626866, "recall": 0.8873239436619719, "f1-score": 0.9130434782608696, "support": 71.0}, "nb": {"precision": 0.806060606060606, "recall": 0.7987987987987988, "f1-score": 0.8024132730015083, "support": 333.0}, "re": {"precision": 0.8888888888888888, "recall": 1.0, "f1-score": 0.9411764705882353, "support": 8.0}, "en": {"precision": 0.6896551724137931, "recall": 0.4444444444444444, "f1-score": 0.5405405405405405, "support": 45.0}, "ra": {"precision": 0.75, "recall": 0.21428571428571427, "f1-score": 0.3333333333333333, "support": 14.0}, "dtp": {"precision": 0.5306122448979592, "recall": 0.5735294117647058, "f1-score": 0.5512367491166079, "support": 136.0}, "fi": {"precision": 0.0, "recall": 0.0, "f1-score": 0.0, "support": 4.0}, "lt": {"precision": 0.7647058823529411, "recall": 0.5, "f1-score": 0.6046511627906976, "support": 26.0}, "rv": {"precision": 0.8811881188118812, "recall": 0.8165137614678899, "f1-score": 0.8476190476190476, "support": 109.0}, "ob": {"precision": 0.6923076923076923, "recall": 0.39705882352941174, "f1-score": 0.5046728971962616, "support": 68.0}, "rs": {"precision": 0.9066666666666666, "recall": 0.7727272727272727, "f1-score": 0.834355828220859, "support": 88.0}, "av": {"precision": 0.0, "recall": 0.0, "f1-score": 0.0, "support": 12.0}, "ds": {"precision": 0.8048780487804879, "recall": 0.7783018867924528, "f1-score": 0.7913669064748201, "support": 212.0}, "ed": {"precision": 0.0, "recall": 0.0, "f1-score": 0.0, "support": 21.0}}}