{"f1": 0.6164606376057256, "precision": 0.6707964601769911, "recall": 0.570267830273849, "accuracy": 0.2824620573355818, "pr_auc": 0.6860806564595939, "threshold": 0.3, "label_scores": {"MT": {"precision": 0.21978021978021978, "recall": 0.6896551724137931, "f1-score": 0.3333333333333333, "support": 29.0}, "LY": {"precision": 1.0, "recall": 0.75, "f1-score": 0.8571428571428571, "support": 12.0}, "SP": {"precision": 1.0, "recall": 0.009615384615384616, "f1-score": 0.01904761904761905, "support": 104.0}, "ID": {"precision": 0.5, "recall": 0.18181818181818182, "f1-score": 0.26666666666666666, "support": 44.0}, "NA": {"precision": 0.8676171079429735, "recall": 0.7357512953367875, "f1-score": 0.7962616822429905, "support": 579.0}, "HI": {"precision": 0.5555555555555556, "recall": 0.7086614173228346, "f1-score": 0.6228373702422146, "support": 127.0}, "IN": {"precision": 0.6666666666666666, "recall": 0.4944649446494465, "f1-score": 0.5677966101694915, "support": 542.0}, "OP": {"precision": 0.6233183856502242, "recall": 0.47440273037542663, "f1-score": 0.5387596899224807, "support": 293.0}, "IP": {"precision": 0.717607973421927, "recall": 0.6878980891719745, "f1-score": 0.7024390243902439, "support": 314.0}, "it": {"precision": 0.0, "recall": 0.0, "f1-score": 0.0, "support": 13.0}, "ne": {"precision": 0.7857142857142857, "recall": 0.9290540540540541, "f1-score": 0.8513931888544892, "support": 296.0}, "sr": {"precision": 0.8627450980392157, "recall": 0.9565217391304348, "f1-score": 0.9072164948453608, "support": 46.0}, "nb": {"precision": 0.6515151515151515, "recall": 0.2847682119205298, "f1-score": 0.39631336405529954, "support": 151.0}, "re": {"precision": 0.9166666666666666, "recall": 0.6875, "f1-score": 0.7857142857142857, "support": 16.0}, "en": {"precision": 0.6666666666666666, "recall": 0.21052631578947367, "f1-score": 0.32, "support": 19.0}, "ra": {"precision": 0.7142857142857143, "recall": 0.35714285714285715, "f1-score": 0.4761904761904762, "support": 14.0}, "dtp": {"precision": 0.33157894736842103, "recall": 0.328125, "f1-score": 0.3298429319371728, "support": 192.0}, "fi": {"precision": 0.0, "recall": 0.0, "f1-score": 0.0, "support": 2.0}, "lt": {"precision": 0.38461538461538464, "recall": 0.38461538461538464, "f1-score": 0.38461538461538464, "support": 13.0}, "rv": {"precision": 0.6571428571428571, "recall": 0.35384615384615387, "f1-score": 0.4600000000000001, "support": 65.0}, "ob": {"precision": 0.5151515151515151, "recall": 0.15315315315315314, "f1-score": 0.2361111111111111, "support": 111.0}, "rs": {"precision": 0.7931034482758621, "recall": 0.6571428571428571, "f1-score": 0.71875, "support": 35.0}, "av": {"precision": 0.3787878787878788, "recall": 0.390625, "f1-score": 0.3846153846153846, "support": 64.0}, "ds": {"precision": 0.6844106463878327, "recall": 0.782608695652174, "f1-score": 0.7302231237322515, "support": 230.0}, "ed": {"precision": 0.0, "recall": 0.0, "f1-score": 0.0, "support": 12.0}}}