{"f1": 0.6772151898734177, "precision": 0.6881028938906752, "recall": 0.6666666666666666, "accuracy": 0.49698795180722893, "pr_auc": 0.7382277218502531, "threshold": 0.44999999999999996, "label_scores": {"MT": {"precision": 0.0, "recall": 0.0, "f1-score": 0.0, "support": 0.0}, "LY": {"precision": 1.0, "recall": 0.25, "f1-score": 0.4, "support": 4.0}, "SP": {"precision": 0.0, "recall": 0.0, "f1-score": 0.0, "support": 0.0}, "ID": {"precision": 0.4444444444444444, "recall": 0.23529411764705882, "f1-score": 0.30769230769230765, "support": 17.0}, "NA": {"precision": 0.7651515151515151, "recall": 0.8938053097345132, "f1-score": 0.8244897959183674, "support": 113.0}, "HI": {"precision": 0.8571428571428571, "recall": 0.375, "f1-score": 0.5217391304347825, "support": 32.0}, "IN": {"precision": 0.5147058823529411, "recall": 0.6363636363636364, "f1-score": 0.5691056910569107, "support": 55.0}, "OP": {"precision": 0.5454545454545454, "recall": 0.6, "f1-score": 0.5714285714285713, "support": 30.0}, "IP": {"precision": 0.8247422680412371, "recall": 0.7079646017699115, "f1-score": 0.7619047619047619, "support": 113.0}, "it": {"precision": 0.0, "recall": 0.0, "f1-score": 0.0, "support": 0.0}, "ne": {"precision": 0.673469387755102, "recall": 0.88, "f1-score": 0.7630057803468209, "support": 75.0}, "sr": {"precision": 1.0, "recall": 0.5, "f1-score": 0.6666666666666666, "support": 6.0}, "nb": {"precision": 0.4166666666666667, "recall": 0.2631578947368421, "f1-score": 0.3225806451612903, "support": 19.0}, "re": {"precision": 1.0, "recall": 0.8333333333333334, "f1-score": 0.9090909090909091, "support": 6.0}, "en": {"precision": 0.0, "recall": 0.0, "f1-score": 0.0, "support": 3.0}, "ra": {"precision": 0.0, "recall": 0.0, "f1-score": 0.0, "support": 2.0}, "dtp": {"precision": 0.26666666666666666, "recall": 0.42105263157894735, "f1-score": 0.326530612244898, "support": 19.0}, "fi": {"precision": 0.0, "recall": 0.0, "f1-score": 0.0, "support": 1.0}, "lt": {"precision": 0.5454545454545454, "recall": 0.75, "f1-score": 0.631578947368421, "support": 8.0}, "rv": {"precision": 1.0, "recall": 0.2222222222222222, "f1-score": 0.3636363636363636, "support": 9.0}, "ob": {"precision": 0.3333333333333333, "recall": 0.2, "f1-score": 0.25, "support": 5.0}, "rs": {"precision": 0.875, "recall": 0.7777777777777778, "f1-score": 0.823529411764706, "support": 9.0}, "av": {"precision": 0.0, "recall": 0.0, "f1-score": 0.0, "support": 6.0}, "ds": {"precision": 0.891566265060241, "recall": 0.6981132075471698, "f1-score": 0.7830687830687829, "support": 106.0}, "ed": {"precision": 0.0, "recall": 0.0, "f1-score": 0.0, "support": 4.0}}}