{"f1": 0.7977315689981096, "precision": 0.8683127572016461, "recall": 0.7377622377622378, "accuracy": 0.625, "pr_auc": 0.8754266618488322, "threshold": 0.49999999999999994, "label_scores": {"MT": {"precision": 0.3333333333333333, "recall": 0.8, "f1-score": 0.47058823529411764, "support": 5.0}, "LY": {"precision": 1.0, "recall": 1.0, "f1-score": 1.0, "support": 12.0}, "SP": {"precision": 0.0, "recall": 0.0, "f1-score": 0.0, "support": 2.0}, "ID": {"precision": 0.0, "recall": 0.0, "f1-score": 0.0, "support": 1.0}, "NA": {"precision": 0.9615384615384616, "recall": 0.8823529411764706, "f1-score": 0.920245398773006, "support": 85.0}, "HI": {"precision": 1.0, "recall": 0.3333333333333333, "f1-score": 0.5, "support": 9.0}, "IN": {"precision": 0.7777777777777778, "recall": 0.8235294117647058, "f1-score": 0.7999999999999999, "support": 34.0}, "OP": {"precision": 0.5555555555555556, "recall": 0.45454545454545453, "f1-score": 0.5, "support": 11.0}, "IP": {"precision": 1.0, "recall": 0.14285714285714285, "f1-score": 0.25, "support": 14.0}, "it": {"precision": 0.0, "recall": 0.0, "f1-score": 0.0, "support": 0.0}, "ne": {"precision": 0.9444444444444444, "recall": 0.9577464788732394, "f1-score": 0.951048951048951, "support": 71.0}, "sr": {"precision": 0.5, "recall": 1.0, "f1-score": 0.6666666666666666, "support": 1.0}, "nb": {"precision": 1.0, "recall": 0.25, "f1-score": 0.4, "support": 4.0}, "re": {"precision": 1.0, "recall": 1.0, "f1-score": 1.0, "support": 1.0}, "en": {"precision": 1.0, "recall": 0.16666666666666666, "f1-score": 0.2857142857142857, "support": 6.0}, "ra": {"precision": 0.0, "recall": 0.0, "f1-score": 0.0, "support": 0.0}, "dtp": {"precision": 0.625, "recall": 0.35714285714285715, "f1-score": 0.45454545454545453, "support": 14.0}, "fi": {"precision": 0.0, "recall": 0.0, "f1-score": 0.0, "support": 0.0}, "lt": {"precision": 1.0, "recall": 1.0, "f1-score": 1.0, "support": 1.0}, "rv": {"precision": 0.0, "recall": 0.0, "f1-score": 0.0, "support": 0.0}, "ob": {"precision": 0.0, "recall": 0.0, "f1-score": 0.0, "support": 1.0}, "rs": {"precision": 0.0, "recall": 0.0, "f1-score": 0.0, "support": 1.0}, "av": {"precision": 1.0, "recall": 0.25, "f1-score": 0.4, "support": 8.0}, "ds": {"precision": 1.0, "recall": 0.3333333333333333, "f1-score": 0.5, "support": 3.0}, "ed": {"precision": 1.0, "recall": 0.5, "f1-score": 0.6666666666666666, "support": 2.0}}}