{"f1": 0.68082888049003, "f1_macro": 0.6318608915330182, "precision": 0.6548007019303084, "recall": 0.7090119435396308, "accuracy": 0.496513249651325, "threshold": 0.35, "label_scores": {"MT": {"precision": 0.9626865671641791, "recall": 0.9347826086956522, "f1-score": 0.948529411764706, "support": 276.0}, "LY": {"precision": 0.0, "recall": 0.0, "f1-score": 0.0, "support": 5.0}, "SP": {"precision": 0.0, "recall": 0.0, "f1-score": 0.0, "support": 18.0}, "ID": {"precision": 0.6557377049180327, "recall": 0.6926406926406926, "f1-score": 0.6736842105263158, "support": 231.0}, "NA": {"precision": 0.6810865191146881, "recall": 0.8978779840848806, "f1-score": 0.7745995423340961, "support": 754.0}, "HI": {"precision": 0.5319148936170213, "recall": 0.21367521367521367, "f1-score": 0.3048780487804878, "support": 117.0}, "IN": {"precision": 0.5963060686015831, "recall": 0.6243093922651933, "f1-score": 0.6099865047233468, "support": 362.0}, "OP": {"precision": 0.7177700348432056, "recall": 0.7253521126760564, "f1-score": 0.7215411558669002, "support": 284.0}, "IP": {"precision": 0.6654929577464789, "recall": 0.75, "f1-score": 0.7052238805970148, "support": 252.0}, "it": {"precision": 0.0, "recall": 0.0, "f1-score": 0.0, "support": 13.0}, "ne": {"precision": 0.4442013129102845, "recall": 0.9022222222222223, "f1-score": 0.5953079178885631, "support": 225.0}, "sr": {"precision": 1.0, "recall": 0.4788732394366197, "f1-score": 0.6476190476190475, "support": 71.0}, "nb": {"precision": 0.7047872340425532, "recall": 0.7957957957957958, "f1-score": 0.7475317348377999, "support": 333.0}, "re": {"precision": 0.0, "recall": 0.0, "f1-score": 0.0, "support": 8.0}, "en": {"precision": 0.0, "recall": 0.0, "f1-score": 0.0, "support": 45.0}, "ra": {"precision": 0.7, "recall": 0.5, "f1-score": 0.5833333333333334, "support": 14.0}, "dtp": {"precision": 0.2874251497005988, "recall": 0.35294117647058826, "f1-score": 0.31683168316831684, "support": 136.0}, "fi": {"precision": 0.0, "recall": 0.0, "f1-score": 0.0, "support": 4.0}, "lt": {"precision": 0.0, "recall": 0.0, "f1-score": 0.0, "support": 26.0}, "rv": {"precision": 0.8918918918918919, "recall": 0.6055045871559633, "f1-score": 0.7213114754098361, "support": 109.0}, "ob": {"precision": 0.5483870967741935, "recall": 0.25, "f1-score": 0.3434343434343434, "support": 68.0}, "rs": {"precision": 0.8333333333333334, "recall": 0.5681818181818182, "f1-score": 0.6756756756756758, "support": 88.0}, "av": {"precision": 0.0, "recall": 0.0, "f1-score": 0.0, "support": 12.0}, "ds": {"precision": 0.6534296028880866, "recall": 0.8537735849056604, "f1-score": 0.7402862985685073, "support": 212.0}, "ed": {"precision": 0.0, "recall": 0.0, "f1-score": 0.0, "support": 21.0}}}