{"f1": 0.6246925725528775, "f1_macro": 0.578263346041325, "precision": 0.6239764166393711, "recall": 0.6254103742613263, "accuracy": 0.42930295746681996, "threshold": 0.44999999999999996, "label_scores": {"MT": {"precision": 0.0, "recall": 0.0, "f1-score": 0.0, "support": 0.0}, "LY": {"precision": 0.97, "recall": 0.7185185185185186, "f1-score": 0.8255319148936171, "support": 135.0}, "SP": {"precision": 0.6666666666666666, "recall": 0.684931506849315, "f1-score": 0.6756756756756757, "support": 146.0}, "ID": {"precision": 0.7679558011049724, "recall": 0.8104956268221575, "f1-score": 0.7886524822695035, "support": 686.0}, "NA": {"precision": 0.7564743298500681, "recall": 0.7809568480300187, "f1-score": 0.7685206554350333, "support": 4264.0}, "HI": {"precision": 0.5771276595744681, "recall": 0.5279805352798054, "f1-score": 0.5514612452350699, "support": 411.0}, "IN": {"precision": 0.8318713450292398, "recall": 0.43836671802773497, "f1-score": 0.574167507568113, "support": 2596.0}, "OP": {"precision": 0.5490494296577947, "recall": 0.678252700798497, "f1-score": 0.6068501786089515, "support": 2129.0}, "IP": {"precision": 0.23905429071803852, "recall": 0.6791044776119403, "f1-score": 0.3536269430051813, "support": 402.0}, "it": {"precision": 0.6511627906976745, "recall": 0.8076923076923077, "f1-score": 0.721030042918455, "support": 104.0}, "ne": {"precision": 0.8669001751313485, "recall": 0.6295040271301399, "f1-score": 0.7293713163064832, "support": 2359.0}, "sr": {"precision": 0.9421052631578948, "recall": 0.5637795275590551, "f1-score": 0.7054187192118226, "support": 635.0}, "nb": {"precision": 0.39543973941368077, "recall": 0.8407202216066482, "f1-score": 0.5378821444395214, "support": 722.0}, "re": {"precision": 0.7878787878787878, "recall": 0.7027027027027027, "f1-score": 0.7428571428571429, "support": 37.0}, "en": {"precision": 0.5029239766081871, "recall": 0.7962962962962963, "f1-score": 0.6164874551971326, "support": 108.0}, "ra": {"precision": 0.0, "recall": 0.0, "f1-score": 0.0, "support": 189.0}, "dtp": {"precision": 0.47538200339558573, "recall": 0.25688073394495414, "f1-score": 0.33353186420488384, "support": 1090.0}, "fi": {"precision": 0.7777777777777778, "recall": 0.2028985507246377, "f1-score": 0.3218390804597701, "support": 69.0}, "lt": {"precision": 0.5, "recall": 0.65, "f1-score": 0.5652173913043479, "support": 40.0}, "rv": {"precision": 0.571157495256167, "recall": 0.732360097323601, "f1-score": 0.6417910447761194, "support": 411.0}, "ob": {"precision": 0.48120300751879697, "recall": 0.5480494766888677, "f1-score": 0.5124555160142349, "support": 1051.0}, "rs": {"precision": 0.6904761904761905, "recall": 0.7388535031847133, "f1-score": 0.7138461538461538, "support": 157.0}, "av": {"precision": 0.3720136518771331, "recall": 0.461864406779661, "f1-score": 0.4120982986767486, "support": 236.0}, "ds": {"precision": 0.35344827586206895, "recall": 0.7321428571428571, "f1-score": 0.47674418604651153, "support": 280.0}, "ed": {"precision": 0.15384615384615385, "recall": 0.10526315789473684, "f1-score": 0.125, "support": 19.0}}}