{"f1": 0.5963875205254516, "precision": 0.6563064691001084, "recall": 0.5464941318086067, "accuracy": 0.2875210792580101, "pr_auc": 0.6273856532672025, "threshold": 0.3, "label_scores": {"MT": {"precision": 0.205607476635514, "recall": 0.7586206896551724, "f1-score": 0.3235294117647059, "support": 29.0}, "LY": {"precision": 0.8888888888888888, "recall": 0.6666666666666666, "f1-score": 0.761904761904762, "support": 12.0}, "SP": {"precision": 0.5, "recall": 0.009615384615384616, "f1-score": 0.01886792452830189, "support": 104.0}, "ID": {"precision": 0.3888888888888889, "recall": 0.1590909090909091, "f1-score": 0.22580645161290322, "support": 44.0}, "NA": {"precision": 0.8531746031746031, "recall": 0.7426597582037997, "f1-score": 0.7940904893813482, "support": 579.0}, "HI": {"precision": 0.5448717948717948, "recall": 0.6692913385826772, "f1-score": 0.6007067137809188, "support": 127.0}, "IN": {"precision": 0.7698744769874477, "recall": 0.33948339483394835, "f1-score": 0.471190781049936, "support": 542.0}, "OP": {"precision": 0.6105769230769231, "recall": 0.4334470989761092, "f1-score": 0.5069860279441119, "support": 293.0}, "IP": {"precision": 0.6513513513513514, "recall": 0.767515923566879, "f1-score": 0.7046783625730993, "support": 314.0}, "it": {"precision": 0.0, "recall": 0.0, "f1-score": 0.0, "support": 13.0}, "ne": {"precision": 0.8011695906432749, "recall": 0.9256756756756757, "f1-score": 0.8589341692789969, "support": 296.0}, "sr": {"precision": 0.8723404255319149, "recall": 0.8913043478260869, "f1-score": 0.8817204301075269, "support": 46.0}, "nb": {"precision": 0.5046728971962616, "recall": 0.3576158940397351, "f1-score": 0.4186046511627907, "support": 151.0}, "re": {"precision": 0.9230769230769231, "recall": 0.75, "f1-score": 0.8275862068965517, "support": 16.0}, "en": {"precision": 0.5555555555555556, "recall": 0.2631578947368421, "f1-score": 0.35714285714285715, "support": 19.0}, "ra": {"precision": 0.0, "recall": 0.0, "f1-score": 0.0, "support": 14.0}, "dtp": {"precision": 0.3181818181818182, "recall": 0.18229166666666666, "f1-score": 0.23178807947019867, "support": 192.0}, "fi": {"precision": 1.0, "recall": 0.5, "f1-score": 0.6666666666666666, "support": 2.0}, "lt": {"precision": 0.2631578947368421, "recall": 0.38461538461538464, "f1-score": 0.3125, "support": 13.0}, "rv": {"precision": 0.5555555555555556, "recall": 0.38461538461538464, "f1-score": 0.4545454545454546, "support": 65.0}, "ob": {"precision": 0.46875, "recall": 0.13513513513513514, "f1-score": 0.20979020979020982, "support": 111.0}, "rs": {"precision": 0.8333333333333334, "recall": 0.7142857142857143, "f1-score": 0.7692307692307692, "support": 35.0}, "av": {"precision": 0.3815789473684211, "recall": 0.453125, "f1-score": 0.4142857142857143, "support": 64.0}, "ds": {"precision": 0.6168831168831169, "recall": 0.8260869565217391, "f1-score": 0.7063197026022304, "support": 230.0}, "ed": {"precision": 0.0, "recall": 0.0, "f1-score": 0.0, "support": 12.0}}}