{"f1": 0.8108808290155439, "precision": 0.8243039879608728, "recall": 0.7978878368536052, "accuracy": 0.6249033255993813, "pr_auc": 0.876725242821789, "threshold": 0.44999999999999996, "label_scores": {"MT": {"precision": 0.9166666666666666, "recall": 0.853448275862069, "f1-score": 0.8839285714285714, "support": 116.0}, "LY": {"precision": 1.0, "recall": 0.5333333333333333, "f1-score": 0.6956521739130436, "support": 15.0}, "SP": {"precision": 0.5555555555555556, "recall": 0.7142857142857143, "f1-score": 0.6250000000000001, "support": 7.0}, "ID": {"precision": 0.8, "recall": 0.6274509803921569, "f1-score": 0.7032967032967032, "support": 51.0}, "NA": {"precision": 0.8733850129198967, "recall": 0.8600508905852418, "f1-score": 0.8666666666666668, "support": 393.0}, "HI": {"precision": 0.765625, "recall": 0.6282051282051282, "f1-score": 0.6901408450704225, "support": 78.0}, "IN": {"precision": 0.8096590909090909, "recall": 0.8431952662721893, "f1-score": 0.8260869565217391, "support": 338.0}, "OP": {"precision": 0.7658227848101266, "recall": 0.7378048780487805, "f1-score": 0.7515527950310559, "support": 164.0}, "IP": {"precision": 0.8530805687203792, "recall": 0.8450704225352113, "f1-score": 0.8490566037735848, "support": 426.0}, "it": {"precision": 0.5555555555555556, "recall": 0.8333333333333334, "f1-score": 0.6666666666666667, "support": 6.0}, "ne": {"precision": 0.8352941176470589, "recall": 0.7473684210526316, "f1-score": 0.7888888888888889, "support": 95.0}, "sr": {"precision": 0.8181818181818182, "recall": 0.6428571428571429, "f1-score": 0.7200000000000001, "support": 14.0}, "nb": {"precision": 0.8431372549019608, "recall": 0.8739837398373984, "f1-score": 0.8582834331337325, "support": 246.0}, "re": {"precision": 0.8888888888888888, "recall": 0.8888888888888888, "f1-score": 0.8888888888888888, "support": 18.0}, "en": {"precision": 0.9398496240601504, "recall": 0.9398496240601504, "f1-score": 0.9398496240601504, "support": 133.0}, "ra": {"precision": 0.0, "recall": 0.0, "f1-score": 0.0, "support": 1.0}, "dtp": {"precision": 0.5555555555555556, "recall": 0.4838709677419355, "f1-score": 0.5172413793103449, "support": 93.0}, "fi": {"precision": 1.0, "recall": 0.6666666666666666, "f1-score": 0.8, "support": 30.0}, "lt": {"precision": 0.8, "recall": 0.8421052631578947, "f1-score": 0.8205128205128205, "support": 38.0}, "rv": {"precision": 0.8, "recall": 0.7647058823529411, "f1-score": 0.7819548872180452, "support": 68.0}, "ob": {"precision": 0.7058823529411765, "recall": 0.6666666666666666, "f1-score": 0.6857142857142857, "support": 54.0}, "rs": {"precision": 1.0, "recall": 0.5555555555555556, "f1-score": 0.7142857142857143, "support": 9.0}, "av": {"precision": 0.75, "recall": 0.4444444444444444, "f1-score": 0.5581395348837209, "support": 27.0}, "ds": {"precision": 0.7819314641744548, "recall": 0.7917981072555205, "f1-score": 0.786833855799373, "support": 317.0}, "ed": {"precision": 0.0, "recall": 0.0, "f1-score": 0.0, "support": 9.0}}}