{"f1": 0.7870097005482919, "precision": 0.8162729658792651, "recall": 0.759771986970684, "accuracy": 0.6643421664342166, "pr_auc": 0.8616256007065852, "threshold": 0.49999999999999994, "label_scores": {"MT": {"precision": 0.989010989010989, "recall": 0.9782608695652174, "f1-score": 0.9836065573770493, "support": 276.0}, "LY": {"precision": 0.0, "recall": 0.0, "f1-score": 0.0, "support": 5.0}, "SP": {"precision": 1.0, "recall": 0.4444444444444444, "f1-score": 0.6153846153846153, "support": 18.0}, "ID": {"precision": 0.8660287081339713, "recall": 0.7835497835497836, "f1-score": 0.8227272727272728, "support": 231.0}, "NA": {"precision": 0.8375314861460957, "recall": 0.8819628647214854, "f1-score": 0.859173126614987, "support": 754.0}, "HI": {"precision": 0.782608695652174, "recall": 0.6153846153846154, "f1-score": 0.6889952153110049, "support": 117.0}, "IN": {"precision": 0.767515923566879, "recall": 0.6657458563535912, "f1-score": 0.7130177514792899, "support": 362.0}, "OP": {"precision": 0.7954545454545454, "recall": 0.7394366197183099, "f1-score": 0.7664233576642334, "support": 284.0}, "IP": {"precision": 0.768595041322314, "recall": 0.7380952380952381, "f1-score": 0.7530364372469636, "support": 252.0}, "it": {"precision": 1.0, "recall": 0.5384615384615384, "f1-score": 0.7000000000000001, "support": 13.0}, "ne": {"precision": 0.6437908496732027, "recall": 0.8755555555555555, "f1-score": 0.7419962335216572, "support": 225.0}, "sr": {"precision": 0.9130434782608695, "recall": 0.8873239436619719, "f1-score": 0.9, "support": 71.0}, "nb": {"precision": 0.8844765342960289, "recall": 0.7357357357357357, "f1-score": 0.8032786885245902, "support": 333.0}, "re": {"precision": 0.8571428571428571, "recall": 0.75, "f1-score": 0.7999999999999999, "support": 8.0}, "en": {"precision": 0.6829268292682927, "recall": 0.6222222222222222, "f1-score": 0.6511627906976744, "support": 45.0}, "ra": {"precision": 0.0, "recall": 0.0, "f1-score": 0.0, "support": 14.0}, "dtp": {"precision": 0.6666666666666666, "recall": 0.4117647058823529, "f1-score": 0.509090909090909, "support": 136.0}, "fi": {"precision": 1.0, "recall": 0.25, "f1-score": 0.4, "support": 4.0}, "lt": {"precision": 0.7368421052631579, "recall": 0.5384615384615384, "f1-score": 0.6222222222222222, "support": 26.0}, "rv": {"precision": 0.8333333333333334, "recall": 0.8715596330275229, "f1-score": 0.852017937219731, "support": 109.0}, "ob": {"precision": 0.6862745098039216, "recall": 0.5147058823529411, "f1-score": 0.588235294117647, "support": 68.0}, "rs": {"precision": 0.9402985074626866, "recall": 0.7159090909090909, "f1-score": 0.8129032258064516, "support": 88.0}, "av": {"precision": 0.0, "recall": 0.0, "f1-score": 0.0, "support": 12.0}, "ds": {"precision": 0.8253968253968254, "recall": 0.7358490566037735, "f1-score": 0.7780548628428928, "support": 212.0}, "ed": {"precision": 0.0, "recall": 0.0, "f1-score": 0.0, "support": 21.0}}}