{"f1": 0.6556521739130435, "precision": 0.6357504215851602, "recall": 0.6768402154398564, "accuracy": 0.4069400630914827, "pr_auc": 0.6935553054889897, "threshold": 0.35, "label_scores": {"MT": {"precision": 0.14285714285714285, "recall": 0.4, "f1-score": 0.21052631578947364, "support": 5.0}, "LY": {"precision": 0.5, "recall": 0.6666666666666666, "f1-score": 0.5714285714285715, "support": 3.0}, "SP": {"precision": 0.2, "recall": 1.0, "f1-score": 0.33333333333333337, "support": 1.0}, "ID": {"precision": 0.4117647058823529, "recall": 0.875, "f1-score": 0.56, "support": 8.0}, "NA": {"precision": 0.8539325842696629, "recall": 0.7835051546391752, "f1-score": 0.8172043010752688, "support": 97.0}, "HI": {"precision": 0.3, "recall": 0.25, "f1-score": 0.2727272727272727, "support": 12.0}, "IN": {"precision": 0.5625, "recall": 0.9264705882352942, "f1-score": 0.7, "support": 68.0}, "OP": {"precision": 0.3684210526315789, "recall": 0.3783783783783784, "f1-score": 0.37333333333333335, "support": 37.0}, "IP": {"precision": 0.8571428571428571, "recall": 0.7304347826086957, "f1-score": 0.7887323943661971, "support": 115.0}, "it": {"precision": 0.0, "recall": 0.0, "f1-score": 0.0, "support": 0.0}, "ne": {"precision": 0.5151515151515151, "recall": 0.7083333333333334, "f1-score": 0.5964912280701754, "support": 24.0}, "sr": {"precision": 1.0, "recall": 0.8571428571428571, "f1-score": 0.923076923076923, "support": 7.0}, "nb": {"precision": 0.13333333333333333, "recall": 0.2, "f1-score": 0.16, "support": 10.0}, "re": {"precision": 0.0, "recall": 0.0, "f1-score": 0.0, "support": 0.0}, "en": {"precision": 0.14285714285714285, "recall": 1.0, "f1-score": 0.25, "support": 1.0}, "ra": {"precision": 1.0, "recall": 0.3333333333333333, "f1-score": 0.5, "support": 6.0}, "dtp": {"precision": 0.25, "recall": 0.21428571428571427, "f1-score": 0.23076923076923075, "support": 14.0}, "fi": {"precision": 0.0, "recall": 0.0, "f1-score": 0.0, "support": 5.0}, "lt": {"precision": 0.6842105263157895, "recall": 0.7647058823529411, "f1-score": 0.7222222222222222, "support": 17.0}, "rv": {"precision": 0.35294117647058826, "recall": 0.4, "f1-score": 0.37500000000000006, "support": 15.0}, "ob": {"precision": 0.3333333333333333, "recall": 0.2, "f1-score": 0.25, "support": 5.0}, "rs": {"precision": 0.0, "recall": 0.0, "f1-score": 0.0, "support": 0.0}, "av": {"precision": 0.75, "recall": 0.3333333333333333, "f1-score": 0.46153846153846156, "support": 9.0}, "ds": {"precision": 0.8352941176470589, "recall": 0.7395833333333334, "f1-score": 0.7845303867403315, "support": 96.0}, "ed": {"precision": 0.0, "recall": 0.0, "f1-score": 0.0, "support": 2.0}}}