{"f1": 0.6494464944649447, "precision": 0.6171107994389902, "recall": 0.6853582554517134, "accuracy": 0.4427710843373494, "pr_auc": 0.6860273406341875, "threshold": 0.35, "label_scores": {"MT": {"precision": 0.0, "recall": 0.0, "f1-score": 0.0, "support": 0.0}, "LY": {"precision": 0.0, "recall": 0.0, "f1-score": 0.0, "support": 4.0}, "SP": {"precision": 0.0, "recall": 0.0, "f1-score": 0.0, "support": 0.0}, "ID": {"precision": 0.5, "recall": 0.23529411764705882, "f1-score": 0.31999999999999995, "support": 17.0}, "NA": {"precision": 0.7338129496402878, "recall": 0.9026548672566371, "f1-score": 0.8095238095238094, "support": 113.0}, "HI": {"precision": 0.6086956521739131, "recall": 0.4375, "f1-score": 0.5090909090909091, "support": 32.0}, "IN": {"precision": 0.4246575342465753, "recall": 0.5636363636363636, "f1-score": 0.48437499999999994, "support": 55.0}, "OP": {"precision": 0.3829787234042553, "recall": 0.6, "f1-score": 0.4675324675324675, "support": 30.0}, "IP": {"precision": 0.8018018018018018, "recall": 0.7876106194690266, "f1-score": 0.7946428571428571, "support": 113.0}, "it": {"precision": 0.0, "recall": 0.0, "f1-score": 0.0, "support": 0.0}, "ne": {"precision": 0.6336633663366337, "recall": 0.8533333333333334, "f1-score": 0.7272727272727273, "support": 75.0}, "sr": {"precision": 0.75, "recall": 0.5, "f1-score": 0.6, "support": 6.0}, "nb": {"precision": 0.4117647058823529, "recall": 0.3684210526315789, "f1-score": 0.3888888888888889, "support": 19.0}, "re": {"precision": 1.0, "recall": 0.8333333333333334, "f1-score": 0.9090909090909091, "support": 6.0}, "en": {"precision": 0.0, "recall": 0.0, "f1-score": 0.0, "support": 3.0}, "ra": {"precision": 0.0, "recall": 0.0, "f1-score": 0.0, "support": 2.0}, "dtp": {"precision": 0.2222222222222222, "recall": 0.3157894736842105, "f1-score": 0.2608695652173913, "support": 19.0}, "fi": {"precision": 0.0, "recall": 0.0, "f1-score": 0.0, "support": 1.0}, "lt": {"precision": 0.46153846153846156, "recall": 0.75, "f1-score": 0.5714285714285714, "support": 8.0}, "rv": {"precision": 0.75, "recall": 0.3333333333333333, "f1-score": 0.46153846153846156, "support": 9.0}, "ob": {"precision": 0.2857142857142857, "recall": 0.4, "f1-score": 0.3333333333333333, "support": 5.0}, "rs": {"precision": 0.8, "recall": 0.8888888888888888, "f1-score": 0.8421052631578948, "support": 9.0}, "av": {"precision": 0.14285714285714285, "recall": 0.3333333333333333, "f1-score": 0.2, "support": 6.0}, "ds": {"precision": 0.8152173913043478, "recall": 0.7075471698113207, "f1-score": 0.7575757575757576, "support": 106.0}, "ed": {"precision": 1.0, "recall": 0.25, "f1-score": 0.4, "support": 4.0}}}