{"f1": 0.7618476304739051, "precision": 0.7762836185819071, "recall": 0.7479387514723204, "accuracy": 0.6299126637554585, "pr_auc": 0.8069177498502946, "threshold": 0.44999999999999996, "label_scores": {"MT": {"precision": 0.8478260869565217, "recall": 0.7090909090909091, "f1-score": 0.7722772277227722, "support": 110.0}, "LY": {"precision": 1.0, "recall": 0.42857142857142855, "f1-score": 0.6, "support": 7.0}, "SP": {"precision": 0.8571428571428571, "recall": 0.46153846153846156, "f1-score": 0.6, "support": 13.0}, "ID": {"precision": 0.8181818181818182, "recall": 0.391304347826087, "f1-score": 0.5294117647058824, "support": 23.0}, "NA": {"precision": 0.8381742738589212, "recall": 0.8820960698689956, "f1-score": 0.8595744680851064, "support": 229.0}, "HI": {"precision": 0.8125, "recall": 0.7878787878787878, "f1-score": 0.8, "support": 33.0}, "IN": {"precision": 0.678391959798995, "recall": 0.7297297297297297, "f1-score": 0.703125, "support": 185.0}, "OP": {"precision": 0.6097560975609756, "recall": 0.5434782608695652, "f1-score": 0.5747126436781609, "support": 92.0}, "IP": {"precision": 0.782608695652174, "recall": 0.823943661971831, "f1-score": 0.8027444253859349, "support": 284.0}, "it": {"precision": 1.0, "recall": 0.42857142857142855, "f1-score": 0.6, "support": 7.0}, "ne": {"precision": 0.8269230769230769, "recall": 0.900523560209424, "f1-score": 0.8621553884711779, "support": 191.0}, "sr": {"precision": 0.5714285714285714, "recall": 0.5714285714285714, "f1-score": 0.5714285714285714, "support": 14.0}, "nb": {"precision": 0.7, "recall": 0.6086956521739131, "f1-score": 0.6511627906976744, "support": 23.0}, "re": {"precision": 1.0, "recall": 1.0, "f1-score": 1.0, "support": 21.0}, "en": {"precision": 0.3333333333333333, "recall": 0.25, "f1-score": 0.28571428571428575, "support": 4.0}, "ra": {"precision": 0.0, "recall": 0.0, "f1-score": 0.0, "support": 0.0}, "dtp": {"precision": 0.6774193548387096, "recall": 0.45652173913043476, "f1-score": 0.5454545454545454, "support": 46.0}, "fi": {"precision": 0.0, "recall": 0.0, "f1-score": 0.0, "support": 3.0}, "lt": {"precision": 0.8260869565217391, "recall": 0.7169811320754716, "f1-score": 0.7676767676767677, "support": 53.0}, "rv": {"precision": 0.5238095238095238, "recall": 0.3548387096774194, "f1-score": 0.4230769230769231, "support": 31.0}, "ob": {"precision": 0.5, "recall": 0.18181818181818182, "f1-score": 0.26666666666666666, "support": 22.0}, "rs": {"precision": 0.9, "recall": 0.9, "f1-score": 0.9, "support": 10.0}, "av": {"precision": 0.8181818181818182, "recall": 0.45, "f1-score": 0.5806451612903226, "support": 20.0}, "ds": {"precision": 0.8064516129032258, "recall": 0.819672131147541, "f1-score": 0.8130081300813008, "support": 244.0}, "ed": {"precision": 0.6153846153846154, "recall": 0.48484848484848486, "f1-score": 0.5423728813559322, "support": 33.0}}}