{"f1": 0.6478976234003656, "f1_macro": 0.6012248881437652, "precision": 0.6320670590333511, "recall": 0.6645415338458653, "accuracy": 0.5442574981711777, "threshold": 0.39999999999999997, "label_scores": {"Forum": {"precision": 0.8038922155688623, "recall": 0.782798833819242, "f1-score": 0.793205317577548, "support": 686.0}, "Information/Explanation": {"precision": 0.7506393861892583, "recall": 0.471107544141252, "f1-score": 0.5788954635108481, "support": 2492.0}, "Instruction": {"precision": 0.5706618962432916, "recall": 0.683083511777302, "f1-score": 0.621832358674464, "support": 467.0}, "Legal": {"precision": 0.5, "recall": 0.7, "f1-score": 0.5833333333333334, "support": 40.0}, "News": {"precision": 0.8858506944444444, "recall": 0.6902265809942509, "f1-score": 0.7758981182284737, "support": 2957.0}, "Opinion/Argumentation": {"precision": 0.607332773579625, "recall": 0.8291937332823844, "f1-score": 0.7011308562197092, "support": 2617.0}, "Other": {"precision": 0.448559670781893, "recall": 0.7465753424657534, "f1-score": 0.5604113110539847, "support": 146.0}, "Promotion": {"precision": 0.2522255192878338, "recall": 0.6657963446475196, "f1-score": 0.3658536585365853, "support": 383.0}, "Prose/Lyrical": {"precision": 0.3681229773462783, "recall": 0.5182232346241458, "f1-score": 0.4304635761589404, "support": 878.0}}}