{"f1": 0.7821178595619779, "f1_macro": 0.7501379516843164, "precision": 0.8112412177985948, "recall": 0.7550130775937227, "accuracy": 0.7391910739191074, "threshold": 0.49999999999999994, "label_scores": {"Forum": {"precision": 0.8960396039603961, "recall": 0.7835497835497836, "f1-score": 0.8360277136258661, "support": 231.0}, "Information/Explanation": {"precision": 0.7904411764705882, "recall": 0.6456456456456456, "f1-score": 0.7107438016528925, "support": 333.0}, "Instruction": {"precision": 0.8192771084337349, "recall": 0.5619834710743802, "f1-score": 0.6666666666666667, "support": 121.0}, "Legal": {"precision": 0.7647058823529411, "recall": 0.5, "f1-score": 0.6046511627906976, "support": 26.0}, "News": {"precision": 0.7225274725274725, "recall": 0.8885135135135135, "f1-score": 0.796969696969697, "support": 296.0}, "Opinion/Argumentation": {"precision": 0.8799126637554585, "recall": 0.7408088235294118, "f1-score": 0.8043912175648703, "support": 544.0}, "Other": {"precision": 0.9855595667870036, "recall": 0.9285714285714286, "f1-score": 0.9562171628721541, "support": 294.0}, "Promotion": {"precision": 0.764, "recall": 0.8268398268398268, "f1-score": 0.7941787941787942, "support": 231.0}, "Prose/Lyrical": {"precision": 0.589622641509434, "recall": 0.573394495412844, "f1-score": 0.5813953488372094, "support": 218.0}}}