{"f1": 0.8202643171806167, "f1_macro": 0.7494674646105209, "precision": 0.8308790718429273, "recall": 0.8099173553719008, "accuracy": 0.7745234774523477, "threshold": 0.44999999999999996, "label_scores": {"MT": {"precision": 0.9854545454545455, "recall": 0.9818840579710145, "f1-score": 0.9836660617059891, "support": 276.0}, "LY": {"precision": 0.0, "recall": 0.0, "f1-score": 0.0, "support": 5.0}, "SP": {"precision": 1.0, "recall": 0.2222222222222222, "f1-score": 0.3636363636363636, "support": 18.0}, "ID": {"precision": 0.8809523809523809, "recall": 0.8008658008658008, "f1-score": 0.8390022675736961, "support": 231.0}, "NA": {"precision": 0.8116113744075829, "recall": 0.9084880636604774, "f1-score": 0.8573216520650813, "support": 754.0}, "HI": {"precision": 0.7741935483870968, "recall": 0.6153846153846154, "f1-score": 0.6857142857142857, "support": 117.0}, "IN": {"precision": 0.7877813504823151, "recall": 0.6767955801104972, "f1-score": 0.7280832095096583, "support": 362.0}, "OP": {"precision": 0.85, "recall": 0.7183098591549296, "f1-score": 0.7786259541984734, "support": 284.0}, "IP": {"precision": 0.7424242424242424, "recall": 0.7777777777777778, "f1-score": 0.7596899224806201, "support": 252.0}}}