{"f1": 0.696969696969697, "precision": 0.8070175438596491, "recall": 0.6133333333333333, "accuracy": 0.5864661654135338, "threshold": 0.6499999999999999, "label_scores": {"MT": {"precision": 0.8125, "recall": 0.7647058823529411, "f1-score": 0.787878787878788, "support": 17.0}, "LY": {"precision": 0.0, "recall": 0.0, "f1-score": 0.0, "support": 0.0}, "SP": {"precision": 0.0, "recall": 0.0, "f1-score": 0.0, "support": 0.0}, "ID": {"precision": 1.0, "recall": 0.5, "f1-score": 0.6666666666666666, "support": 4.0}, "NA": {"precision": 0.8695652173913043, "recall": 0.7407407407407407, "f1-score": 0.7999999999999999, "support": 27.0}, "HI": {"precision": 0.8, "recall": 0.4, "f1-score": 0.5333333333333333, "support": 10.0}, "IN": {"precision": 0.8695652173913043, "recall": 0.4444444444444444, "f1-score": 0.5882352941176471, "support": 45.0}, "OP": {"precision": 0.4, "recall": 0.2222222222222222, "f1-score": 0.2857142857142857, "support": 9.0}, "IP": {"precision": 0.775, "recall": 0.8157894736842105, "f1-score": 0.7948717948717949, "support": 38.0}}}