{"f1": 0.7798481711525189, "precision": 0.7902097902097902, "recall": 0.7697547683923706, "accuracy": 0.6486704270749396, "threshold": 0.44999999999999996, "label_scores": {"MT": {"precision": 0.9347826086956522, "recall": 0.671875, "f1-score": 0.7818181818181819, "support": 64.0}, "LY": {"precision": 0.8571428571428571, "recall": 0.9230769230769231, "f1-score": 0.888888888888889, "support": 13.0}, "SP": {"precision": 0.6428571428571429, "recall": 0.6, "f1-score": 0.6206896551724138, "support": 15.0}, "ID": {"precision": 0.8823529411764706, "recall": 0.875, "f1-score": 0.8786610878661087, "support": 120.0}, "NA": {"precision": 0.7701492537313432, "recall": 0.7938461538461539, "f1-score": 0.7818181818181817, "support": 325.0}, "HI": {"precision": 0.7164179104477612, "recall": 0.6666666666666666, "f1-score": 0.6906474820143884, "support": 72.0}, "IN": {"precision": 0.7717717717717718, "recall": 0.803125, "f1-score": 0.7871362940275651, "support": 320.0}, "OP": {"precision": 0.7857142857142857, "recall": 0.5866666666666667, "f1-score": 0.6717557251908396, "support": 150.0}, "IP": {"precision": 0.7948717948717948, "recall": 0.7969151670951157, "f1-score": 0.7958921694480103, "support": 389.0}}}