{"f1": 0.7360952162966353, "precision": 0.7258938244853738, "recall": 0.746587426873433, "accuracy": 0.5994356777092695, "threshold": 0.44999999999999996, "label_scores": {"MT": {"precision": 0.0, "recall": 0.0, "f1-score": 0.0, "support": 0.0}, "LY": {"precision": 0.9112903225806451, "recall": 0.837037037037037, "f1-score": 0.8725868725868726, "support": 135.0}, "SP": {"precision": 0.625, "recall": 0.7191780821917808, "f1-score": 0.6687898089171974, "support": 146.0}, "ID": {"precision": 0.8551617873651772, "recall": 0.8090379008746356, "f1-score": 0.8314606741573034, "support": 686.0}, "NA": {"precision": 0.8059090909090909, "recall": 0.8316135084427767, "f1-score": 0.8185595567867036, "support": 4264.0}, "HI": {"precision": 0.6047619047619047, "recall": 0.6180048661800487, "f1-score": 0.6113116726835138, "support": 411.0}, "IN": {"precision": 0.6406147809025506, "recall": 0.7546224961479199, "f1-score": 0.6929607357622922, "support": 2596.0}, "OP": {"precision": 0.6678132678132678, "recall": 0.638327853452325, "f1-score": 0.6527377521613832, "support": 2129.0}, "IP": {"precision": 0.7095238095238096, "recall": 0.3706467661691542, "f1-score": 0.4869281045751634, "support": 402.0}}}