{"f1": 0.6721991701244813, "precision": 0.675, "recall": 0.6694214876033058, "accuracy": 0.5108695652173914, "threshold": 0.3, "label_scores": {"MT": {"precision": 0.2857142857142857, "recall": 0.6666666666666666, "f1-score": 0.4, "support": 3.0}, "LY": {"precision": 0.0, "recall": 0.0, "f1-score": 0.0, "support": 0.0}, "SP": {"precision": 0.0, "recall": 0.0, "f1-score": 0.0, "support": 0.0}, "ID": {"precision": 0.75, "recall": 0.375, "f1-score": 0.5, "support": 8.0}, "NA": {"precision": 0.9142857142857143, "recall": 0.8205128205128205, "f1-score": 0.8648648648648648, "support": 39.0}, "HI": {"precision": 0.6, "recall": 0.375, "f1-score": 0.4615384615384615, "support": 8.0}, "IN": {"precision": 0.7407407407407407, "recall": 0.6666666666666666, "f1-score": 0.7017543859649122, "support": 30.0}, "OP": {"precision": 0.6111111111111112, "recall": 0.6470588235294118, "f1-score": 0.6285714285714287, "support": 17.0}, "IP": {"precision": 0.43478260869565216, "recall": 0.625, "f1-score": 0.5128205128205128, "support": 16.0}}}