{"f1": 0.6835443037974683, "precision": 0.7941176470588235, "recall": 0.6, "accuracy": 0.5441176470588235, "threshold": 0.49999999999999994, "label_scores": {"MT": {"precision": 1.0, "recall": 0.5, "f1-score": 0.6666666666666666, "support": 2.0}, "LY": {"precision": 1.0, "recall": 0.3333333333333333, "f1-score": 0.5, "support": 3.0}, "SP": {"precision": 0.0, "recall": 0.0, "f1-score": 0.0, "support": 1.0}, "ID": {"precision": 0.0, "recall": 0.0, "f1-score": 0.0, "support": 0.0}, "NA": {"precision": 0.8260869565217391, "recall": 0.95, "f1-score": 0.8837209302325583, "support": 20.0}, "HI": {"precision": 0.75, "recall": 0.5, "f1-score": 0.6, "support": 6.0}, "IN": {"precision": 0.8181818181818182, "recall": 0.5625, "f1-score": 0.6666666666666666, "support": 16.0}, "OP": {"precision": 0.7142857142857143, "recall": 0.2631578947368421, "f1-score": 0.3846153846153846, "support": 19.0}, "IP": {"precision": 0.7619047619047619, "recall": 0.6956521739130435, "f1-score": 0.7272727272727272, "support": 23.0}}}