{"f1": 0.7716420630581374, "f1_macro": 0.7123161463037132, "precision": 0.7723458591754834, "recall": 0.770939548434086, "accuracy": 0.5522041763341067, "threshold": 0.39999999999999997, "label_scores": {"MT": {"precision": 0.8796296296296297, "recall": 0.8189655172413793, "f1-score": 0.8482142857142858, "support": 116.0}, "LY": {"precision": 0.0, "recall": 0.0, "f1-score": 0.0, "support": 15.0}, "SP": {"precision": 0.0, "recall": 0.0, "f1-score": 0.0, "support": 7.0}, "ID": {"precision": 0.8787878787878788, "recall": 0.5686274509803921, "f1-score": 0.6904761904761905, "support": 51.0}, "NA": {"precision": 0.7929411764705883, "recall": 0.8575063613231552, "f1-score": 0.823960880195599, "support": 393.0}, "HI": {"precision": 0.7142857142857143, "recall": 0.5128205128205128, "f1-score": 0.5970149253731343, "support": 78.0}, "IN": {"precision": 0.7395833333333334, "recall": 0.8402366863905325, "f1-score": 0.7867036011080333, "support": 338.0}, "OP": {"precision": 0.6766467065868264, "recall": 0.6890243902439024, "f1-score": 0.6827794561933535, "support": 164.0}, "IP": {"precision": 0.8208616780045351, "recall": 0.8497652582159625, "f1-score": 0.8350634371395619, "support": 426.0}, "it": {"precision": 0.0, "recall": 0.0, "f1-score": 0.0, "support": 6.0}, "ne": {"precision": 0.7264150943396226, "recall": 0.8105263157894737, "f1-score": 0.7661691542288557, "support": 95.0}, "sr": {"precision": 1.0, "recall": 0.35714285714285715, "f1-score": 0.5263157894736842, "support": 14.0}, "nb": {"precision": 0.8134920634920635, "recall": 0.8333333333333334, "f1-score": 0.8232931726907631, "support": 246.0}, "re": {"precision": 0.7727272727272727, "recall": 0.9444444444444444, "f1-score": 0.85, "support": 18.0}, "en": {"precision": 0.9338235294117647, "recall": 0.9548872180451128, "f1-score": 0.9442379182156134, "support": 133.0}, "ra": {"precision": 0.0, "recall": 0.0, "f1-score": 0.0, "support": 1.0}, "dtp": {"precision": 0.39814814814814814, "recall": 0.46236559139784944, "f1-score": 0.42786069651741293, "support": 93.0}, "fi": {"precision": 1.0, "recall": 0.5666666666666667, "f1-score": 0.7234042553191489, "support": 30.0}, "lt": {"precision": 0.8095238095238095, "recall": 0.4473684210526316, "f1-score": 0.576271186440678, "support": 38.0}, "rv": {"precision": 0.8360655737704918, "recall": 0.75, "f1-score": 0.7906976744186046, "support": 68.0}, "ob": {"precision": 0.725, "recall": 0.5370370370370371, "f1-score": 0.6170212765957447, "support": 54.0}, "rs": {"precision": 0.0, "recall": 0.0, "f1-score": 0.0, "support": 9.0}, "av": {"precision": 0.6428571428571429, "recall": 0.3333333333333333, "f1-score": 0.43902439024390244, "support": 27.0}, "ds": {"precision": 0.7536231884057971, "recall": 0.8201892744479495, "f1-score": 0.7854984894259819, "support": 317.0}, "ed": {"precision": 0.0, "recall": 0.0, "f1-score": 0.0, "support": 9.0}}}