{"f1": 0.7869396790260099, "f1_macro": 0.7194905064070753, "precision": 0.8172413793103448, "recall": 0.7588046958377801, "accuracy": 0.6663524976437323, "threshold": 0.49999999999999994, "label_scores": {"MT": {"precision": 1.0, "recall": 0.935251798561151, "f1-score": 0.966542750929368, "support": 139.0}, "LY": {"precision": 1.0, "recall": 0.3333333333333333, "f1-score": 0.5, "support": 3.0}, "SP": {"precision": 0.6666666666666666, "recall": 0.25, "f1-score": 0.36363636363636365, "support": 8.0}, "ID": {"precision": 0.9029126213592233, "recall": 0.8611111111111112, "f1-score": 0.8815165876777251, "support": 108.0}, "NA": {"precision": 0.8383838383838383, "recall": 0.8405063291139241, "f1-score": 0.8394437420986095, "support": 395.0}, "HI": {"precision": 0.8461538461538461, "recall": 0.6, "f1-score": 0.7021276595744681, "support": 55.0}, "IN": {"precision": 0.7532467532467533, "recall": 0.6744186046511628, "f1-score": 0.7116564417177915, "support": 172.0}, "OP": {"precision": 0.7835820895522388, "recall": 0.75, "f1-score": 0.7664233576642335, "support": 140.0}, "IP": {"precision": 0.8015873015873016, "recall": 0.753731343283582, "f1-score": 0.7769230769230769, "support": 134.0}, "it": {"precision": 0.0, "recall": 0.0, "f1-score": 0.0, "support": 4.0}, "ne": {"precision": 0.7622377622377622, "recall": 0.7569444444444444, "f1-score": 0.759581881533101, "support": 144.0}, "sr": {"precision": 0.9259259259259259, "recall": 0.8064516129032258, "f1-score": 0.8620689655172414, "support": 31.0}, "nb": {"precision": 0.810126582278481, "recall": 0.8152866242038217, "f1-score": 0.8126984126984126, "support": 157.0}, "re": {"precision": 0.8571428571428571, "recall": 0.75, "f1-score": 0.7999999999999999, "support": 8.0}, "en": {"precision": 0.5555555555555556, "recall": 0.4, "f1-score": 0.46511627906976744, "support": 25.0}, "ra": {"precision": 0.6, "recall": 0.6, "f1-score": 0.6, "support": 5.0}, "dtp": {"precision": 0.5970149253731343, "recall": 0.5263157894736842, "f1-score": 0.5594405594405594, "support": 76.0}, "fi": {"precision": 0.0, "recall": 0.0, "f1-score": 0.0, "support": 2.0}, "lt": {"precision": 0.7777777777777778, "recall": 0.7, "f1-score": 0.7368421052631577, "support": 10.0}, "rv": {"precision": 0.8225806451612904, "recall": 0.85, "f1-score": 0.8360655737704918, "support": 60.0}, "ob": {"precision": 0.7222222222222222, "recall": 0.3939393939393939, "f1-score": 0.5098039215686274, "support": 33.0}, "rs": {"precision": 0.8421052631578947, "recall": 0.8421052631578947, "f1-score": 0.8421052631578947, "support": 38.0}, "av": {"precision": 0.0, "recall": 0.0, "f1-score": 0.0, "support": 6.0}, "ds": {"precision": 0.85, "recall": 0.7870370370370371, "f1-score": 0.8173076923076923, "support": 108.0}, "ed": {"precision": 0.0, "recall": 0.0, "f1-score": 0.0, "support": 13.0}}}