{"f1": 0.7112141109823613, "f1_macro": 0.6599113521103331, "precision": 0.6764633847661033, "recall": 0.749728555917481, "accuracy": 0.5267317526731753, "threshold": 0.35, "label_scores": {"MT": {"precision": 0.9589552238805971, "recall": 0.9311594202898551, "f1-score": 0.9448529411764707, "support": 276.0}, "LY": {"precision": 0.0, "recall": 0.0, "f1-score": 0.0, "support": 5.0}, "SP": {"precision": 0.0, "recall": 0.0, "f1-score": 0.0, "support": 18.0}, "ID": {"precision": 0.7319148936170212, "recall": 0.7445887445887446, "f1-score": 0.7381974248927039, "support": 231.0}, "NA": {"precision": 0.7053941908713693, "recall": 0.9018567639257294, "f1-score": 0.7916181606519209, "support": 754.0}, "HI": {"precision": 0.5858585858585859, "recall": 0.49572649572649574, "f1-score": 0.537037037037037, "support": 117.0}, "IN": {"precision": 0.6449864498644986, "recall": 0.6574585635359116, "f1-score": 0.6511627906976745, "support": 362.0}, "OP": {"precision": 0.7043189368770764, "recall": 0.7464788732394366, "f1-score": 0.7247863247863248, "support": 284.0}, "IP": {"precision": 0.6678082191780822, "recall": 0.7738095238095238, "f1-score": 0.7169117647058822, "support": 252.0}, "it": {"precision": 0.0, "recall": 0.0, "f1-score": 0.0, "support": 13.0}, "ne": {"precision": 0.47235023041474655, "recall": 0.9111111111111111, "f1-score": 0.622154779969651, "support": 225.0}, "sr": {"precision": 0.9811320754716981, "recall": 0.7323943661971831, "f1-score": 0.8387096774193548, "support": 71.0}, "nb": {"precision": 0.7587209302325582, "recall": 0.7837837837837838, "f1-score": 0.7710487444608568, "support": 333.0}, "re": {"precision": 0.0, "recall": 0.0, "f1-score": 0.0, "support": 8.0}, "en": {"precision": 0.875, "recall": 0.15555555555555556, "f1-score": 0.26415094339622647, "support": 45.0}, "ra": {"precision": 0.7142857142857143, "recall": 0.35714285714285715, "f1-score": 0.4761904761904762, "support": 14.0}, "dtp": {"precision": 0.35233160621761656, "recall": 0.5, "f1-score": 0.4133738601823708, "support": 136.0}, "fi": {"precision": 0.0, "recall": 0.0, "f1-score": 0.0, "support": 4.0}, "lt": {"precision": 0.0, "recall": 0.0, "f1-score": 0.0, "support": 26.0}, "rv": {"precision": 0.9024390243902439, "recall": 0.6788990825688074, "f1-score": 0.774869109947644, "support": 109.0}, "ob": {"precision": 0.4, "recall": 0.5, "f1-score": 0.4444444444444445, "support": 68.0}, "rs": {"precision": 0.8571428571428571, "recall": 0.6818181818181818, "f1-score": 0.759493670886076, "support": 88.0}, "av": {"precision": 0.0, "recall": 0.0, "f1-score": 0.0, "support": 12.0}, "ds": {"precision": 0.6594982078853047, "recall": 0.8679245283018868, "f1-score": 0.74949083503055, "support": 212.0}, "ed": {"precision": 0.0, "recall": 0.0, "f1-score": 0.0, "support": 21.0}}}