{"f1": 0.7557377049180328, "precision": 0.7048929663608563, "recall": 0.8144876325088339, "accuracy": 0.5829694323144105, "pr_auc": 0.8054755881022349, "threshold": 0.3, "label_scores": {"MT": {"precision": 0.7570093457943925, "recall": 0.7363636363636363, "f1-score": 0.7465437788018432, "support": 110.0}, "LY": {"precision": 0.0, "recall": 0.0, "f1-score": 0.0, "support": 7.0}, "SP": {"precision": 0.0, "recall": 0.0, "f1-score": 0.0, "support": 13.0}, "ID": {"precision": 1.0, "recall": 0.08695652173913043, "f1-score": 0.16, "support": 23.0}, "NA": {"precision": 0.8514056224899599, "recall": 0.925764192139738, "f1-score": 0.887029288702929, "support": 229.0}, "HI": {"precision": 0.6944444444444444, "recall": 0.7575757575757576, "f1-score": 0.7246376811594203, "support": 33.0}, "IN": {"precision": 0.6785714285714286, "recall": 0.8216216216216217, "f1-score": 0.743276283618582, "support": 185.0}, "OP": {"precision": 0.5423728813559322, "recall": 0.6956521739130435, "f1-score": 0.6095238095238096, "support": 92.0}, "IP": {"precision": 0.6658291457286433, "recall": 0.9330985915492958, "f1-score": 0.777126099706745, "support": 284.0}, "it": {"precision": 0.0, "recall": 0.0, "f1-score": 0.0, "support": 7.0}, "ne": {"precision": 0.8235294117647058, "recall": 0.9528795811518325, "f1-score": 0.883495145631068, "support": 191.0}, "sr": {"precision": 1.0, "recall": 0.5, "f1-score": 0.6666666666666666, "support": 14.0}, "nb": {"precision": 0.7083333333333334, "recall": 0.7391304347826086, "f1-score": 0.723404255319149, "support": 23.0}, "re": {"precision": 0.84, "recall": 1.0, "f1-score": 0.9130434782608696, "support": 21.0}, "en": {"precision": 0.0, "recall": 0.0, "f1-score": 0.0, "support": 4.0}, "ra": {"precision": 0.0, "recall": 0.0, "f1-score": 0.0, "support": 0.0}, "dtp": {"precision": 0.5384615384615384, "recall": 0.7608695652173914, "f1-score": 0.6306306306306305, "support": 46.0}, "fi": {"precision": 0.0, "recall": 0.0, "f1-score": 0.0, "support": 3.0}, "lt": {"precision": 0.6666666666666666, "recall": 0.7169811320754716, "f1-score": 0.6909090909090909, "support": 53.0}, "rv": {"precision": 0.4074074074074074, "recall": 0.3548387096774194, "f1-score": 0.3793103448275862, "support": 31.0}, "ob": {"precision": 0.3181818181818182, "recall": 0.3181818181818182, "f1-score": 0.3181818181818182, "support": 22.0}, "rs": {"precision": 0.875, "recall": 0.7, "f1-score": 0.7777777777777777, "support": 10.0}, "av": {"precision": 0.5294117647058824, "recall": 0.45, "f1-score": 0.48648648648648646, "support": 20.0}, "ds": {"precision": 0.7433333333333333, "recall": 0.9139344262295082, "f1-score": 0.8198529411764705, "support": 244.0}, "ed": {"precision": 0.45454545454545453, "recall": 0.7575757575757576, "f1-score": 0.5681818181818181, "support": 33.0}}}