{"f1": 0.7204968944099379, "f1_macro": 0.6918845522293797, "precision": 0.8055555555555556, "recall": 0.651685393258427, "accuracy": 0.5882352941176471, "threshold": 0.44999999999999996, "label_scores": {"Forum": {"precision": 0.0, "recall": 0.0, "f1-score": 0.0, "support": 0.0}, "Information/Explanation": {"precision": 0.7142857142857143, "recall": 0.6666666666666666, "f1-score": 0.689655172413793, "support": 15.0}, "Instruction": {"precision": 0.75, "recall": 0.5, "f1-score": 0.6, "support": 6.0}, "Legal": {"precision": 1.0, "recall": 1.0, "f1-score": 1.0, "support": 1.0}, "News": {"precision": 0.8636363636363636, "recall": 0.95, "f1-score": 0.9047619047619048, "support": 20.0}, "Opinion/Argumentation": {"precision": 1.0, "recall": 0.3333333333333333, "f1-score": 0.5, "support": 21.0}, "Other": {"precision": 1.0, "recall": 0.3333333333333333, "f1-score": 0.5, "support": 3.0}, "Promotion": {"precision": 0.7894736842105263, "recall": 0.75, "f1-score": 0.7692307692307692, "support": 20.0}, "Prose/Lyrical": {"precision": 0.5, "recall": 0.6666666666666666, "f1-score": 0.5714285714285715, "support": 3.0}}}