{"f1": 0.7894736842105262, "f1_macro": 0.6694673774617673, "precision": 0.7988165680473372, "recall": 0.7803468208092486, "accuracy": 0.73125, "threshold": 0.44999999999999996, "label_scores": {"Forum": {"precision": 1.0, "recall": 1.0, "f1-score": 1.0, "support": 1.0}, "Information/Explanation": {"precision": 0.7777777777777778, "recall": 0.8484848484848485, "f1-score": 0.8115942028985507, "support": 33.0}, "Instruction": {"precision": 0.6666666666666666, "recall": 0.6666666666666666, "f1-score": 0.6666666666666666, "support": 9.0}, "Legal": {"precision": 0.5, "recall": 1.0, "f1-score": 0.6666666666666666, "support": 1.0}, "News": {"precision": 0.8974358974358975, "recall": 0.9722222222222222, "f1-score": 0.9333333333333333, "support": 72.0}, "Opinion/Argumentation": {"precision": 0.6, "recall": 0.5625, "f1-score": 0.5806451612903225, "support": 16.0}, "Other": {"precision": 0.5, "recall": 0.42857142857142855, "f1-score": 0.4615384615384615, "support": 7.0}, "Promotion": {"precision": 0.5, "recall": 0.08333333333333333, "f1-score": 0.14285714285714285, "support": 12.0}, "Prose/Lyrical": {"precision": 0.8, "recall": 0.7272727272727273, "f1-score": 0.761904761904762, "support": 22.0}}}