{"f1": 0.6596306068601583, "f1_macro": 0.6122558964664228, "precision": 0.6720430107526881, "recall": 0.6476683937823834, "accuracy": 0.40217391304347827, "threshold": 0.39999999999999997, "label_scores": {"MT": {"precision": 0.16666666666666666, "recall": 0.3333333333333333, "f1-score": 0.2222222222222222, "support": 3.0}, "LY": {"precision": 0.0, "recall": 0.0, "f1-score": 0.0, "support": 0.0}, "SP": {"precision": 0.0, "recall": 0.0, "f1-score": 0.0, "support": 0.0}, "ID": {"precision": 1.0, "recall": 0.375, "f1-score": 0.5454545454545454, "support": 8.0}, "NA": {"precision": 0.9428571428571428, "recall": 0.8461538461538461, "f1-score": 0.8918918918918919, "support": 39.0}, "HI": {"precision": 1.0, "recall": 0.375, "f1-score": 0.5454545454545454, "support": 8.0}, "IN": {"precision": 0.8095238095238095, "recall": 0.5666666666666667, "f1-score": 0.6666666666666666, "support": 30.0}, "OP": {"precision": 0.5555555555555556, "recall": 0.5882352941176471, "f1-score": 0.5714285714285715, "support": 17.0}, "IP": {"precision": 0.5789473684210527, "recall": 0.6875, "f1-score": 0.6285714285714286, "support": 16.0}, "it": {"precision": 0.0, "recall": 0.0, "f1-score": 0.0, "support": 0.0}, "ne": {"precision": 0.96, "recall": 0.8888888888888888, "f1-score": 0.923076923076923, "support": 27.0}, "sr": {"precision": 0.7142857142857143, "recall": 1.0, "f1-score": 0.8333333333333333, "support": 5.0}, "nb": {"precision": 0.0, "recall": 0.0, "f1-score": 0.0, "support": 3.0}, "re": {"precision": 1.0, "recall": 1.0, "f1-score": 1.0, "support": 2.0}, "en": {"precision": 0.5, "recall": 1.0, "f1-score": 0.6666666666666666, "support": 1.0}, "ra": {"precision": 1.0, "recall": 0.5, "f1-score": 0.6666666666666666, "support": 2.0}, "dtp": {"precision": 0.3333333333333333, "recall": 0.5, "f1-score": 0.4, "support": 6.0}, "fi": {"precision": 0.0, "recall": 0.0, "f1-score": 0.0, "support": 2.0}, "lt": {"precision": 0.4, "recall": 1.0, "f1-score": 0.5714285714285715, "support": 2.0}, "rv": {"precision": 0.3333333333333333, "recall": 0.16666666666666666, "f1-score": 0.2222222222222222, "support": 6.0}, "ob": {"precision": 0.6666666666666666, "recall": 0.3333333333333333, "f1-score": 0.4444444444444444, "support": 6.0}, "rs": {"precision": 0.6666666666666666, "recall": 0.6666666666666666, "f1-score": 0.6666666666666666, "support": 6.0}, "av": {"precision": 0.5, "recall": 1.0, "f1-score": 0.6666666666666666, "support": 1.0}, "ds": {"precision": 0.0, "recall": 0.0, "f1-score": 0.0, "support": 0.0}, "ed": {"precision": 1.0, "recall": 0.3333333333333333, "f1-score": 0.5, "support": 3.0}}}