{"f1": 0.6503923278116825, "f1_macro": 0.592766918467027, "precision": 0.6322033898305085, "recall": 0.6696588868940754, "accuracy": 0.4227129337539432, "threshold": 0.39999999999999997, "label_scores": {"MT": {"precision": 0.0, "recall": 0.0, "f1-score": 0.0, "support": 5.0}, "LY": {"precision": 0.4, "recall": 0.6666666666666666, "f1-score": 0.5, "support": 3.0}, "SP": {"precision": 0.0, "recall": 0.0, "f1-score": 0.0, "support": 1.0}, "ID": {"precision": 0.6, "recall": 0.75, "f1-score": 0.6666666666666665, "support": 8.0}, "NA": {"precision": 0.8863636363636364, "recall": 0.8041237113402062, "f1-score": 0.8432432432432433, "support": 97.0}, "HI": {"precision": 0.25, "recall": 0.4166666666666667, "f1-score": 0.3125, "support": 12.0}, "IN": {"precision": 0.5514018691588785, "recall": 0.8676470588235294, "f1-score": 0.6742857142857143, "support": 68.0}, "OP": {"precision": 0.40425531914893614, "recall": 0.5135135135135135, "f1-score": 0.4523809523809524, "support": 37.0}, "IP": {"precision": 0.8018867924528302, "recall": 0.7391304347826086, "f1-score": 0.7692307692307693, "support": 115.0}, "it": {"precision": 0.0, "recall": 0.0, "f1-score": 0.0, "support": 0.0}, "ne": {"precision": 0.5294117647058824, "recall": 0.75, "f1-score": 0.6206896551724139, "support": 24.0}, "sr": {"precision": 1.0, "recall": 1.0, "f1-score": 1.0, "support": 7.0}, "nb": {"precision": 0.21428571428571427, "recall": 0.3, "f1-score": 0.25, "support": 10.0}, "re": {"precision": 0.0, "recall": 0.0, "f1-score": 0.0, "support": 0.0}, "en": {"precision": 1.0, "recall": 1.0, "f1-score": 1.0, "support": 1.0}, "ra": {"precision": 0.8, "recall": 0.6666666666666666, "f1-score": 0.7272727272727272, "support": 6.0}, "dtp": {"precision": 0.21739130434782608, "recall": 0.35714285714285715, "f1-score": 0.27027027027027023, "support": 14.0}, "fi": {"precision": 0.0, "recall": 0.0, "f1-score": 0.0, "support": 5.0}, "lt": {"precision": 0.7692307692307693, "recall": 0.5882352941176471, "f1-score": 0.6666666666666667, "support": 17.0}, "rv": {"precision": 0.35, "recall": 0.4666666666666667, "f1-score": 0.4, "support": 15.0}, "ob": {"precision": 0.3333333333333333, "recall": 0.2, "f1-score": 0.25, "support": 5.0}, "rs": {"precision": 0.0, "recall": 0.0, "f1-score": 0.0, "support": 0.0}, "av": {"precision": 0.625, "recall": 0.5555555555555556, "f1-score": 0.5882352941176471, "support": 9.0}, "ds": {"precision": 0.7733333333333333, "recall": 0.6041666666666666, "f1-score": 0.6783625730994152, "support": 96.0}, "ed": {"precision": 0.0, "recall": 0.0, "f1-score": 0.0, "support": 2.0}}}