{"f1": 0.7730496453900709, "f1_macro": 0.7392934345290116, "precision": 0.7862939585211902, "recall": 0.7602441150828247, "accuracy": 0.7229195722919572, "threshold": 0.49999999999999994, "label_scores": {"Forum": {"precision": 0.8878048780487805, "recall": 0.7878787878787878, "f1-score": 0.8348623853211008, "support": 231.0}, "Information/Explanation": {"precision": 0.7034700315457413, "recall": 0.6696696696696697, "f1-score": 0.6861538461538461, "support": 333.0}, "Instruction": {"precision": 0.8089887640449438, "recall": 0.5950413223140496, "f1-score": 0.6857142857142857, "support": 121.0}, "Legal": {"precision": 0.5833333333333334, "recall": 0.5384615384615384, "f1-score": 0.5599999999999999, "support": 26.0}, "News": {"precision": 0.7208672086720868, "recall": 0.8986486486486487, "f1-score": 0.7999999999999999, "support": 296.0}, "Opinion/Argumentation": {"precision": 0.8637316561844863, "recall": 0.7573529411764706, "f1-score": 0.8070519098922624, "support": 544.0}, "Other": {"precision": 0.9891696750902527, "recall": 0.9319727891156463, "f1-score": 0.9597197898423818, "support": 294.0}, "Promotion": {"precision": 0.7758620689655172, "recall": 0.7792207792207793, "f1-score": 0.7775377969762419, "support": 231.0}, "Prose/Lyrical": {"precision": 0.5307017543859649, "recall": 0.555045871559633, "f1-score": 0.5426008968609864, "support": 218.0}}}