{"f1": 0.600836820083682, "f1_macro": 0.48198408896238853, "precision": 0.673125, "recall": 0.5425692695214106, "accuracy": 0.35834738617200673, "threshold": 0.3, "label_scores": {"Forum": {"precision": 0.42105263157894735, "recall": 0.18181818181818182, "f1-score": 0.25396825396825395, "support": 44.0}, "Information/Explanation": {"precision": 0.7058823529411765, "recall": 0.3609022556390977, "f1-score": 0.47761194029850745, "support": 532.0}, "Instruction": {"precision": 0.5642857142857143, "recall": 0.6171875, "f1-score": 0.5895522388059702, "support": 128.0}, "Legal": {"precision": 0.2727272727272727, "recall": 0.23076923076923078, "f1-score": 0.24999999999999994, "support": 13.0}, "News": {"precision": 0.8522427440633246, "recall": 0.9444444444444444, "f1-score": 0.895977808599168, "support": 342.0}, "Opinion/Argumentation": {"precision": 0.6590909090909091, "recall": 0.48739495798319327, "f1-score": 0.5603864734299517, "support": 357.0}, "Other": {"precision": 0.20212765957446807, "recall": 0.14285714285714285, "f1-score": 0.16740088105726872, "support": 133.0}, "Promotion": {"precision": 0.6911764705882353, "recall": 0.7730263157894737, "f1-score": 0.7298136645962733, "support": 304.0}, "Prose/Lyrical": {"precision": 0.5432098765432098, "recall": 0.3333333333333333, "f1-score": 0.4131455399061033, "support": 132.0}}}