{"f1": 0.7596741344195519, "f1_macro": 0.66963101629009, "precision": 0.7550607287449392, "recall": 0.764344262295082, "accuracy": 0.6812227074235808, "threshold": 0.44999999999999996, "label_scores": {"MT": {"precision": 0.8985507246376812, "recall": 0.5636363636363636, "f1-score": 0.6927374301675977, "support": 110.0}, "LY": {"precision": 0.8, "recall": 0.5714285714285714, "f1-score": 0.6666666666666666, "support": 7.0}, "SP": {"precision": 0.6363636363636364, "recall": 0.5384615384615384, "f1-score": 0.5833333333333334, "support": 13.0}, "ID": {"precision": 0.5454545454545454, "recall": 0.2608695652173913, "f1-score": 0.3529411764705882, "support": 23.0}, "NA": {"precision": 0.8589211618257261, "recall": 0.9039301310043668, "f1-score": 0.8808510638297872, "support": 229.0}, "HI": {"precision": 0.7428571428571429, "recall": 0.7878787878787878, "f1-score": 0.7647058823529412, "support": 33.0}, "IN": {"precision": 0.6990291262135923, "recall": 0.7783783783783784, "f1-score": 0.7365728900255755, "support": 185.0}, "OP": {"precision": 0.5903614457831325, "recall": 0.532608695652174, "f1-score": 0.5599999999999999, "support": 92.0}, "IP": {"precision": 0.7370030581039755, "recall": 0.8485915492957746, "f1-score": 0.7888707037643208, "support": 284.0}}}