{"f1": 0.8488372093023256, "precision": 0.8795180722891566, "recall": 0.8202247191011236, "accuracy": 0.7875, "threshold": 0.44999999999999996, "label_scores": {"MT": {"precision": 0.25, "recall": 1.0, "f1-score": 0.4, "support": 1.0}, "LY": {"precision": 1.0, "recall": 0.6666666666666666, "f1-score": 0.8, "support": 3.0}, "SP": {"precision": 0.0, "recall": 0.0, "f1-score": 0.0, "support": 0.0}, "ID": {"precision": 0.25, "recall": 1.0, "f1-score": 0.4, "support": 1.0}, "NA": {"precision": 0.9514563106796117, "recall": 0.98, "f1-score": 0.9655172413793104, "support": 100.0}, "HI": {"precision": 1.0, "recall": 0.5, "f1-score": 0.6666666666666666, "support": 2.0}, "IN": {"precision": 0.8, "recall": 0.5, "f1-score": 0.6153846153846154, "support": 24.0}, "OP": {"precision": 0.8484848484848485, "recall": 0.8, "f1-score": 0.823529411764706, "support": 35.0}, "IP": {"precision": 0.75, "recall": 0.25, "f1-score": 0.375, "support": 12.0}}}