{"f1": 0.689655172413793, "f1_macro": 0.5842820276782541, "precision": 0.7207207207207207, "recall": 0.6611570247933884, "accuracy": 0.532608695652174, "threshold": 0.35, "label_scores": {"MT": {"precision": 0.16666666666666666, "recall": 0.3333333333333333, "f1-score": 0.2222222222222222, "support": 3.0}, "LY": {"precision": 0.0, "recall": 0.0, "f1-score": 0.0, "support": 0.0}, "SP": {"precision": 0.0, "recall": 0.0, "f1-score": 0.0, "support": 0.0}, "ID": {"precision": 1.0, "recall": 0.375, "f1-score": 0.5454545454545454, "support": 8.0}, "NA": {"precision": 0.9428571428571428, "recall": 0.8461538461538461, "f1-score": 0.8918918918918919, "support": 39.0}, "HI": {"precision": 1.0, "recall": 0.375, "f1-score": 0.5454545454545454, "support": 8.0}, "IN": {"precision": 0.782608695652174, "recall": 0.6, "f1-score": 0.6792452830188679, "support": 30.0}, "OP": {"precision": 0.5789473684210527, "recall": 0.6470588235294118, "f1-score": 0.6111111111111113, "support": 17.0}, "IP": {"precision": 0.5238095238095238, "recall": 0.6875, "f1-score": 0.5945945945945946, "support": 16.0}}}