{"f1": 0.7489338285871509, "precision": 0.7398079362203298, "recall": 0.7582876775930912, "accuracy": 0.6188734455010972, "threshold": 0.44999999999999996, "label_scores": {"MT": {"precision": 0.0, "recall": 0.0, "f1-score": 0.0, "support": 0.0}, "LY": {"precision": 0.9426229508196722, "recall": 0.8518518518518519, "f1-score": 0.8949416342412452, "support": 135.0}, "SP": {"precision": 0.6646706586826348, "recall": 0.7602739726027398, "f1-score": 0.7092651757188498, "support": 146.0}, "ID": {"precision": 0.8672985781990521, "recall": 0.8002915451895044, "f1-score": 0.8324488248673237, "support": 686.0}, "NA": {"precision": 0.8169591976293594, "recall": 0.8405253283302064, "f1-score": 0.8285747312449427, "support": 4264.0}, "HI": {"precision": 0.6832844574780058, "recall": 0.5669099756690997, "f1-score": 0.6196808510638298, "support": 411.0}, "IN": {"precision": 0.6889848812095032, "recall": 0.7372881355932204, "f1-score": 0.7123185708969111, "support": 2596.0}, "OP": {"precision": 0.634468085106383, "recall": 0.7003287928604979, "f1-score": 0.6657736101808439, "support": 2129.0}, "IP": {"precision": 0.6653543307086615, "recall": 0.42039800995024873, "f1-score": 0.5152439024390244, "support": 402.0}}}