{"f1": 0.6514206514206514, "precision": 0.5867665418227216, "recall": 0.7320872274143302, "accuracy": 0.42771084337349397, "threshold": 0.3, "label_scores": {"MT": {"precision": 0.0, "recall": 0.0, "f1-score": 0.0, "support": 0.0}, "LY": {"precision": 0.0, "recall": 0.0, "f1-score": 0.0, "support": 4.0}, "SP": {"precision": 0.0, "recall": 0.0, "f1-score": 0.0, "support": 0.0}, "ID": {"precision": 0.5714285714285714, "recall": 0.23529411764705882, "f1-score": 0.3333333333333333, "support": 17.0}, "NA": {"precision": 0.7323943661971831, "recall": 0.9203539823008849, "f1-score": 0.8156862745098039, "support": 113.0}, "HI": {"precision": 0.64, "recall": 0.5, "f1-score": 0.5614035087719298, "support": 32.0}, "IN": {"precision": 0.45054945054945056, "recall": 0.7454545454545455, "f1-score": 0.5616438356164384, "support": 55.0}, "OP": {"precision": 0.3275862068965517, "recall": 0.6333333333333333, "f1-score": 0.43181818181818177, "support": 30.0}, "IP": {"precision": 0.7833333333333333, "recall": 0.831858407079646, "f1-score": 0.8068669527896997, "support": 113.0}, "it": {"precision": 0.0, "recall": 0.0, "f1-score": 0.0, "support": 0.0}, "ne": {"precision": 0.6666666666666666, "recall": 0.9066666666666666, "f1-score": 0.7683615819209039, "support": 75.0}, "sr": {"precision": 0.7142857142857143, "recall": 0.8333333333333334, "f1-score": 0.7692307692307692, "support": 6.0}, "nb": {"precision": 0.4, "recall": 0.42105263157894735, "f1-score": 0.41025641025641024, "support": 19.0}, "re": {"precision": 1.0, "recall": 0.8333333333333334, "f1-score": 0.9090909090909091, "support": 6.0}, "en": {"precision": 0.0, "recall": 0.0, "f1-score": 0.0, "support": 3.0}, "ra": {"precision": 0.0, "recall": 0.0, "f1-score": 0.0, "support": 2.0}, "dtp": {"precision": 0.20754716981132076, "recall": 0.5789473684210527, "f1-score": 0.3055555555555556, "support": 19.0}, "fi": {"precision": 0.0, "recall": 0.0, "f1-score": 0.0, "support": 1.0}, "lt": {"precision": 0.46153846153846156, "recall": 0.75, "f1-score": 0.5714285714285714, "support": 8.0}, "rv": {"precision": 0.42857142857142855, "recall": 0.3333333333333333, "f1-score": 0.375, "support": 9.0}, "ob": {"precision": 0.21052631578947367, "recall": 0.8, "f1-score": 0.3333333333333333, "support": 5.0}, "rs": {"precision": 0.7272727272727273, "recall": 0.8888888888888888, "f1-score": 0.7999999999999999, "support": 9.0}, "av": {"precision": 0.1, "recall": 0.3333333333333333, "f1-score": 0.15384615384615383, "support": 6.0}, "ds": {"precision": 0.8625, "recall": 0.6509433962264151, "f1-score": 0.7419354838709677, "support": 106.0}, "ed": {"precision": 1.0, "recall": 0.75, "f1-score": 0.8571428571428571, "support": 4.0}}}