{"f1": 0.5980392156862745, "precision": 0.6288659793814433, "recall": 0.5700934579439252, "accuracy": 0.54, "threshold": 0.5499999999999999, "label_scores": {"MT": {"precision": 1.0, "recall": 0.25, "f1-score": 0.4, "support": 4.0}, "LY": {"precision": 0.0, "recall": 0.0, "f1-score": 0.0, "support": 0.0}, "SP": {"precision": 1.0, "recall": 1.0, "f1-score": 1.0, "support": 1.0}, "ID": {"precision": 0.6666666666666666, "recall": 1.0, "f1-score": 0.8, "support": 4.0}, "NA": {"precision": 0.8, "recall": 0.3333333333333333, "f1-score": 0.47058823529411764, "support": 36.0}, "HI": {"precision": 0.6666666666666666, "recall": 0.4, "f1-score": 0.5, "support": 10.0}, "IN": {"precision": 0.55, "recall": 0.7333333333333333, "f1-score": 0.6285714285714286, "support": 15.0}, "OP": {"precision": 0.0, "recall": 0.0, "f1-score": 0.0, "support": 4.0}, "IP": {"precision": 0.717948717948718, "recall": 0.8484848484848485, "f1-score": 0.7777777777777778, "support": 33.0}}}