{"f1": 0.8079470198675496, "f1_macro": 0.7117498549525386, "precision": 0.9457364341085271, "recall": 0.7052023121387283, "accuracy": 0.7, "threshold": 0.6499999999999999, "label_scores": {"MT": {"precision": 0.75, "recall": 0.6, "f1-score": 0.6666666666666665, "support": 5.0}, "LY": {"precision": 1.0, "recall": 0.8333333333333334, "f1-score": 0.9090909090909091, "support": 12.0}, "SP": {"precision": 0.0, "recall": 0.0, "f1-score": 0.0, "support": 2.0}, "ID": {"precision": 1.0, "recall": 1.0, "f1-score": 1.0, "support": 1.0}, "NA": {"precision": 0.961038961038961, "recall": 0.8705882352941177, "f1-score": 0.9135802469135802, "support": 85.0}, "HI": {"precision": 0.8333333333333334, "recall": 0.5555555555555556, "f1-score": 0.6666666666666667, "support": 9.0}, "IN": {"precision": 0.92, "recall": 0.6764705882352942, "f1-score": 0.7796610169491526, "support": 34.0}, "OP": {"precision": 1.0, "recall": 0.45454545454545453, "f1-score": 0.625, "support": 11.0}, "IP": {"precision": 1.0, "recall": 0.07142857142857142, "f1-score": 0.13333333333333333, "support": 14.0}}}