{"f1": 0.6628131021194605, "precision": 0.671875, "recall": 0.6539923954372624, "accuracy": 0.42105263157894735, "threshold": 0.44999999999999996, "label_scores": {"MT": {"precision": 0.8125, "recall": 0.7647058823529411, "f1-score": 0.787878787878788, "support": 17.0}, "LY": {"precision": 0.0, "recall": 0.0, "f1-score": 0.0, "support": 0.0}, "SP": {"precision": 0.0, "recall": 0.0, "f1-score": 0.0, "support": 0.0}, "ID": {"precision": 1.0, "recall": 0.5, "f1-score": 0.6666666666666666, "support": 4.0}, "NA": {"precision": 0.6666666666666666, "recall": 0.8148148148148148, "f1-score": 0.7333333333333333, "support": 27.0}, "HI": {"precision": 0.7272727272727273, "recall": 0.8, "f1-score": 0.761904761904762, "support": 10.0}, "IN": {"precision": 0.7435897435897436, "recall": 0.6444444444444445, "f1-score": 0.6904761904761906, "support": 45.0}, "OP": {"precision": 0.42857142857142855, "recall": 0.3333333333333333, "f1-score": 0.375, "support": 9.0}, "IP": {"precision": 0.6956521739130435, "recall": 0.8421052631578947, "f1-score": 0.761904761904762, "support": 38.0}, "it": {"precision": 0.0, "recall": 0.0, "f1-score": 0.0, "support": 0.0}, "ne": {"precision": 0.7, "recall": 0.6363636363636364, "f1-score": 0.6666666666666666, "support": 11.0}, "sr": {"precision": 1.0, "recall": 0.8, "f1-score": 0.888888888888889, "support": 5.0}, "nb": {"precision": 0.42857142857142855, "recall": 0.75, "f1-score": 0.5454545454545454, "support": 8.0}, "re": {"precision": 1.0, "recall": 0.5, "f1-score": 0.6666666666666666, "support": 6.0}, "en": {"precision": 0.42857142857142855, "recall": 1.0, "f1-score": 0.6, "support": 3.0}, "ra": {"precision": 0.0, "recall": 0.0, "f1-score": 0.0, "support": 0.0}, "dtp": {"precision": 0.4444444444444444, "recall": 0.32, "f1-score": 0.37209302325581395, "support": 25.0}, "fi": {"precision": 1.0, "recall": 0.16666666666666666, "f1-score": 0.2857142857142857, "support": 6.0}, "lt": {"precision": 0.3333333333333333, "recall": 1.0, "f1-score": 0.5, "support": 1.0}, "rv": {"precision": 0.25, "recall": 0.3333333333333333, "f1-score": 0.28571428571428575, "support": 3.0}, "ob": {"precision": 0.0, "recall": 0.0, "f1-score": 0.0, "support": 2.0}, "rs": {"precision": 0.0, "recall": 0.0, "f1-score": 0.0, "support": 1.0}, "av": {"precision": 0.0, "recall": 0.0, "f1-score": 0.0, "support": 3.0}, "ds": {"precision": 0.7631578947368421, "recall": 0.8529411764705882, "f1-score": 0.8055555555555555, "support": 34.0}, "ed": {"precision": 0.0, "recall": 0.0, "f1-score": 0.0, "support": 5.0}}}