{"f1": 0.6304347826086957, "precision": 0.7073170731707317, "recall": 0.5686274509803921, "accuracy": 0.34, "pr_auc": 0.6677920291108586, "threshold": 0.6499999999999999, "label_scores": {"MT": {"precision": 0.3333333333333333, "recall": 1.0, "f1-score": 0.5, "support": 1.0}, "LY": {"precision": 0.0, "recall": 0.0, "f1-score": 0.0, "support": 0.0}, "SP": {"precision": 0.0, "recall": 0.0, "f1-score": 0.0, "support": 0.0}, "ID": {"precision": 0.3333333333333333, "recall": 0.25, "f1-score": 0.28571428571428575, "support": 4.0}, "NA": {"precision": 0.896551724137931, "recall": 0.8125, "f1-score": 0.8524590163934426, "support": 32.0}, "HI": {"precision": 1.0, "recall": 0.2857142857142857, "f1-score": 0.4444444444444445, "support": 7.0}, "IN": {"precision": 0.9166666666666666, "recall": 0.44, "f1-score": 0.5945945945945945, "support": 25.0}, "OP": {"precision": 0.3333333333333333, "recall": 0.2, "f1-score": 0.25, "support": 5.0}, "IP": {"precision": 0.8076923076923077, "recall": 0.7241379310344828, "f1-score": 0.7636363636363636, "support": 29.0}, "it": {"precision": 0.0, "recall": 0.0, "f1-score": 0.0, "support": 0.0}, "ne": {"precision": 0.7777777777777778, "recall": 0.9333333333333333, "f1-score": 0.8484848484848485, "support": 15.0}, "sr": {"precision": 1.0, "recall": 0.5, "f1-score": 0.6666666666666666, "support": 4.0}, "nb": {"precision": 1.0, "recall": 0.5714285714285714, "f1-score": 0.7272727272727273, "support": 7.0}, "re": {"precision": 0.0, "recall": 0.0, "f1-score": 0.0, "support": 1.0}, "en": {"precision": 0.0, "recall": 0.0, "f1-score": 0.0, "support": 0.0}, "ra": {"precision": 0.0, "recall": 0.0, "f1-score": 0.0, "support": 1.0}, "dtp": {"precision": 1.0, "recall": 0.07142857142857142, "f1-score": 0.13333333333333333, "support": 14.0}, "fi": {"precision": 0.0, "recall": 0.0, "f1-score": 0.0, "support": 0.0}, "lt": {"precision": 1.0, "recall": 0.6666666666666666, "f1-score": 0.8, "support": 3.0}, "rv": {"precision": 0.0, "recall": 0.0, "f1-score": 0.0, "support": 3.0}, "ob": {"precision": 0.0, "recall": 0.0, "f1-score": 0.0, "support": 0.0}, "rs": {"precision": 1.0, "recall": 1.0, "f1-score": 1.0, "support": 1.0}, "av": {"precision": 0.0, "recall": 0.0, "f1-score": 0.0, "support": 1.0}, "ds": {"precision": 0.0, "recall": 0.0, "f1-score": 0.0, "support": 0.0}, "ed": {"precision": 0.0, "recall": 0.0, "f1-score": 0.0, "support": 0.0}}}