{"f1": 0.4985994397759104, "precision": 0.4472361809045226, "recall": 0.5632911392405063, "accuracy": 0.2, "pr_auc": 0.5103154692774927, "threshold": 0.39999999999999997, "label_scores": {"MT": {"precision": 1.0, "recall": 0.25, "f1-score": 0.4, "support": 4.0}, "LY": {"precision": 0.0, "recall": 0.0, "f1-score": 0.0, "support": 0.0}, "SP": {"precision": 1.0, "recall": 1.0, "f1-score": 1.0, "support": 1.0}, "ID": {"precision": 0.5714285714285714, "recall": 1.0, "f1-score": 0.7272727272727273, "support": 4.0}, "NA": {"precision": 0.8888888888888888, "recall": 0.4444444444444444, "f1-score": 0.5925925925925926, "support": 36.0}, "HI": {"precision": 0.5, "recall": 0.3, "f1-score": 0.37499999999999994, "support": 10.0}, "IN": {"precision": 0.40625, "recall": 0.8666666666666667, "f1-score": 0.5531914893617021, "support": 15.0}, "OP": {"precision": 0.2222222222222222, "recall": 0.5, "f1-score": 0.30769230769230765, "support": 4.0}, "IP": {"precision": 0.6458333333333334, "recall": 0.9393939393939394, "f1-score": 0.7654320987654321, "support": 33.0}, "it": {"precision": 1.0, "recall": 1.0, "f1-score": 1.0, "support": 1.0}, "ne": {"precision": 0.0, "recall": 0.0, "f1-score": 0.0, "support": 3.0}, "sr": {"precision": 0.0, "recall": 0.0, "f1-score": 0.0, "support": 0.0}, "nb": {"precision": 1.0, "recall": 0.3333333333333333, "f1-score": 0.5, "support": 33.0}, "re": {"precision": 0.0, "recall": 0.0, "f1-score": 0.0, "support": 0.0}, "en": {"precision": 0.0, "recall": 0.0, "f1-score": 0.0, "support": 0.0}, "ra": {"precision": 0.0, "recall": 0.0, "f1-score": 0.0, "support": 0.0}, "dtp": {"precision": 0.4, "recall": 0.5, "f1-score": 0.4444444444444445, "support": 8.0}, "fi": {"precision": 0.0, "recall": 0.0, "f1-score": 0.0, "support": 0.0}, "lt": {"precision": 0.5, "recall": 1.0, "f1-score": 0.6666666666666666, "support": 2.0}, "rv": {"precision": 0.0, "recall": 0.0, "f1-score": 0.0, "support": 1.0}, "ob": {"precision": 0.0, "recall": 0.0, "f1-score": 0.0, "support": 0.0}, "rs": {"precision": 0.0, "recall": 0.0, "f1-score": 0.0, "support": 0.0}, "av": {"precision": 0.0, "recall": 0.0, "f1-score": 0.0, "support": 3.0}, "ds": {"precision": 0.0, "recall": 0.0, "f1-score": 0.0, "support": 0.0}, "ed": {"precision": 0.0, "recall": 0.0, "f1-score": 0.0, "support": 0.0}}}