{"f1": 0.6191646191646191, "precision": 0.5887850467289719, "recall": 0.6528497409326425, "accuracy": 0.358695652173913, "pr_auc": 0.6742112981866806, "threshold": 0.3, "label_scores": {"MT": {"precision": 0.25, "recall": 0.6666666666666666, "f1-score": 0.36363636363636365, "support": 3.0}, "LY": {"precision": 0.0, "recall": 0.0, "f1-score": 0.0, "support": 0.0}, "SP": {"precision": 0.0, "recall": 0.0, "f1-score": 0.0, "support": 0.0}, "ID": {"precision": 1.0, "recall": 0.25, "f1-score": 0.4, "support": 8.0}, "NA": {"precision": 0.8717948717948718, "recall": 0.8717948717948718, "f1-score": 0.8717948717948718, "support": 39.0}, "HI": {"precision": 0.5, "recall": 0.375, "f1-score": 0.42857142857142855, "support": 8.0}, "IN": {"precision": 0.8181818181818182, "recall": 0.6, "f1-score": 0.6923076923076923, "support": 30.0}, "OP": {"precision": 0.6111111111111112, "recall": 0.6470588235294118, "f1-score": 0.6285714285714287, "support": 17.0}, "IP": {"precision": 0.37037037037037035, "recall": 0.625, "f1-score": 0.4651162790697674, "support": 16.0}, "it": {"precision": 0.0, "recall": 0.0, "f1-score": 0.0, "support": 0.0}, "ne": {"precision": 0.8, "recall": 0.8888888888888888, "f1-score": 0.8421052631578948, "support": 27.0}, "sr": {"precision": 0.625, "recall": 1.0, "f1-score": 0.7692307692307693, "support": 5.0}, "nb": {"precision": 0.0, "recall": 0.0, "f1-score": 0.0, "support": 3.0}, "re": {"precision": 1.0, "recall": 1.0, "f1-score": 1.0, "support": 2.0}, "en": {"precision": 0.5, "recall": 1.0, "f1-score": 0.6666666666666666, "support": 1.0}, "ra": {"precision": 0.5, "recall": 0.5, "f1-score": 0.5, "support": 2.0}, "dtp": {"precision": 0.375, "recall": 0.5, "f1-score": 0.42857142857142855, "support": 6.0}, "fi": {"precision": 0.0, "recall": 0.0, "f1-score": 0.0, "support": 2.0}, "lt": {"precision": 0.4, "recall": 1.0, "f1-score": 0.5714285714285715, "support": 2.0}, "rv": {"precision": 0.25, "recall": 0.16666666666666666, "f1-score": 0.2, "support": 6.0}, "ob": {"precision": 0.5, "recall": 0.16666666666666666, "f1-score": 0.25, "support": 6.0}, "rs": {"precision": 0.8333333333333334, "recall": 0.8333333333333334, "f1-score": 0.8333333333333334, "support": 6.0}, "av": {"precision": 0.3333333333333333, "recall": 1.0, "f1-score": 0.5, "support": 1.0}, "ds": {"precision": 0.0, "recall": 0.0, "f1-score": 0.0, "support": 0.0}, "ed": {"precision": 0.0, "recall": 0.0, "f1-score": 0.0, "support": 3.0}}}