{"f1": 0.7894093686354379, "precision": 0.7897310513447433, "recall": 0.7890879478827362, "accuracy": 0.6638772663877266, "pr_auc": 0.8588089260320692, "threshold": 0.44999999999999996, "label_scores": {"MT": {"precision": 0.9854014598540146, "recall": 0.9782608695652174, "f1-score": 0.9818181818181817, "support": 276.0}, "LY": {"precision": 0.0, "recall": 0.0, "f1-score": 0.0, "support": 5.0}, "SP": {"precision": 1.0, "recall": 0.2222222222222222, "f1-score": 0.3636363636363636, "support": 18.0}, "ID": {"precision": 0.8697674418604651, "recall": 0.8095238095238095, "f1-score": 0.8385650224215246, "support": 231.0}, "NA": {"precision": 0.8044237485448196, "recall": 0.916445623342175, "f1-score": 0.856788592684439, "support": 754.0}, "HI": {"precision": 0.7282608695652174, "recall": 0.5726495726495726, "f1-score": 0.6411483253588516, "support": 117.0}, "IN": {"precision": 0.7272727272727273, "recall": 0.6629834254143646, "f1-score": 0.6936416184971098, "support": 362.0}, "OP": {"precision": 0.760655737704918, "recall": 0.8169014084507042, "f1-score": 0.7877758913412564, "support": 284.0}, "IP": {"precision": 0.7230215827338129, "recall": 0.7976190476190477, "f1-score": 0.7584905660377358, "support": 252.0}, "it": {"precision": 0.0, "recall": 0.0, "f1-score": 0.0, "support": 13.0}, "ne": {"precision": 0.6608391608391608, "recall": 0.84, "f1-score": 0.7397260273972602, "support": 225.0}, "sr": {"precision": 0.8933333333333333, "recall": 0.9436619718309859, "f1-score": 0.9178082191780823, "support": 71.0}, "nb": {"precision": 0.834375, "recall": 0.8018018018018018, "f1-score": 0.8177641653905054, "support": 333.0}, "re": {"precision": 1.0, "recall": 0.875, "f1-score": 0.9333333333333333, "support": 8.0}, "en": {"precision": 0.6666666666666666, "recall": 0.6666666666666666, "f1-score": 0.6666666666666666, "support": 45.0}, "ra": {"precision": 0.0, "recall": 0.0, "f1-score": 0.0, "support": 14.0}, "dtp": {"precision": 0.6194690265486725, "recall": 0.5147058823529411, "f1-score": 0.5622489959839356, "support": 136.0}, "fi": {"precision": 0.0, "recall": 0.0, "f1-score": 0.0, "support": 4.0}, "lt": {"precision": 0.7619047619047619, "recall": 0.6153846153846154, "f1-score": 0.6808510638297872, "support": 26.0}, "rv": {"precision": 0.8482142857142857, "recall": 0.8715596330275229, "f1-score": 0.8597285067873303, "support": 109.0}, "ob": {"precision": 0.5774647887323944, "recall": 0.6029411764705882, "f1-score": 0.5899280575539568, "support": 68.0}, "rs": {"precision": 0.9142857142857143, "recall": 0.7272727272727273, "f1-score": 0.810126582278481, "support": 88.0}, "av": {"precision": 0.0, "recall": 0.0, "f1-score": 0.0, "support": 12.0}, "ds": {"precision": 0.8284313725490197, "recall": 0.7971698113207547, "f1-score": 0.8125, "support": 212.0}, "ed": {"precision": 0.0, "recall": 0.0, "f1-score": 0.0, "support": 21.0}}}