{"f1": 0.8090638930163447, "precision": 0.8256254738438211, "recall": 0.7931536780772032, "accuracy": 0.6264501160092807, "pr_auc": 0.8774585500062833, "threshold": 0.44999999999999996, "label_scores": {"MT": {"precision": 0.9142857142857143, "recall": 0.8275862068965517, "f1-score": 0.8687782805429863, "support": 116.0}, "LY": {"precision": 0.9090909090909091, "recall": 0.6666666666666666, "f1-score": 0.7692307692307692, "support": 15.0}, "SP": {"precision": 1.0, "recall": 0.42857142857142855, "f1-score": 0.6, "support": 7.0}, "ID": {"precision": 0.8974358974358975, "recall": 0.6862745098039216, "f1-score": 0.7777777777777778, "support": 51.0}, "NA": {"precision": 0.8711340206185567, "recall": 0.8600508905852418, "f1-score": 0.8655569782330346, "support": 393.0}, "HI": {"precision": 0.704225352112676, "recall": 0.6410256410256411, "f1-score": 0.6711409395973156, "support": 78.0}, "IN": {"precision": 0.8011695906432749, "recall": 0.8106508875739645, "f1-score": 0.8058823529411765, "support": 338.0}, "OP": {"precision": 0.7055555555555556, "recall": 0.774390243902439, "f1-score": 0.7383720930232558, "support": 164.0}, "IP": {"precision": 0.875, "recall": 0.8215962441314554, "f1-score": 0.847457627118644, "support": 426.0}, "it": {"precision": 1.0, "recall": 0.16666666666666666, "f1-score": 0.2857142857142857, "support": 6.0}, "ne": {"precision": 0.8426966292134831, "recall": 0.7894736842105263, "f1-score": 0.8152173913043478, "support": 95.0}, "sr": {"precision": 0.7142857142857143, "recall": 0.7142857142857143, "f1-score": 0.7142857142857143, "support": 14.0}, "nb": {"precision": 0.8199233716475096, "recall": 0.8699186991869918, "f1-score": 0.8441814595660749, "support": 246.0}, "re": {"precision": 1.0, "recall": 0.9444444444444444, "f1-score": 0.9714285714285714, "support": 18.0}, "en": {"precision": 0.9682539682539683, "recall": 0.9172932330827067, "f1-score": 0.942084942084942, "support": 133.0}, "ra": {"precision": 0.0, "recall": 0.0, "f1-score": 0.0, "support": 1.0}, "dtp": {"precision": 0.6461538461538462, "recall": 0.45161290322580644, "f1-score": 0.5316455696202531, "support": 93.0}, "fi": {"precision": 1.0, "recall": 0.6, "f1-score": 0.7499999999999999, "support": 30.0}, "lt": {"precision": 0.75, "recall": 0.7894736842105263, "f1-score": 0.7692307692307692, "support": 38.0}, "rv": {"precision": 0.78125, "recall": 0.7352941176470589, "f1-score": 0.7575757575757576, "support": 68.0}, "ob": {"precision": 0.7547169811320755, "recall": 0.7407407407407407, "f1-score": 0.7476635514018692, "support": 54.0}, "rs": {"precision": 1.0, "recall": 0.6666666666666666, "f1-score": 0.8, "support": 9.0}, "av": {"precision": 0.6875, "recall": 0.4074074074074074, "f1-score": 0.5116279069767441, "support": 27.0}, "ds": {"precision": 0.7872340425531915, "recall": 0.8170347003154574, "f1-score": 0.8018575851393188, "support": 317.0}, "ed": {"precision": 0.0, "recall": 0.0, "f1-score": 0.0, "support": 9.0}}}