{"f1": 0.769592016436748, "precision": 0.7671152720889409, "recall": 0.7720848056537103, "accuracy": 0.6277292576419214, "pr_auc": 0.8106632844999282, "threshold": 0.39999999999999997, "label_scores": {"MT": {"precision": 0.8888888888888888, "recall": 0.6545454545454545, "f1-score": 0.7539267015706806, "support": 110.0}, "LY": {"precision": 1.0, "recall": 0.42857142857142855, "f1-score": 0.6, "support": 7.0}, "SP": {"precision": 0.8, "recall": 0.3076923076923077, "f1-score": 0.4444444444444444, "support": 13.0}, "ID": {"precision": 0.5833333333333334, "recall": 0.30434782608695654, "f1-score": 0.4, "support": 23.0}, "NA": {"precision": 0.8433734939759037, "recall": 0.9170305676855895, "f1-score": 0.8786610878661089, "support": 229.0}, "HI": {"precision": 0.7222222222222222, "recall": 0.7878787878787878, "f1-score": 0.7536231884057971, "support": 33.0}, "IN": {"precision": 0.7210526315789474, "recall": 0.7405405405405405, "f1-score": 0.7306666666666667, "support": 185.0}, "OP": {"precision": 0.6236559139784946, "recall": 0.6304347826086957, "f1-score": 0.6270270270270271, "support": 92.0}, "IP": {"precision": 0.7623456790123457, "recall": 0.8697183098591549, "f1-score": 0.8125, "support": 284.0}, "it": {"precision": 1.0, "recall": 0.5714285714285714, "f1-score": 0.7272727272727273, "support": 7.0}, "ne": {"precision": 0.84688995215311, "recall": 0.9267015706806283, "f1-score": 0.8850000000000001, "support": 191.0}, "sr": {"precision": 0.5882352941176471, "recall": 0.7142857142857143, "f1-score": 0.6451612903225806, "support": 14.0}, "nb": {"precision": 0.5769230769230769, "recall": 0.6521739130434783, "f1-score": 0.6122448979591837, "support": 23.0}, "re": {"precision": 0.9545454545454546, "recall": 1.0, "f1-score": 0.9767441860465117, "support": 21.0}, "en": {"precision": 0.16666666666666666, "recall": 0.25, "f1-score": 0.2, "support": 4.0}, "ra": {"precision": 0.0, "recall": 0.0, "f1-score": 0.0, "support": 0.0}, "dtp": {"precision": 0.5416666666666666, "recall": 0.5652173913043478, "f1-score": 0.5531914893617021, "support": 46.0}, "fi": {"precision": 0.0, "recall": 0.0, "f1-score": 0.0, "support": 3.0}, "lt": {"precision": 0.7727272727272727, "recall": 0.6415094339622641, "f1-score": 0.7010309278350515, "support": 53.0}, "rv": {"precision": 0.5263157894736842, "recall": 0.3225806451612903, "f1-score": 0.39999999999999997, "support": 31.0}, "ob": {"precision": 0.3076923076923077, "recall": 0.18181818181818182, "f1-score": 0.2285714285714286, "support": 22.0}, "rs": {"precision": 0.8333333333333334, "recall": 1.0, "f1-score": 0.9090909090909091, "support": 10.0}, "av": {"precision": 0.875, "recall": 0.35, "f1-score": 0.4999999999999999, "support": 20.0}, "ds": {"precision": 0.7925925925925926, "recall": 0.8770491803278688, "f1-score": 0.8326848249027238, "support": 244.0}, "ed": {"precision": 0.7777777777777778, "recall": 0.42424242424242425, "f1-score": 0.5490196078431373, "support": 33.0}}}