{"f1": 0.6535947712418301, "precision": 0.6122448979591837, "recall": 0.7009345794392523, "accuracy": 0.46987951807228917, "pr_auc": 0.6926124750934528, "threshold": 0.35, "label_scores": {"MT": {"precision": 0.0, "recall": 0.0, "f1-score": 0.0, "support": 0.0}, "LY": {"precision": 1.0, "recall": 0.25, "f1-score": 0.4, "support": 4.0}, "SP": {"precision": 0.0, "recall": 0.0, "f1-score": 0.0, "support": 0.0}, "ID": {"precision": 0.6666666666666666, "recall": 0.23529411764705882, "f1-score": 0.3478260869565218, "support": 17.0}, "NA": {"precision": 0.7633587786259542, "recall": 0.8849557522123894, "f1-score": 0.819672131147541, "support": 113.0}, "HI": {"precision": 0.625, "recall": 0.625, "f1-score": 0.625, "support": 32.0}, "IN": {"precision": 0.4444444444444444, "recall": 0.5818181818181818, "f1-score": 0.5039370078740157, "support": 55.0}, "OP": {"precision": 0.36363636363636365, "recall": 0.6666666666666666, "f1-score": 0.4705882352941177, "support": 30.0}, "IP": {"precision": 0.7889908256880734, "recall": 0.7610619469026548, "f1-score": 0.7747747747747747, "support": 113.0}, "it": {"precision": 0.0, "recall": 0.0, "f1-score": 0.0, "support": 0.0}, "ne": {"precision": 0.6428571428571429, "recall": 0.84, "f1-score": 0.7283236994219654, "support": 75.0}, "sr": {"precision": 0.6666666666666666, "recall": 0.6666666666666666, "f1-score": 0.6666666666666666, "support": 6.0}, "nb": {"precision": 0.38095238095238093, "recall": 0.42105263157894735, "f1-score": 0.4, "support": 19.0}, "re": {"precision": 1.0, "recall": 0.8333333333333334, "f1-score": 0.9090909090909091, "support": 6.0}, "en": {"precision": 0.0, "recall": 0.0, "f1-score": 0.0, "support": 3.0}, "ra": {"precision": 0.0, "recall": 0.0, "f1-score": 0.0, "support": 2.0}, "dtp": {"precision": 0.20689655172413793, "recall": 0.3157894736842105, "f1-score": 0.25, "support": 19.0}, "fi": {"precision": 0.0, "recall": 0.0, "f1-score": 0.0, "support": 1.0}, "lt": {"precision": 0.46153846153846156, "recall": 0.75, "f1-score": 0.5714285714285714, "support": 8.0}, "rv": {"precision": 0.8, "recall": 0.4444444444444444, "f1-score": 0.5714285714285714, "support": 9.0}, "ob": {"precision": 0.21428571428571427, "recall": 0.6, "f1-score": 0.3157894736842105, "support": 5.0}, "rs": {"precision": 0.7272727272727273, "recall": 0.8888888888888888, "f1-score": 0.7999999999999999, "support": 9.0}, "av": {"precision": 0.1111111111111111, "recall": 0.3333333333333333, "f1-score": 0.16666666666666666, "support": 6.0}, "ds": {"precision": 0.8241758241758241, "recall": 0.7075471698113207, "f1-score": 0.7614213197969543, "support": 106.0}, "ed": {"precision": 0.6, "recall": 0.75, "f1-score": 0.6666666666666665, "support": 4.0}}}