{"f1": 0.5975589910496337, "precision": 0.6506024096385542, "recall": 0.5525127896479085, "accuracy": 0.2782462057335582, "pr_auc": 0.6486199909603461, "threshold": 0.3, "label_scores": {"MT": {"precision": 0.21212121212121213, "recall": 0.7241379310344828, "f1-score": 0.328125, "support": 29.0}, "LY": {"precision": 1.0, "recall": 0.5, "f1-score": 0.6666666666666666, "support": 12.0}, "SP": {"precision": 0.0, "recall": 0.0, "f1-score": 0.0, "support": 104.0}, "ID": {"precision": 0.4166666666666667, "recall": 0.11363636363636363, "f1-score": 0.17857142857142858, "support": 44.0}, "NA": {"precision": 0.857429718875502, "recall": 0.7374784110535406, "f1-score": 0.7929433611884866, "support": 579.0}, "HI": {"precision": 0.4659090909090909, "recall": 0.6456692913385826, "f1-score": 0.5412541254125413, "support": 127.0}, "IN": {"precision": 0.7730769230769231, "recall": 0.37084870848708484, "f1-score": 0.5012468827930174, "support": 542.0}, "OP": {"precision": 0.596, "recall": 0.5085324232081911, "f1-score": 0.5488029465930019, "support": 293.0}, "IP": {"precision": 0.6391184573002755, "recall": 0.7388535031847133, "f1-score": 0.6853766617429837, "support": 314.0}, "it": {"precision": 0.0, "recall": 0.0, "f1-score": 0.0, "support": 13.0}, "ne": {"precision": 0.7780898876404494, "recall": 0.9358108108108109, "f1-score": 0.8496932515337424, "support": 296.0}, "sr": {"precision": 0.8076923076923077, "recall": 0.9130434782608695, "f1-score": 0.8571428571428572, "support": 46.0}, "nb": {"precision": 0.5625, "recall": 0.3576158940397351, "f1-score": 0.437246963562753, "support": 151.0}, "re": {"precision": 0.6875, "recall": 0.6875, "f1-score": 0.6875, "support": 16.0}, "en": {"precision": 0.5555555555555556, "recall": 0.2631578947368421, "f1-score": 0.35714285714285715, "support": 19.0}, "ra": {"precision": 0.8, "recall": 0.2857142857142857, "f1-score": 0.4210526315789473, "support": 14.0}, "dtp": {"precision": 0.29292929292929293, "recall": 0.15104166666666666, "f1-score": 0.1993127147766323, "support": 192.0}, "fi": {"precision": 1.0, "recall": 0.5, "f1-score": 0.6666666666666666, "support": 2.0}, "lt": {"precision": 0.25, "recall": 0.23076923076923078, "f1-score": 0.24000000000000002, "support": 13.0}, "rv": {"precision": 0.5925925925925926, "recall": 0.49230769230769234, "f1-score": 0.5378151260504201, "support": 65.0}, "ob": {"precision": 0.5909090909090909, "recall": 0.11711711711711711, "f1-score": 0.19548872180451127, "support": 111.0}, "rs": {"precision": 0.7647058823529411, "recall": 0.7428571428571429, "f1-score": 0.7536231884057971, "support": 35.0}, "av": {"precision": 0.3723404255319149, "recall": 0.546875, "f1-score": 0.4430379746835443, "support": 64.0}, "ds": {"precision": 0.6053511705685619, "recall": 0.7869565217391304, "f1-score": 0.6843100189035918, "support": 230.0}, "ed": {"precision": 0.0, "recall": 0.0, "f1-score": 0.0, "support": 12.0}}}