{"f1": 0.761904761904762, "precision": 0.7686832740213523, "recall": 0.7552447552447552, "accuracy": 0.575, "pr_auc": 0.8463815384717668, "threshold": 0.39999999999999997, "label_scores": {"MT": {"precision": 0.4, "recall": 0.8, "f1-score": 0.5333333333333333, "support": 5.0}, "LY": {"precision": 1.0, "recall": 0.5833333333333334, "f1-score": 0.7368421052631579, "support": 12.0}, "SP": {"precision": 0.0, "recall": 0.0, "f1-score": 0.0, "support": 2.0}, "ID": {"precision": 0.0, "recall": 0.0, "f1-score": 0.0, "support": 1.0}, "NA": {"precision": 0.896551724137931, "recall": 0.9176470588235294, "f1-score": 0.9069767441860465, "support": 85.0}, "HI": {"precision": 0.5555555555555556, "recall": 0.5555555555555556, "f1-score": 0.5555555555555556, "support": 9.0}, "IN": {"precision": 0.7567567567567568, "recall": 0.8235294117647058, "f1-score": 0.7887323943661971, "support": 34.0}, "OP": {"precision": 0.47368421052631576, "recall": 0.8181818181818182, "f1-score": 0.6, "support": 11.0}, "IP": {"precision": 0.3333333333333333, "recall": 0.07142857142857142, "f1-score": 0.11764705882352941, "support": 14.0}, "it": {"precision": 0.0, "recall": 0.0, "f1-score": 0.0, "support": 0.0}, "ne": {"precision": 0.9041095890410958, "recall": 0.9295774647887324, "f1-score": 0.9166666666666666, "support": 71.0}, "sr": {"precision": 0.25, "recall": 1.0, "f1-score": 0.4, "support": 1.0}, "nb": {"precision": 1.0, "recall": 0.5, "f1-score": 0.6666666666666666, "support": 4.0}, "re": {"precision": 1.0, "recall": 1.0, "f1-score": 1.0, "support": 1.0}, "en": {"precision": 0.8, "recall": 0.6666666666666666, "f1-score": 0.7272727272727272, "support": 6.0}, "ra": {"precision": 0.0, "recall": 0.0, "f1-score": 0.0, "support": 0.0}, "dtp": {"precision": 0.4166666666666667, "recall": 0.35714285714285715, "f1-score": 0.3846153846153846, "support": 14.0}, "fi": {"precision": 0.0, "recall": 0.0, "f1-score": 0.0, "support": 0.0}, "lt": {"precision": 1.0, "recall": 1.0, "f1-score": 1.0, "support": 1.0}, "rv": {"precision": 0.0, "recall": 0.0, "f1-score": 0.0, "support": 0.0}, "ob": {"precision": 0.2, "recall": 1.0, "f1-score": 0.33333333333333337, "support": 1.0}, "rs": {"precision": 0.0, "recall": 0.0, "f1-score": 0.0, "support": 1.0}, "av": {"precision": 1.0, "recall": 0.25, "f1-score": 0.4, "support": 8.0}, "ds": {"precision": 0.3333333333333333, "recall": 0.3333333333333333, "f1-score": 0.3333333333333333, "support": 3.0}, "ed": {"precision": 0.0, "recall": 0.0, "f1-score": 0.0, "support": 2.0}}}