{"f1": 0.669710806697108, "precision": 0.6547619047619048, "recall": 0.6853582554517134, "accuracy": 0.48493975903614456, "pr_auc": 0.7290207058855305, "threshold": 0.39999999999999997, "label_scores": {"MT": {"precision": 0.0, "recall": 0.0, "f1-score": 0.0, "support": 0.0}, "LY": {"precision": 1.0, "recall": 0.25, "f1-score": 0.4, "support": 4.0}, "SP": {"precision": 0.0, "recall": 0.0, "f1-score": 0.0, "support": 0.0}, "ID": {"precision": 0.5714285714285714, "recall": 0.23529411764705882, "f1-score": 0.3333333333333333, "support": 17.0}, "NA": {"precision": 0.782258064516129, "recall": 0.8584070796460177, "f1-score": 0.8185654008438819, "support": 113.0}, "HI": {"precision": 0.75, "recall": 0.5625, "f1-score": 0.6428571428571429, "support": 32.0}, "IN": {"precision": 0.5070422535211268, "recall": 0.6545454545454545, "f1-score": 0.5714285714285715, "support": 55.0}, "OP": {"precision": 0.38636363636363635, "recall": 0.5666666666666667, "f1-score": 0.4594594594594595, "support": 30.0}, "IP": {"precision": 0.8035714285714286, "recall": 0.7964601769911505, "f1-score": 0.7999999999999999, "support": 113.0}, "it": {"precision": 0.0, "recall": 0.0, "f1-score": 0.0, "support": 0.0}, "ne": {"precision": 0.65625, "recall": 0.84, "f1-score": 0.736842105263158, "support": 75.0}, "sr": {"precision": 0.75, "recall": 0.5, "f1-score": 0.6, "support": 6.0}, "nb": {"precision": 0.35714285714285715, "recall": 0.2631578947368421, "f1-score": 0.30303030303030304, "support": 19.0}, "re": {"precision": 1.0, "recall": 0.8333333333333334, "f1-score": 0.9090909090909091, "support": 6.0}, "en": {"precision": 0.0, "recall": 0.0, "f1-score": 0.0, "support": 3.0}, "ra": {"precision": 0.0, "recall": 0.0, "f1-score": 0.0, "support": 2.0}, "dtp": {"precision": 0.16666666666666666, "recall": 0.21052631578947367, "f1-score": 0.186046511627907, "support": 19.0}, "fi": {"precision": 0.0, "recall": 0.0, "f1-score": 0.0, "support": 1.0}, "lt": {"precision": 0.5, "recall": 0.75, "f1-score": 0.6, "support": 8.0}, "rv": {"precision": 0.6666666666666666, "recall": 0.2222222222222222, "f1-score": 0.3333333333333333, "support": 9.0}, "ob": {"precision": 0.3333333333333333, "recall": 0.4, "f1-score": 0.3636363636363636, "support": 5.0}, "rs": {"precision": 0.875, "recall": 0.7777777777777778, "f1-score": 0.823529411764706, "support": 9.0}, "av": {"precision": 0.14285714285714285, "recall": 0.3333333333333333, "f1-score": 0.2, "support": 6.0}, "ds": {"precision": 0.8297872340425532, "recall": 0.7358490566037735, "f1-score": 0.78, "support": 106.0}, "ed": {"precision": 0.0, "recall": 0.0, "f1-score": 0.0, "support": 4.0}}}