{"f1": 0.7466032608695653, "f1_macro": 0.7264850835935434, "precision": 0.7365951742627346, "recall": 0.7568870523415978, "accuracy": 0.6244963738920226, "threshold": 0.39999999999999997, "label_scores": {"Forum": {"precision": 0.9345794392523364, "recall": 0.8333333333333334, "f1-score": 0.8810572687224669, "support": 120.0}, "Information/Explanation": {"precision": 0.6928104575163399, "recall": 0.762589928057554, "f1-score": 0.726027397260274, "support": 278.0}, "Instruction": {"precision": 0.7580645161290323, "recall": 0.6025641025641025, "f1-score": 0.6714285714285715, "support": 78.0}, "Legal": {"precision": 0.8709677419354839, "recall": 0.7105263157894737, "f1-score": 0.782608695652174, "support": 38.0}, "News": {"precision": 0.7484662576687117, "recall": 0.8299319727891157, "f1-score": 0.7870967741935484, "support": 147.0}, "Opinion/Argumentation": {"precision": 0.7420634920634921, "recall": 0.7137404580152672, "f1-score": 0.727626459143969, "support": 262.0}, "Other": {"precision": 0.9, "recall": 0.6835443037974683, "f1-score": 0.776978417266187, "support": 79.0}, "Promotion": {"precision": 0.7644230769230769, "recall": 0.8390501319261213, "f1-score": 0.8, "support": 379.0}, "Prose/Lyrical": {"precision": 0.3368421052631579, "recall": 0.4507042253521127, "f1-score": 0.3855421686746988, "support": 71.0}}}