{"f1": 0.6545984186433624, "f1_macro": 0.606801431249373, "precision": 0.6545984186433624, "recall": 0.6545984186433624, "accuracy": 0.37872683319903305, "threshold": 0.35, "label_scores": {"MT": {"precision": 0.8181818181818182, "recall": 0.5625, "f1-score": 0.6666666666666666, "support": 64.0}, "LY": {"precision": 0.0, "recall": 0.0, "f1-score": 0.0, "support": 13.0}, "SP": {"precision": 0.0, "recall": 0.0, "f1-score": 0.0, "support": 15.0}, "ID": {"precision": 0.8909090909090909, "recall": 0.8166666666666667, "f1-score": 0.8521739130434782, "support": 120.0}, "NA": {"precision": 0.7057142857142857, "recall": 0.76, "f1-score": 0.7318518518518518, "support": 325.0}, "HI": {"precision": 0.6111111111111112, "recall": 0.1527777777777778, "f1-score": 0.24444444444444446, "support": 72.0}, "IN": {"precision": 0.6852367688022284, "recall": 0.76875, "f1-score": 0.7245949926362296, "support": 320.0}, "OP": {"precision": 0.65625, "recall": 0.56, "f1-score": 0.60431654676259, "support": 150.0}, "IP": {"precision": 0.6886993603411514, "recall": 0.8303341902313625, "f1-score": 0.752913752913753, "support": 389.0}, "it": {"precision": 0.0, "recall": 0.0, "f1-score": 0.0, "support": 8.0}, "ne": {"precision": 0.6338028169014085, "recall": 0.7258064516129032, "f1-score": 0.6766917293233083, "support": 124.0}, "sr": {"precision": 0.0, "recall": 0.0, "f1-score": 0.0, "support": 23.0}, "nb": {"precision": 0.6324786324786325, "recall": 0.578125, "f1-score": 0.6040816326530613, "support": 128.0}, "re": {"precision": 0.0, "recall": 0.0, "f1-score": 0.0, "support": 21.0}, "en": {"precision": 0.675, "recall": 0.7941176470588235, "f1-score": 0.7297297297297296, "support": 34.0}, "ra": {"precision": 0.0, "recall": 0.0, "f1-score": 0.0, "support": 10.0}, "dtp": {"precision": 0.4019607843137255, "recall": 0.5503355704697986, "f1-score": 0.46458923512747874, "support": 149.0}, "fi": {"precision": 0.0, "recall": 0.0, "f1-score": 0.0, "support": 6.0}, "lt": {"precision": 0.0, "recall": 0.0, "f1-score": 0.0, "support": 38.0}, "rv": {"precision": 0.8333333333333334, "recall": 0.5921052631578947, "f1-score": 0.6923076923076922, "support": 76.0}, "ob": {"precision": 0.0, "recall": 0.0, "f1-score": 0.0, "support": 27.0}, "rs": {"precision": 0.0, "recall": 0.0, "f1-score": 0.0, "support": 7.0}, "av": {"precision": 1.0, "recall": 0.03571428571428571, "f1-score": 0.0689655172413793, "support": 28.0}, "ds": {"precision": 0.5694822888283378, "recall": 0.8495934959349594, "f1-score": 0.6818923327895595, "support": 246.0}, "ed": {"precision": 0.0, "recall": 0.0, "f1-score": 0.0, "support": 10.0}}}