{"f1": 0.6488170413404059, "f1_macro": 0.564553040630253, "precision": 0.6660328435609334, "recall": 0.6324688115561392, "accuracy": 0.3998327933953391, "threshold": 0.39999999999999997, "label_scores": {"MT": {"precision": 0.0, "recall": 0.0, "f1-score": 0.0, "support": 0.0}, "LY": {"precision": 0.9772727272727273, "recall": 0.6370370370370371, "f1-score": 0.7713004484304934, "support": 135.0}, "SP": {"precision": 0.0, "recall": 0.0, "f1-score": 0.0, "support": 146.0}, "ID": {"precision": 0.8406909788867563, "recall": 0.6384839650145773, "f1-score": 0.7257663628831814, "support": 686.0}, "NA": {"precision": 0.7604665694646948, "recall": 0.8562382739212008, "f1-score": 0.805515719801434, "support": 4264.0}, "HI": {"precision": 0.3886792452830189, "recall": 0.5012165450121655, "f1-score": 0.4378320935175346, "support": 411.0}, "IN": {"precision": 0.5711490075482247, "recall": 0.786979969183359, "f1-score": 0.6619147902154543, "support": 2596.0}, "OP": {"precision": 0.6222101252041372, "recall": 0.5368717707844058, "f1-score": 0.5763993948562784, "support": 2129.0}, "IP": {"precision": 0.7692307692307693, "recall": 0.07462686567164178, "f1-score": 0.13605442176870747, "support": 402.0}, "it": {"precision": 0.0, "recall": 0.0, "f1-score": 0.0, "support": 104.0}, "ne": {"precision": 0.7380303620085636, "recall": 0.8037303942348453, "f1-score": 0.7694805194805195, "support": 2359.0}, "sr": {"precision": 0.8355167394468704, "recall": 0.9039370078740158, "f1-score": 0.8683812405446293, "support": 635.0}, "nb": {"precision": 0.6348973607038123, "recall": 0.5997229916897507, "f1-score": 0.6168091168091168, "support": 722.0}, "re": {"precision": 0.0, "recall": 0.0, "f1-score": 0.0, "support": 37.0}, "en": {"precision": 0.0, "recall": 0.0, "f1-score": 0.0, "support": 108.0}, "ra": {"precision": 0.0, "recall": 0.0, "f1-score": 0.0, "support": 189.0}, "dtp": {"precision": 0.47447795823665895, "recall": 0.37522935779816513, "f1-score": 0.4190573770491803, "support": 1090.0}, "fi": {"precision": 0.0, "recall": 0.0, "f1-score": 0.0, "support": 69.0}, "lt": {"precision": 0.0, "recall": 0.0, "f1-score": 0.0, "support": 40.0}, "rv": {"precision": 0.6407407407407407, "recall": 0.4209245742092457, "f1-score": 0.5080763582966227, "support": 411.0}, "ob": {"precision": 0.5289351851851852, "recall": 0.43482397716460514, "f1-score": 0.4772845953002611, "support": 1051.0}, "rs": {"precision": 0.0, "recall": 0.0, "f1-score": 0.0, "support": 157.0}, "av": {"precision": 0.0, "recall": 0.0, "f1-score": 0.0, "support": 236.0}, "ds": {"precision": 0.7142857142857143, "recall": 0.07142857142857142, "f1-score": 0.12987012987012989, "support": 280.0}, "ed": {"precision": 0.0, "recall": 0.0, "f1-score": 0.0, "support": 19.0}}}