{"f1": 0.9064084831719686, "f1_macro": 0.8925336090888288, "precision": 0.9506769825918762, "recall": 0.866079295154185, "accuracy": 0.797274275979557, "threshold": 0.5999999999999999, "label_scores": {"MT": {"precision": 0.8333333333333334, "recall": 0.6578947368421053, "f1-score": 0.7352941176470588, "support": 38.0}, "LY": {"precision": 0.75, "recall": 0.6, "f1-score": 0.6666666666666665, "support": 5.0}, "SP": {"precision": 0.8571428571428571, "recall": 0.8571428571428571, "f1-score": 0.8571428571428571, "support": 7.0}, "ID": {"precision": 0.9649122807017544, "recall": 0.8333333333333334, "f1-score": 0.8943089430894309, "support": 66.0}, "NA": {"precision": 0.9645390070921985, "recall": 0.8831168831168831, "f1-score": 0.9220338983050848, "support": 154.0}, "HI": {"precision": 0.9259259259259259, "recall": 0.78125, "f1-score": 0.847457627118644, "support": 32.0}, "IN": {"precision": 0.953125, "recall": 0.9384615384615385, "f1-score": 0.9457364341085271, "support": 130.0}, "OP": {"precision": 0.9387755102040817, "recall": 0.7666666666666667, "f1-score": 0.8440366972477065, "support": 60.0}, "IP": {"precision": 0.9700598802395209, "recall": 0.8950276243093923, "f1-score": 0.9310344827586207, "support": 181.0}, "it": {"precision": 1.0, "recall": 1.0, "f1-score": 1.0, "support": 5.0}, "ne": {"precision": 0.9393939393939394, "recall": 0.9538461538461539, "f1-score": 0.9465648854961831, "support": 65.0}, "sr": {"precision": 1.0, "recall": 1.0, "f1-score": 1.0, "support": 13.0}, "nb": {"precision": 0.9782608695652174, "recall": 0.7377049180327869, "f1-score": 0.8411214953271028, "support": 61.0}, "re": {"precision": 1.0, "recall": 1.0, "f1-score": 1.0, "support": 9.0}, "en": {"precision": 1.0, "recall": 0.96, "f1-score": 0.9795918367346939, "support": 25.0}, "ra": {"precision": 1.0, "recall": 1.0, "f1-score": 1.0, "support": 2.0}, "dtp": {"precision": 0.9411764705882353, "recall": 0.8135593220338984, "f1-score": 0.8727272727272728, "support": 59.0}, "fi": {"precision": 1.0, "recall": 0.625, "f1-score": 0.7692307692307693, "support": 8.0}, "lt": {"precision": 0.8571428571428571, "recall": 0.8571428571428571, "f1-score": 0.8571428571428571, "support": 14.0}, "rv": {"precision": 0.96, "recall": 0.7272727272727273, "f1-score": 0.8275862068965517, "support": 33.0}, "ob": {"precision": 0.9, "recall": 0.9, "f1-score": 0.9, "support": 10.0}, "rs": {"precision": 1.0, "recall": 0.8888888888888888, "f1-score": 0.9411764705882353, "support": 9.0}, "av": {"precision": 1.0, "recall": 0.8333333333333334, "f1-score": 0.9090909090909091, "support": 6.0}, "ds": {"precision": 0.9361702127659575, "recall": 0.9295774647887324, "f1-score": 0.9328621908127208, "support": 142.0}, "ed": {"precision": 0.0, "recall": 0.0, "f1-score": 0.0, "support": 1.0}}}