{"f1": 0.5519697306921879, "f1_macro": 0.4731734861160401, "precision": 0.495603517186251, "recall": 0.622802611752888, "accuracy": 0.33693693693693694, "threshold": 0.3, "label_scores": {"MT": {"precision": 0.7714285714285715, "recall": 0.35526315789473684, "f1-score": 0.48648648648648646, "support": 152.0}, "LY": {"precision": 0.0, "recall": 0.0, "f1-score": 0.0, "support": 5.0}, "SP": {"precision": 0.5, "recall": 0.10714285714285714, "f1-score": 0.17647058823529413, "support": 28.0}, "ID": {"precision": 0.5263157894736842, "recall": 0.3225806451612903, "f1-score": 0.39999999999999997, "support": 31.0}, "NA": {"precision": 0.5888501742160279, "recall": 0.824390243902439, "f1-score": 0.6869918699186991, "support": 205.0}, "HI": {"precision": 0.391304347826087, "recall": 0.675, "f1-score": 0.4954128440366973, "support": 40.0}, "IN": {"precision": 0.530791788856305, "recall": 0.6534296028880866, "f1-score": 0.5857605177993527, "support": 277.0}, "OP": {"precision": 0.5035460992907801, "recall": 0.44936708860759494, "f1-score": 0.4749163879598662, "support": 158.0}, "IP": {"precision": 0.4865424430641822, "recall": 0.7580645161290323, "f1-score": 0.592686002522068, "support": 310.0}, "it": {"precision": 0.6666666666666666, "recall": 0.3333333333333333, "f1-score": 0.4444444444444444, "support": 6.0}, "ne": {"precision": 0.5550660792951542, "recall": 0.8571428571428571, "f1-score": 0.6737967914438503, "support": 147.0}, "sr": {"precision": 0.5333333333333333, "recall": 0.47058823529411764, "f1-score": 0.5, "support": 17.0}, "nb": {"precision": 0.55, "recall": 0.6111111111111112, "f1-score": 0.5789473684210527, "support": 36.0}, "re": {"precision": 0.7727272727272727, "recall": 0.8947368421052632, "f1-score": 0.8292682926829269, "support": 19.0}, "en": {"precision": 0.15384615384615385, "recall": 0.125, "f1-score": 0.13793103448275862, "support": 16.0}, "ra": {"precision": 0.3333333333333333, "recall": 0.3333333333333333, "f1-score": 0.3333333333333333, "support": 3.0}, "dtp": {"precision": 0.29245283018867924, "recall": 0.5344827586206896, "f1-score": 0.3780487804878049, "support": 58.0}, "fi": {"precision": 0.5, "recall": 0.42857142857142855, "f1-score": 0.4615384615384615, "support": 7.0}, "lt": {"precision": 0.38461538461538464, "recall": 0.6, "f1-score": 0.46875, "support": 50.0}, "rv": {"precision": 0.35, "recall": 0.23333333333333334, "f1-score": 0.28, "support": 60.0}, "ob": {"precision": 0.4, "recall": 0.2978723404255319, "f1-score": 0.34146341463414637, "support": 47.0}, "rs": {"precision": 0.6111111111111112, "recall": 0.6875, "f1-score": 0.6470588235294118, "support": 16.0}, "av": {"precision": 0.2903225806451613, "recall": 0.4090909090909091, "f1-score": 0.339622641509434, "support": 22.0}, "ds": {"precision": 0.43686868686868685, "recall": 0.8009259259259259, "f1-score": 0.5653594771241829, "support": 216.0}, "ed": {"precision": 0.5625, "recall": 0.4153846153846154, "f1-score": 0.47787610619469023, "support": 65.0}}}