{"f1": 0.4319963116643615, "f1_macro": 0.3745159756283756, "precision": 0.3819812474520995, "recall": 0.4970822281167109, "accuracy": 0.03167898627243928, "threshold": 0.3, "label_scores": {"MT": {"precision": 0.2857142857142857, "recall": 0.3, "f1-score": 0.2926829268292683, "support": 20.0}, "LY": {"precision": 0.4, "recall": 0.6666666666666666, "f1-score": 0.5, "support": 3.0}, "SP": {"precision": 0.4117647058823529, "recall": 0.5384615384615384, "f1-score": 0.4666666666666667, "support": 13.0}, "ID": {"precision": 0.5, "recall": 0.375, "f1-score": 0.42857142857142855, "support": 48.0}, "NA": {"precision": 0.45977011494252873, "recall": 0.4918032786885246, "f1-score": 0.4752475247524752, "support": 244.0}, "HI": {"precision": 0.3879310344827586, "recall": 0.6428571428571429, "f1-score": 0.4838709677419355, "support": 70.0}, "IN": {"precision": 0.46005509641873277, "recall": 0.5680272108843537, "f1-score": 0.5083713850837138, "support": 294.0}, "OP": {"precision": 0.4074074074074074, "recall": 0.43258426966292135, "f1-score": 0.4196185286103542, "support": 178.0}, "IP": {"precision": 0.5699745547073791, "recall": 0.6646884272997032, "f1-score": 0.6136986301369862, "support": 337.0}, "it": {"precision": 0.23076923076923078, "recall": 0.5, "f1-score": 0.3157894736842105, "support": 6.0}, "ne": {"precision": 0.21428571428571427, "recall": 0.375, "f1-score": 0.2727272727272727, "support": 64.0}, "sr": {"precision": 0.18181818181818182, "recall": 0.4, "f1-score": 0.25000000000000006, "support": 5.0}, "nb": {"precision": 0.3173076923076923, "recall": 0.358695652173913, "f1-score": 0.33673469387755095, "support": 92.0}, "re": {"precision": 0.3888888888888889, "recall": 0.7777777777777778, "f1-score": 0.5185185185185185, "support": 9.0}, "en": {"precision": 0.47619047619047616, "recall": 0.47619047619047616, "f1-score": 0.47619047619047616, "support": 21.0}, "ra": {"precision": 0.1875, "recall": 0.6, "f1-score": 0.2857142857142857, "support": 5.0}, "dtp": {"precision": 0.2350230414746544, "recall": 0.3248407643312102, "f1-score": 0.2727272727272727, "support": 157.0}, "fi": {"precision": 0.0, "recall": 0.0, "f1-score": 0.0, "support": 9.0}, "lt": {"precision": 0.3333333333333333, "recall": 0.6, "f1-score": 0.42857142857142855, "support": 20.0}, "rv": {"precision": 0.345679012345679, "recall": 0.4666666666666667, "f1-score": 0.3971631205673759, "support": 60.0}, "ob": {"precision": 0.15384615384615385, "recall": 0.20512820512820512, "f1-score": 0.17582417582417584, "support": 39.0}, "rs": {"precision": 0.3333333333333333, "recall": 0.45454545454545453, "f1-score": 0.3846153846153846, "support": 11.0}, "av": {"precision": 0.25, "recall": 0.2894736842105263, "f1-score": 0.2682926829268293, "support": 38.0}, "ds": {"precision": 0.24172185430463577, "recall": 0.6347826086956522, "f1-score": 0.35011990407673865, "support": 115.0}, "ed": {"precision": 0.3333333333333333, "recall": 0.037037037037037035, "f1-score": 0.06666666666666667, "support": 27.0}}}