{"f1": 0.854669326608198, "f1_macro": 0.8129354758039058, "precision": 0.880623642569035, "recall": 0.830201096892139, "accuracy": 0.7086074177746676, "threshold": 0.49999999999999994, "label_scores": {"MT": {"precision": 0.0, "recall": 0.0, "f1-score": 0.0, "support": 0.0}, "LY": {"precision": 0.9658119658119658, "recall": 0.9338842975206612, "f1-score": 0.9495798319327732, "support": 121.0}, "SP": {"precision": 0.8073394495412844, "recall": 0.8148148148148148, "f1-score": 0.8110599078341013, "support": 108.0}, "ID": {"precision": 0.9718574108818011, "recall": 0.8993055555555556, "f1-score": 0.9341749323715058, "support": 576.0}, "NA": {"precision": 0.9239332096474954, "recall": 0.9035379498034473, "f1-score": 0.9136217703715028, "support": 3307.0}, "HI": {"precision": 0.7963636363636364, "recall": 0.7373737373737373, "f1-score": 0.7657342657342656, "support": 297.0}, "IN": {"precision": 0.8453850676072898, "recall": 0.8250143430866322, "f1-score": 0.8350754936120789, "support": 1743.0}, "OP": {"precision": 0.853542234332425, "recall": 0.8270627062706271, "f1-score": 0.8400938652363392, "support": 1515.0}, "IP": {"precision": 0.8860759493670886, "recall": 0.693069306930693, "f1-score": 0.7777777777777777, "support": 202.0}, "it": {"precision": 0.782608695652174, "recall": 0.8674698795180723, "f1-score": 0.822857142857143, "support": 83.0}, "ne": {"precision": 0.9214517876489707, "recall": 0.8781621063500258, "f1-score": 0.8992862807295796, "support": 1937.0}, "sr": {"precision": 0.9501718213058419, "recall": 0.9501718213058419, "f1-score": 0.9501718213058419, "support": 582.0}, "nb": {"precision": 0.8452914798206278, "recall": 0.7693877551020408, "f1-score": 0.8055555555555556, "support": 490.0}, "re": {"precision": 0.8666666666666667, "recall": 0.8666666666666667, "f1-score": 0.8666666666666667, "support": 30.0}, "en": {"precision": 0.9494949494949495, "recall": 0.8392857142857143, "f1-score": 0.8909952606635071, "support": 112.0}, "ra": {"precision": 0.8043478260869565, "recall": 0.69375, "f1-score": 0.7449664429530202, "support": 160.0}, "dtp": {"precision": 0.7621212121212121, "recall": 0.6609724047306176, "f1-score": 0.7079521463757916, "support": 761.0}, "fi": {"precision": 0.75, "recall": 0.4897959183673469, "f1-score": 0.5925925925925924, "support": 49.0}, "lt": {"precision": 0.7037037037037037, "recall": 0.6785714285714286, "f1-score": 0.6909090909090909, "support": 28.0}, "rv": {"precision": 0.8838709677419355, "recall": 0.8253012048192772, "f1-score": 0.853582554517134, "support": 332.0}, "ob": {"precision": 0.8113207547169812, "recall": 0.6640926640926641, "f1-score": 0.7303609341825903, "support": 777.0}, "rs": {"precision": 0.9310344827586207, "recall": 0.907563025210084, "f1-score": 0.9191489361702128, "support": 119.0}, "av": {"precision": 0.6423357664233577, "recall": 0.5207100591715976, "f1-score": 0.5751633986928103, "support": 169.0}, "ds": {"precision": 0.9090909090909091, "recall": 0.7471264367816092, "f1-score": 0.8201892744479494, "support": 174.0}, "ed": {"precision": 0.0, "recall": 0.0, "f1-score": 0.0, "support": 3.0}}}