{"f1": 0.5918854415274463, "f1_macro": 0.563057315436651, "precision": 0.5669714900484131, "recall": 0.6190895741556535, "accuracy": 0.31560490940970193, "threshold": 0.39999999999999997, "label_scores": {"MT": {"precision": 0.5774647887323944, "recall": 0.6507936507936508, "f1-score": 0.6119402985074627, "support": 63.0}, "LY": {"precision": 0.7, "recall": 0.7777777777777778, "f1-score": 0.7368421052631577, "support": 9.0}, "SP": {"precision": 0.6086956521739131, "recall": 0.7, "f1-score": 0.6511627906976744, "support": 20.0}, "ID": {"precision": 0.7864077669902912, "recall": 0.648, "f1-score": 0.7105263157894738, "support": 125.0}, "NA": {"precision": 0.6261061946902655, "recall": 0.6302895322939867, "f1-score": 0.6281908990011099, "support": 449.0}, "HI": {"precision": 0.5211267605633803, "recall": 0.6271186440677966, "f1-score": 0.5692307692307693, "support": 118.0}, "IN": {"precision": 0.6090373280943026, "recall": 0.6526315789473685, "f1-score": 0.6300813008130083, "support": 475.0}, "OP": {"precision": 0.552, "recall": 0.5, "f1-score": 0.5247148288973384, "support": 276.0}, "IP": {"precision": 0.6893203883495146, "recall": 0.7307032590051458, "f1-score": 0.7094088259783513, "support": 583.0}, "it": {"precision": 0.4, "recall": 0.7272727272727273, "f1-score": 0.5161290322580645, "support": 11.0}, "ne": {"precision": 0.4504950495049505, "recall": 0.6546762589928058, "f1-score": 0.5337243401759532, "support": 139.0}, "sr": {"precision": 0.5862068965517241, "recall": 0.8095238095238095, "f1-score": 0.68, "support": 21.0}, "nb": {"precision": 0.5151515151515151, "recall": 0.4885057471264368, "f1-score": 0.5014749262536874, "support": 174.0}, "re": {"precision": 0.6551724137931034, "recall": 0.8636363636363636, "f1-score": 0.7450980392156864, "support": 22.0}, "en": {"precision": 0.7021276595744681, "recall": 0.717391304347826, "f1-score": 0.7096774193548387, "support": 46.0}, "ra": {"precision": 0.14285714285714285, "recall": 0.2857142857142857, "f1-score": 0.19047619047619047, "support": 7.0}, "dtp": {"precision": 0.43529411764705883, "recall": 0.44223107569721115, "f1-score": 0.43873517786561267, "support": 251.0}, "fi": {"precision": 0.5454545454545454, "recall": 0.35294117647058826, "f1-score": 0.42857142857142855, "support": 17.0}, "lt": {"precision": 0.4716981132075472, "recall": 0.6756756756756757, "f1-score": 0.5555555555555556, "support": 37.0}, "rv": {"precision": 0.5794392523364486, "recall": 0.5585585585585585, "f1-score": 0.5688073394495412, "support": 111.0}, "ob": {"precision": 0.31746031746031744, "recall": 0.37037037037037035, "f1-score": 0.34188034188034183, "support": 54.0}, "rs": {"precision": 0.6190476190476191, "recall": 0.65, "f1-score": 0.6341463414634146, "support": 20.0}, "av": {"precision": 0.3404255319148936, "recall": 0.2807017543859649, "f1-score": 0.30769230769230765, "support": 57.0}, "ds": {"precision": 0.47379454926624737, "recall": 0.7793103448275862, "f1-score": 0.5893089960886571, "support": 290.0}, "ed": {"precision": 0.0, "recall": 0.0, "f1-score": 0.0, "support": 30.0}}}