{"f1": 0.6047133545044293, "precision": 0.6800751879699248, "recall": 0.544387601564851, "accuracy": 0.2942664418212479, "pr_auc": 0.6527777709820587, "threshold": 0.3, "label_scores": {"MT": {"precision": 0.22580645161290322, "recall": 0.7241379310344828, "f1-score": 0.3442622950819672, "support": 29.0}, "LY": {"precision": 0.8, "recall": 0.6666666666666666, "f1-score": 0.7272727272727272, "support": 12.0}, "SP": {"precision": 0.5, "recall": 0.009615384615384616, "f1-score": 0.01886792452830189, "support": 104.0}, "ID": {"precision": 0.2857142857142857, "recall": 0.09090909090909091, "f1-score": 0.13793103448275862, "support": 44.0}, "NA": {"precision": 0.8788501026694046, "recall": 0.7392055267702936, "f1-score": 0.8030018761726079, "support": 579.0}, "HI": {"precision": 0.5804195804195804, "recall": 0.6535433070866141, "f1-score": 0.6148148148148148, "support": 127.0}, "IN": {"precision": 0.7165605095541401, "recall": 0.4151291512915129, "f1-score": 0.5257009345794392, "support": 542.0}, "OP": {"precision": 0.70625, "recall": 0.3856655290102389, "f1-score": 0.4988962472406182, "support": 293.0}, "IP": {"precision": 0.673469387755102, "recall": 0.7356687898089171, "f1-score": 0.7031963470319635, "support": 314.0}, "it": {"precision": 0.0, "recall": 0.0, "f1-score": 0.0, "support": 13.0}, "ne": {"precision": 0.7959183673469388, "recall": 0.9222972972972973, "f1-score": 0.8544600938967136, "support": 296.0}, "sr": {"precision": 0.8076923076923077, "recall": 0.9130434782608695, "f1-score": 0.8571428571428572, "support": 46.0}, "nb": {"precision": 0.5783132530120482, "recall": 0.31788079470198677, "f1-score": 0.4102564102564103, "support": 151.0}, "re": {"precision": 0.9090909090909091, "recall": 0.625, "f1-score": 0.7407407407407406, "support": 16.0}, "en": {"precision": 0.75, "recall": 0.15789473684210525, "f1-score": 0.2608695652173913, "support": 19.0}, "ra": {"precision": 0.75, "recall": 0.42857142857142855, "f1-score": 0.5454545454545454, "support": 14.0}, "dtp": {"precision": 0.31724137931034485, "recall": 0.23958333333333334, "f1-score": 0.2729970326409496, "support": 192.0}, "fi": {"precision": 0.3333333333333333, "recall": 0.5, "f1-score": 0.4, "support": 2.0}, "lt": {"precision": 0.3333333333333333, "recall": 0.3076923076923077, "f1-score": 0.32, "support": 13.0}, "rv": {"precision": 0.76, "recall": 0.2923076923076923, "f1-score": 0.4222222222222222, "support": 65.0}, "ob": {"precision": 0.56, "recall": 0.12612612612612611, "f1-score": 0.20588235294117643, "support": 111.0}, "rs": {"precision": 0.8571428571428571, "recall": 0.5142857142857142, "f1-score": 0.6428571428571428, "support": 35.0}, "av": {"precision": 0.4745762711864407, "recall": 0.4375, "f1-score": 0.45528455284552843, "support": 64.0}, "ds": {"precision": 0.6182432432432432, "recall": 0.7956521739130434, "f1-score": 0.6958174904942966, "support": 230.0}, "ed": {"precision": 0.0, "recall": 0.0, "f1-score": 0.0, "support": 12.0}}}