{"f1": 0.7677981375788524, "precision": 0.7835683629675047, "recall": 0.7526501766784452, "accuracy": 0.6462882096069869, "pr_auc": 0.8204053160486551, "threshold": 0.49999999999999994, "label_scores": {"MT": {"precision": 0.9583333333333334, "recall": 0.6272727272727273, "f1-score": 0.7582417582417583, "support": 110.0}, "LY": {"precision": 0.75, "recall": 0.42857142857142855, "f1-score": 0.5454545454545454, "support": 7.0}, "SP": {"precision": 1.0, "recall": 0.38461538461538464, "f1-score": 0.5555555555555556, "support": 13.0}, "ID": {"precision": 0.7142857142857143, "recall": 0.21739130434782608, "f1-score": 0.3333333333333333, "support": 23.0}, "NA": {"precision": 0.854251012145749, "recall": 0.9213973799126638, "f1-score": 0.8865546218487395, "support": 229.0}, "HI": {"precision": 0.7575757575757576, "recall": 0.7575757575757576, "f1-score": 0.7575757575757576, "support": 33.0}, "IN": {"precision": 0.7321428571428571, "recall": 0.6648648648648648, "f1-score": 0.6968838526912181, "support": 185.0}, "OP": {"precision": 0.6764705882352942, "recall": 0.5, "f1-score": 0.5750000000000001, "support": 92.0}, "IP": {"precision": 0.7507598784194529, "recall": 0.8697183098591549, "f1-score": 0.8058727569331159, "support": 284.0}, "it": {"precision": 1.0, "recall": 0.5714285714285714, "f1-score": 0.7272727272727273, "support": 7.0}, "ne": {"precision": 0.8421052631578947, "recall": 0.9214659685863874, "f1-score": 0.8799999999999999, "support": 191.0}, "sr": {"precision": 0.7777777777777778, "recall": 0.5, "f1-score": 0.6086956521739131, "support": 14.0}, "nb": {"precision": 0.6521739130434783, "recall": 0.6521739130434783, "f1-score": 0.6521739130434783, "support": 23.0}, "re": {"precision": 1.0, "recall": 0.9523809523809523, "f1-score": 0.975609756097561, "support": 21.0}, "en": {"precision": 0.25, "recall": 0.25, "f1-score": 0.25, "support": 4.0}, "ra": {"precision": 0.0, "recall": 0.0, "f1-score": 0.0, "support": 0.0}, "dtp": {"precision": 0.5405405405405406, "recall": 0.43478260869565216, "f1-score": 0.4819277108433735, "support": 46.0}, "fi": {"precision": 0.0, "recall": 0.0, "f1-score": 0.0, "support": 3.0}, "lt": {"precision": 0.875, "recall": 0.660377358490566, "f1-score": 0.7526881720430108, "support": 53.0}, "rv": {"precision": 0.75, "recall": 0.2903225806451613, "f1-score": 0.4186046511627908, "support": 31.0}, "ob": {"precision": 0.6666666666666666, "recall": 0.18181818181818182, "f1-score": 0.28571428571428575, "support": 22.0}, "rs": {"precision": 0.875, "recall": 0.7, "f1-score": 0.7777777777777777, "support": 10.0}, "av": {"precision": 0.7857142857142857, "recall": 0.55, "f1-score": 0.6470588235294117, "support": 20.0}, "ds": {"precision": 0.7733812949640287, "recall": 0.8811475409836066, "f1-score": 0.8237547892720306, "support": 244.0}, "ed": {"precision": 0.5882352941176471, "recall": 0.6060606060606061, "f1-score": 0.5970149253731343, "support": 33.0}}}