{"f1": 0.7918003067912426, "precision": 0.8141669056495555, "recall": 0.7706297502714441, "accuracy": 0.6759646675964668, "pr_auc": 0.8597619760663061, "threshold": 0.49999999999999994, "label_scores": {"MT": {"precision": 0.996268656716418, "recall": 0.967391304347826, "f1-score": 0.9816176470588235, "support": 276.0}, "LY": {"precision": 0.5, "recall": 0.2, "f1-score": 0.28571428571428575, "support": 5.0}, "SP": {"precision": 1.0, "recall": 0.6111111111111112, "f1-score": 0.7586206896551725, "support": 18.0}, "ID": {"precision": 0.890625, "recall": 0.7402597402597403, "f1-score": 0.8085106382978724, "support": 231.0}, "NA": {"precision": 0.8002322880371661, "recall": 0.9137931034482759, "f1-score": 0.8532507739938081, "support": 754.0}, "HI": {"precision": 0.8160919540229885, "recall": 0.6068376068376068, "f1-score": 0.6960784313725491, "support": 117.0}, "IN": {"precision": 0.8021201413427562, "recall": 0.6270718232044199, "f1-score": 0.703875968992248, "support": 362.0}, "OP": {"precision": 0.8547008547008547, "recall": 0.704225352112676, "f1-score": 0.7722007722007721, "support": 284.0}, "IP": {"precision": 0.7567567567567568, "recall": 0.7777777777777778, "f1-score": 0.7671232876712328, "support": 252.0}, "it": {"precision": 1.0, "recall": 0.6153846153846154, "f1-score": 0.761904761904762, "support": 13.0}, "ne": {"precision": 0.6459016393442623, "recall": 0.8755555555555555, "f1-score": 0.7433962264150943, "support": 225.0}, "sr": {"precision": 0.9692307692307692, "recall": 0.8873239436619719, "f1-score": 0.9264705882352942, "support": 71.0}, "nb": {"precision": 0.8128834355828221, "recall": 0.7957957957957958, "f1-score": 0.8042488619119879, "support": 333.0}, "re": {"precision": 1.0, "recall": 0.75, "f1-score": 0.8571428571428571, "support": 8.0}, "en": {"precision": 0.7777777777777778, "recall": 0.6222222222222222, "f1-score": 0.6913580246913581, "support": 45.0}, "ra": {"precision": 0.8333333333333334, "recall": 0.7142857142857143, "f1-score": 0.7692307692307692, "support": 14.0}, "dtp": {"precision": 0.7032967032967034, "recall": 0.47058823529411764, "f1-score": 0.5638766519823789, "support": 136.0}, "fi": {"precision": 0.0, "recall": 0.0, "f1-score": 0.0, "support": 4.0}, "lt": {"precision": 0.6842105263157895, "recall": 0.5, "f1-score": 0.5777777777777778, "support": 26.0}, "rv": {"precision": 0.9148936170212766, "recall": 0.7889908256880734, "f1-score": 0.8472906403940887, "support": 109.0}, "ob": {"precision": 0.6739130434782609, "recall": 0.45588235294117646, "f1-score": 0.543859649122807, "support": 68.0}, "rs": {"precision": 0.9508196721311475, "recall": 0.6590909090909091, "f1-score": 0.7785234899328859, "support": 88.0}, "av": {"precision": 0.0, "recall": 0.0, "f1-score": 0.0, "support": 12.0}, "ds": {"precision": 0.8009049773755657, "recall": 0.8349056603773585, "f1-score": 0.8175519630484989, "support": 212.0}, "ed": {"precision": 0.0, "recall": 0.0, "f1-score": 0.0, "support": 21.0}}}