{"f1": 0.7509433962264151, "precision": 0.7566539923954373, "recall": 0.7453183520599251, "accuracy": 0.5592264302981467, "pr_auc": 0.8151440347853883, "threshold": 0.44999999999999996, "label_scores": {"MT": {"precision": 0.92, "recall": 0.71875, "f1-score": 0.8070175438596492, "support": 64.0}, "LY": {"precision": 0.9230769230769231, "recall": 0.9230769230769231, "f1-score": 0.9230769230769231, "support": 13.0}, "SP": {"precision": 0.875, "recall": 0.4666666666666667, "f1-score": 0.608695652173913, "support": 15.0}, "ID": {"precision": 0.9423076923076923, "recall": 0.8166666666666667, "f1-score": 0.8749999999999999, "support": 120.0}, "NA": {"precision": 0.7304582210242587, "recall": 0.8338461538461538, "f1-score": 0.7787356321839081, "support": 325.0}, "HI": {"precision": 0.75, "recall": 0.625, "f1-score": 0.6818181818181818, "support": 72.0}, "IN": {"precision": 0.7896440129449838, "recall": 0.7625, "f1-score": 0.7758346581875993, "support": 320.0}, "OP": {"precision": 0.7192982456140351, "recall": 0.5466666666666666, "f1-score": 0.6212121212121212, "support": 150.0}, "IP": {"precision": 0.7931034482758621, "recall": 0.8277634961439588, "f1-score": 0.8100628930817609, "support": 389.0}, "it": {"precision": 0.8333333333333334, "recall": 0.625, "f1-score": 0.7142857142857143, "support": 8.0}, "ne": {"precision": 0.7071428571428572, "recall": 0.7983870967741935, "f1-score": 0.7499999999999999, "support": 124.0}, "sr": {"precision": 0.9523809523809523, "recall": 0.8695652173913043, "f1-score": 0.909090909090909, "support": 23.0}, "nb": {"precision": 0.6901408450704225, "recall": 0.765625, "f1-score": 0.725925925925926, "support": 128.0}, "re": {"precision": 0.9411764705882353, "recall": 0.7619047619047619, "f1-score": 0.8421052631578947, "support": 21.0}, "en": {"precision": 0.896551724137931, "recall": 0.7647058823529411, "f1-score": 0.8253968253968255, "support": 34.0}, "ra": {"precision": 0.6, "recall": 0.3, "f1-score": 0.4, "support": 10.0}, "dtp": {"precision": 0.5945945945945946, "recall": 0.5906040268456376, "f1-score": 0.5925925925925926, "support": 149.0}, "fi": {"precision": 0.8333333333333334, "recall": 0.8333333333333334, "f1-score": 0.8333333333333334, "support": 6.0}, "lt": {"precision": 0.7647058823529411, "recall": 0.6842105263157895, "f1-score": 0.7222222222222222, "support": 38.0}, "rv": {"precision": 0.9215686274509803, "recall": 0.618421052631579, "f1-score": 0.7401574803149605, "support": 76.0}, "ob": {"precision": 0.631578947368421, "recall": 0.4444444444444444, "f1-score": 0.5217391304347826, "support": 27.0}, "rs": {"precision": 0.7, "recall": 1.0, "f1-score": 0.8235294117647058, "support": 7.0}, "av": {"precision": 0.4375, "recall": 0.25, "f1-score": 0.3181818181818182, "support": 28.0}, "ds": {"precision": 0.7142857142857143, "recall": 0.8333333333333334, "f1-score": 0.7692307692307692, "support": 246.0}, "ed": {"precision": 0.0, "recall": 0.0, "f1-score": 0.0, "support": 10.0}}}