{"f1": 0.6547169811320754, "precision": 0.6898608349900597, "recall": 0.6229802513464991, "accuracy": 0.47003154574132494, "pr_auc": 0.7015972523925226, "threshold": 0.44999999999999996, "label_scores": {"MT": {"precision": 0.16666666666666666, "recall": 0.2, "f1-score": 0.1818181818181818, "support": 5.0}, "LY": {"precision": 0.5, "recall": 0.3333333333333333, "f1-score": 0.4, "support": 3.0}, "SP": {"precision": 0.3333333333333333, "recall": 1.0, "f1-score": 0.5, "support": 1.0}, "ID": {"precision": 0.6363636363636364, "recall": 0.875, "f1-score": 0.7368421052631579, "support": 8.0}, "NA": {"precision": 0.8604651162790697, "recall": 0.7628865979381443, "f1-score": 0.8087431693989071, "support": 97.0}, "HI": {"precision": 0.4, "recall": 0.16666666666666666, "f1-score": 0.23529411764705882, "support": 12.0}, "IN": {"precision": 0.5794392523364486, "recall": 0.9117647058823529, "f1-score": 0.7085714285714285, "support": 68.0}, "OP": {"precision": 0.38095238095238093, "recall": 0.21621621621621623, "f1-score": 0.27586206896551724, "support": 37.0}, "IP": {"precision": 0.8681318681318682, "recall": 0.6869565217391305, "f1-score": 0.7669902912621359, "support": 115.0}, "it": {"precision": 0.0, "recall": 0.0, "f1-score": 0.0, "support": 0.0}, "ne": {"precision": 0.5483870967741935, "recall": 0.7083333333333334, "f1-score": 0.6181818181818182, "support": 24.0}, "sr": {"precision": 1.0, "recall": 0.7142857142857143, "f1-score": 0.8333333333333333, "support": 7.0}, "nb": {"precision": 0.16666666666666666, "recall": 0.2, "f1-score": 0.1818181818181818, "support": 10.0}, "re": {"precision": 0.0, "recall": 0.0, "f1-score": 0.0, "support": 0.0}, "en": {"precision": 1.0, "recall": 1.0, "f1-score": 1.0, "support": 1.0}, "ra": {"precision": 0.625, "recall": 0.8333333333333334, "f1-score": 0.7142857142857143, "support": 6.0}, "dtp": {"precision": 0.2857142857142857, "recall": 0.2857142857142857, "f1-score": 0.2857142857142857, "support": 14.0}, "fi": {"precision": 0.0, "recall": 0.0, "f1-score": 0.0, "support": 5.0}, "lt": {"precision": 0.5714285714285714, "recall": 0.23529411764705882, "f1-score": 0.3333333333333333, "support": 17.0}, "rv": {"precision": 0.5, "recall": 0.2, "f1-score": 0.28571428571428575, "support": 15.0}, "ob": {"precision": 0.5, "recall": 0.4, "f1-score": 0.4444444444444445, "support": 5.0}, "rs": {"precision": 0.0, "recall": 0.0, "f1-score": 0.0, "support": 0.0}, "av": {"precision": 0.5, "recall": 0.2222222222222222, "f1-score": 0.30769230769230765, "support": 9.0}, "ds": {"precision": 0.8589743589743589, "recall": 0.6979166666666666, "f1-score": 0.7701149425287356, "support": 96.0}, "ed": {"precision": 0.0, "recall": 0.0, "f1-score": 0.0, "support": 2.0}}}