{"f1": 0.7934272300469484, "precision": 0.8074761101742552, "recall": 0.7798588490770901, "accuracy": 0.6936308693630869, "pr_auc": 0.8534755602024315, "threshold": 0.49999999999999994, "label_scores": {"MT": {"precision": 0.989010989010989, "recall": 0.9782608695652174, "f1-score": 0.9836065573770493, "support": 276.0}, "LY": {"precision": 0.0, "recall": 0.0, "f1-score": 0.0, "support": 5.0}, "SP": {"precision": 0.0, "recall": 0.0, "f1-score": 0.0, "support": 18.0}, "ID": {"precision": 0.9247311827956989, "recall": 0.7445887445887446, "f1-score": 0.8249400479616307, "support": 231.0}, "NA": {"precision": 0.8292383292383292, "recall": 0.8952254641909815, "f1-score": 0.860969387755102, "support": 754.0}, "HI": {"precision": 0.7582417582417582, "recall": 0.5897435897435898, "f1-score": 0.6634615384615384, "support": 117.0}, "IN": {"precision": 0.7247191011235955, "recall": 0.712707182320442, "f1-score": 0.7186629526462395, "support": 362.0}, "OP": {"precision": 0.8512396694214877, "recall": 0.7253521126760564, "f1-score": 0.7832699619771862, "support": 284.0}, "IP": {"precision": 0.7991452991452992, "recall": 0.7420634920634921, "f1-score": 0.7695473251028807, "support": 252.0}, "it": {"precision": 0.0, "recall": 0.0, "f1-score": 0.0, "support": 13.0}, "ne": {"precision": 0.6612377850162866, "recall": 0.9022222222222223, "f1-score": 0.763157894736842, "support": 225.0}, "sr": {"precision": 0.9411764705882353, "recall": 0.9014084507042254, "f1-score": 0.920863309352518, "support": 71.0}, "nb": {"precision": 0.8229813664596274, "recall": 0.7957957957957958, "f1-score": 0.8091603053435115, "support": 333.0}, "re": {"precision": 0.8571428571428571, "recall": 0.75, "f1-score": 0.7999999999999999, "support": 8.0}, "en": {"precision": 0.8181818181818182, "recall": 0.6, "f1-score": 0.6923076923076923, "support": 45.0}, "ra": {"precision": 0.75, "recall": 0.6428571428571429, "f1-score": 0.6923076923076924, "support": 14.0}, "dtp": {"precision": 0.5704697986577181, "recall": 0.625, "f1-score": 0.5964912280701754, "support": 136.0}, "fi": {"precision": 0.0, "recall": 0.0, "f1-score": 0.0, "support": 4.0}, "lt": {"precision": 0.75, "recall": 0.46153846153846156, "f1-score": 0.5714285714285714, "support": 26.0}, "rv": {"precision": 0.8490566037735849, "recall": 0.8256880733944955, "f1-score": 0.8372093023255816, "support": 109.0}, "ob": {"precision": 0.6862745098039216, "recall": 0.5147058823529411, "f1-score": 0.588235294117647, "support": 68.0}, "rs": {"precision": 0.9142857142857143, "recall": 0.7272727272727273, "f1-score": 0.810126582278481, "support": 88.0}, "av": {"precision": 0.0, "recall": 0.0, "f1-score": 0.0, "support": 12.0}, "ds": {"precision": 0.7963800904977375, "recall": 0.8301886792452831, "f1-score": 0.812933025404157, "support": 212.0}, "ed": {"precision": 0.0, "recall": 0.0, "f1-score": 0.0, "support": 21.0}}}