{"f1": 0.7208268679483472, "precision": 0.6939788322276802, "recall": 0.7498358502954695, "accuracy": 0.483122583342042, "pr_auc": 0.7957966458018183, "threshold": 0.39999999999999997, "label_scores": {"MT": {"precision": 0.0, "recall": 0.0, "f1-score": 0.0, "support": 0.0}, "LY": {"precision": 0.9646017699115044, "recall": 0.8074074074074075, "f1-score": 0.8790322580645162, "support": 135.0}, "SP": {"precision": 0.7142857142857143, "recall": 0.7534246575342466, "f1-score": 0.7333333333333334, "support": 146.0}, "ID": {"precision": 0.8770226537216829, "recall": 0.7900874635568513, "f1-score": 0.8312883435582823, "support": 686.0}, "NA": {"precision": 0.7834474175482266, "recall": 0.8857879924953096, "f1-score": 0.8314804623004953, "support": 4264.0}, "HI": {"precision": 0.6378378378378379, "recall": 0.5742092457420924, "f1-score": 0.6043533930857875, "support": 411.0}, "IN": {"precision": 0.6485342019543974, "recall": 0.7669491525423728, "f1-score": 0.7027885633603953, "support": 2596.0}, "OP": {"precision": 0.6122760198246283, "recall": 0.7543447627994364, "f1-score": 0.6759259259259259, "support": 2129.0}, "IP": {"precision": 0.6121794871794872, "recall": 0.47512437810945274, "f1-score": 0.5350140056022409, "support": 402.0}, "it": {"precision": 0.680672268907563, "recall": 0.7788461538461539, "f1-score": 0.726457399103139, "support": 104.0}, "ne": {"precision": 0.7596302003081664, "recall": 0.8359474353539635, "f1-score": 0.7959636730575176, "support": 2359.0}, "sr": {"precision": 0.8571428571428571, "recall": 0.925984251968504, "f1-score": 0.8902346707040121, "support": 635.0}, "nb": {"precision": 0.6784702549575071, "recall": 0.6634349030470914, "f1-score": 0.6708683473389356, "support": 722.0}, "re": {"precision": 0.9032258064516129, "recall": 0.7567567567567568, "f1-score": 0.823529411764706, "support": 37.0}, "en": {"precision": 0.8080808080808081, "recall": 0.7407407407407407, "f1-score": 0.7729468599033815, "support": 108.0}, "ra": {"precision": 0.7936507936507936, "recall": 0.5291005291005291, "f1-score": 0.6349206349206349, "support": 189.0}, "dtp": {"precision": 0.4798283261802575, "recall": 0.5128440366972477, "f1-score": 0.49578713968957866, "support": 1090.0}, "fi": {"precision": 0.0, "recall": 0.0, "f1-score": 0.0, "support": 69.0}, "lt": {"precision": 0.6764705882352942, "recall": 0.575, "f1-score": 0.6216216216216216, "support": 40.0}, "rv": {"precision": 0.640625, "recall": 0.6982968369829684, "f1-score": 0.6682188591385333, "support": 411.0}, "ob": {"precision": 0.564, "recall": 0.5366317792578497, "f1-score": 0.5499756216479765, "support": 1051.0}, "rs": {"precision": 0.6836158192090396, "recall": 0.7707006369426752, "f1-score": 0.7245508982035929, "support": 157.0}, "av": {"precision": 0.42213114754098363, "recall": 0.4364406779661017, "f1-score": 0.4291666666666667, "support": 236.0}, "ds": {"precision": 0.6946902654867256, "recall": 0.5607142857142857, "f1-score": 0.6205533596837944, "support": 280.0}, "ed": {"precision": 0.0, "recall": 0.0, "f1-score": 0.0, "support": 19.0}}}