{"f1": 0.7509009963960145, "precision": 0.7653414001728609, "recall": 0.7369954223886808, "accuracy": 0.5519742143432715, "pr_auc": 0.8245364106418107, "threshold": 0.44999999999999996, "label_scores": {"MT": {"precision": 0.9361702127659575, "recall": 0.6875, "f1-score": 0.7927927927927927, "support": 64.0}, "LY": {"precision": 0.9230769230769231, "recall": 0.9230769230769231, "f1-score": 0.9230769230769231, "support": 13.0}, "SP": {"precision": 0.7272727272727273, "recall": 0.5333333333333333, "f1-score": 0.6153846153846153, "support": 15.0}, "ID": {"precision": 0.9363636363636364, "recall": 0.8583333333333333, "f1-score": 0.8956521739130435, "support": 120.0}, "NA": {"precision": 0.8, "recall": 0.7753846153846153, "f1-score": 0.7875000000000001, "support": 325.0}, "HI": {"precision": 0.7413793103448276, "recall": 0.5972222222222222, "f1-score": 0.6615384615384615, "support": 72.0}, "IN": {"precision": 0.7725856697819314, "recall": 0.775, "f1-score": 0.7737909516380655, "support": 320.0}, "OP": {"precision": 0.7246376811594203, "recall": 0.6666666666666666, "f1-score": 0.6944444444444444, "support": 150.0}, "IP": {"precision": 0.796875, "recall": 0.7866323907455013, "f1-score": 0.7917205692108666, "support": 389.0}, "it": {"precision": 0.8, "recall": 0.5, "f1-score": 0.6153846153846154, "support": 8.0}, "ne": {"precision": 0.7443609022556391, "recall": 0.7983870967741935, "f1-score": 0.7704280155642023, "support": 124.0}, "sr": {"precision": 0.9090909090909091, "recall": 0.8695652173913043, "f1-score": 0.888888888888889, "support": 23.0}, "nb": {"precision": 0.7321428571428571, "recall": 0.640625, "f1-score": 0.6833333333333332, "support": 128.0}, "re": {"precision": 0.9411764705882353, "recall": 0.7619047619047619, "f1-score": 0.8421052631578947, "support": 21.0}, "en": {"precision": 0.8333333333333334, "recall": 0.7352941176470589, "f1-score": 0.78125, "support": 34.0}, "ra": {"precision": 1.0, "recall": 0.3, "f1-score": 0.4615384615384615, "support": 10.0}, "dtp": {"precision": 0.5609756097560976, "recall": 0.6174496644295302, "f1-score": 0.5878594249201278, "support": 149.0}, "fi": {"precision": 0.0, "recall": 0.0, "f1-score": 0.0, "support": 6.0}, "lt": {"precision": 0.7941176470588235, "recall": 0.7105263157894737, "f1-score": 0.7499999999999999, "support": 38.0}, "rv": {"precision": 0.8382352941176471, "recall": 0.75, "f1-score": 0.7916666666666666, "support": 76.0}, "ob": {"precision": 0.6, "recall": 0.5555555555555556, "f1-score": 0.576923076923077, "support": 27.0}, "rs": {"precision": 0.75, "recall": 0.8571428571428571, "f1-score": 0.7999999999999999, "support": 7.0}, "av": {"precision": 0.6363636363636364, "recall": 0.25, "f1-score": 0.358974358974359, "support": 28.0}, "ds": {"precision": 0.7137809187279152, "recall": 0.8211382113821138, "f1-score": 0.7637051039697543, "support": 246.0}, "ed": {"precision": 0.0, "recall": 0.0, "f1-score": 0.0, "support": 10.0}}}