{"f1": 0.7639652420641958, "f1_macro": 0.7418741307774038, "precision": 0.7445558244037331, "recall": 0.7844136926438456, "accuracy": 0.5034802784222738, "threshold": 0.35, "label_scores": {"MT": {"precision": 0.9387755102040817, "recall": 0.7931034482758621, "f1-score": 0.8598130841121495, "support": 116.0}, "LY": {"precision": 0.8333333333333334, "recall": 0.6666666666666666, "f1-score": 0.7407407407407408, "support": 15.0}, "SP": {"precision": 0.75, "recall": 0.8571428571428571, "f1-score": 0.7999999999999999, "support": 7.0}, "ID": {"precision": 0.7346938775510204, "recall": 0.7058823529411765, "f1-score": 0.7200000000000001, "support": 51.0}, "NA": {"precision": 0.8650793650793651, "recall": 0.8320610687022901, "f1-score": 0.8482490272373542, "support": 393.0}, "HI": {"precision": 0.7083333333333334, "recall": 0.6538461538461539, "f1-score": 0.68, "support": 78.0}, "IN": {"precision": 0.6084452975047985, "recall": 0.9378698224852071, "f1-score": 0.7380675203725263, "support": 338.0}, "OP": {"precision": 0.7191011235955056, "recall": 0.7804878048780488, "f1-score": 0.7485380116959065, "support": 164.0}, "IP": {"precision": 0.8821917808219178, "recall": 0.755868544600939, "f1-score": 0.8141592920353983, "support": 426.0}, "it": {"precision": 0.7142857142857143, "recall": 0.8333333333333334, "f1-score": 0.7692307692307692, "support": 6.0}, "ne": {"precision": 0.7333333333333333, "recall": 0.8105263157894737, "f1-score": 0.77, "support": 95.0}, "sr": {"precision": 0.6875, "recall": 0.7857142857142857, "f1-score": 0.7333333333333334, "support": 14.0}, "nb": {"precision": 0.925, "recall": 0.7520325203252033, "f1-score": 0.8295964125560538, "support": 246.0}, "re": {"precision": 0.8888888888888888, "recall": 0.8888888888888888, "f1-score": 0.8888888888888888, "support": 18.0}, "en": {"precision": 0.957983193277311, "recall": 0.8571428571428571, "f1-score": 0.9047619047619048, "support": 133.0}, "ra": {"precision": 0.3333333333333333, "recall": 1.0, "f1-score": 0.5, "support": 1.0}, "dtp": {"precision": 0.25868725868725867, "recall": 0.7204301075268817, "f1-score": 0.3806818181818182, "support": 93.0}, "fi": {"precision": 0.0, "recall": 0.0, "f1-score": 0.0, "support": 30.0}, "lt": {"precision": 0.8292682926829268, "recall": 0.8947368421052632, "f1-score": 0.860759493670886, "support": 38.0}, "rv": {"precision": 0.8, "recall": 0.8235294117647058, "f1-score": 0.8115942028985507, "support": 68.0}, "ob": {"precision": 0.7272727272727273, "recall": 0.7407407407407407, "f1-score": 0.7339449541284404, "support": 54.0}, "rs": {"precision": 0.7142857142857143, "recall": 0.5555555555555556, "f1-score": 0.6250000000000001, "support": 9.0}, "av": {"precision": 0.6875, "recall": 0.4074074074074074, "f1-score": 0.5116279069767441, "support": 27.0}, "ds": {"precision": 0.823728813559322, "recall": 0.7665615141955836, "f1-score": 0.7941176470588235, "support": 317.0}, "ed": {"precision": 0.0, "recall": 0.0, "f1-score": 0.0, "support": 9.0}}}