{"f1": 0.6712018140589568, "precision": 0.6519823788546255, "recall": 0.6915887850467289, "accuracy": 0.48493975903614456, "pr_auc": 0.723235644139313, "threshold": 0.39999999999999997, "label_scores": {"MT": {"precision": 0.0, "recall": 0.0, "f1-score": 0.0, "support": 0.0}, "LY": {"precision": 0.0, "recall": 0.0, "f1-score": 0.0, "support": 4.0}, "SP": {"precision": 0.0, "recall": 0.0, "f1-score": 0.0, "support": 0.0}, "ID": {"precision": 0.4444444444444444, "recall": 0.23529411764705882, "f1-score": 0.30769230769230765, "support": 17.0}, "NA": {"precision": 0.7744360902255639, "recall": 0.911504424778761, "f1-score": 0.8373983739837398, "support": 113.0}, "HI": {"precision": 0.7894736842105263, "recall": 0.46875, "f1-score": 0.5882352941176471, "support": 32.0}, "IN": {"precision": 0.4805194805194805, "recall": 0.6727272727272727, "f1-score": 0.5606060606060606, "support": 55.0}, "OP": {"precision": 0.475, "recall": 0.6333333333333333, "f1-score": 0.5428571428571427, "support": 30.0}, "IP": {"precision": 0.8118811881188119, "recall": 0.7256637168141593, "f1-score": 0.766355140186916, "support": 113.0}, "it": {"precision": 0.0, "recall": 0.0, "f1-score": 0.0, "support": 0.0}, "ne": {"precision": 0.66, "recall": 0.88, "f1-score": 0.7542857142857142, "support": 75.0}, "sr": {"precision": 0.6, "recall": 0.5, "f1-score": 0.5454545454545454, "support": 6.0}, "nb": {"precision": 0.4375, "recall": 0.3684210526315789, "f1-score": 0.39999999999999997, "support": 19.0}, "re": {"precision": 1.0, "recall": 0.8333333333333334, "f1-score": 0.9090909090909091, "support": 6.0}, "en": {"precision": 0.0, "recall": 0.0, "f1-score": 0.0, "support": 3.0}, "ra": {"precision": 0.0, "recall": 0.0, "f1-score": 0.0, "support": 2.0}, "dtp": {"precision": 0.22857142857142856, "recall": 0.42105263157894735, "f1-score": 0.2962962962962963, "support": 19.0}, "fi": {"precision": 0.0, "recall": 0.0, "f1-score": 0.0, "support": 1.0}, "lt": {"precision": 0.5, "recall": 0.75, "f1-score": 0.6, "support": 8.0}, "rv": {"precision": 0.6666666666666666, "recall": 0.2222222222222222, "f1-score": 0.3333333333333333, "support": 9.0}, "ob": {"precision": 0.42857142857142855, "recall": 0.6, "f1-score": 0.5, "support": 5.0}, "rs": {"precision": 0.7, "recall": 0.7777777777777778, "f1-score": 0.7368421052631577, "support": 9.0}, "av": {"precision": 0.16666666666666666, "recall": 0.3333333333333333, "f1-score": 0.2222222222222222, "support": 6.0}, "ds": {"precision": 0.8522727272727273, "recall": 0.7075471698113207, "f1-score": 0.7731958762886597, "support": 106.0}, "ed": {"precision": 0.0, "recall": 0.0, "f1-score": 0.0, "support": 4.0}}}