{"f1": 0.8081761006289307, "precision": 0.8566666666666667, "recall": 0.7648809523809523, "accuracy": 0.675, "pr_auc": 0.8949156750642707, "threshold": 0.44999999999999996, "label_scores": {"MT": {"precision": 0.16666666666666666, "recall": 1.0, "f1-score": 0.2857142857142857, "support": 1.0}, "LY": {"precision": 1.0, "recall": 0.6666666666666666, "f1-score": 0.8, "support": 3.0}, "SP": {"precision": 0.0, "recall": 0.0, "f1-score": 0.0, "support": 0.0}, "ID": {"precision": 0.5, "recall": 1.0, "f1-score": 0.6666666666666666, "support": 1.0}, "NA": {"precision": 0.9791666666666666, "recall": 0.94, "f1-score": 0.9591836734693877, "support": 100.0}, "HI": {"precision": 1.0, "recall": 0.5, "f1-score": 0.6666666666666666, "support": 2.0}, "IN": {"precision": 0.6842105263157895, "recall": 0.5416666666666666, "f1-score": 0.6046511627906976, "support": 24.0}, "OP": {"precision": 0.8064516129032258, "recall": 0.7142857142857143, "f1-score": 0.7575757575757576, "support": 35.0}, "IP": {"precision": 0.5, "recall": 0.25, "f1-score": 0.3333333333333333, "support": 12.0}, "it": {"precision": 0.0, "recall": 0.0, "f1-score": 0.0, "support": 0.0}, "ne": {"precision": 0.9647058823529412, "recall": 0.9879518072289156, "f1-score": 0.9761904761904762, "support": 83.0}, "sr": {"precision": 0.7142857142857143, "recall": 1.0, "f1-score": 0.8333333333333333, "support": 5.0}, "nb": {"precision": 0.3333333333333333, "recall": 0.25, "f1-score": 0.28571428571428575, "support": 4.0}, "re": {"precision": 0.0, "recall": 0.0, "f1-score": 0.0, "support": 0.0}, "en": {"precision": 0.8, "recall": 0.6666666666666666, "f1-score": 0.7272727272727272, "support": 6.0}, "ra": {"precision": 0.0, "recall": 0.0, "f1-score": 0.0, "support": 0.0}, "dtp": {"precision": 0.3333333333333333, "recall": 0.25, "f1-score": 0.28571428571428575, "support": 8.0}, "fi": {"precision": 0.0, "recall": 0.0, "f1-score": 0.0, "support": 5.0}, "lt": {"precision": 0.0, "recall": 0.0, "f1-score": 0.0, "support": 1.0}, "rv": {"precision": 1.0, "recall": 0.5, "f1-score": 0.6666666666666666, "support": 2.0}, "ob": {"precision": 0.5, "recall": 0.8, "f1-score": 0.6153846153846154, "support": 5.0}, "rs": {"precision": 0.8666666666666667, "recall": 0.65, "f1-score": 0.7428571428571429, "support": 20.0}, "av": {"precision": 1.0, "recall": 0.25, "f1-score": 0.4, "support": 8.0}, "ds": {"precision": 1.0, "recall": 0.16666666666666666, "f1-score": 0.2857142857142857, "support": 6.0}, "ed": {"precision": 0.5, "recall": 0.4, "f1-score": 0.4444444444444445, "support": 5.0}}}