{"f1": 0.7935178933153276, "precision": 0.7895726955119592, "recall": 0.7975027144408252, "accuracy": 0.6759646675964668, "pr_auc": 0.8654376825761668, "threshold": 0.44999999999999996, "label_scores": {"MT": {"precision": 0.9854014598540146, "recall": 0.9782608695652174, "f1-score": 0.9818181818181817, "support": 276.0}, "LY": {"precision": 0.5, "recall": 0.2, "f1-score": 0.28571428571428575, "support": 5.0}, "SP": {"precision": 0.7368421052631579, "recall": 0.7777777777777778, "f1-score": 0.7567567567567567, "support": 18.0}, "ID": {"precision": 0.9123711340206185, "recall": 0.7662337662337663, "f1-score": 0.8329411764705883, "support": 231.0}, "NA": {"precision": 0.8146811070998796, "recall": 0.8978779840848806, "f1-score": 0.8542586750788642, "support": 754.0}, "HI": {"precision": 0.723404255319149, "recall": 0.5811965811965812, "f1-score": 0.6445497630331753, "support": 117.0}, "IN": {"precision": 0.7397660818713451, "recall": 0.6988950276243094, "f1-score": 0.7187500000000001, "support": 362.0}, "OP": {"precision": 0.7796610169491526, "recall": 0.8098591549295775, "f1-score": 0.7944732297063903, "support": 284.0}, "IP": {"precision": 0.7333333333333333, "recall": 0.7857142857142857, "f1-score": 0.7586206896551724, "support": 252.0}, "it": {"precision": 0.75, "recall": 0.6923076923076923, "f1-score": 0.7199999999999999, "support": 13.0}, "ne": {"precision": 0.6319218241042345, "recall": 0.8622222222222222, "f1-score": 0.7293233082706766, "support": 225.0}, "sr": {"precision": 0.9558823529411765, "recall": 0.9154929577464789, "f1-score": 0.9352517985611511, "support": 71.0}, "nb": {"precision": 0.8145896656534954, "recall": 0.8048048048048048, "f1-score": 0.8096676737160121, "support": 333.0}, "re": {"precision": 0.8, "recall": 1.0, "f1-score": 0.888888888888889, "support": 8.0}, "en": {"precision": 0.78125, "recall": 0.5555555555555556, "f1-score": 0.6493506493506493, "support": 45.0}, "ra": {"precision": 0.7857142857142857, "recall": 0.7857142857142857, "f1-score": 0.7857142857142857, "support": 14.0}, "dtp": {"precision": 0.5517241379310345, "recall": 0.5882352941176471, "f1-score": 0.5693950177935944, "support": 136.0}, "fi": {"precision": 0.0, "recall": 0.0, "f1-score": 0.0, "support": 4.0}, "lt": {"precision": 0.7368421052631579, "recall": 0.5384615384615384, "f1-score": 0.6222222222222222, "support": 26.0}, "rv": {"precision": 0.8495575221238938, "recall": 0.8807339449541285, "f1-score": 0.8648648648648649, "support": 109.0}, "ob": {"precision": 0.65, "recall": 0.5735294117647058, "f1-score": 0.609375, "support": 68.0}, "rs": {"precision": 0.918918918918919, "recall": 0.7727272727272727, "f1-score": 0.8395061728395061, "support": 88.0}, "av": {"precision": 0.0, "recall": 0.0, "f1-score": 0.0, "support": 12.0}, "ds": {"precision": 0.812206572769953, "recall": 0.8160377358490566, "f1-score": 0.8141176470588236, "support": 212.0}, "ed": {"precision": 0.0, "recall": 0.0, "f1-score": 0.0, "support": 21.0}}}