{"f1": 0.7780152671755726, "precision": 0.807863031071655, "recall": 0.7502944640753828, "accuracy": 0.6539301310043668, "pr_auc": 0.8264747199458562, "threshold": 0.49999999999999994, "label_scores": {"MT": {"precision": 0.9, "recall": 0.6545454545454545, "f1-score": 0.7578947368421052, "support": 110.0}, "LY": {"precision": 1.0, "recall": 0.42857142857142855, "f1-score": 0.6, "support": 7.0}, "SP": {"precision": 0.7272727272727273, "recall": 0.6153846153846154, "f1-score": 0.6666666666666667, "support": 13.0}, "ID": {"precision": 0.6666666666666666, "recall": 0.17391304347826086, "f1-score": 0.27586206896551724, "support": 23.0}, "NA": {"precision": 0.8744769874476988, "recall": 0.9126637554585153, "f1-score": 0.8931623931623931, "support": 229.0}, "HI": {"precision": 0.8181818181818182, "recall": 0.8181818181818182, "f1-score": 0.8181818181818182, "support": 33.0}, "IN": {"precision": 0.7619047619047619, "recall": 0.6918918918918919, "f1-score": 0.725212464589235, "support": 185.0}, "OP": {"precision": 0.7205882352941176, "recall": 0.532608695652174, "f1-score": 0.6125, "support": 92.0}, "IP": {"precision": 0.7972972972972973, "recall": 0.8309859154929577, "f1-score": 0.8137931034482759, "support": 284.0}, "it": {"precision": 1.0, "recall": 0.8571428571428571, "f1-score": 0.923076923076923, "support": 7.0}, "ne": {"precision": 0.8682926829268293, "recall": 0.9319371727748691, "f1-score": 0.898989898989899, "support": 191.0}, "sr": {"precision": 0.6363636363636364, "recall": 0.5, "f1-score": 0.56, "support": 14.0}, "nb": {"precision": 0.7058823529411765, "recall": 0.5217391304347826, "f1-score": 0.6, "support": 23.0}, "re": {"precision": 0.9523809523809523, "recall": 0.9523809523809523, "f1-score": 0.9523809523809523, "support": 21.0}, "en": {"precision": 0.3333333333333333, "recall": 0.5, "f1-score": 0.4, "support": 4.0}, "ra": {"precision": 0.0, "recall": 0.0, "f1-score": 0.0, "support": 0.0}, "dtp": {"precision": 0.6, "recall": 0.5217391304347826, "f1-score": 0.5581395348837209, "support": 46.0}, "fi": {"precision": 0.0, "recall": 0.0, "f1-score": 0.0, "support": 3.0}, "lt": {"precision": 0.813953488372093, "recall": 0.660377358490566, "f1-score": 0.7291666666666667, "support": 53.0}, "rv": {"precision": 0.6190476190476191, "recall": 0.41935483870967744, "f1-score": 0.5, "support": 31.0}, "ob": {"precision": 0.3333333333333333, "recall": 0.045454545454545456, "f1-score": 0.08, "support": 22.0}, "rs": {"precision": 0.9, "recall": 0.9, "f1-score": 0.9, "support": 10.0}, "av": {"precision": 0.6153846153846154, "recall": 0.4, "f1-score": 0.4848484848484849, "support": 20.0}, "ds": {"precision": 0.8054474708171206, "recall": 0.8483606557377049, "f1-score": 0.8263473053892216, "support": 244.0}, "ed": {"precision": 0.8, "recall": 0.48484848484848486, "f1-score": 0.6037735849056605, "support": 33.0}}}