{"f1": 0.8086400973532095, "precision": 0.7822248381400824, "recall": 0.8369017632241813, "accuracy": 0.6573859242072699, "pr_auc": 0.8940707474722301, "threshold": 0.39999999999999997, "label_scores": {"MT": {"precision": 0.9158878504672897, "recall": 0.8448275862068966, "f1-score": 0.8789237668161435, "support": 116.0}, "LY": {"precision": 0.9090909090909091, "recall": 0.6666666666666666, "f1-score": 0.7692307692307692, "support": 15.0}, "SP": {"precision": 0.7142857142857143, "recall": 0.7142857142857143, "f1-score": 0.7142857142857143, "support": 7.0}, "ID": {"precision": 0.8604651162790697, "recall": 0.7254901960784313, "f1-score": 0.7872340425531916, "support": 51.0}, "NA": {"precision": 0.8702702702702703, "recall": 0.8193384223918575, "f1-score": 0.8440366972477064, "support": 393.0}, "HI": {"precision": 0.6493506493506493, "recall": 0.6410256410256411, "f1-score": 0.6451612903225807, "support": 78.0}, "IN": {"precision": 0.7073732718894009, "recall": 0.908284023668639, "f1-score": 0.7953367875647669, "support": 338.0}, "OP": {"precision": 0.671957671957672, "recall": 0.774390243902439, "f1-score": 0.7195467422096318, "support": 164.0}, "IP": {"precision": 0.8091106290672451, "recall": 0.8755868544600939, "f1-score": 0.8410372040586246, "support": 426.0}}}