{"f1": 0.7636603028308097, "precision": 0.7388535031847133, "recall": 0.7901907356948229, "accuracy": 0.6075745366639806, "pr_auc": 0.8574932362623142, "threshold": 0.39999999999999997, "label_scores": {"MT": {"precision": 0.9166666666666666, "recall": 0.6875, "f1-score": 0.7857142857142857, "support": 64.0}, "LY": {"precision": 1.0, "recall": 0.8461538461538461, "f1-score": 0.9166666666666666, "support": 13.0}, "SP": {"precision": 0.625, "recall": 0.3333333333333333, "f1-score": 0.43478260869565216, "support": 15.0}, "ID": {"precision": 0.9158878504672897, "recall": 0.8166666666666667, "f1-score": 0.8634361233480176, "support": 120.0}, "NA": {"precision": 0.8078175895765473, "recall": 0.7630769230769231, "f1-score": 0.7848101265822786, "support": 325.0}, "HI": {"precision": 0.5376344086021505, "recall": 0.6944444444444444, "f1-score": 0.6060606060606061, "support": 72.0}, "IN": {"precision": 0.7068062827225131, "recall": 0.84375, "f1-score": 0.7692307692307692, "support": 320.0}, "OP": {"precision": 0.6623376623376623, "recall": 0.68, "f1-score": 0.6710526315789473, "support": 150.0}, "IP": {"precision": 0.7217391304347827, "recall": 0.8534704370179949, "f1-score": 0.7820965842167256, "support": 389.0}}}