{"f1": 0.7653860499813502, "f1_macro": 0.6465896538034369, "precision": 0.7844036697247706, "recall": 0.7472687545520758, "accuracy": 0.5436968290796597, "threshold": 0.39999999999999997, "label_scores": {"MT": {"precision": 0.8666666666666667, "recall": 0.7844827586206896, "f1-score": 0.823529411764706, "support": 116.0}, "LY": {"precision": 0.0, "recall": 0.0, "f1-score": 0.0, "support": 15.0}, "SP": {"precision": 0.0, "recall": 0.0, "f1-score": 0.0, "support": 7.0}, "ID": {"precision": 1.0, "recall": 0.2549019607843137, "f1-score": 0.40625, "support": 51.0}, "NA": {"precision": 0.845, "recall": 0.8600508905852418, "f1-score": 0.8524590163934427, "support": 393.0}, "HI": {"precision": 0.7272727272727273, "recall": 0.41025641025641024, "f1-score": 0.5245901639344261, "support": 78.0}, "IN": {"precision": 0.78125, "recall": 0.8136094674556213, "f1-score": 0.7971014492753623, "support": 338.0}, "OP": {"precision": 0.6031746031746031, "recall": 0.6951219512195121, "f1-score": 0.6458923512747875, "support": 164.0}, "IP": {"precision": 0.8200455580865603, "recall": 0.8450704225352113, "f1-score": 0.8323699421965318, "support": 426.0}, "it": {"precision": 0.0, "recall": 0.0, "f1-score": 0.0, "support": 6.0}, "ne": {"precision": 0.7346938775510204, "recall": 0.7578947368421053, "f1-score": 0.7461139896373057, "support": 95.0}, "sr": {"precision": 1.0, "recall": 0.07142857142857142, "f1-score": 0.13333333333333333, "support": 14.0}, "nb": {"precision": 0.8366533864541833, "recall": 0.8536585365853658, "f1-score": 0.8450704225352113, "support": 246.0}, "re": {"precision": 0.0, "recall": 0.0, "f1-score": 0.0, "support": 18.0}, "en": {"precision": 0.9136690647482014, "recall": 0.9548872180451128, "f1-score": 0.9338235294117647, "support": 133.0}, "ra": {"precision": 0.0, "recall": 0.0, "f1-score": 0.0, "support": 1.0}, "dtp": {"precision": 0.5405405405405406, "recall": 0.43010752688172044, "f1-score": 0.47904191616766467, "support": 93.0}, "fi": {"precision": 1.0, "recall": 0.5666666666666667, "f1-score": 0.7234042553191489, "support": 30.0}, "lt": {"precision": 0.8076923076923077, "recall": 0.5526315789473685, "f1-score": 0.6562500000000001, "support": 38.0}, "rv": {"precision": 0.8269230769230769, "recall": 0.6323529411764706, "f1-score": 0.7166666666666666, "support": 68.0}, "ob": {"precision": 0.52, "recall": 0.7222222222222222, "f1-score": 0.6046511627906976, "support": 54.0}, "rs": {"precision": 0.0, "recall": 0.0, "f1-score": 0.0, "support": 9.0}, "av": {"precision": 0.6666666666666666, "recall": 0.07407407407407407, "f1-score": 0.13333333333333333, "support": 27.0}, "ds": {"precision": 0.7603550295857988, "recall": 0.8107255520504731, "f1-score": 0.784732824427481, "support": 317.0}, "ed": {"precision": 0.0, "recall": 0.0, "f1-score": 0.0, "support": 9.0}}}