{"f1": 0.7530612244897958, "f1_macro": 0.6822463141443308, "precision": 0.75, "recall": 0.7561475409836066, "accuracy": 0.6768558951965066, "threshold": 0.39999999999999997, "label_scores": {"MT": {"precision": 0.9264705882352942, "recall": 0.5727272727272728, "f1-score": 0.7078651685393258, "support": 110.0}, "LY": {"precision": 0.0, "recall": 0.0, "f1-score": 0.0, "support": 7.0}, "SP": {"precision": 0.0, "recall": 0.0, "f1-score": 0.0, "support": 13.0}, "ID": {"precision": 0.7142857142857143, "recall": 0.21739130434782608, "f1-score": 0.3333333333333333, "support": 23.0}, "NA": {"precision": 0.8286852589641435, "recall": 0.9082969432314411, "f1-score": 0.8666666666666666, "support": 229.0}, "HI": {"precision": 0.7222222222222222, "recall": 0.7878787878787878, "f1-score": 0.7536231884057971, "support": 33.0}, "IN": {"precision": 0.6304347826086957, "recall": 0.7837837837837838, "f1-score": 0.6987951807228915, "support": 185.0}, "OP": {"precision": 0.6153846153846154, "recall": 0.6086956521739131, "f1-score": 0.6120218579234973, "support": 92.0}, "IP": {"precision": 0.7807308970099668, "recall": 0.8274647887323944, "f1-score": 0.8034188034188033, "support": 284.0}}}