{"f1": 0.7488934789023312, "precision": 0.7504435245416913, "recall": 0.7473498233215548, "accuracy": 0.5960698689956332, "threshold": 0.39999999999999997, "label_scores": {"MT": {"precision": 0.9264705882352942, "recall": 0.5727272727272728, "f1-score": 0.7078651685393258, "support": 110.0}, "LY": {"precision": 0.0, "recall": 0.0, "f1-score": 0.0, "support": 7.0}, "SP": {"precision": 0.0, "recall": 0.0, "f1-score": 0.0, "support": 13.0}, "ID": {"precision": 0.7142857142857143, "recall": 0.21739130434782608, "f1-score": 0.3333333333333333, "support": 23.0}, "NA": {"precision": 0.8286852589641435, "recall": 0.9082969432314411, "f1-score": 0.8666666666666666, "support": 229.0}, "HI": {"precision": 0.7222222222222222, "recall": 0.7878787878787878, "f1-score": 0.7536231884057971, "support": 33.0}, "IN": {"precision": 0.6304347826086957, "recall": 0.7837837837837838, "f1-score": 0.6987951807228915, "support": 185.0}, "OP": {"precision": 0.6153846153846154, "recall": 0.6086956521739131, "f1-score": 0.6120218579234973, "support": 92.0}, "IP": {"precision": 0.7807308970099668, "recall": 0.8274647887323944, "f1-score": 0.8034188034188033, "support": 284.0}, "it": {"precision": 0.0, "recall": 0.0, "f1-score": 0.0, "support": 7.0}, "ne": {"precision": 0.7991071428571429, "recall": 0.93717277486911, "f1-score": 0.8626506024096386, "support": 191.0}, "sr": {"precision": 1.0, "recall": 0.2857142857142857, "f1-score": 0.4444444444444445, "support": 14.0}, "nb": {"precision": 0.6111111111111112, "recall": 0.4782608695652174, "f1-score": 0.5365853658536586, "support": 23.0}, "re": {"precision": 0.875, "recall": 1.0, "f1-score": 0.9333333333333333, "support": 21.0}, "en": {"precision": 0.0, "recall": 0.0, "f1-score": 0.0, "support": 4.0}, "ra": {"precision": 0.0, "recall": 0.0, "f1-score": 0.0, "support": 0.0}, "dtp": {"precision": 0.5660377358490566, "recall": 0.6521739130434783, "f1-score": 0.6060606060606061, "support": 46.0}, "fi": {"precision": 0.0, "recall": 0.0, "f1-score": 0.0, "support": 3.0}, "lt": {"precision": 0.7407407407407407, "recall": 0.7547169811320755, "f1-score": 0.7476635514018692, "support": 53.0}, "rv": {"precision": 0.47619047619047616, "recall": 0.3225806451612903, "f1-score": 0.3846153846153846, "support": 31.0}, "ob": {"precision": 0.3333333333333333, "recall": 0.09090909090909091, "f1-score": 0.14285714285714288, "support": 22.0}, "rs": {"precision": 0.8, "recall": 0.8, "f1-score": 0.8000000000000002, "support": 10.0}, "av": {"precision": 0.5714285714285714, "recall": 0.4, "f1-score": 0.47058823529411764, "support": 20.0}, "ds": {"precision": 0.7952755905511811, "recall": 0.8278688524590164, "f1-score": 0.8112449799196788, "support": 244.0}, "ed": {"precision": 0.64, "recall": 0.48484848484848486, "f1-score": 0.5517241379310344, "support": 33.0}}}