{"f1": 0.6730144990261848, "f1_macro": 0.6025500570444906, "precision": 0.7010820559062219, "recall": 0.6471077819392426, "accuracy": 0.43029814665592264, "threshold": 0.39999999999999997, "label_scores": {"MT": {"precision": 0.8974358974358975, "recall": 0.546875, "f1-score": 0.6796116504854369, "support": 64.0}, "LY": {"precision": 0.0, "recall": 0.0, "f1-score": 0.0, "support": 13.0}, "SP": {"precision": 0.0, "recall": 0.0, "f1-score": 0.0, "support": 15.0}, "ID": {"precision": 0.8584070796460177, "recall": 0.8083333333333333, "f1-score": 0.832618025751073, "support": 120.0}, "NA": {"precision": 0.7547169811320755, "recall": 0.7384615384615385, "f1-score": 0.7465007776049767, "support": 325.0}, "HI": {"precision": 0.9583333333333334, "recall": 0.3194444444444444, "f1-score": 0.4791666666666667, "support": 72.0}, "IN": {"precision": 0.6871165644171779, "recall": 0.7, "f1-score": 0.6934984520123839, "support": 320.0}, "OP": {"precision": 0.6692913385826772, "recall": 0.5666666666666667, "f1-score": 0.6137184115523466, "support": 150.0}, "IP": {"precision": 0.7114093959731543, "recall": 0.8174807197943444, "f1-score": 0.7607655502392344, "support": 389.0}, "it": {"precision": 0.0, "recall": 0.0, "f1-score": 0.0, "support": 8.0}, "ne": {"precision": 0.6616541353383458, "recall": 0.7096774193548387, "f1-score": 0.6848249027237354, "support": 124.0}, "sr": {"precision": 0.9230769230769231, "recall": 0.5217391304347826, "f1-score": 0.6666666666666667, "support": 23.0}, "nb": {"precision": 0.6896551724137931, "recall": 0.625, "f1-score": 0.6557377049180328, "support": 128.0}, "re": {"precision": 1.0, "recall": 0.6666666666666666, "f1-score": 0.8, "support": 21.0}, "en": {"precision": 0.5714285714285714, "recall": 0.47058823529411764, "f1-score": 0.5161290322580646, "support": 34.0}, "ra": {"precision": 0.0, "recall": 0.0, "f1-score": 0.0, "support": 10.0}, "dtp": {"precision": 0.5153846153846153, "recall": 0.44966442953020136, "f1-score": 0.4802867383512545, "support": 149.0}, "fi": {"precision": 0.0, "recall": 0.0, "f1-score": 0.0, "support": 6.0}, "lt": {"precision": 0.9230769230769231, "recall": 0.3157894736842105, "f1-score": 0.47058823529411764, "support": 38.0}, "rv": {"precision": 0.8571428571428571, "recall": 0.5526315789473685, "f1-score": 0.672, "support": 76.0}, "ob": {"precision": 0.6666666666666666, "recall": 0.2222222222222222, "f1-score": 0.3333333333333333, "support": 27.0}, "rs": {"precision": 0.0, "recall": 0.0, "f1-score": 0.0, "support": 7.0}, "av": {"precision": 1.0, "recall": 0.03571428571428571, "f1-score": 0.0689655172413793, "support": 28.0}, "ds": {"precision": 0.6132075471698113, "recall": 0.7926829268292683, "f1-score": 0.6914893617021276, "support": 246.0}, "ed": {"precision": 0.0, "recall": 0.0, "f1-score": 0.0, "support": 10.0}}}