{"f1": 0.7888117139102685, "f1_macro": 0.6968080739034487, "precision": 0.814025571483921, "recall": 0.7651128914785142, "accuracy": 0.5924207269914926, "threshold": 0.44999999999999996, "label_scores": {"MT": {"precision": 0.9393939393939394, "recall": 0.8017241379310345, "f1-score": 0.8651162790697674, "support": 116.0}, "LY": {"precision": 1.0, "recall": 0.06666666666666667, "f1-score": 0.125, "support": 15.0}, "SP": {"precision": 0.0, "recall": 0.0, "f1-score": 0.0, "support": 7.0}, "ID": {"precision": 0.8888888888888888, "recall": 0.6274509803921569, "f1-score": 0.735632183908046, "support": 51.0}, "NA": {"precision": 0.8730569948186528, "recall": 0.8575063613231552, "f1-score": 0.8652118100128369, "support": 393.0}, "HI": {"precision": 0.7, "recall": 0.6282051282051282, "f1-score": 0.6621621621621621, "support": 78.0}, "IN": {"precision": 0.8121212121212121, "recall": 0.7928994082840237, "f1-score": 0.8023952095808383, "support": 338.0}, "OP": {"precision": 0.7290322580645161, "recall": 0.6890243902439024, "f1-score": 0.7084639498432601, "support": 164.0}, "IP": {"precision": 0.802660753880266, "recall": 0.8497652582159625, "f1-score": 0.8255416191562143, "support": 426.0}, "it": {"precision": 0.0, "recall": 0.0, "f1-score": 0.0, "support": 6.0}, "ne": {"precision": 0.8241758241758241, "recall": 0.7894736842105263, "f1-score": 0.8064516129032259, "support": 95.0}, "sr": {"precision": 1.0, "recall": 0.5, "f1-score": 0.6666666666666666, "support": 14.0}, "nb": {"precision": 0.8808510638297873, "recall": 0.8414634146341463, "f1-score": 0.8607068607068606, "support": 246.0}, "re": {"precision": 0.8333333333333334, "recall": 0.8333333333333334, "f1-score": 0.8333333333333334, "support": 18.0}, "en": {"precision": 0.9393939393939394, "recall": 0.9323308270676691, "f1-score": 0.9358490566037736, "support": 133.0}, "ra": {"precision": 0.0, "recall": 0.0, "f1-score": 0.0, "support": 1.0}, "dtp": {"precision": 0.49295774647887325, "recall": 0.3763440860215054, "f1-score": 0.4268292682926829, "support": 93.0}, "fi": {"precision": 1.0, "recall": 0.6, "f1-score": 0.7499999999999999, "support": 30.0}, "lt": {"precision": 0.7857142857142857, "recall": 0.5789473684210527, "f1-score": 0.6666666666666667, "support": 38.0}, "rv": {"precision": 0.78125, "recall": 0.7352941176470589, "f1-score": 0.7575757575757576, "support": 68.0}, "ob": {"precision": 0.7333333333333333, "recall": 0.6111111111111112, "f1-score": 0.6666666666666666, "support": 54.0}, "rs": {"precision": 0.0, "recall": 0.0, "f1-score": 0.0, "support": 9.0}, "av": {"precision": 0.75, "recall": 0.1111111111111111, "f1-score": 0.19354838709677416, "support": 27.0}, "ds": {"precision": 0.7558823529411764, "recall": 0.8107255520504731, "f1-score": 0.7823439878234398, "support": 317.0}, "ed": {"precision": 0.0, "recall": 0.0, "f1-score": 0.0, "support": 9.0}}}