{"f1": 0.7840725153771446, "f1_macro": 0.716525881453773, "precision": 0.8009259259259259, "recall": 0.7679137603043754, "accuracy": 0.6736272235112142, "threshold": 0.44999999999999996, "label_scores": {"Forum": {"precision": 0.8888888888888888, "recall": 0.6274509803921569, "f1-score": 0.735632183908046, "support": 51.0}, "Information/Explanation": {"precision": 0.7359154929577465, "recall": 0.7712177121771218, "f1-score": 0.7531531531531531, "support": 271.0}, "Instruction": {"precision": 0.7840909090909091, "recall": 0.6448598130841121, "f1-score": 0.7076923076923077, "support": 107.0}, "Legal": {"precision": 0.7857142857142857, "recall": 0.5789473684210527, "f1-score": 0.6666666666666667, "support": 38.0}, "News": {"precision": 0.8469387755102041, "recall": 0.7614678899082569, "f1-score": 0.8019323671497586, "support": 109.0}, "Opinion/Argumentation": {"precision": 0.8770053475935828, "recall": 0.8324873096446701, "f1-score": 0.8541666666666666, "support": 394.0}, "Other": {"precision": 0.9393939393939394, "recall": 0.7560975609756098, "f1-score": 0.8378378378378378, "support": 123.0}, "Promotion": {"precision": 0.7960088691796009, "recall": 0.8609112709832134, "f1-score": 0.8271889400921659, "support": 417.0}, "Prose/Lyrical": {"precision": 0.2962962962962963, "recall": 0.23880597014925373, "f1-score": 0.2644628099173554, "support": 67.0}}}