{"f1": 0.7687937890551032, "f1_macro": 0.7097816001368951, "precision": 0.8007889546351085, "recall": 0.7392571012381646, "accuracy": 0.5668986852281516, "threshold": 0.44999999999999996, "label_scores": {"MT": {"precision": 0.8773584905660378, "recall": 0.8017241379310345, "f1-score": 0.8378378378378378, "support": 116.0}, "LY": {"precision": 0.0, "recall": 0.0, "f1-score": 0.0, "support": 15.0}, "SP": {"precision": 0.0, "recall": 0.0, "f1-score": 0.0, "support": 7.0}, "ID": {"precision": 0.8484848484848485, "recall": 0.5490196078431373, "f1-score": 0.6666666666666667, "support": 51.0}, "NA": {"precision": 0.8473282442748091, "recall": 0.8473282442748091, "f1-score": 0.8473282442748091, "support": 393.0}, "HI": {"precision": 0.7659574468085106, "recall": 0.46153846153846156, "f1-score": 0.5760000000000001, "support": 78.0}, "IN": {"precision": 0.7643835616438356, "recall": 0.8254437869822485, "f1-score": 0.7937411095305832, "support": 338.0}, "OP": {"precision": 0.7019867549668874, "recall": 0.6463414634146342, "f1-score": 0.673015873015873, "support": 164.0}, "IP": {"precision": 0.8488664987405542, "recall": 0.7910798122065728, "f1-score": 0.8189550425273391, "support": 426.0}, "it": {"precision": 0.0, "recall": 0.0, "f1-score": 0.0, "support": 6.0}, "ne": {"precision": 0.7934782608695652, "recall": 0.7684210526315789, "f1-score": 0.7807486631016043, "support": 95.0}, "sr": {"precision": 1.0, "recall": 0.35714285714285715, "f1-score": 0.5263157894736842, "support": 14.0}, "nb": {"precision": 0.8318965517241379, "recall": 0.7845528455284553, "f1-score": 0.807531380753138, "support": 246.0}, "re": {"precision": 0.8947368421052632, "recall": 0.9444444444444444, "f1-score": 0.918918918918919, "support": 18.0}, "en": {"precision": 0.9393939393939394, "recall": 0.9323308270676691, "f1-score": 0.9358490566037736, "support": 133.0}, "ra": {"precision": 0.0, "recall": 0.0, "f1-score": 0.0, "support": 1.0}, "dtp": {"precision": 0.41836734693877553, "recall": 0.44086021505376344, "f1-score": 0.4293193717277487, "support": 93.0}, "fi": {"precision": 1.0, "recall": 0.5666666666666667, "f1-score": 0.7234042553191489, "support": 30.0}, "lt": {"precision": 0.7407407407407407, "recall": 0.5263157894736842, "f1-score": 0.6153846153846153, "support": 38.0}, "rv": {"precision": 0.8363636363636363, "recall": 0.6764705882352942, "f1-score": 0.7479674796747968, "support": 68.0}, "ob": {"precision": 0.7045454545454546, "recall": 0.5740740740740741, "f1-score": 0.6326530612244898, "support": 54.0}, "rs": {"precision": 0.0, "recall": 0.0, "f1-score": 0.0, "support": 9.0}, "av": {"precision": 0.7, "recall": 0.25925925925925924, "f1-score": 0.37837837837837834, "support": 27.0}, "ds": {"precision": 0.782051282051282, "recall": 0.7697160883280757, "f1-score": 0.7758346581875993, "support": 317.0}, "ed": {"precision": 0.0, "recall": 0.0, "f1-score": 0.0, "support": 9.0}}}