{"f1": 0.6264367816091955, "precision": 0.558974358974359, "recall": 0.7124183006535948, "accuracy": 0.32, "pr_auc": 0.6618271896169756, "threshold": 0.39999999999999997, "label_scores": {"MT": {"precision": 0.14285714285714285, "recall": 1.0, "f1-score": 0.25, "support": 1.0}, "LY": {"precision": 0.0, "recall": 0.0, "f1-score": 0.0, "support": 0.0}, "SP": {"precision": 0.0, "recall": 0.0, "f1-score": 0.0, "support": 0.0}, "ID": {"precision": 0.6666666666666666, "recall": 0.5, "f1-score": 0.5714285714285715, "support": 4.0}, "NA": {"precision": 0.8055555555555556, "recall": 0.90625, "f1-score": 0.8529411764705882, "support": 32.0}, "HI": {"precision": 1.0, "recall": 0.42857142857142855, "f1-score": 0.6, "support": 7.0}, "IN": {"precision": 0.5161290322580645, "recall": 0.64, "f1-score": 0.5714285714285714, "support": 25.0}, "OP": {"precision": 0.2857142857142857, "recall": 0.4, "f1-score": 0.3333333333333333, "support": 5.0}, "IP": {"precision": 0.7857142857142857, "recall": 0.7586206896551724, "f1-score": 0.7719298245614034, "support": 29.0}, "it": {"precision": 0.0, "recall": 0.0, "f1-score": 0.0, "support": 0.0}, "ne": {"precision": 0.5769230769230769, "recall": 1.0, "f1-score": 0.7317073170731707, "support": 15.0}, "sr": {"precision": 1.0, "recall": 0.75, "f1-score": 0.8571428571428571, "support": 4.0}, "nb": {"precision": 1.0, "recall": 0.5714285714285714, "f1-score": 0.7272727272727273, "support": 7.0}, "re": {"precision": 1.0, "recall": 1.0, "f1-score": 1.0, "support": 1.0}, "en": {"precision": 0.0, "recall": 0.0, "f1-score": 0.0, "support": 0.0}, "ra": {"precision": 0.0, "recall": 0.0, "f1-score": 0.0, "support": 1.0}, "dtp": {"precision": 0.5714285714285714, "recall": 0.5714285714285714, "f1-score": 0.5714285714285714, "support": 14.0}, "fi": {"precision": 0.0, "recall": 0.0, "f1-score": 0.0, "support": 0.0}, "lt": {"precision": 0.6666666666666666, "recall": 0.6666666666666666, "f1-score": 0.6666666666666666, "support": 3.0}, "rv": {"precision": 0.0, "recall": 0.0, "f1-score": 0.0, "support": 3.0}, "ob": {"precision": 0.0, "recall": 0.0, "f1-score": 0.0, "support": 0.0}, "rs": {"precision": 1.0, "recall": 1.0, "f1-score": 1.0, "support": 1.0}, "av": {"precision": 0.0, "recall": 0.0, "f1-score": 0.0, "support": 1.0}, "ds": {"precision": 0.0, "recall": 0.0, "f1-score": 0.0, "support": 0.0}, "ed": {"precision": 0.0, "recall": 0.0, "f1-score": 0.0, "support": 0.0}}}