{"f1": 0.6628849270664505, "precision": 0.604135893648449, "recall": 0.7342908438061041, "accuracy": 0.41324921135646686, "pr_auc": 0.7000227437621673, "threshold": 0.3, "label_scores": {"MT": {"precision": 0.2222222222222222, "recall": 0.4, "f1-score": 0.2857142857142857, "support": 5.0}, "LY": {"precision": 0.4, "recall": 0.6666666666666666, "f1-score": 0.5, "support": 3.0}, "SP": {"precision": 0.0, "recall": 0.0, "f1-score": 0.0, "support": 1.0}, "ID": {"precision": 0.5833333333333334, "recall": 0.875, "f1-score": 0.7000000000000001, "support": 8.0}, "NA": {"precision": 0.8235294117647058, "recall": 0.865979381443299, "f1-score": 0.8442211055276382, "support": 97.0}, "HI": {"precision": 0.29411764705882354, "recall": 0.4166666666666667, "f1-score": 0.3448275862068966, "support": 12.0}, "IN": {"precision": 0.49242424242424243, "recall": 0.9558823529411765, "f1-score": 0.65, "support": 68.0}, "OP": {"precision": 0.35555555555555557, "recall": 0.43243243243243246, "f1-score": 0.3902439024390244, "support": 37.0}, "IP": {"precision": 0.8415841584158416, "recall": 0.7391304347826086, "f1-score": 0.787037037037037, "support": 115.0}, "it": {"precision": 0.0, "recall": 0.0, "f1-score": 0.0, "support": 0.0}, "ne": {"precision": 0.47619047619047616, "recall": 0.8333333333333334, "f1-score": 0.6060606060606061, "support": 24.0}, "sr": {"precision": 1.0, "recall": 1.0, "f1-score": 1.0, "support": 7.0}, "nb": {"precision": 0.125, "recall": 0.2, "f1-score": 0.15384615384615385, "support": 10.0}, "re": {"precision": 0.0, "recall": 0.0, "f1-score": 0.0, "support": 0.0}, "en": {"precision": 0.5, "recall": 1.0, "f1-score": 0.6666666666666666, "support": 1.0}, "ra": {"precision": 0.5555555555555556, "recall": 0.8333333333333334, "f1-score": 0.6666666666666667, "support": 6.0}, "dtp": {"precision": 0.2962962962962963, "recall": 0.5714285714285714, "f1-score": 0.3902439024390244, "support": 14.0}, "fi": {"precision": 0.6666666666666666, "recall": 0.4, "f1-score": 0.5, "support": 5.0}, "lt": {"precision": 0.6190476190476191, "recall": 0.7647058823529411, "f1-score": 0.6842105263157895, "support": 17.0}, "rv": {"precision": 0.4117647058823529, "recall": 0.4666666666666667, "f1-score": 0.43749999999999994, "support": 15.0}, "ob": {"precision": 0.25, "recall": 0.6, "f1-score": 0.35294117647058826, "support": 5.0}, "rs": {"precision": 0.0, "recall": 0.0, "f1-score": 0.0, "support": 0.0}, "av": {"precision": 0.42857142857142855, "recall": 0.3333333333333333, "f1-score": 0.375, "support": 9.0}, "ds": {"precision": 0.8181818181818182, "recall": 0.75, "f1-score": 0.7826086956521738, "support": 96.0}, "ed": {"precision": 0.0, "recall": 0.0, "f1-score": 0.0, "support": 2.0}}}