{"f1": 0.7695099818511798, "precision": 0.7910447761194029, "recall": 0.7491166077738516, "accuracy": 0.6462882096069869, "pr_auc": 0.8173796043758533, "threshold": 0.49999999999999994, "label_scores": {"MT": {"precision": 0.8860759493670886, "recall": 0.6363636363636364, "f1-score": 0.7407407407407407, "support": 110.0}, "LY": {"precision": 0.8, "recall": 0.5714285714285714, "f1-score": 0.6666666666666666, "support": 7.0}, "SP": {"precision": 1.0, "recall": 0.5384615384615384, "f1-score": 0.7000000000000001, "support": 13.0}, "ID": {"precision": 0.6, "recall": 0.2608695652173913, "f1-score": 0.36363636363636365, "support": 23.0}, "NA": {"precision": 0.8647540983606558, "recall": 0.9213973799126638, "f1-score": 0.8921775898520085, "support": 229.0}, "HI": {"precision": 0.7575757575757576, "recall": 0.7575757575757576, "f1-score": 0.7575757575757576, "support": 33.0}, "IN": {"precision": 0.7, "recall": 0.7189189189189189, "f1-score": 0.7093333333333334, "support": 185.0}, "OP": {"precision": 0.7258064516129032, "recall": 0.4891304347826087, "f1-score": 0.5844155844155844, "support": 92.0}, "IP": {"precision": 0.7781456953642384, "recall": 0.8274647887323944, "f1-score": 0.8020477815699658, "support": 284.0}, "it": {"precision": 1.0, "recall": 0.5714285714285714, "f1-score": 0.7272727272727273, "support": 7.0}, "ne": {"precision": 0.8640776699029126, "recall": 0.9319371727748691, "f1-score": 0.8967254408060452, "support": 191.0}, "sr": {"precision": 0.7142857142857143, "recall": 0.7142857142857143, "f1-score": 0.7142857142857143, "support": 14.0}, "nb": {"precision": 0.6666666666666666, "recall": 0.6086956521739131, "f1-score": 0.6363636363636365, "support": 23.0}, "re": {"precision": 1.0, "recall": 1.0, "f1-score": 1.0, "support": 21.0}, "en": {"precision": 0.3333333333333333, "recall": 0.25, "f1-score": 0.28571428571428575, "support": 4.0}, "ra": {"precision": 0.0, "recall": 0.0, "f1-score": 0.0, "support": 0.0}, "dtp": {"precision": 0.575, "recall": 0.5, "f1-score": 0.5348837209302325, "support": 46.0}, "fi": {"precision": 0.5, "recall": 0.3333333333333333, "f1-score": 0.4, "support": 3.0}, "lt": {"precision": 0.8571428571428571, "recall": 0.6792452830188679, "f1-score": 0.7578947368421052, "support": 53.0}, "rv": {"precision": 0.6666666666666666, "recall": 0.3225806451612903, "f1-score": 0.4347826086956521, "support": 31.0}, "ob": {"precision": 0.5, "recall": 0.13636363636363635, "f1-score": 0.21428571428571427, "support": 22.0}, "rs": {"precision": 0.7, "recall": 0.7, "f1-score": 0.7, "support": 10.0}, "av": {"precision": 0.6923076923076923, "recall": 0.45, "f1-score": 0.5454545454545455, "support": 20.0}, "ds": {"precision": 0.8, "recall": 0.819672131147541, "f1-score": 0.8097165991902835, "support": 244.0}, "ed": {"precision": 0.6551724137931034, "recall": 0.5757575757575758, "f1-score": 0.6129032258064515, "support": 33.0}}}