{"f1": 0.7961747073936625, "precision": 0.8395544852498494, "recall": 0.757057546145494, "accuracy": 0.6815434681543469, "pr_auc": 0.8694211447634819, "threshold": 0.5499999999999999, "label_scores": {"MT": {"precision": 0.9925650557620818, "recall": 0.967391304347826, "f1-score": 0.9798165137614679, "support": 276.0}, "LY": {"precision": 0.5, "recall": 0.2, "f1-score": 0.28571428571428575, "support": 5.0}, "SP": {"precision": 1.0, "recall": 0.4444444444444444, "f1-score": 0.6153846153846153, "support": 18.0}, "ID": {"precision": 0.9114583333333334, "recall": 0.7575757575757576, "f1-score": 0.8274231678486997, "support": 231.0}, "NA": {"precision": 0.8513689700130378, "recall": 0.8660477453580901, "f1-score": 0.8586456278763971, "support": 754.0}, "HI": {"precision": 0.7634408602150538, "recall": 0.6068376068376068, "f1-score": 0.6761904761904762, "support": 117.0}, "IN": {"precision": 0.7892976588628763, "recall": 0.6519337016574586, "f1-score": 0.7140695915279879, "support": 362.0}, "OP": {"precision": 0.84, "recall": 0.7394366197183099, "f1-score": 0.7865168539325842, "support": 284.0}, "IP": {"precision": 0.8008849557522124, "recall": 0.7182539682539683, "f1-score": 0.7573221757322176, "support": 252.0}, "it": {"precision": 1.0, "recall": 0.3076923076923077, "f1-score": 0.47058823529411764, "support": 13.0}, "ne": {"precision": 0.6845878136200717, "recall": 0.8488888888888889, "f1-score": 0.757936507936508, "support": 225.0}, "sr": {"precision": 0.9142857142857143, "recall": 0.9014084507042254, "f1-score": 0.9078014184397163, "support": 71.0}, "nb": {"precision": 0.8941605839416058, "recall": 0.7357357357357357, "f1-score": 0.8072487644151565, "support": 333.0}, "re": {"precision": 1.0, "recall": 0.75, "f1-score": 0.8571428571428571, "support": 8.0}, "en": {"precision": 0.8, "recall": 0.7111111111111111, "f1-score": 0.7529411764705882, "support": 45.0}, "ra": {"precision": 0.6428571428571429, "recall": 0.6428571428571429, "f1-score": 0.6428571428571429, "support": 14.0}, "dtp": {"precision": 0.6736842105263158, "recall": 0.47058823529411764, "f1-score": 0.5541125541125541, "support": 136.0}, "fi": {"precision": 0.6666666666666666, "recall": 0.5, "f1-score": 0.5714285714285715, "support": 4.0}, "lt": {"precision": 0.7, "recall": 0.5384615384615384, "f1-score": 0.608695652173913, "support": 26.0}, "rv": {"precision": 0.8490566037735849, "recall": 0.8256880733944955, "f1-score": 0.8372093023255816, "support": 109.0}, "ob": {"precision": 0.7727272727272727, "recall": 0.5, "f1-score": 0.6071428571428571, "support": 68.0}, "rs": {"precision": 0.9324324324324325, "recall": 0.7840909090909091, "f1-score": 0.8518518518518517, "support": 88.0}, "av": {"precision": 0.0, "recall": 0.0, "f1-score": 0.0, "support": 12.0}, "ds": {"precision": 0.8763440860215054, "recall": 0.7688679245283019, "f1-score": 0.8190954773869347, "support": 212.0}, "ed": {"precision": 0.0, "recall": 0.0, "f1-score": 0.0, "support": 21.0}}}