{"f1": 0.6576576576576576, "precision": 0.6600361663652803, "recall": 0.6552962298025135, "accuracy": 0.444794952681388, "pr_auc": 0.6988904445153474, "threshold": 0.39999999999999997, "label_scores": {"MT": {"precision": 0.0, "recall": 0.0, "f1-score": 0.0, "support": 5.0}, "LY": {"precision": 0.0, "recall": 0.0, "f1-score": 0.0, "support": 3.0}, "SP": {"precision": 0.0, "recall": 0.0, "f1-score": 0.0, "support": 1.0}, "ID": {"precision": 0.5, "recall": 0.75, "f1-score": 0.6, "support": 8.0}, "NA": {"precision": 0.8536585365853658, "recall": 0.7216494845360825, "f1-score": 0.782122905027933, "support": 97.0}, "HI": {"precision": 0.3333333333333333, "recall": 0.5833333333333334, "f1-score": 0.4242424242424242, "support": 12.0}, "IN": {"precision": 0.6455696202531646, "recall": 0.75, "f1-score": 0.6938775510204083, "support": 68.0}, "OP": {"precision": 0.35714285714285715, "recall": 0.5405405405405406, "f1-score": 0.4301075268817204, "support": 37.0}, "IP": {"precision": 0.8529411764705882, "recall": 0.7565217391304347, "f1-score": 0.8018433179723502, "support": 115.0}, "it": {"precision": 0.0, "recall": 0.0, "f1-score": 0.0, "support": 0.0}, "ne": {"precision": 0.5625, "recall": 0.75, "f1-score": 0.6428571428571429, "support": 24.0}, "sr": {"precision": 1.0, "recall": 1.0, "f1-score": 1.0, "support": 7.0}, "nb": {"precision": 0.26666666666666666, "recall": 0.4, "f1-score": 0.32, "support": 10.0}, "re": {"precision": 0.0, "recall": 0.0, "f1-score": 0.0, "support": 0.0}, "en": {"precision": 1.0, "recall": 1.0, "f1-score": 1.0, "support": 1.0}, "ra": {"precision": 1.0, "recall": 0.16666666666666666, "f1-score": 0.2857142857142857, "support": 6.0}, "dtp": {"precision": 0.23076923076923078, "recall": 0.21428571428571427, "f1-score": 0.22222222222222224, "support": 14.0}, "fi": {"precision": 0.0, "recall": 0.0, "f1-score": 0.0, "support": 5.0}, "lt": {"precision": 1.0, "recall": 0.4117647058823529, "f1-score": 0.5833333333333334, "support": 17.0}, "rv": {"precision": 0.3684210526315789, "recall": 0.4666666666666667, "f1-score": 0.4117647058823529, "support": 15.0}, "ob": {"precision": 0.5, "recall": 0.6, "f1-score": 0.5454545454545454, "support": 5.0}, "rs": {"precision": 0.0, "recall": 0.0, "f1-score": 0.0, "support": 0.0}, "av": {"precision": 0.4, "recall": 0.2222222222222222, "f1-score": 0.2857142857142857, "support": 9.0}, "ds": {"precision": 0.7888888888888889, "recall": 0.7395833333333334, "f1-score": 0.7634408602150538, "support": 96.0}, "ed": {"precision": 0.0, "recall": 0.0, "f1-score": 0.0, "support": 2.0}}}