{"f1": 0.7864171864171865, "precision": 0.8034551118663268, "recall": 0.7700868621064061, "accuracy": 0.6592282659228266, "pr_auc": 0.8520933775113765, "threshold": 0.49999999999999994, "label_scores": {"MT": {"precision": 0.9850746268656716, "recall": 0.9565217391304348, "f1-score": 0.9705882352941176, "support": 276.0}, "LY": {"precision": 0.0, "recall": 0.0, "f1-score": 0.0, "support": 5.0}, "SP": {"precision": 0.8333333333333334, "recall": 0.5555555555555556, "f1-score": 0.6666666666666667, "support": 18.0}, "ID": {"precision": 0.8861386138613861, "recall": 0.7748917748917749, "f1-score": 0.8267898383371823, "support": 231.0}, "NA": {"precision": 0.8217338217338217, "recall": 0.8925729442970822, "f1-score": 0.8556897647806738, "support": 754.0}, "HI": {"precision": 0.7391304347826086, "recall": 0.5811965811965812, "f1-score": 0.6507177033492824, "support": 117.0}, "IN": {"precision": 0.7719869706840391, "recall": 0.6546961325966851, "f1-score": 0.7085201793721974, "support": 362.0}, "OP": {"precision": 0.832, "recall": 0.7323943661971831, "f1-score": 0.7790262172284644, "support": 284.0}, "IP": {"precision": 0.7518518518518519, "recall": 0.8055555555555556, "f1-score": 0.7777777777777779, "support": 252.0}, "it": {"precision": 1.0, "recall": 0.6153846153846154, "f1-score": 0.761904761904762, "support": 13.0}, "ne": {"precision": 0.6576271186440678, "recall": 0.8622222222222222, "f1-score": 0.7461538461538461, "support": 225.0}, "sr": {"precision": 0.9166666666666666, "recall": 0.9295774647887324, "f1-score": 0.9230769230769231, "support": 71.0}, "nb": {"precision": 0.8253968253968254, "recall": 0.7807807807807807, "f1-score": 0.8024691358024691, "support": 333.0}, "re": {"precision": 0.75, "recall": 0.75, "f1-score": 0.75, "support": 8.0}, "en": {"precision": 0.7317073170731707, "recall": 0.6666666666666666, "f1-score": 0.6976744186046511, "support": 45.0}, "ra": {"precision": 0.0, "recall": 0.0, "f1-score": 0.0, "support": 14.0}, "dtp": {"precision": 0.5514018691588785, "recall": 0.4338235294117647, "f1-score": 0.48559670781893005, "support": 136.0}, "fi": {"precision": 0.0, "recall": 0.0, "f1-score": 0.0, "support": 4.0}, "lt": {"precision": 0.6521739130434783, "recall": 0.5769230769230769, "f1-score": 0.6122448979591837, "support": 26.0}, "rv": {"precision": 0.8165137614678899, "recall": 0.8165137614678899, "f1-score": 0.81651376146789, "support": 109.0}, "ob": {"precision": 0.6470588235294118, "recall": 0.4852941176470588, "f1-score": 0.5546218487394958, "support": 68.0}, "rs": {"precision": 0.9295774647887324, "recall": 0.75, "f1-score": 0.830188679245283, "support": 88.0}, "av": {"precision": 0.0, "recall": 0.0, "f1-score": 0.0, "support": 12.0}, "ds": {"precision": 0.8086124401913876, "recall": 0.7971698113207547, "f1-score": 0.8028503562945367, "support": 212.0}, "ed": {"precision": 0.0, "recall": 0.0, "f1-score": 0.0, "support": 21.0}}}