{"f1": 0.7607216799763384, "precision": 0.7641117052881758, "recall": 0.7573616018845701, "accuracy": 0.6222707423580786, "pr_auc": 0.8048552268581266, "threshold": 0.44999999999999996, "label_scores": {"MT": {"precision": 0.8860759493670886, "recall": 0.6363636363636364, "f1-score": 0.7407407407407407, "support": 110.0}, "LY": {"precision": 0.8, "recall": 0.5714285714285714, "f1-score": 0.6666666666666666, "support": 7.0}, "SP": {"precision": 0.75, "recall": 0.46153846153846156, "f1-score": 0.5714285714285714, "support": 13.0}, "ID": {"precision": 0.625, "recall": 0.21739130434782608, "f1-score": 0.3225806451612903, "support": 23.0}, "NA": {"precision": 0.8697478991596639, "recall": 0.9039301310043668, "f1-score": 0.886509635974304, "support": 229.0}, "HI": {"precision": 0.6842105263157895, "recall": 0.7878787878787878, "f1-score": 0.732394366197183, "support": 33.0}, "IN": {"precision": 0.726775956284153, "recall": 0.7189189189189189, "f1-score": 0.7228260869565217, "support": 185.0}, "OP": {"precision": 0.620253164556962, "recall": 0.532608695652174, "f1-score": 0.5730994152046783, "support": 92.0}, "IP": {"precision": 0.7484472049689441, "recall": 0.8485915492957746, "f1-score": 0.7953795379537955, "support": 284.0}, "it": {"precision": 1.0, "recall": 0.7142857142857143, "f1-score": 0.8333333333333333, "support": 7.0}, "ne": {"precision": 0.8302752293577982, "recall": 0.9476439790575916, "f1-score": 0.8850855745721272, "support": 191.0}, "sr": {"precision": 0.6470588235294118, "recall": 0.7857142857142857, "f1-score": 0.7096774193548386, "support": 14.0}, "nb": {"precision": 0.7222222222222222, "recall": 0.5652173913043478, "f1-score": 0.6341463414634146, "support": 23.0}, "re": {"precision": 0.9545454545454546, "recall": 1.0, "f1-score": 0.9767441860465117, "support": 21.0}, "en": {"precision": 0.16666666666666666, "recall": 0.25, "f1-score": 0.2, "support": 4.0}, "ra": {"precision": 0.0, "recall": 0.0, "f1-score": 0.0, "support": 0.0}, "dtp": {"precision": 0.5609756097560976, "recall": 0.5, "f1-score": 0.5287356321839081, "support": 46.0}, "fi": {"precision": 0.0, "recall": 0.0, "f1-score": 0.0, "support": 3.0}, "lt": {"precision": 0.7608695652173914, "recall": 0.660377358490566, "f1-score": 0.7070707070707071, "support": 53.0}, "rv": {"precision": 0.46153846153846156, "recall": 0.3870967741935484, "f1-score": 0.42105263157894735, "support": 31.0}, "ob": {"precision": 0.36363636363636365, "recall": 0.18181818181818182, "f1-score": 0.24242424242424246, "support": 22.0}, "rs": {"precision": 0.9, "recall": 0.9, "f1-score": 0.9, "support": 10.0}, "av": {"precision": 0.7692307692307693, "recall": 0.5, "f1-score": 0.6060606060606061, "support": 20.0}, "ds": {"precision": 0.7677902621722846, "recall": 0.8401639344262295, "f1-score": 0.8023483365949119, "support": 244.0}, "ed": {"precision": 0.6521739130434783, "recall": 0.45454545454545453, "f1-score": 0.5357142857142857, "support": 33.0}}}