{"f1": 0.8398791540785498, "precision": 0.852760736196319, "recall": 0.8273809523809523, "accuracy": 0.68125, "pr_auc": 0.9012856608121349, "threshold": 0.35, "label_scores": {"MT": {"precision": 0.2, "recall": 1.0, "f1-score": 0.33333333333333337, "support": 1.0}, "LY": {"precision": 1.0, "recall": 0.6666666666666666, "f1-score": 0.8, "support": 3.0}, "SP": {"precision": 0.0, "recall": 0.0, "f1-score": 0.0, "support": 0.0}, "ID": {"precision": 0.5, "recall": 1.0, "f1-score": 0.6666666666666666, "support": 1.0}, "NA": {"precision": 1.0, "recall": 0.94, "f1-score": 0.9690721649484536, "support": 100.0}, "HI": {"precision": 1.0, "recall": 0.5, "f1-score": 0.6666666666666666, "support": 2.0}, "IN": {"precision": 0.7647058823529411, "recall": 0.5416666666666666, "f1-score": 0.6341463414634146, "support": 24.0}, "OP": {"precision": 0.7333333333333333, "recall": 0.9428571428571428, "f1-score": 0.8250000000000001, "support": 35.0}, "IP": {"precision": 0.6, "recall": 0.5, "f1-score": 0.5454545454545454, "support": 12.0}, "it": {"precision": 0.0, "recall": 0.0, "f1-score": 0.0, "support": 0.0}, "ne": {"precision": 0.9879518072289156, "recall": 0.9879518072289156, "f1-score": 0.9879518072289156, "support": 83.0}, "sr": {"precision": 0.7142857142857143, "recall": 1.0, "f1-score": 0.8333333333333333, "support": 5.0}, "nb": {"precision": 0.5, "recall": 0.5, "f1-score": 0.5, "support": 4.0}, "re": {"precision": 0.0, "recall": 0.0, "f1-score": 0.0, "support": 0.0}, "en": {"precision": 0.8571428571428571, "recall": 1.0, "f1-score": 0.923076923076923, "support": 6.0}, "ra": {"precision": 0.0, "recall": 0.0, "f1-score": 0.0, "support": 0.0}, "dtp": {"precision": 0.25, "recall": 0.125, "f1-score": 0.16666666666666666, "support": 8.0}, "fi": {"precision": 0.0, "recall": 0.0, "f1-score": 0.0, "support": 5.0}, "lt": {"precision": 1.0, "recall": 1.0, "f1-score": 1.0, "support": 1.0}, "rv": {"precision": 1.0, "recall": 0.5, "f1-score": 0.6666666666666666, "support": 2.0}, "ob": {"precision": 0.4, "recall": 0.8, "f1-score": 0.5333333333333333, "support": 5.0}, "rs": {"precision": 0.8181818181818182, "recall": 0.9, "f1-score": 0.8571428571428572, "support": 20.0}, "av": {"precision": 1.0, "recall": 0.375, "f1-score": 0.5454545454545454, "support": 8.0}, "ds": {"precision": 0.3333333333333333, "recall": 0.16666666666666666, "f1-score": 0.2222222222222222, "support": 6.0}, "ed": {"precision": 0.6, "recall": 0.6, "f1-score": 0.6, "support": 5.0}}}