{"f1": 0.45961490372593145, "f1_macro": 0.36813014023628104, "precision": 0.40917186108637577, "recall": 0.5242441528807759, "accuracy": 0.03389830508474576, "threshold": 0.3, "label_scores": {"MT": {"precision": 0.5517241379310345, "recall": 0.45714285714285713, "f1-score": 0.5, "support": 35.0}, "LY": {"precision": 0.5, "recall": 0.5, "f1-score": 0.5, "support": 4.0}, "SP": {"precision": 0.18181818181818182, "recall": 0.2857142857142857, "f1-score": 0.2222222222222222, "support": 7.0}, "ID": {"precision": 0.2631578947368421, "recall": 0.1724137931034483, "f1-score": 0.20833333333333334, "support": 29.0}, "NA": {"precision": 0.5129151291512916, "recall": 0.6150442477876106, "f1-score": 0.5593561368209257, "support": 226.0}, "HI": {"precision": 0.33653846153846156, "recall": 0.5, "f1-score": 0.40229885057471265, "support": 70.0}, "IN": {"precision": 0.4927536231884058, "recall": 0.5551020408163265, "f1-score": 0.5220729366602688, "support": 245.0}, "OP": {"precision": 0.36046511627906974, "recall": 0.4, "f1-score": 0.37920489296636084, "support": 155.0}, "IP": {"precision": 0.6266666666666667, "recall": 0.7078313253012049, "f1-score": 0.6647807637906648, "support": 332.0}, "it": {"precision": 0.2, "recall": 0.4, "f1-score": 0.26666666666666666, "support": 5.0}, "ne": {"precision": 0.2602739726027397, "recall": 0.40425531914893614, "f1-score": 0.31666666666666665, "support": 47.0}, "sr": {"precision": 0.25, "recall": 0.6666666666666666, "f1-score": 0.36363636363636365, "support": 3.0}, "nb": {"precision": 0.40119760479041916, "recall": 0.5403225806451613, "f1-score": 0.4604810996563574, "support": 124.0}, "re": {"precision": 0.2, "recall": 1.0, "f1-score": 0.33333333333333337, "support": 3.0}, "en": {"precision": 0.34782608695652173, "recall": 0.6153846153846154, "f1-score": 0.4444444444444444, "support": 13.0}, "ra": {"precision": 0.0, "recall": 0.0, "f1-score": 0.0, "support": 1.0}, "dtp": {"precision": 0.2578616352201258, "recall": 0.35344827586206895, "f1-score": 0.29818181818181816, "support": 116.0}, "fi": {"precision": 0.4666666666666667, "recall": 0.2413793103448276, "f1-score": 0.3181818181818182, "support": 29.0}, "lt": {"precision": 0.14285714285714285, "recall": 0.22727272727272727, "f1-score": 0.17543859649122806, "support": 22.0}, "rv": {"precision": 0.27586206896551724, "recall": 0.36363636363636365, "f1-score": 0.3137254901960784, "support": 44.0}, "ob": {"precision": 0.2153846153846154, "recall": 0.3111111111111111, "f1-score": 0.2545454545454546, "support": 45.0}, "rs": {"precision": 0.2857142857142857, "recall": 0.4, "f1-score": 0.3333333333333333, "support": 5.0}, "av": {"precision": 0.17777777777777778, "recall": 0.2222222222222222, "f1-score": 0.19753086419753085, "support": 36.0}, "ds": {"precision": 0.31208053691275167, "recall": 0.7045454545454546, "f1-score": 0.4325581395348837, "support": 132.0}, "ed": {"precision": 0.0, "recall": 0.0, "f1-score": 0.0, "support": 25.0}}}