{"f1": 0.8862825089240184, "f1_macro": 0.824974643977549, "precision": 0.9254526091586794, "recall": 0.850293542074364, "accuracy": 0.76171875, "threshold": 0.49999999999999994, "label_scores": {"MT": {"precision": 1.0, "recall": 0.7272727272727273, "f1-score": 0.8421052631578948, "support": 11.0}, "LY": {"precision": 0.875, "recall": 0.7777777777777778, "f1-score": 0.823529411764706, "support": 9.0}, "SP": {"precision": 0.0, "recall": 0.0, "f1-score": 0.0, "support": 5.0}, "ID": {"precision": 1.0, "recall": 0.6666666666666666, "f1-score": 0.8, "support": 6.0}, "NA": {"precision": 0.9680365296803652, "recall": 0.9380530973451328, "f1-score": 0.952808988764045, "support": 226.0}, "HI": {"precision": 0.8571428571428571, "recall": 0.9, "f1-score": 0.8780487804878048, "support": 40.0}, "IN": {"precision": 0.96, "recall": 0.7346938775510204, "f1-score": 0.8323699421965318, "support": 98.0}, "OP": {"precision": 0.875, "recall": 0.765625, "f1-score": 0.8166666666666667, "support": 64.0}, "IP": {"precision": 0.9217391304347826, "recall": 0.9464285714285714, "f1-score": 0.9339207048458149, "support": 112.0}, "it": {"precision": 0.0, "recall": 0.0, "f1-score": 0.0, "support": 1.0}, "ne": {"precision": 0.9333333333333333, "recall": 0.9808917197452229, "f1-score": 0.9565217391304348, "support": 157.0}, "sr": {"precision": 0.9545454545454546, "recall": 0.9130434782608695, "f1-score": 0.9333333333333332, "support": 23.0}, "nb": {"precision": 0.875, "recall": 0.7, "f1-score": 0.7777777777777777, "support": 30.0}, "re": {"precision": 0.9, "recall": 1.0, "f1-score": 0.9473684210526316, "support": 9.0}, "en": {"precision": 0.0, "recall": 0.0, "f1-score": 0.0, "support": 5.0}, "ra": {"precision": 0.8, "recall": 0.8, "f1-score": 0.8000000000000002, "support": 5.0}, "dtp": {"precision": 0.6666666666666666, "recall": 0.5789473684210527, "f1-score": 0.619718309859155, "support": 38.0}, "fi": {"precision": 1.0, "recall": 1.0, "f1-score": 1.0, "support": 1.0}, "lt": {"precision": 1.0, "recall": 0.6, "f1-score": 0.7499999999999999, "support": 5.0}, "rv": {"precision": 0.8888888888888888, "recall": 0.6153846153846154, "f1-score": 0.7272727272727274, "support": 13.0}, "ob": {"precision": 0.7777777777777778, "recall": 0.4117647058823529, "f1-score": 0.5384615384615384, "support": 17.0}, "rs": {"precision": 1.0, "recall": 0.631578947368421, "f1-score": 0.7741935483870968, "support": 19.0}, "av": {"precision": 1.0, "recall": 0.5, "f1-score": 0.6666666666666666, "support": 20.0}, "ds": {"precision": 0.944954128440367, "recall": 0.9626168224299065, "f1-score": 0.9537037037037037, "support": 107.0}, "ed": {"precision": 0.0, "recall": 0.0, "f1-score": 0.0, "support": 1.0}}}