{"f1": 0.6429621708327764, "f1_macro": 0.5827332579190706, "precision": 0.6033617661816357, "recall": 0.6881258941344778, "accuracy": 0.34785238959467635, "threshold": 0.35, "label_scores": {"MT": {"precision": 0.801980198019802, "recall": 0.7232142857142857, "f1-score": 0.7605633802816901, "support": 112.0}, "LY": {"precision": 0.7272727272727273, "recall": 0.6666666666666666, "f1-score": 0.6956521739130435, "support": 12.0}, "SP": {"precision": 0.42857142857142855, "recall": 0.5454545454545454, "f1-score": 0.4799999999999999, "support": 11.0}, "ID": {"precision": 0.6097560975609756, "recall": 0.45454545454545453, "f1-score": 0.5208333333333334, "support": 55.0}, "NA": {"precision": 0.6866791744840526, "recall": 0.7721518987341772, "f1-score": 0.7269116186693149, "support": 474.0}, "HI": {"precision": 0.47368421052631576, "recall": 0.5581395348837209, "f1-score": 0.5124555160142349, "support": 129.0}, "IN": {"precision": 0.6554455445544555, "recall": 0.7133620689655172, "f1-score": 0.6831785345717234, "support": 464.0}, "OP": {"precision": 0.5300751879699248, "recall": 0.5529411764705883, "f1-score": 0.5412667946257198, "support": 255.0}, "IP": {"precision": 0.7215189873417721, "recall": 0.7702702702702703, "f1-score": 0.7450980392156862, "support": 592.0}, "it": {"precision": 0.46153846153846156, "recall": 0.6666666666666666, "f1-score": 0.5454545454545455, "support": 9.0}, "ne": {"precision": 0.5206611570247934, "recall": 0.6237623762376238, "f1-score": 0.5675675675675677, "support": 101.0}, "sr": {"precision": 0.6, "recall": 0.8571428571428571, "f1-score": 0.7058823529411764, "support": 14.0}, "nb": {"precision": 0.6235294117647059, "recall": 0.7310344827586207, "f1-score": 0.673015873015873, "support": 290.0}, "re": {"precision": 0.45161290322580644, "recall": 0.9333333333333333, "f1-score": 0.608695652173913, "support": 15.0}, "en": {"precision": 0.8596491228070176, "recall": 0.9333333333333333, "f1-score": 0.8949771689497716, "support": 105.0}, "ra": {"precision": 0.25, "recall": 0.6666666666666666, "f1-score": 0.36363636363636365, "support": 3.0}, "dtp": {"precision": 0.35454545454545455, "recall": 0.45614035087719296, "f1-score": 0.3989769820971867, "support": 171.0}, "fi": {"precision": 0.8095238095238095, "recall": 0.40476190476190477, "f1-score": 0.5396825396825397, "support": 42.0}, "lt": {"precision": 0.4461538461538462, "recall": 0.5918367346938775, "f1-score": 0.5087719298245614, "support": 49.0}, "rv": {"precision": 0.48936170212765956, "recall": 0.5411764705882353, "f1-score": 0.5139664804469274, "support": 85.0}, "ob": {"precision": 0.4631578947368421, "recall": 0.5365853658536586, "f1-score": 0.4971751412429378, "support": 82.0}, "rs": {"precision": 0.5384615384615384, "recall": 0.5833333333333334, "f1-score": 0.5599999999999999, "support": 12.0}, "av": {"precision": 0.2807017543859649, "recall": 0.3137254901960784, "f1-score": 0.2962962962962963, "support": 51.0}, "ds": {"precision": 0.5298651252408478, "recall": 0.8258258258258259, "f1-score": 0.6455399061032864, "support": 333.0}, "ed": {"precision": 0.0, "recall": 0.0, "f1-score": 0.0, "support": 29.0}}}