{"f1": 0.8529467285838335, "f1_macro": 0.8078084630094509, "precision": 0.8816734311582891, "recall": 0.8260329067641682, "accuracy": 0.7051084674597621, "threshold": 0.49999999999999994, "label_scores": {"MT": {"precision": 0.0, "recall": 0.0, "f1-score": 0.0, "support": 0.0}, "LY": {"precision": 0.9823008849557522, "recall": 0.9173553719008265, "f1-score": 0.9487179487179487, "support": 121.0}, "SP": {"precision": 0.8431372549019608, "recall": 0.7962962962962963, "f1-score": 0.8190476190476189, "support": 108.0}, "ID": {"precision": 0.9686346863468634, "recall": 0.9114583333333334, "f1-score": 0.9391771019677997, "support": 576.0}, "NA": {"precision": 0.9138610858356081, "recall": 0.9110976716056849, "f1-score": 0.9124772864930345, "support": 3307.0}, "HI": {"precision": 0.8071428571428572, "recall": 0.7609427609427609, "f1-score": 0.7833622183708838, "support": 297.0}, "IN": {"precision": 0.8833010960670535, "recall": 0.7860011474469306, "f1-score": 0.8318154219793564, "support": 1743.0}, "OP": {"precision": 0.8560500695410292, "recall": 0.8125412541254126, "f1-score": 0.8337284117846258, "support": 1515.0}, "IP": {"precision": 0.765, "recall": 0.7574257425742574, "f1-score": 0.7611940298507464, "support": 202.0}, "it": {"precision": 0.8095238095238095, "recall": 0.8192771084337349, "f1-score": 0.8143712574850299, "support": 83.0}, "ne": {"precision": 0.9183234819989253, "recall": 0.8822922044398555, "f1-score": 0.8999473407056345, "support": 1937.0}, "sr": {"precision": 0.9390862944162437, "recall": 0.9536082474226805, "f1-score": 0.9462915601023019, "support": 582.0}, "nb": {"precision": 0.8604118993135011, "recall": 0.7673469387755102, "f1-score": 0.8112189859762675, "support": 490.0}, "re": {"precision": 0.896551724137931, "recall": 0.8666666666666667, "f1-score": 0.8813559322033899, "support": 30.0}, "en": {"precision": 0.92, "recall": 0.8214285714285714, "f1-score": 0.8679245283018867, "support": 112.0}, "ra": {"precision": 0.832, "recall": 0.65, "f1-score": 0.7298245614035087, "support": 160.0}, "dtp": {"precision": 0.7623318385650224, "recall": 0.6701708278580815, "f1-score": 0.7132867132867133, "support": 761.0}, "fi": {"precision": 0.8636363636363636, "recall": 0.3877551020408163, "f1-score": 0.5352112676056339, "support": 49.0}, "lt": {"precision": 0.7692307692307693, "recall": 0.7142857142857143, "f1-score": 0.7407407407407408, "support": 28.0}, "rv": {"precision": 0.9013157894736842, "recall": 0.8253012048192772, "f1-score": 0.8616352201257862, "support": 332.0}, "ob": {"precision": 0.8006279434850864, "recall": 0.6563706563706564, "f1-score": 0.7213578500707213, "support": 777.0}, "rs": {"precision": 0.905982905982906, "recall": 0.8907563025210085, "f1-score": 0.8983050847457628, "support": 119.0}, "av": {"precision": 0.6481481481481481, "recall": 0.41420118343195267, "f1-score": 0.5054151624548736, "support": 169.0}, "ds": {"precision": 0.8304093567251462, "recall": 0.8160919540229885, "f1-score": 0.8231884057971015, "support": 174.0}, "ed": {"precision": 0.0, "recall": 0.0, "f1-score": 0.0, "support": 3.0}}}