{"f1": 0.9212598425196851, "f1_macro": 0.8707763533251878, "precision": 0.9140625, "recall": 0.9285714285714286, "accuracy": 0.8465608465608465, "threshold": 0.39999999999999997, "label_scores": {"MT": {"precision": 0.0, "recall": 0.0, "f1-score": 0.0, "support": 0.0}, "LY": {"precision": 0.0, "recall": 0.0, "f1-score": 0.0, "support": 1.0}, "SP": {"precision": 0.0, "recall": 0.0, "f1-score": 0.0, "support": 0.0}, "ID": {"precision": 1.0, "recall": 1.0, "f1-score": 1.0, "support": 5.0}, "NA": {"precision": 0.9726027397260274, "recall": 0.9726027397260274, "f1-score": 0.9726027397260274, "support": 73.0}, "HI": {"precision": 0.7692307692307693, "recall": 0.9090909090909091, "f1-score": 0.8333333333333333, "support": 11.0}, "IN": {"precision": 0.7619047619047619, "recall": 0.8888888888888888, "f1-score": 0.8205128205128205, "support": 18.0}, "OP": {"precision": 0.8421052631578947, "recall": 1.0, "f1-score": 0.9142857142857143, "support": 16.0}, "IP": {"precision": 0.9452054794520548, "recall": 0.9583333333333334, "f1-score": 0.9517241379310345, "support": 72.0}, "it": {"precision": 0.0, "recall": 0.0, "f1-score": 0.0, "support": 0.0}, "ne": {"precision": 0.9193548387096774, "recall": 0.9827586206896551, "f1-score": 0.95, "support": 58.0}, "sr": {"precision": 1.0, "recall": 1.0, "f1-score": 1.0, "support": 3.0}, "nb": {"precision": 0.8571428571428571, "recall": 0.5454545454545454, "f1-score": 0.6666666666666665, "support": 11.0}, "re": {"precision": 1.0, "recall": 0.8333333333333334, "f1-score": 0.9090909090909091, "support": 6.0}, "en": {"precision": 0.0, "recall": 0.0, "f1-score": 0.0, "support": 0.0}, "ra": {"precision": 0.0, "recall": 0.0, "f1-score": 0.0, "support": 0.0}, "dtp": {"precision": 0.75, "recall": 0.6, "f1-score": 0.6666666666666665, "support": 10.0}, "fi": {"precision": 0.0, "recall": 0.0, "f1-score": 0.0, "support": 0.0}, "lt": {"precision": 1.0, "recall": 0.8571428571428571, "f1-score": 0.923076923076923, "support": 7.0}, "rv": {"precision": 1.0, "recall": 1.0, "f1-score": 1.0, "support": 2.0}, "ob": {"precision": 0.6666666666666666, "recall": 0.6666666666666666, "f1-score": 0.6666666666666666, "support": 3.0}, "rs": {"precision": 1.0, "recall": 1.0, "f1-score": 1.0, "support": 8.0}, "av": {"precision": 0.4, "recall": 1.0, "f1-score": 0.5714285714285715, "support": 2.0}, "ds": {"precision": 0.9571428571428572, "recall": 0.9571428571428572, "f1-score": 0.9571428571428572, "support": 70.0}, "ed": {"precision": 0.0, "recall": 0.0, "f1-score": 0.0, "support": 2.0}}}