{"f1": 0.4313099041533547, "f1_macro": 0.3721409021717981, "precision": 0.3784541449739688, "recall": 0.5013262599469496, "accuracy": 0.03167898627243928, "threshold": 0.3, "label_scores": {"MT": {"precision": 0.25, "recall": 0.25, "f1-score": 0.25, "support": 20.0}, "LY": {"precision": 0.3333333333333333, "recall": 0.3333333333333333, "f1-score": 0.3333333333333333, "support": 3.0}, "SP": {"precision": 0.35, "recall": 0.5384615384615384, "f1-score": 0.4242424242424242, "support": 13.0}, "ID": {"precision": 0.4864864864864865, "recall": 0.375, "f1-score": 0.42352941176470593, "support": 48.0}, "NA": {"precision": 0.4492753623188406, "recall": 0.5081967213114754, "f1-score": 0.47692307692307695, "support": 244.0}, "HI": {"precision": 0.36885245901639346, "recall": 0.6428571428571429, "f1-score": 0.46875000000000006, "support": 70.0}, "IN": {"precision": 0.4373259052924791, "recall": 0.5340136054421769, "f1-score": 0.48085758039816234, "support": 294.0}, "OP": {"precision": 0.41899441340782123, "recall": 0.42134831460674155, "f1-score": 0.42016806722689076, "support": 178.0}, "IP": {"precision": 0.5905707196029777, "recall": 0.7062314540059347, "f1-score": 0.6432432432432432, "support": 337.0}, "it": {"precision": 0.1875, "recall": 0.5, "f1-score": 0.2727272727272727, "support": 6.0}, "ne": {"precision": 0.21495327102803738, "recall": 0.359375, "f1-score": 0.26900584795321636, "support": 64.0}, "sr": {"precision": 0.16666666666666666, "recall": 0.4, "f1-score": 0.23529411764705882, "support": 5.0}, "nb": {"precision": 0.29914529914529914, "recall": 0.3804347826086957, "f1-score": 0.3349282296650718, "support": 92.0}, "re": {"precision": 0.3888888888888889, "recall": 0.7777777777777778, "f1-score": 0.5185185185185185, "support": 9.0}, "en": {"precision": 0.42857142857142855, "recall": 0.42857142857142855, "f1-score": 0.42857142857142855, "support": 21.0}, "ra": {"precision": 0.13333333333333333, "recall": 0.4, "f1-score": 0.2, "support": 5.0}, "dtp": {"precision": 0.2175732217573222, "recall": 0.33121019108280253, "f1-score": 0.2626262626262626, "support": 157.0}, "fi": {"precision": 0.0, "recall": 0.0, "f1-score": 0.0, "support": 9.0}, "lt": {"precision": 0.3125, "recall": 0.5, "f1-score": 0.38461538461538464, "support": 20.0}, "rv": {"precision": 0.4027777777777778, "recall": 0.48333333333333334, "f1-score": 0.43939393939393945, "support": 60.0}, "ob": {"precision": 0.19642857142857142, "recall": 0.28205128205128205, "f1-score": 0.23157894736842105, "support": 39.0}, "rs": {"precision": 0.42857142857142855, "recall": 0.5454545454545454, "f1-score": 0.4799999999999999, "support": 11.0}, "av": {"precision": 0.2, "recall": 0.23684210526315788, "f1-score": 0.21686746987951808, "support": 38.0}, "ds": {"precision": 0.25, "recall": 0.6695652173913044, "f1-score": 0.3640661938534279, "support": 115.0}, "ed": {"precision": 0.0, "recall": 0.0, "f1-score": 0.0, "support": 27.0}}}