{"f1": 0.9279517163334591, "f1_macro": 0.8659398560917934, "precision": 0.9534883720930233, "recall": 0.9037472446730346, "accuracy": 0.8090909090909091, "threshold": 0.5499999999999999, "label_scores": {"MT": {"precision": 0.9827586206896551, "recall": 0.8028169014084507, "f1-score": 0.8837209302325583, "support": 71.0}, "LY": {"precision": 0.6666666666666666, "recall": 0.4, "f1-score": 0.5, "support": 5.0}, "SP": {"precision": 1.0, "recall": 0.75, "f1-score": 0.8571428571428571, "support": 4.0}, "ID": {"precision": 0.8947368421052632, "recall": 0.8095238095238095, "f1-score": 0.8500000000000001, "support": 21.0}, "NA": {"precision": 0.9455445544554455, "recall": 0.9646464646464646, "f1-score": 0.9550000000000001, "support": 198.0}, "HI": {"precision": 0.9032258064516129, "recall": 0.7567567567567568, "f1-score": 0.823529411764706, "support": 37.0}, "IN": {"precision": 0.9653179190751445, "recall": 0.9542857142857143, "f1-score": 0.9597701149425287, "support": 175.0}, "OP": {"precision": 0.9482758620689655, "recall": 0.859375, "f1-score": 0.9016393442622951, "support": 64.0}, "IP": {"precision": 0.9459459459459459, "recall": 0.9067357512953368, "f1-score": 0.9259259259259259, "support": 193.0}, "it": {"precision": 1.0, "recall": 0.5, "f1-score": 0.6666666666666666, "support": 4.0}, "ne": {"precision": 0.9761904761904762, "recall": 0.9111111111111111, "f1-score": 0.9425287356321839, "support": 45.0}, "sr": {"precision": 1.0, "recall": 1.0, "f1-score": 1.0, "support": 9.0}, "nb": {"precision": 0.948905109489051, "recall": 0.9420289855072463, "f1-score": 0.9454545454545454, "support": 138.0}, "re": {"precision": 1.0, "recall": 1.0, "f1-score": 1.0, "support": 10.0}, "en": {"precision": 1.0, "recall": 0.9886363636363636, "f1-score": 0.9942857142857142, "support": 88.0}, "ra": {"precision": 0.0, "recall": 0.0, "f1-score": 0.0, "support": 0.0}, "dtp": {"precision": 0.8666666666666667, "recall": 0.7027027027027027, "f1-score": 0.7761194029850748, "support": 37.0}, "fi": {"precision": 1.0, "recall": 0.9090909090909091, "f1-score": 0.9523809523809523, "support": 11.0}, "lt": {"precision": 0.9130434782608695, "recall": 1.0, "f1-score": 0.9545454545454545, "support": 21.0}, "rv": {"precision": 0.9473684210526315, "recall": 0.75, "f1-score": 0.8372093023255814, "support": 24.0}, "ob": {"precision": 0.9629629629629629, "recall": 0.896551724137931, "f1-score": 0.9285714285714286, "support": 29.0}, "rs": {"precision": 1.0, "recall": 0.5, "f1-score": 0.6666666666666666, "support": 6.0}, "av": {"precision": 1.0, "recall": 0.5, "f1-score": 0.6666666666666666, "support": 4.0}, "ds": {"precision": 0.9554140127388535, "recall": 0.9036144578313253, "f1-score": 0.9287925696594428, "support": 166.0}, "ed": {"precision": 0.0, "recall": 0.0, "f1-score": 0.0, "support": 1.0}}}