{"f1": 0.3422330097087378, "f1_macro": 0.30948389101107887, "precision": 0.2941585535465925, "recall": 0.4090909090909091, "accuracy": 0.04201680672268908, "threshold": 0.3, "label_scores": {"MT": {"precision": 0.5294117647058824, "recall": 0.08737864077669903, "f1-score": 0.15000000000000002, "support": 103.0}, "LY": {"precision": 0.2, "recall": 0.3333333333333333, "f1-score": 0.25, "support": 3.0}, "SP": {"precision": 0.375, "recall": 0.14285714285714285, "f1-score": 0.20689655172413796, "support": 21.0}, "ID": {"precision": 0.4, "recall": 0.2, "f1-score": 0.26666666666666666, "support": 20.0}, "NA": {"precision": 0.2803030303030303, "recall": 0.5362318840579711, "f1-score": 0.3681592039800995, "support": 69.0}, "HI": {"precision": 0.3, "recall": 0.5769230769230769, "f1-score": 0.3947368421052631, "support": 26.0}, "IN": {"precision": 0.4369369369369369, "recall": 0.5739644970414202, "f1-score": 0.4961636828644501, "support": 169.0}, "OP": {"precision": 0.375, "recall": 0.30275229357798167, "f1-score": 0.33502538071065996, "support": 109.0}, "IP": {"precision": 0.3057553956834532, "recall": 0.5985915492957746, "f1-score": 0.40476190476190477, "support": 142.0}, "it": {"precision": 0.5, "recall": 0.2, "f1-score": 0.28571428571428575, "support": 5.0}, "ne": {"precision": 0.1836734693877551, "recall": 0.5294117647058824, "f1-score": 0.27272727272727276, "support": 34.0}, "sr": {"precision": 0.4444444444444444, "recall": 0.4, "f1-score": 0.4210526315789474, "support": 10.0}, "nb": {"precision": 0.32, "recall": 0.38095238095238093, "f1-score": 0.34782608695652173, "support": 21.0}, "re": {"precision": 0.6666666666666666, "recall": 0.8333333333333334, "f1-score": 0.7407407407407408, "support": 12.0}, "en": {"precision": 0.09090909090909091, "recall": 0.06666666666666667, "f1-score": 0.07692307692307691, "support": 15.0}, "ra": {"precision": 0.0, "recall": 0.0, "f1-score": 0.0, "support": 1.0}, "dtp": {"precision": 0.0641025641025641, "recall": 0.2, "f1-score": 0.0970873786407767, "support": 25.0}, "fi": {"precision": 0.3333333333333333, "recall": 0.4, "f1-score": 0.3636363636363636, "support": 5.0}, "lt": {"precision": 0.16666666666666666, "recall": 0.38095238095238093, "f1-score": 0.2318840579710145, "support": 21.0}, "rv": {"precision": 0.25925925925925924, "recall": 0.14893617021276595, "f1-score": 0.18918918918918917, "support": 47.0}, "ob": {"precision": 0.36, "recall": 0.25, "f1-score": 0.29508196721311475, "support": 36.0}, "rs": {"precision": 0.16666666666666666, "recall": 0.16666666666666666, "f1-score": 0.16666666666666666, "support": 6.0}, "av": {"precision": 0.0, "recall": 0.0, "f1-score": 0.0, "support": 11.0}, "ds": {"precision": 0.2052401746724891, "recall": 0.6103896103896104, "f1-score": 0.30718954248366015, "support": 77.0}, "ed": {"precision": 0.5294117647058824, "recall": 0.391304347826087, "f1-score": 0.45, "support": 46.0}}}