{"f1": 0.6689303904923599, "precision": 0.6437908496732027, "recall": 0.696113074204947, "accuracy": 0.49672489082969434, "pr_auc": 0.6901006226706475, "threshold": 0.39999999999999997, "label_scores": {"MT": {"precision": 0.96875, "recall": 0.2818181818181818, "f1-score": 0.4366197183098592, "support": 110.0}, "LY": {"precision": 0.6, "recall": 0.42857142857142855, "f1-score": 0.5, "support": 7.0}, "SP": {"precision": 1.0, "recall": 0.38461538461538464, "f1-score": 0.5555555555555556, "support": 13.0}, "ID": {"precision": 0.5833333333333334, "recall": 0.30434782608695654, "f1-score": 0.4, "support": 23.0}, "NA": {"precision": 0.6656441717791411, "recall": 0.9475982532751092, "f1-score": 0.781981981981982, "support": 229.0}, "HI": {"precision": 0.2545454545454545, "recall": 0.8484848484848485, "f1-score": 0.39160839160839156, "support": 33.0}, "IN": {"precision": 0.6783625730994152, "recall": 0.6270270270270271, "f1-score": 0.6516853932584269, "support": 185.0}, "OP": {"precision": 0.5, "recall": 0.45652173913043476, "f1-score": 0.47727272727272724, "support": 92.0}, "IP": {"precision": 0.698051948051948, "recall": 0.7570422535211268, "f1-score": 0.7263513513513513, "support": 284.0}, "it": {"precision": 1.0, "recall": 0.7142857142857143, "f1-score": 0.8333333333333333, "support": 7.0}, "ne": {"precision": 0.694980694980695, "recall": 0.9424083769633508, "f1-score": 0.8, "support": 191.0}, "sr": {"precision": 0.4583333333333333, "recall": 0.7857142857142857, "f1-score": 0.5789473684210527, "support": 14.0}, "nb": {"precision": 0.5714285714285714, "recall": 0.5217391304347826, "f1-score": 0.5454545454545454, "support": 23.0}, "re": {"precision": 0.95, "recall": 0.9047619047619048, "f1-score": 0.9268292682926829, "support": 21.0}, "en": {"precision": 0.2, "recall": 0.25, "f1-score": 0.22222222222222224, "support": 4.0}, "ra": {"precision": 0.0, "recall": 0.0, "f1-score": 0.0, "support": 0.0}, "dtp": {"precision": 0.4444444444444444, "recall": 0.6086956521739131, "f1-score": 0.5137614678899082, "support": 46.0}, "fi": {"precision": 0.5, "recall": 0.6666666666666666, "f1-score": 0.5714285714285715, "support": 3.0}, "lt": {"precision": 0.8648648648648649, "recall": 0.6037735849056604, "f1-score": 0.7111111111111112, "support": 53.0}, "rv": {"precision": 0.5384615384615384, "recall": 0.22580645161290322, "f1-score": 0.3181818181818182, "support": 31.0}, "ob": {"precision": 0.16666666666666666, "recall": 0.18181818181818182, "f1-score": 0.17391304347826086, "support": 22.0}, "rs": {"precision": 0.8888888888888888, "recall": 0.8, "f1-score": 0.8421052631578948, "support": 10.0}, "av": {"precision": 0.6, "recall": 0.3, "f1-score": 0.4, "support": 20.0}, "ds": {"precision": 0.7024221453287197, "recall": 0.8319672131147541, "f1-score": 0.7617260787992496, "support": 244.0}, "ed": {"precision": 0.0, "recall": 0.0, "f1-score": 0.0, "support": 33.0}}}