{"f1": 0.6060108392182624, "precision": 0.6670281995661606, "recall": 0.5552211856755943, "accuracy": 0.2934232715008432, "pr_auc": 0.6490363366335409, "threshold": 0.3, "label_scores": {"MT": {"precision": 0.273972602739726, "recall": 0.6896551724137931, "f1-score": 0.39215686274509803, "support": 29.0}, "LY": {"precision": 0.75, "recall": 0.75, "f1-score": 0.75, "support": 12.0}, "SP": {"precision": 0.0, "recall": 0.0, "f1-score": 0.0, "support": 104.0}, "ID": {"precision": 0.38095238095238093, "recall": 0.18181818181818182, "f1-score": 0.24615384615384614, "support": 44.0}, "NA": {"precision": 0.8675889328063241, "recall": 0.7582037996545768, "f1-score": 0.809216589861751, "support": 579.0}, "HI": {"precision": 0.40425531914893614, "recall": 0.7480314960629921, "f1-score": 0.5248618784530387, "support": 127.0}, "IN": {"precision": 0.75, "recall": 0.35977859778597787, "f1-score": 0.4862842892768079, "support": 542.0}, "OP": {"precision": 0.6543778801843319, "recall": 0.48464163822525597, "f1-score": 0.5568627450980391, "support": 293.0}, "IP": {"precision": 0.6991150442477876, "recall": 0.7547770700636943, "f1-score": 0.7258805513016846, "support": 314.0}, "it": {"precision": 0.0, "recall": 0.0, "f1-score": 0.0, "support": 13.0}, "ne": {"precision": 0.8136094674556213, "recall": 0.9290540540540541, "f1-score": 0.8675078864353313, "support": 296.0}, "sr": {"precision": 0.8148148148148148, "recall": 0.9565217391304348, "f1-score": 0.8800000000000001, "support": 46.0}, "nb": {"precision": 0.6486486486486487, "recall": 0.31788079470198677, "f1-score": 0.4266666666666667, "support": 151.0}, "re": {"precision": 0.8461538461538461, "recall": 0.6875, "f1-score": 0.7586206896551724, "support": 16.0}, "en": {"precision": 0.6666666666666666, "recall": 0.21052631578947367, "f1-score": 0.32, "support": 19.0}, "ra": {"precision": 0.6666666666666666, "recall": 0.42857142857142855, "f1-score": 0.5217391304347826, "support": 14.0}, "dtp": {"precision": 0.3, "recall": 0.1875, "f1-score": 0.23076923076923075, "support": 192.0}, "fi": {"precision": 0.25, "recall": 0.5, "f1-score": 0.3333333333333333, "support": 2.0}, "lt": {"precision": 0.23529411764705882, "recall": 0.3076923076923077, "f1-score": 0.26666666666666666, "support": 13.0}, "rv": {"precision": 0.6410256410256411, "recall": 0.38461538461538464, "f1-score": 0.4807692307692308, "support": 65.0}, "ob": {"precision": 0.65, "recall": 0.11711711711711711, "f1-score": 0.1984732824427481, "support": 111.0}, "rs": {"precision": 0.7931034482758621, "recall": 0.6571428571428571, "f1-score": 0.71875, "support": 35.0}, "av": {"precision": 0.3333333333333333, "recall": 0.453125, "f1-score": 0.3841059602649007, "support": 64.0}, "ds": {"precision": 0.6198630136986302, "recall": 0.7869565217391304, "f1-score": 0.6934865900383141, "support": 230.0}, "ed": {"precision": 0.0, "recall": 0.0, "f1-score": 0.0, "support": 12.0}}}