{"f1": 0.6616766467065869, "precision": 0.6368876080691642, "recall": 0.6884735202492211, "accuracy": 0.4819277108433735, "pr_auc": 0.6942797392545007, "threshold": 0.39999999999999997, "label_scores": {"MT": {"precision": 0.0, "recall": 0.0, "f1-score": 0.0, "support": 0.0}, "LY": {"precision": 0.0, "recall": 0.0, "f1-score": 0.0, "support": 4.0}, "SP": {"precision": 0.0, "recall": 0.0, "f1-score": 0.0, "support": 0.0}, "ID": {"precision": 0.5714285714285714, "recall": 0.23529411764705882, "f1-score": 0.3333333333333333, "support": 17.0}, "NA": {"precision": 0.7651515151515151, "recall": 0.8938053097345132, "f1-score": 0.8244897959183674, "support": 113.0}, "HI": {"precision": 0.5882352941176471, "recall": 0.625, "f1-score": 0.6060606060606061, "support": 32.0}, "IN": {"precision": 0.4492753623188406, "recall": 0.5636363636363636, "f1-score": 0.4999999999999999, "support": 55.0}, "OP": {"precision": 0.4418604651162791, "recall": 0.6333333333333333, "f1-score": 0.5205479452054794, "support": 30.0}, "IP": {"precision": 0.7850467289719626, "recall": 0.7433628318584071, "f1-score": 0.7636363636363637, "support": 113.0}, "it": {"precision": 0.0, "recall": 0.0, "f1-score": 0.0, "support": 0.0}, "ne": {"precision": 0.6476190476190476, "recall": 0.9066666666666666, "f1-score": 0.7555555555555555, "support": 75.0}, "sr": {"precision": 0.75, "recall": 0.5, "f1-score": 0.6, "support": 6.0}, "nb": {"precision": 0.38461538461538464, "recall": 0.2631578947368421, "f1-score": 0.3125, "support": 19.0}, "re": {"precision": 1.0, "recall": 0.8333333333333334, "f1-score": 0.9090909090909091, "support": 6.0}, "en": {"precision": 0.0, "recall": 0.0, "f1-score": 0.0, "support": 3.0}, "ra": {"precision": 0.0, "recall": 0.0, "f1-score": 0.0, "support": 2.0}, "dtp": {"precision": 0.26666666666666666, "recall": 0.42105263157894735, "f1-score": 0.326530612244898, "support": 19.0}, "fi": {"precision": 0.0, "recall": 0.0, "f1-score": 0.0, "support": 1.0}, "lt": {"precision": 0.5, "recall": 0.875, "f1-score": 0.6363636363636364, "support": 8.0}, "rv": {"precision": 0.6666666666666666, "recall": 0.2222222222222222, "f1-score": 0.3333333333333333, "support": 9.0}, "ob": {"precision": 0.2, "recall": 0.2, "f1-score": 0.20000000000000004, "support": 5.0}, "rs": {"precision": 0.7272727272727273, "recall": 0.8888888888888888, "f1-score": 0.7999999999999999, "support": 9.0}, "av": {"precision": 0.11764705882352941, "recall": 0.3333333333333333, "f1-score": 0.1739130434782609, "support": 6.0}, "ds": {"precision": 0.8604651162790697, "recall": 0.6981132075471698, "f1-score": 0.7708333333333334, "support": 106.0}, "ed": {"precision": 0.0, "recall": 0.0, "f1-score": 0.0, "support": 4.0}}}