{"f1": 0.6379310344827587, "precision": 0.6646706586826348, "recall": 0.6132596685082873, "accuracy": 0.5137614678899083, "pr_auc": 0.6413802507675591, "threshold": 0.5999999999999999, "label_scores": {"MT": {"precision": 0.0, "recall": 0.0, "f1-score": 0.0, "support": 3.0}, "LY": {"precision": 1.0, "recall": 0.5, "f1-score": 0.6666666666666666, "support": 2.0}, "SP": {"precision": 1.0, "recall": 0.5, "f1-score": 0.6666666666666666, "support": 2.0}, "ID": {"precision": 1.0, "recall": 0.5, "f1-score": 0.6666666666666666, "support": 2.0}, "NA": {"precision": 0.75, "recall": 0.8823529411764706, "f1-score": 0.8108108108108107, "support": 34.0}, "HI": {"precision": 0.6666666666666666, "recall": 1.0, "f1-score": 0.8, "support": 2.0}, "IN": {"precision": 0.9, "recall": 0.4186046511627907, "f1-score": 0.5714285714285715, "support": 43.0}, "OP": {"precision": 0.5, "recall": 0.4166666666666667, "f1-score": 0.45454545454545453, "support": 12.0}, "IP": {"precision": 0.4230769230769231, "recall": 0.9166666666666666, "f1-score": 0.5789473684210527, "support": 12.0}, "it": {"precision": 1.0, "recall": 1.0, "f1-score": 1.0, "support": 1.0}, "ne": {"precision": 0.7272727272727273, "recall": 0.8888888888888888, "f1-score": 0.7999999999999999, "support": 18.0}, "sr": {"precision": 1.0, "recall": 1.0, "f1-score": 1.0, "support": 2.0}, "nb": {"precision": 0.7142857142857143, "recall": 0.4166666666666667, "f1-score": 0.5263157894736842, "support": 12.0}, "re": {"precision": 0.0, "recall": 0.0, "f1-score": 0.0, "support": 0.0}, "en": {"precision": 0.5, "recall": 1.0, "f1-score": 0.6666666666666666, "support": 2.0}, "ra": {"precision": 0.0, "recall": 0.0, "f1-score": 0.0, "support": 2.0}, "dtp": {"precision": 0.8571428571428571, "recall": 0.5454545454545454, "f1-score": 0.6666666666666665, "support": 11.0}, "fi": {"precision": 0.0, "recall": 0.0, "f1-score": 0.0, "support": 0.0}, "lt": {"precision": 1.0, "recall": 1.0, "f1-score": 1.0, "support": 3.0}, "rv": {"precision": 0.75, "recall": 0.2727272727272727, "f1-score": 0.39999999999999997, "support": 11.0}, "ob": {"precision": 1.0, "recall": 1.0, "f1-score": 1.0, "support": 1.0}, "rs": {"precision": 0.0, "recall": 0.0, "f1-score": 0.0, "support": 0.0}, "av": {"precision": 0.0, "recall": 0.0, "f1-score": 0.0, "support": 0.0}, "ds": {"precision": 0.25, "recall": 0.6, "f1-score": 0.35294117647058826, "support": 5.0}, "ed": {"precision": 0.0, "recall": 0.0, "f1-score": 0.0, "support": 1.0}}}