{"f1": 0.8132589432228421, "precision": 0.8492117888965045, "recall": 0.7802267002518891, "accuracy": 0.6960556844547564, "pr_auc": 0.8975654269000631, "threshold": 0.49999999999999994, "label_scores": {"MT": {"precision": 0.8512396694214877, "recall": 0.8879310344827587, "f1-score": 0.869198312236287, "support": 116.0}, "LY": {"precision": 0.9166666666666666, "recall": 0.7333333333333333, "f1-score": 0.8148148148148148, "support": 15.0}, "SP": {"precision": 0.6666666666666666, "recall": 0.8571428571428571, "f1-score": 0.75, "support": 7.0}, "ID": {"precision": 0.8723404255319149, "recall": 0.803921568627451, "f1-score": 0.8367346938775511, "support": 51.0}, "NA": {"precision": 0.918918918918919, "recall": 0.7786259541984732, "f1-score": 0.8429752066115701, "support": 393.0}, "HI": {"precision": 0.7818181818181819, "recall": 0.5512820512820513, "f1-score": 0.6466165413533834, "support": 78.0}, "IN": {"precision": 0.7849162011173184, "recall": 0.8313609467455622, "f1-score": 0.807471264367816, "support": 338.0}, "OP": {"precision": 0.7746478873239436, "recall": 0.6707317073170732, "f1-score": 0.7189542483660131, "support": 164.0}, "IP": {"precision": 0.8848167539267016, "recall": 0.7934272300469484, "f1-score": 0.8366336633663367, "support": 426.0}}}