{"f1": 0.6786786786786786, "f1_macro": 0.652331795188938, "precision": 0.6174863387978142, "recall": 0.7533333333333333, "accuracy": 0.5112781954887218, "threshold": 0.3, "label_scores": {"MT": {"precision": 0.875, "recall": 0.8235294117647058, "f1-score": 0.8484848484848485, "support": 17.0}, "LY": {"precision": 0.0, "recall": 0.0, "f1-score": 0.0, "support": 0.0}, "SP": {"precision": 0.0, "recall": 0.0, "f1-score": 0.0, "support": 0.0}, "ID": {"precision": 1.0, "recall": 0.5, "f1-score": 0.6666666666666666, "support": 4.0}, "NA": {"precision": 0.6111111111111112, "recall": 0.8148148148148148, "f1-score": 0.6984126984126984, "support": 27.0}, "HI": {"precision": 0.5, "recall": 0.8, "f1-score": 0.6153846153846154, "support": 10.0}, "IN": {"precision": 0.717948717948718, "recall": 0.6222222222222222, "f1-score": 0.6666666666666666, "support": 45.0}, "OP": {"precision": 0.3076923076923077, "recall": 0.4444444444444444, "f1-score": 0.3636363636363637, "support": 9.0}, "IP": {"precision": 0.5737704918032787, "recall": 0.9210526315789473, "f1-score": 0.7070707070707071, "support": 38.0}}}