{"f1": 0.5995004163197336, "f1_macro": 0.47487658672830046, "precision": 0.6674907292954264, "recall": 0.5440806045340051, "accuracy": 0.35497470489038785, "threshold": 0.3, "label_scores": {"Forum": {"precision": 0.375, "recall": 0.13636363636363635, "f1-score": 0.19999999999999998, "support": 44.0}, "Information/Explanation": {"precision": 0.6835016835016835, "recall": 0.3815789473684211, "f1-score": 0.4897466827503016, "support": 532.0}, "Instruction": {"precision": 0.47593582887700536, "recall": 0.6953125, "f1-score": 0.5650793650793651, "support": 128.0}, "Legal": {"precision": 0.3076923076923077, "recall": 0.3076923076923077, "f1-score": 0.3076923076923077, "support": 13.0}, "News": {"precision": 0.875, "recall": 0.9415204678362573, "f1-score": 0.9070422535211267, "support": 342.0}, "Opinion/Argumentation": {"precision": 0.6544715447154471, "recall": 0.45098039215686275, "f1-score": 0.5339966832504146, "support": 357.0}, "Other": {"precision": 0.21818181818181817, "recall": 0.09022556390977443, "f1-score": 0.12765957446808512, "support": 133.0}, "Promotion": {"precision": 0.7023809523809523, "recall": 0.7763157894736842, "f1-score": 0.7374999999999999, "support": 304.0}, "Prose/Lyrical": {"precision": 0.47, "recall": 0.3560606060606061, "f1-score": 0.4051724137931035, "support": 132.0}}}