{"f1": 0.7039106145251396, "f1_macro": 0.6680647840531562, "precision": 0.7, "recall": 0.7078651685393258, "accuracy": 0.5, "threshold": 0.3, "label_scores": {"Forum": {"precision": 0.0, "recall": 0.0, "f1-score": 0.0, "support": 0.0}, "Information/Explanation": {"precision": 0.7692307692307693, "recall": 0.6666666666666666, "f1-score": 0.7142857142857142, "support": 15.0}, "Instruction": {"precision": 0.4, "recall": 0.6666666666666666, "f1-score": 0.5, "support": 6.0}, "Legal": {"precision": 1.0, "recall": 1.0, "f1-score": 1.0, "support": 1.0}, "News": {"precision": 0.8695652173913043, "recall": 1.0, "f1-score": 0.9302325581395349, "support": 20.0}, "Opinion/Argumentation": {"precision": 0.7272727272727273, "recall": 0.38095238095238093, "f1-score": 0.5, "support": 21.0}, "Other": {"precision": 1.0, "recall": 0.3333333333333333, "f1-score": 0.5, "support": 3.0}, "Promotion": {"precision": 0.68, "recall": 0.85, "f1-score": 0.7555555555555556, "support": 20.0}, "Prose/Lyrical": {"precision": 0.3333333333333333, "recall": 0.6666666666666666, "f1-score": 0.4444444444444444, "support": 3.0}}}