{"f1": 0.6931818181818181, "f1_macro": 0.6766246924301635, "precision": 0.7093023255813954, "recall": 0.6777777777777778, "accuracy": 0.5294117647058824, "threshold": 0.35, "label_scores": {"MT": {"precision": 1.0, "recall": 0.5, "f1-score": 0.6666666666666666, "support": 2.0}, "LY": {"precision": 1.0, "recall": 0.6666666666666666, "f1-score": 0.8, "support": 3.0}, "SP": {"precision": 0.0, "recall": 0.0, "f1-score": 0.0, "support": 1.0}, "ID": {"precision": 0.0, "recall": 0.0, "f1-score": 0.0, "support": 0.0}, "NA": {"precision": 0.7407407407407407, "recall": 1.0, "f1-score": 0.851063829787234, "support": 20.0}, "HI": {"precision": 0.4444444444444444, "recall": 0.6666666666666666, "f1-score": 0.5333333333333333, "support": 6.0}, "IN": {"precision": 0.7857142857142857, "recall": 0.6875, "f1-score": 0.7333333333333334, "support": 16.0}, "OP": {"precision": 0.6666666666666666, "recall": 0.3157894736842105, "f1-score": 0.42857142857142855, "support": 19.0}, "IP": {"precision": 0.7083333333333334, "recall": 0.7391304347826086, "f1-score": 0.723404255319149, "support": 23.0}}}