{"f1": 0.8232044198895027, "f1_macro": 0.5653920376293926, "precision": 0.8142076502732241, "recall": 0.8324022346368715, "accuracy": 0.775, "threshold": 0.3, "label_scores": {"Forum": {"precision": 0.2, "recall": 1.0, "f1-score": 0.33333333333333337, "support": 1.0}, "Information/Explanation": {"precision": 0.6086956521739131, "recall": 0.7777777777777778, "f1-score": 0.6829268292682927, "support": 18.0}, "Instruction": {"precision": 0.4, "recall": 0.2857142857142857, "f1-score": 0.3333333333333333, "support": 7.0}, "Legal": {"precision": 0.0, "recall": 0.0, "f1-score": 0.0, "support": 1.0}, "News": {"precision": 0.9565217391304348, "recall": 1.0, "f1-score": 0.9777777777777777, "support": 88.0}, "Opinion/Argumentation": {"precision": 0.8636363636363636, "recall": 0.7307692307692307, "f1-score": 0.7916666666666666, "support": 26.0}, "Other": {"precision": 0.25, "recall": 1.0, "f1-score": 0.4, "support": 1.0}, "Promotion": {"precision": 1.0, "recall": 0.14285714285714285, "f1-score": 0.25, "support": 7.0}, "Prose/Lyrical": {"precision": 0.7419354838709677, "recall": 0.7666666666666667, "f1-score": 0.7540983606557377, "support": 30.0}}}