{"f1": 0.6451612903225806, "f1_macro": 0.568843792373204, "precision": 0.7291666666666666, "recall": 0.5785123966942148, "accuracy": 0.532608695652174, "threshold": 0.39999999999999997, "label_scores": {"Forum": {"precision": 1.0, "recall": 0.5, "f1-score": 0.6666666666666666, "support": 8.0}, "Information/Explanation": {"precision": 0.7692307692307693, "recall": 0.38461538461538464, "f1-score": 0.5128205128205128, "support": 26.0}, "Instruction": {"precision": 0.6, "recall": 0.3, "f1-score": 0.4, "support": 10.0}, "Legal": {"precision": 0.25, "recall": 0.5, "f1-score": 0.3333333333333333, "support": 2.0}, "News": {"precision": 0.8823529411764706, "recall": 0.9375, "f1-score": 0.9090909090909091, "support": 32.0}, "Opinion/Argumentation": {"precision": 1.0, "recall": 0.29411764705882354, "f1-score": 0.45454545454545453, "support": 17.0}, "Other": {"precision": 0.6666666666666666, "recall": 0.6666666666666666, "f1-score": 0.6666666666666666, "support": 3.0}, "Promotion": {"precision": 0.47619047619047616, "recall": 0.7692307692307693, "f1-score": 0.588235294117647, "support": 13.0}, "Prose/Lyrical": {"precision": 0.7142857142857143, "recall": 0.5, "f1-score": 0.588235294117647, "support": 10.0}}}