{"f1": 0.6912442396313365, "f1_macro": 0.6396890975614379, "precision": 0.78125, "recall": 0.6198347107438017, "accuracy": 0.5652173913043478, "threshold": 0.39999999999999997, "label_scores": {"MT": {"precision": 0.6666666666666666, "recall": 0.6666666666666666, "f1-score": 0.6666666666666666, "support": 3.0}, "LY": {"precision": 0.0, "recall": 0.0, "f1-score": 0.0, "support": 0.0}, "SP": {"precision": 0.0, "recall": 0.0, "f1-score": 0.0, "support": 0.0}, "ID": {"precision": 1.0, "recall": 0.5, "f1-score": 0.6666666666666666, "support": 8.0}, "NA": {"precision": 0.9166666666666666, "recall": 0.8461538461538461, "f1-score": 0.8799999999999999, "support": 39.0}, "HI": {"precision": 0.6, "recall": 0.375, "f1-score": 0.4615384615384615, "support": 8.0}, "IN": {"precision": 0.8235294117647058, "recall": 0.4666666666666667, "f1-score": 0.5957446808510638, "support": 30.0}, "OP": {"precision": 0.9, "recall": 0.5294117647058824, "f1-score": 0.6666666666666667, "support": 17.0}, "IP": {"precision": 0.47619047619047616, "recall": 0.625, "f1-score": 0.5405405405405405, "support": 16.0}}}