{"f1": 0.623229461756374, "f1_macro": 0.5586771475654769, "precision": 0.6077348066298343, "recall": 0.6395348837209303, "accuracy": 0.5205047318611987, "threshold": 0.39999999999999997, "label_scores": {"Forum": {"precision": 0.6363636363636364, "recall": 0.875, "f1-score": 0.7368421052631579, "support": 8.0}, "Information/Explanation": {"precision": 0.42574257425742573, "recall": 0.9148936170212766, "f1-score": 0.581081081081081, "support": 47.0}, "Instruction": {"precision": 0.35, "recall": 0.4375, "f1-score": 0.38888888888888884, "support": 16.0}, "Legal": {"precision": 0.7692307692307693, "recall": 0.5882352941176471, "f1-score": 0.6666666666666667, "support": 17.0}, "News": {"precision": 0.625, "recall": 0.8064516129032258, "f1-score": 0.7042253521126761, "support": 31.0}, "Opinion/Argumentation": {"precision": 0.35294117647058826, "recall": 0.24489795918367346, "f1-score": 0.2891566265060241, "support": 49.0}, "Other": {"precision": 0.2, "recall": 0.16666666666666666, "f1-score": 0.1818181818181818, "support": 6.0}, "Promotion": {"precision": 0.8837209302325582, "recall": 0.672566371681416, "f1-score": 0.7638190954773871, "support": 113.0}, "Prose/Lyrical": {"precision": 0.75, "recall": 0.6842105263157895, "f1-score": 0.7155963302752295, "support": 57.0}}}