{"f1": 0.654643823264202, "f1_macro": 0.5415093074676822, "precision": 0.657608695652174, "recall": 0.651705565529623, "accuracy": 0.4479495268138801, "threshold": 0.39999999999999997, "label_scores": {"MT": {"precision": 0.25, "recall": 0.2, "f1-score": 0.22222222222222224, "support": 5.0}, "LY": {"precision": 0.3333333333333333, "recall": 0.3333333333333333, "f1-score": 0.3333333333333333, "support": 3.0}, "SP": {"precision": 0.0, "recall": 0.0, "f1-score": 0.0, "support": 1.0}, "ID": {"precision": 0.6363636363636364, "recall": 0.875, "f1-score": 0.7368421052631579, "support": 8.0}, "NA": {"precision": 0.8058252427184466, "recall": 0.8556701030927835, "f1-score": 0.83, "support": 97.0}, "HI": {"precision": 0.35, "recall": 0.5833333333333334, "f1-score": 0.4375, "support": 12.0}, "IN": {"precision": 0.5614035087719298, "recall": 0.9411764705882353, "f1-score": 0.7032967032967032, "support": 68.0}, "OP": {"precision": 0.36363636363636365, "recall": 0.21621621621621623, "f1-score": 0.27118644067796616, "support": 37.0}, "IP": {"precision": 0.8953488372093024, "recall": 0.6695652173913044, "f1-score": 0.7661691542288558, "support": 115.0}, "it": {"precision": 0.0, "recall": 0.0, "f1-score": 0.0, "support": 0.0}, "ne": {"precision": 0.5454545454545454, "recall": 0.75, "f1-score": 0.631578947368421, "support": 24.0}, "sr": {"precision": 1.0, "recall": 1.0, "f1-score": 1.0, "support": 7.0}, "nb": {"precision": 0.25, "recall": 0.3, "f1-score": 0.2727272727272727, "support": 10.0}, "re": {"precision": 0.0, "recall": 0.0, "f1-score": 0.0, "support": 0.0}, "en": {"precision": 1.0, "recall": 1.0, "f1-score": 1.0, "support": 1.0}, "ra": {"precision": 0.625, "recall": 0.8333333333333334, "f1-score": 0.7142857142857143, "support": 6.0}, "dtp": {"precision": 0.13636363636363635, "recall": 0.21428571428571427, "f1-score": 0.16666666666666663, "support": 14.0}, "fi": {"precision": 0.0, "recall": 0.0, "f1-score": 0.0, "support": 5.0}, "lt": {"precision": 0.7692307692307693, "recall": 0.5882352941176471, "f1-score": 0.6666666666666667, "support": 17.0}, "rv": {"precision": 0.4166666666666667, "recall": 0.3333333333333333, "f1-score": 0.3703703703703704, "support": 15.0}, "ob": {"precision": 0.5, "recall": 0.2, "f1-score": 0.28571428571428575, "support": 5.0}, "rs": {"precision": 0.0, "recall": 0.0, "f1-score": 0.0, "support": 0.0}, "av": {"precision": 0.3333333333333333, "recall": 0.1111111111111111, "f1-score": 0.16666666666666666, "support": 9.0}, "ds": {"precision": 0.8133333333333334, "recall": 0.6354166666666666, "f1-score": 0.7134502923976608, "support": 96.0}, "ed": {"precision": 0.0, "recall": 0.0, "f1-score": 0.0, "support": 2.0}}}