{"f1": 0.6494845360824743, "f1_macro": 0.7272435897435897, "precision": 0.7241379310344828, "recall": 0.5887850467289719, "accuracy": 0.6, "threshold": 0.5499999999999999, "label_scores": {"MT": {"precision": 0.0, "recall": 0.0, "f1-score": 0.0, "support": 4.0}, "LY": {"precision": 0.0, "recall": 0.0, "f1-score": 0.0, "support": 0.0}, "SP": {"precision": 1.0, "recall": 1.0, "f1-score": 1.0, "support": 1.0}, "ID": {"precision": 0.6666666666666666, "recall": 1.0, "f1-score": 0.8, "support": 4.0}, "NA": {"precision": 0.875, "recall": 0.3888888888888889, "f1-score": 0.5384615384615385, "support": 36.0}, "HI": {"precision": 0.8333333333333334, "recall": 0.5, "f1-score": 0.625, "support": 10.0}, "IN": {"precision": 0.5, "recall": 0.6666666666666666, "f1-score": 0.5714285714285715, "support": 15.0}, "OP": {"precision": 0.0, "recall": 0.0, "f1-score": 0.0, "support": 4.0}, "IP": {"precision": 0.7837837837837838, "recall": 0.8787878787878788, "f1-score": 0.8285714285714285, "support": 33.0}}}