{"f1": 0.6968278731149246, "precision": 0.7074973600844773, "recall": 0.6864754098360656, "accuracy": 0.6222707423580786, "threshold": 0.44999999999999996, "label_scores": {"MT": {"precision": 0.9791666666666666, "recall": 0.42727272727272725, "f1-score": 0.5949367088607596, "support": 110.0}, "LY": {"precision": 0.75, "recall": 0.42857142857142855, "f1-score": 0.5454545454545454, "support": 7.0}, "SP": {"precision": 1.0, "recall": 0.46153846153846156, "f1-score": 0.631578947368421, "support": 13.0}, "ID": {"precision": 0.6666666666666666, "recall": 0.2608695652173913, "f1-score": 0.37500000000000006, "support": 23.0}, "NA": {"precision": 0.7, "recall": 0.9475982532751092, "f1-score": 0.8051948051948051, "support": 229.0}, "HI": {"precision": 0.4909090909090909, "recall": 0.8181818181818182, "f1-score": 0.6136363636363636, "support": 33.0}, "IN": {"precision": 0.6763005780346821, "recall": 0.6324324324324324, "f1-score": 0.6536312849162011, "support": 185.0}, "OP": {"precision": 0.5818181818181818, "recall": 0.34782608695652173, "f1-score": 0.435374149659864, "support": 92.0}, "IP": {"precision": 0.7491289198606271, "recall": 0.7570422535211268, "f1-score": 0.7530647985989491, "support": 284.0}}}