{"f1": 0.7642639593908629, "precision": 0.746233148295004, "recall": 0.7831876820640865, "accuracy": 0.5640612409347301, "threshold": 0.39999999999999997, "label_scores": {"MT": {"precision": 0.9090909090909091, "recall": 0.78125, "f1-score": 0.8403361344537814, "support": 64.0}, "LY": {"precision": 0.9230769230769231, "recall": 0.9230769230769231, "f1-score": 0.9230769230769231, "support": 13.0}, "SP": {"precision": 0.875, "recall": 0.4666666666666667, "f1-score": 0.608695652173913, "support": 15.0}, "ID": {"precision": 0.9304347826086956, "recall": 0.8916666666666667, "f1-score": 0.9106382978723404, "support": 120.0}, "NA": {"precision": 0.7749287749287749, "recall": 0.8369230769230769, "f1-score": 0.8047337278106508, "support": 325.0}, "HI": {"precision": 0.6949152542372882, "recall": 0.5694444444444444, "f1-score": 0.6259541984732824, "support": 72.0}, "IN": {"precision": 0.7346368715083799, "recall": 0.821875, "f1-score": 0.7758112094395281, "support": 320.0}, "OP": {"precision": 0.6729559748427673, "recall": 0.7133333333333334, "f1-score": 0.6925566343042071, "support": 150.0}, "IP": {"precision": 0.8020050125313283, "recall": 0.8226221079691517, "f1-score": 0.8121827411167512, "support": 389.0}, "it": {"precision": 0.8, "recall": 0.5, "f1-score": 0.6153846153846154, "support": 8.0}, "ne": {"precision": 0.7266187050359713, "recall": 0.8145161290322581, "f1-score": 0.7680608365019012, "support": 124.0}, "sr": {"precision": 0.9130434782608695, "recall": 0.9130434782608695, "f1-score": 0.9130434782608695, "support": 23.0}, "nb": {"precision": 0.7313432835820896, "recall": 0.765625, "f1-score": 0.748091603053435, "support": 128.0}, "re": {"precision": 0.9411764705882353, "recall": 0.7619047619047619, "f1-score": 0.8421052631578947, "support": 21.0}, "en": {"precision": 0.8, "recall": 0.8235294117647058, "f1-score": 0.8115942028985507, "support": 34.0}, "ra": {"precision": 1.0, "recall": 0.3, "f1-score": 0.4615384615384615, "support": 10.0}, "dtp": {"precision": 0.5722543352601156, "recall": 0.6644295302013423, "f1-score": 0.6149068322981367, "support": 149.0}, "fi": {"precision": 0.625, "recall": 0.8333333333333334, "f1-score": 0.7142857142857143, "support": 6.0}, "lt": {"precision": 0.7692307692307693, "recall": 0.7894736842105263, "f1-score": 0.7792207792207793, "support": 38.0}, "rv": {"precision": 0.7530864197530864, "recall": 0.8026315789473685, "f1-score": 0.7770700636942676, "support": 76.0}, "ob": {"precision": 0.5161290322580645, "recall": 0.5925925925925926, "f1-score": 0.5517241379310345, "support": 27.0}, "rs": {"precision": 0.75, "recall": 0.8571428571428571, "f1-score": 0.7999999999999999, "support": 7.0}, "av": {"precision": 0.5294117647058824, "recall": 0.32142857142857145, "f1-score": 0.39999999999999997, "support": 28.0}, "ds": {"precision": 0.7054794520547946, "recall": 0.8373983739837398, "f1-score": 0.7657992565055763, "support": 246.0}, "ed": {"precision": 0.0, "recall": 0.0, "f1-score": 0.0, "support": 10.0}}}