{"f1": 0.6077195222514831, "f1_macro": 0.5853258596980275, "precision": 0.591344411658125, "recall": 0.6250273582840884, "accuracy": 0.37924548019646775, "threshold": 0.39999999999999997, "label_scores": {"MT": {"precision": 0.0, "recall": 0.0, "f1-score": 0.0, "support": 0.0}, "LY": {"precision": 0.9886363636363636, "recall": 0.6444444444444445, "f1-score": 0.7802690582959642, "support": 135.0}, "SP": {"precision": 0.6972477064220184, "recall": 0.5205479452054794, "f1-score": 0.5960784313725489, "support": 146.0}, "ID": {"precision": 0.8109375, "recall": 0.7565597667638484, "f1-score": 0.7828054298642535, "support": 686.0}, "NA": {"precision": 0.7425675675675676, "recall": 0.773217636022514, "f1-score": 0.7575827205882353, "support": 4264.0}, "HI": {"precision": 0.6037735849056604, "recall": 0.38929440389294406, "f1-score": 0.4733727810650888, "support": 411.0}, "IN": {"precision": 0.7684148497348262, "recall": 0.50231124807396, "f1-score": 0.6075005823433497, "support": 2596.0}, "OP": {"precision": 0.539853811347024, "recall": 0.728511038046031, "f1-score": 0.6201519392243102, "support": 2129.0}, "IP": {"precision": 0.1772594752186589, "recall": 0.7562189054726368, "f1-score": 0.28719886632026453, "support": 402.0}, "it": {"precision": 0.6944444444444444, "recall": 0.4807692307692308, "f1-score": 0.5681818181818181, "support": 104.0}, "ne": {"precision": 0.86625, "recall": 0.5875370919881305, "f1-score": 0.700176812326345, "support": 2359.0}, "sr": {"precision": 0.9383033419023136, "recall": 0.5748031496062992, "f1-score": 0.712890625, "support": 635.0}, "nb": {"precision": 0.37649277184160906, "recall": 0.8296398891966759, "f1-score": 0.5179420665801988, "support": 722.0}, "re": {"precision": 0.7714285714285715, "recall": 0.7297297297297297, "f1-score": 0.75, "support": 37.0}, "en": {"precision": 0.48314606741573035, "recall": 0.7962962962962963, "f1-score": 0.6013986013986014, "support": 108.0}, "ra": {"precision": 0.0, "recall": 0.0, "f1-score": 0.0, "support": 189.0}, "dtp": {"precision": 0.44333333333333336, "recall": 0.24403669724770644, "f1-score": 0.3147928994082841, "support": 1090.0}, "fi": {"precision": 0.0, "recall": 0.0, "f1-score": 0.0, "support": 69.0}, "lt": {"precision": 0.4264705882352941, "recall": 0.725, "f1-score": 0.537037037037037, "support": 40.0}, "rv": {"precision": 0.5833333333333334, "recall": 0.7153284671532847, "f1-score": 0.6426229508196722, "support": 411.0}, "ob": {"precision": 0.48782608695652174, "recall": 0.5337773549000951, "f1-score": 0.509768287142208, "support": 1051.0}, "rs": {"precision": 0.6473988439306358, "recall": 0.7133757961783439, "f1-score": 0.6787878787878788, "support": 157.0}, "av": {"precision": 0.3233695652173913, "recall": 0.5042372881355932, "f1-score": 0.3940397350993377, "support": 236.0}, "ds": {"precision": 0.3181818181818182, "recall": 0.825, "f1-score": 0.4592445328031809, "support": 280.0}, "ed": {"precision": 0.0, "recall": 0.0, "f1-score": 0.0, "support": 19.0}}}