{"f1": 0.7419354838709676, "f1_macro": 0.648298575038149, "precision": 0.7648878576952823, "recall": 0.7203204661325564, "accuracy": 0.5065738592420727, "threshold": 0.39999999999999997, "label_scores": {"MT": {"precision": 0.9080459770114943, "recall": 0.6810344827586207, "f1-score": 0.7783251231527094, "support": 116.0}, "LY": {"precision": 0.0, "recall": 0.0, "f1-score": 0.0, "support": 15.0}, "SP": {"precision": 0.0, "recall": 0.0, "f1-score": 0.0, "support": 7.0}, "ID": {"precision": 0.0, "recall": 0.0, "f1-score": 0.0, "support": 51.0}, "NA": {"precision": 0.7664399092970522, "recall": 0.8600508905852418, "f1-score": 0.8105515587529977, "support": 393.0}, "HI": {"precision": 0.66, "recall": 0.4230769230769231, "f1-score": 0.515625, "support": 78.0}, "IN": {"precision": 0.7423822714681441, "recall": 0.7928994082840237, "f1-score": 0.7668097281831189, "support": 338.0}, "OP": {"precision": 0.6516129032258065, "recall": 0.6158536585365854, "f1-score": 0.6332288401253918, "support": 164.0}, "IP": {"precision": 0.8064516129032258, "recall": 0.8215962441314554, "f1-score": 0.813953488372093, "support": 426.0}, "it": {"precision": 0.0, "recall": 0.0, "f1-score": 0.0, "support": 6.0}, "ne": {"precision": 0.7352941176470589, "recall": 0.7894736842105263, "f1-score": 0.7614213197969544, "support": 95.0}, "sr": {"precision": 1.0, "recall": 0.14285714285714285, "f1-score": 0.25, "support": 14.0}, "nb": {"precision": 0.7962264150943397, "recall": 0.8577235772357723, "f1-score": 0.8258317025440313, "support": 246.0}, "re": {"precision": 0.0, "recall": 0.0, "f1-score": 0.0, "support": 18.0}, "en": {"precision": 0.8639455782312925, "recall": 0.9548872180451128, "f1-score": 0.9071428571428571, "support": 133.0}, "ra": {"precision": 0.0, "recall": 0.0, "f1-score": 0.0, "support": 1.0}, "dtp": {"precision": 0.4722222222222222, "recall": 0.3655913978494624, "f1-score": 0.41212121212121217, "support": 93.0}, "fi": {"precision": 1.0, "recall": 0.5666666666666667, "f1-score": 0.7234042553191489, "support": 30.0}, "lt": {"precision": 0.7391304347826086, "recall": 0.4473684210526316, "f1-score": 0.5573770491803278, "support": 38.0}, "rv": {"precision": 0.851063829787234, "recall": 0.5882352941176471, "f1-score": 0.6956521739130435, "support": 68.0}, "ob": {"precision": 0.7931034482758621, "recall": 0.42592592592592593, "f1-score": 0.5542168674698795, "support": 54.0}, "rs": {"precision": 0.0, "recall": 0.0, "f1-score": 0.0, "support": 9.0}, "av": {"precision": 0.5714285714285714, "recall": 0.14814814814814814, "f1-score": 0.23529411764705882, "support": 27.0}, "ds": {"precision": 0.7463976945244957, "recall": 0.8170347003154574, "f1-score": 0.7801204819277108, "support": 317.0}, "ed": {"precision": 0.0, "recall": 0.0, "f1-score": 0.0, "support": 9.0}}}