{"f1": 0.7873239436619719, "f1_macro": 0.7483624326790361, "precision": 0.814868804664723, "recall": 0.7615803814713896, "accuracy": 0.669621273166801, "threshold": 0.44999999999999996, "label_scores": {"MT": {"precision": 0.9772727272727273, "recall": 0.671875, "f1-score": 0.7962962962962963, "support": 64.0}, "LY": {"precision": 1.0, "recall": 0.6153846153846154, "f1-score": 0.761904761904762, "support": 13.0}, "SP": {"precision": 0.8571428571428571, "recall": 0.4, "f1-score": 0.5454545454545455, "support": 15.0}, "ID": {"precision": 0.9380530973451328, "recall": 0.8833333333333333, "f1-score": 0.9098712446351931, "support": 120.0}, "NA": {"precision": 0.7915407854984894, "recall": 0.8061538461538461, "f1-score": 0.798780487804878, "support": 325.0}, "HI": {"precision": 0.7924528301886793, "recall": 0.5833333333333334, "f1-score": 0.6720000000000002, "support": 72.0}, "IN": {"precision": 0.7879746835443038, "recall": 0.778125, "f1-score": 0.7830188679245284, "support": 320.0}, "OP": {"precision": 0.717741935483871, "recall": 0.5933333333333334, "f1-score": 0.6496350364963505, "support": 150.0}, "IP": {"precision": 0.8324468085106383, "recall": 0.8046272493573264, "f1-score": 0.8183006535947712, "support": 389.0}}}