{"f1": 0.7087783276895024, "f1_macro": 0.6517047042853112, "precision": 0.660009702457956, "recall": 0.7653290830676918, "accuracy": 0.5557529522416136, "threshold": 0.39999999999999997, "label_scores": {"Forum": {"precision": 0.8051209103840683, "recall": 0.8250728862973761, "f1-score": 0.8149748020158388, "support": 686.0}, "Information/Explanation": {"precision": 0.6229338842975206, "recall": 0.7259229534510433, "f1-score": 0.6704966641957005, "support": 2492.0}, "Instruction": {"precision": 0.5969498910675382, "recall": 0.5867237687366167, "f1-score": 0.5917926565874729, "support": 467.0}, "Legal": {"precision": 0.6285714285714286, "recall": 0.55, "f1-score": 0.5866666666666667, "support": 40.0}, "News": {"precision": 0.7785966981132075, "recall": 0.8931349340547853, "f1-score": 0.8319420381162387, "support": 2957.0}, "Opinion/Argumentation": {"precision": 0.6824120603015076, "recall": 0.7783721818876577, "f1-score": 0.7272402713316674, "support": 2617.0}, "Other": {"precision": 0.6433566433566433, "recall": 0.6301369863013698, "f1-score": 0.6366782006920415, "support": 146.0}, "Promotion": {"precision": 0.5497382198952879, "recall": 0.5483028720626631, "f1-score": 0.5490196078431372, "support": 383.0}, "Prose/Lyrical": {"precision": 0.3750915750915751, "recall": 0.5831435079726651, "f1-score": 0.456531431119037, "support": 878.0}}}