{"f1": 0.7152586430985183, "precision": 0.6812914727146677, "recall": 0.752790544977019, "accuracy": 0.46493886508517085, "threshold": 0.39999999999999997, "label_scores": {"MT": {"precision": 0.0, "recall": 0.0, "f1-score": 0.0, "support": 0.0}, "LY": {"precision": 0.9433962264150944, "recall": 0.7407407407407407, "f1-score": 0.8298755186721992, "support": 135.0}, "SP": {"precision": 0.6865671641791045, "recall": 0.6301369863013698, "f1-score": 0.657142857142857, "support": 146.0}, "ID": {"precision": 0.8051209103840683, "recall": 0.8250728862973761, "f1-score": 0.8149748020158388, "support": 686.0}, "NA": {"precision": 0.7567990608491489, "recall": 0.9071294559099438, "f1-score": 0.8251733333333334, "support": 4264.0}, "HI": {"precision": 0.5838779956427015, "recall": 0.6520681265206812, "f1-score": 0.6160919540229886, "support": 411.0}, "IN": {"precision": 0.6519224225927186, "recall": 0.7380585516178737, "f1-score": 0.6923215898825655, "support": 2596.0}, "OP": {"precision": 0.6000742666171556, "recall": 0.7590418036636919, "f1-score": 0.6702613023641641, "support": 2129.0}, "IP": {"precision": 0.5497382198952879, "recall": 0.5223880597014925, "f1-score": 0.5357142857142857, "support": 402.0}, "it": {"precision": 0.735632183908046, "recall": 0.6153846153846154, "f1-score": 0.6701570680628273, "support": 104.0}, "ne": {"precision": 0.7408772576483598, "recall": 0.8520559559135227, "f1-score": 0.7925867507886436, "support": 2359.0}, "sr": {"precision": 0.8498583569405099, "recall": 0.9448818897637795, "f1-score": 0.894854586129754, "support": 635.0}, "nb": {"precision": 0.6906584992343032, "recall": 0.6246537396121884, "f1-score": 0.656, "support": 722.0}, "re": {"precision": 0.9259259259259259, "recall": 0.6756756756756757, "f1-score": 0.7812500000000001, "support": 37.0}, "en": {"precision": 0.7894736842105263, "recall": 0.6944444444444444, "f1-score": 0.7389162561576356, "support": 108.0}, "ra": {"precision": 0.891566265060241, "recall": 0.3915343915343915, "f1-score": 0.5441176470588235, "support": 189.0}, "dtp": {"precision": 0.5035523978685613, "recall": 0.5201834862385321, "f1-score": 0.5117328519855596, "support": 1090.0}, "fi": {"precision": 0.0, "recall": 0.0, "f1-score": 0.0, "support": 69.0}, "lt": {"precision": 0.6285714285714286, "recall": 0.55, "f1-score": 0.5866666666666667, "support": 40.0}, "rv": {"precision": 0.7478005865102639, "recall": 0.6204379562043796, "f1-score": 0.6781914893617021, "support": 411.0}, "ob": {"precision": 0.5380281690140845, "recall": 0.5451950523311132, "f1-score": 0.5415879017013233, "support": 1051.0}, "rs": {"precision": 0.6231155778894473, "recall": 0.7898089171974523, "f1-score": 0.6966292134831461, "support": 157.0}, "av": {"precision": 0.42379182156133827, "recall": 0.4830508474576271, "f1-score": 0.45148514851485144, "support": 236.0}, "ds": {"precision": 0.6486486486486487, "recall": 0.6, "f1-score": 0.6233766233766234, "support": 280.0}, "ed": {"precision": 0.0, "recall": 0.0, "f1-score": 0.0, "support": 19.0}}}