{"f1": 0.7447771428571429, "f1_macro": 0.7003984656446487, "precision": 0.7334773996038177, "recall": 0.7564304949391772, "accuracy": 0.6096770822447487, "threshold": 0.44999999999999996, "label_scores": {"MT": {"precision": 0.0, "recall": 0.0, "f1-score": 0.0, "support": 0.0}, "LY": {"precision": 0.9690721649484536, "recall": 0.6962962962962963, "f1-score": 0.8103448275862069, "support": 135.0}, "SP": {"precision": 0.717948717948718, "recall": 0.5753424657534246, "f1-score": 0.6387832699619771, "support": 146.0}, "ID": {"precision": 0.838855421686747, "recall": 0.8119533527696793, "f1-score": 0.8251851851851852, "support": 686.0}, "NA": {"precision": 0.7895183534903458, "recall": 0.8726547842401501, "f1-score": 0.829007463517879, "support": 4264.0}, "HI": {"precision": 0.6405797101449275, "recall": 0.537712895377129, "f1-score": 0.5846560846560847, "support": 411.0}, "IN": {"precision": 0.7046263345195729, "recall": 0.6864406779661016, "f1-score": 0.6954146341463414, "support": 2596.0}, "OP": {"precision": 0.6462140992167101, "recall": 0.6975105683419446, "f1-score": 0.6708832166252541, "support": 2129.0}, "IP": {"precision": 0.6047904191616766, "recall": 0.5024875621890548, "f1-score": 0.5489130434782609, "support": 402.0}}}