{"f1": 0.593010146561443, "f1_macro": 0.4909220135239136, "precision": 0.673064619321817, "recall": 0.5299748110831234, "accuracy": 0.35413153456998314, "threshold": 0.3, "label_scores": {"Forum": {"precision": 0.375, "recall": 0.20454545454545456, "f1-score": 0.2647058823529412, "support": 44.0}, "Information/Explanation": {"precision": 0.7783018867924528, "recall": 0.3101503759398496, "f1-score": 0.44354838709677424, "support": 532.0}, "Instruction": {"precision": 0.5531914893617021, "recall": 0.609375, "f1-score": 0.5799256505576208, "support": 128.0}, "Legal": {"precision": 0.29411764705882354, "recall": 0.38461538461538464, "f1-score": 0.33333333333333337, "support": 13.0}, "News": {"precision": 0.8666666666666667, "recall": 0.9502923976608187, "f1-score": 0.9065550906555092, "support": 342.0}, "Opinion/Argumentation": {"precision": 0.64, "recall": 0.49299719887955185, "f1-score": 0.5569620253164557, "support": 357.0}, "Other": {"precision": 0.21739130434782608, "recall": 0.18796992481203006, "f1-score": 0.2016129032258064, "support": 133.0}, "Promotion": {"precision": 0.6944444444444444, "recall": 0.7401315789473685, "f1-score": 0.7165605095541403, "support": 304.0}, "Prose/Lyrical": {"precision": 0.55, "recall": 0.3333333333333333, "f1-score": 0.4150943396226416, "support": 132.0}}}