{"f1": 0.6956521739130436, "precision": 0.6923076923076923, "recall": 0.6990291262135923, "accuracy": 0.64, "threshold": 0.49999999999999994, "label_scores": {"MT": {"precision": 0.2, "recall": 1.0, "f1-score": 0.33333333333333337, "support": 1.0}, "LY": {"precision": 0.0, "recall": 0.0, "f1-score": 0.0, "support": 0.0}, "SP": {"precision": 0.0, "recall": 0.0, "f1-score": 0.0, "support": 0.0}, "ID": {"precision": 0.5, "recall": 0.5, "f1-score": 0.5, "support": 4.0}, "NA": {"precision": 0.8529411764705882, "recall": 0.90625, "f1-score": 0.8787878787878787, "support": 32.0}, "HI": {"precision": 1.0, "recall": 0.2857142857142857, "f1-score": 0.4444444444444445, "support": 7.0}, "IN": {"precision": 0.5789473684210527, "recall": 0.44, "f1-score": 0.5, "support": 25.0}, "OP": {"precision": 0.25, "recall": 0.2, "f1-score": 0.22222222222222224, "support": 5.0}, "IP": {"precision": 0.7222222222222222, "recall": 0.896551724137931, "f1-score": 0.7999999999999999, "support": 29.0}}}