{"f1": 0.8125790710283751, "precision": 0.8066020810907786, "recall": 0.8186453022578296, "accuracy": 0.6233565351894819, "threshold": 0.39999999999999997, "label_scores": {"MT": {"precision": 0.8899082568807339, "recall": 0.8362068965517241, "f1-score": 0.8622222222222222, "support": 116.0}, "LY": {"precision": 1.0, "recall": 0.6666666666666666, "f1-score": 0.8, "support": 15.0}, "SP": {"precision": 0.6666666666666666, "recall": 0.5714285714285714, "f1-score": 0.6153846153846153, "support": 7.0}, "ID": {"precision": 0.8125, "recall": 0.7647058823529411, "f1-score": 0.787878787878788, "support": 51.0}, "NA": {"precision": 0.8673469387755102, "recall": 0.8651399491094147, "f1-score": 0.8662420382165604, "support": 393.0}, "HI": {"precision": 0.6811594202898551, "recall": 0.6025641025641025, "f1-score": 0.6394557823129252, "support": 78.0}, "IN": {"precision": 0.7712765957446809, "recall": 0.8579881656804734, "f1-score": 0.8123249299719889, "support": 338.0}, "OP": {"precision": 0.717391304347826, "recall": 0.8048780487804879, "f1-score": 0.7586206896551724, "support": 164.0}, "IP": {"precision": 0.861244019138756, "recall": 0.8450704225352113, "f1-score": 0.8530805687203791, "support": 426.0}, "it": {"precision": 0.8, "recall": 0.6666666666666666, "f1-score": 0.7272727272727272, "support": 6.0}, "ne": {"precision": 0.8111111111111111, "recall": 0.7684210526315789, "f1-score": 0.7891891891891891, "support": 95.0}, "sr": {"precision": 0.625, "recall": 0.7142857142857143, "f1-score": 0.6666666666666666, "support": 14.0}, "nb": {"precision": 0.848, "recall": 0.8617886178861789, "f1-score": 0.8548387096774194, "support": 246.0}, "re": {"precision": 0.8095238095238095, "recall": 0.9444444444444444, "f1-score": 0.8717948717948718, "support": 18.0}, "en": {"precision": 0.9398496240601504, "recall": 0.9398496240601504, "f1-score": 0.9398496240601504, "support": 133.0}, "ra": {"precision": 0.0, "recall": 0.0, "f1-score": 0.0, "support": 1.0}, "dtp": {"precision": 0.5, "recall": 0.5483870967741935, "f1-score": 0.5230769230769231, "support": 93.0}, "fi": {"precision": 1.0, "recall": 0.6, "f1-score": 0.7499999999999999, "support": 30.0}, "lt": {"precision": 0.7333333333333333, "recall": 0.868421052631579, "f1-score": 0.7951807228915663, "support": 38.0}, "rv": {"precision": 0.7761194029850746, "recall": 0.7647058823529411, "f1-score": 0.7703703703703704, "support": 68.0}, "ob": {"precision": 0.6896551724137931, "recall": 0.7407407407407407, "f1-score": 0.7142857142857143, "support": 54.0}, "rs": {"precision": 0.6666666666666666, "recall": 0.6666666666666666, "f1-score": 0.6666666666666666, "support": 9.0}, "av": {"precision": 0.75, "recall": 0.5555555555555556, "f1-score": 0.6382978723404256, "support": 27.0}, "ds": {"precision": 0.8005865102639296, "recall": 0.861198738170347, "f1-score": 0.8297872340425532, "support": 317.0}, "ed": {"precision": 0.0, "recall": 0.0, "f1-score": 0.0, "support": 9.0}}}