{"f1": 0.7106325706594885, "precision": 0.6649874055415617, "recall": 0.7630057803468208, "accuracy": 0.5425867507886435, "threshold": 0.35, "label_scores": {"MT": {"precision": 0.3333333333333333, "recall": 0.2, "f1-score": 0.25, "support": 5.0}, "LY": {"precision": 0.0, "recall": 0.0, "f1-score": 0.0, "support": 3.0}, "SP": {"precision": 0.3333333333333333, "recall": 1.0, "f1-score": 0.5, "support": 1.0}, "ID": {"precision": 0.35, "recall": 0.875, "f1-score": 0.4999999999999999, "support": 8.0}, "NA": {"precision": 0.8080808080808081, "recall": 0.8247422680412371, "f1-score": 0.8163265306122448, "support": 97.0}, "HI": {"precision": 0.3333333333333333, "recall": 0.6666666666666666, "f1-score": 0.4444444444444444, "support": 12.0}, "IN": {"precision": 0.5876288659793815, "recall": 0.8382352941176471, "f1-score": 0.6909090909090909, "support": 68.0}, "OP": {"precision": 0.41025641025641024, "recall": 0.43243243243243246, "f1-score": 0.42105263157894735, "support": 37.0}, "IP": {"precision": 0.8468468468468469, "recall": 0.8173913043478261, "f1-score": 0.8318584070796462, "support": 115.0}}}