{"f1": 0.7843137254901961, "f1_macro": 0.5567347379747059, "precision": 0.7865168539325843, "recall": 0.7821229050279329, "accuracy": 0.7375, "threshold": 0.39999999999999997, "label_scores": {"Forum": {"precision": 0.2, "recall": 1.0, "f1-score": 0.33333333333333337, "support": 1.0}, "Information/Explanation": {"precision": 0.7857142857142857, "recall": 0.6111111111111112, "f1-score": 0.6875000000000001, "support": 18.0}, "Instruction": {"precision": 0.0, "recall": 0.0, "f1-score": 0.0, "support": 7.0}, "Legal": {"precision": 0.0, "recall": 0.0, "f1-score": 0.0, "support": 1.0}, "News": {"precision": 0.9777777777777777, "recall": 1.0, "f1-score": 0.9887640449438202, "support": 88.0}, "Opinion/Argumentation": {"precision": 0.6923076923076923, "recall": 0.6923076923076923, "f1-score": 0.6923076923076923, "support": 26.0}, "Other": {"precision": 0.14285714285714285, "recall": 1.0, "f1-score": 0.25, "support": 1.0}, "Promotion": {"precision": 0.25, "recall": 0.2857142857142857, "f1-score": 0.26666666666666666, "support": 7.0}, "Prose/Lyrical": {"precision": 0.7307692307692307, "recall": 0.6333333333333333, "f1-score": 0.6785714285714285, "support": 30.0}}}