{"f1": 0.6161137440758294, "f1_macro": 0.6227891156462585, "precision": 0.6565656565656566, "recall": 0.5803571428571429, "accuracy": 0.5779816513761468, "threshold": 0.5499999999999999, "label_scores": {"MT": {"precision": 0.0, "recall": 0.0, "f1-score": 0.0, "support": 3.0}, "LY": {"precision": 0.0, "recall": 0.0, "f1-score": 0.0, "support": 2.0}, "SP": {"precision": 1.0, "recall": 0.5, "f1-score": 0.6666666666666666, "support": 2.0}, "ID": {"precision": 1.0, "recall": 0.5, "f1-score": 0.6666666666666666, "support": 2.0}, "NA": {"precision": 0.75, "recall": 0.7941176470588235, "f1-score": 0.7714285714285715, "support": 34.0}, "HI": {"precision": 1.0, "recall": 0.5, "f1-score": 0.6666666666666666, "support": 2.0}, "IN": {"precision": 0.9, "recall": 0.4186046511627907, "f1-score": 0.5714285714285715, "support": 43.0}, "OP": {"precision": 0.4166666666666667, "recall": 0.4166666666666667, "f1-score": 0.4166666666666667, "support": 12.0}, "IP": {"precision": 0.42857142857142855, "recall": 1.0, "f1-score": 0.6, "support": 12.0}}}