{"f1": 0.8174386920980925, "precision": 0.7936507936507936, "recall": 0.8426966292134831, "accuracy": 0.74375, "threshold": 0.35, "label_scores": {"MT": {"precision": 0.16666666666666666, "recall": 1.0, "f1-score": 0.2857142857142857, "support": 1.0}, "LY": {"precision": 1.0, "recall": 0.6666666666666666, "f1-score": 0.8, "support": 3.0}, "SP": {"precision": 0.0, "recall": 0.0, "f1-score": 0.0, "support": 0.0}, "ID": {"precision": 0.16666666666666666, "recall": 1.0, "f1-score": 0.2857142857142857, "support": 1.0}, "NA": {"precision": 0.9320388349514563, "recall": 0.96, "f1-score": 0.9458128078817734, "support": 100.0}, "HI": {"precision": 0.0, "recall": 0.0, "f1-score": 0.0, "support": 2.0}, "IN": {"precision": 0.8235294117647058, "recall": 0.5833333333333334, "f1-score": 0.6829268292682927, "support": 24.0}, "OP": {"precision": 0.775, "recall": 0.8857142857142857, "f1-score": 0.8266666666666667, "support": 35.0}, "IP": {"precision": 0.45454545454545453, "recall": 0.4166666666666667, "f1-score": 0.43478260869565216, "support": 12.0}}}