{"f1": 0.6728971962616823, "f1_macro": 0.6730865704442677, "precision": 0.6467065868263473, "recall": 0.7012987012987013, "accuracy": 0.5413533834586466, "threshold": 0.39999999999999997, "label_scores": {"Forum": {"precision": 1.0, "recall": 0.5, "f1-score": 0.6666666666666666, "support": 4.0}, "Information/Explanation": {"precision": 0.5789473684210527, "recall": 0.55, "f1-score": 0.5641025641025641, "support": 40.0}, "Instruction": {"precision": 0.75, "recall": 0.75, "f1-score": 0.75, "support": 16.0}, "Legal": {"precision": 0.25, "recall": 1.0, "f1-score": 0.4, "support": 1.0}, "News": {"precision": 0.9230769230769231, "recall": 0.75, "f1-score": 0.8275862068965517, "support": 16.0}, "Opinion/Argumentation": {"precision": 0.6, "recall": 0.5714285714285714, "f1-score": 0.5853658536585366, "support": 21.0}, "Other": {"precision": 0.8235294117647058, "recall": 0.8235294117647058, "f1-score": 0.8235294117647058, "support": 17.0}, "Promotion": {"precision": 0.6346153846153846, "recall": 0.9705882352941176, "f1-score": 0.7674418604651162, "support": 34.0}, "Prose/Lyrical": {"precision": 0.0, "recall": 0.0, "f1-score": 0.0, "support": 5.0}}}