{"f1": 0.8160346695557963, "f1_macro": 0.7467455132594084, "precision": 0.8130397236614854, "recall": 0.8190517616354936, "accuracy": 0.7545327754532776, "threshold": 0.44999999999999996, "label_scores": {"MT": {"precision": 0.9781818181818182, "recall": 0.9746376811594203, "f1-score": 0.9764065335753176, "support": 276.0}, "LY": {"precision": 0.0, "recall": 0.0, "f1-score": 0.0, "support": 5.0}, "SP": {"precision": 1.0, "recall": 0.2777777777777778, "f1-score": 0.4347826086956522, "support": 18.0}, "ID": {"precision": 0.8378378378378378, "recall": 0.8051948051948052, "f1-score": 0.8211920529801325, "support": 231.0}, "NA": {"precision": 0.8187203791469194, "recall": 0.916445623342175, "f1-score": 0.8648310387984981, "support": 754.0}, "HI": {"precision": 0.759493670886076, "recall": 0.5128205128205128, "f1-score": 0.6122448979591837, "support": 117.0}, "IN": {"precision": 0.7379518072289156, "recall": 0.6767955801104972, "f1-score": 0.7060518731988473, "support": 362.0}, "OP": {"precision": 0.7909407665505227, "recall": 0.7992957746478874, "f1-score": 0.7950963222416813, "support": 284.0}, "IP": {"precision": 0.7352941176470589, "recall": 0.7936507936507936, "f1-score": 0.7633587786259542, "support": 252.0}}}