{"f1": 0.7660470010522623, "precision": 0.789587852494577, "recall": 0.7438692098092643, "accuracy": 0.6462530217566479, "pr_auc": 0.8557489270485437, "threshold": 0.44999999999999996, "label_scores": {"MT": {"precision": 0.9534883720930233, "recall": 0.640625, "f1-score": 0.766355140186916, "support": 64.0}, "LY": {"precision": 0.9166666666666666, "recall": 0.8461538461538461, "f1-score": 0.8799999999999999, "support": 13.0}, "SP": {"precision": 1.0, "recall": 0.26666666666666666, "f1-score": 0.4210526315789474, "support": 15.0}, "ID": {"precision": 0.9230769230769231, "recall": 0.8, "f1-score": 0.8571428571428571, "support": 120.0}, "NA": {"precision": 0.7184986595174263, "recall": 0.8246153846153846, "f1-score": 0.7679083094555875, "support": 325.0}, "HI": {"precision": 0.6025641025641025, "recall": 0.6527777777777778, "f1-score": 0.6266666666666667, "support": 72.0}, "IN": {"precision": 0.8351254480286738, "recall": 0.728125, "f1-score": 0.7779632721202003, "support": 320.0}, "OP": {"precision": 0.6845637583892618, "recall": 0.68, "f1-score": 0.6822742474916388, "support": 150.0}, "IP": {"precision": 0.8504398826979472, "recall": 0.7455012853470437, "f1-score": 0.7945205479452054, "support": 389.0}}}