{"f1": 0.6092780137210062, "precision": 0.6663093962129332, "recall": 0.5612398435148962, "accuracy": 0.28836424957841483, "pr_auc": 0.6444925972680062, "threshold": 0.3, "label_scores": {"MT": {"precision": 0.1981981981981982, "recall": 0.7586206896551724, "f1-score": 0.3142857142857143, "support": 29.0}, "LY": {"precision": 1.0, "recall": 0.5, "f1-score": 0.6666666666666666, "support": 12.0}, "SP": {"precision": 1.0, "recall": 0.009615384615384616, "f1-score": 0.01904761904761905, "support": 104.0}, "ID": {"precision": 0.47619047619047616, "recall": 0.22727272727272727, "f1-score": 0.30769230769230765, "support": 44.0}, "NA": {"precision": 0.8616600790513834, "recall": 0.7530224525043178, "f1-score": 0.8036866359447005, "support": 579.0}, "HI": {"precision": 0.5064102564102564, "recall": 0.6220472440944882, "f1-score": 0.558303886925795, "support": 127.0}, "IN": {"precision": 0.7535714285714286, "recall": 0.3892988929889299, "f1-score": 0.51338199513382, "support": 542.0}, "OP": {"precision": 0.572463768115942, "recall": 0.5392491467576792, "f1-score": 0.5553602811950792, "support": 293.0}, "IP": {"precision": 0.7284768211920529, "recall": 0.7006369426751592, "f1-score": 0.7142857142857141, "support": 314.0}, "it": {"precision": 0.0, "recall": 0.0, "f1-score": 0.0, "support": 13.0}, "ne": {"precision": 0.804093567251462, "recall": 0.9290540540540541, "f1-score": 0.8620689655172413, "support": 296.0}, "sr": {"precision": 0.8113207547169812, "recall": 0.9347826086956522, "f1-score": 0.8686868686868686, "support": 46.0}, "nb": {"precision": 0.5517241379310345, "recall": 0.31788079470198677, "f1-score": 0.4033613445378151, "support": 151.0}, "re": {"precision": 0.7333333333333333, "recall": 0.6875, "f1-score": 0.7096774193548386, "support": 16.0}, "en": {"precision": 0.6153846153846154, "recall": 0.42105263157894735, "f1-score": 0.5, "support": 19.0}, "ra": {"precision": 0.8571428571428571, "recall": 0.42857142857142855, "f1-score": 0.5714285714285714, "support": 14.0}, "dtp": {"precision": 0.3333333333333333, "recall": 0.21875, "f1-score": 0.2641509433962264, "support": 192.0}, "fi": {"precision": 1.0, "recall": 0.5, "f1-score": 0.6666666666666666, "support": 2.0}, "lt": {"precision": 0.2857142857142857, "recall": 0.3076923076923077, "f1-score": 0.29629629629629634, "support": 13.0}, "rv": {"precision": 0.5666666666666667, "recall": 0.5230769230769231, "f1-score": 0.5439999999999999, "support": 65.0}, "ob": {"precision": 0.4838709677419355, "recall": 0.13513513513513514, "f1-score": 0.21126760563380287, "support": 111.0}, "rs": {"precision": 0.6944444444444444, "recall": 0.7142857142857143, "f1-score": 0.7042253521126761, "support": 35.0}, "av": {"precision": 0.37, "recall": 0.578125, "f1-score": 0.45121951219512196, "support": 64.0}, "ds": {"precision": 0.6975806451612904, "recall": 0.7521739130434782, "f1-score": 0.7238493723849372, "support": 230.0}, "ed": {"precision": 0.0, "recall": 0.0, "f1-score": 0.0, "support": 12.0}}}