{"f1": 0.7613736425007338, "precision": 0.7589233469865418, "recall": 0.7638398115429917, "accuracy": 0.6069868995633187, "pr_auc": 0.8193828865116097, "threshold": 0.39999999999999997, "label_scores": {"MT": {"precision": 0.7916666666666666, "recall": 0.6909090909090909, "f1-score": 0.737864077669903, "support": 110.0}, "LY": {"precision": 0.6666666666666666, "recall": 0.2857142857142857, "f1-score": 0.4, "support": 7.0}, "SP": {"precision": 0.7, "recall": 0.5384615384615384, "f1-score": 0.608695652173913, "support": 13.0}, "ID": {"precision": 0.625, "recall": 0.43478260869565216, "f1-score": 0.5128205128205128, "support": 23.0}, "NA": {"precision": 0.8412698412698413, "recall": 0.925764192139738, "f1-score": 0.8814968814968815, "support": 229.0}, "HI": {"precision": 0.7428571428571429, "recall": 0.7878787878787878, "f1-score": 0.7647058823529412, "support": 33.0}, "IN": {"precision": 0.7443181818181818, "recall": 0.7081081081081081, "f1-score": 0.7257617728531855, "support": 185.0}, "OP": {"precision": 0.574468085106383, "recall": 0.5869565217391305, "f1-score": 0.5806451612903226, "support": 92.0}, "IP": {"precision": 0.765079365079365, "recall": 0.8485915492957746, "f1-score": 0.8046744574290485, "support": 284.0}, "it": {"precision": 0.5714285714285714, "recall": 0.5714285714285714, "f1-score": 0.5714285714285714, "support": 7.0}, "ne": {"precision": 0.8372093023255814, "recall": 0.9424083769633508, "f1-score": 0.8866995073891626, "support": 191.0}, "sr": {"precision": 0.631578947368421, "recall": 0.8571428571428571, "f1-score": 0.7272727272727273, "support": 14.0}, "nb": {"precision": 0.5833333333333334, "recall": 0.6086956521739131, "f1-score": 0.5957446808510638, "support": 23.0}, "re": {"precision": 0.9545454545454546, "recall": 1.0, "f1-score": 0.9767441860465117, "support": 21.0}, "en": {"precision": 0.25, "recall": 0.5, "f1-score": 0.3333333333333333, "support": 4.0}, "ra": {"precision": 0.0, "recall": 0.0, "f1-score": 0.0, "support": 0.0}, "dtp": {"precision": 0.5609756097560976, "recall": 0.5, "f1-score": 0.5287356321839081, "support": 46.0}, "fi": {"precision": 0.0, "recall": 0.0, "f1-score": 0.0, "support": 3.0}, "lt": {"precision": 0.7346938775510204, "recall": 0.6792452830188679, "f1-score": 0.7058823529411764, "support": 53.0}, "rv": {"precision": 0.4090909090909091, "recall": 0.2903225806451613, "f1-score": 0.339622641509434, "support": 31.0}, "ob": {"precision": 0.46153846153846156, "recall": 0.2727272727272727, "f1-score": 0.3428571428571428, "support": 22.0}, "rs": {"precision": 0.75, "recall": 0.9, "f1-score": 0.8181818181818182, "support": 10.0}, "av": {"precision": 0.75, "recall": 0.3, "f1-score": 0.4285714285714285, "support": 20.0}, "ds": {"precision": 0.7937743190661478, "recall": 0.8360655737704918, "f1-score": 0.8143712574850299, "support": 244.0}, "ed": {"precision": 0.8, "recall": 0.36363636363636365, "f1-score": 0.5000000000000001, "support": 33.0}}}