{"f1": 0.7586206896551725, "precision": 0.7921195652173914, "recall": 0.7278401997503121, "accuracy": 0.5640612409347301, "pr_auc": 0.8288305326347095, "threshold": 0.44999999999999996, "label_scores": {"MT": {"precision": 0.9574468085106383, "recall": 0.703125, "f1-score": 0.8108108108108107, "support": 64.0}, "LY": {"precision": 0.8888888888888888, "recall": 0.6153846153846154, "f1-score": 0.7272727272727274, "support": 13.0}, "SP": {"precision": 0.75, "recall": 0.4, "f1-score": 0.5217391304347827, "support": 15.0}, "ID": {"precision": 0.9137931034482759, "recall": 0.8833333333333333, "f1-score": 0.8983050847457628, "support": 120.0}, "NA": {"precision": 0.7591036414565826, "recall": 0.8338461538461538, "f1-score": 0.7947214076246333, "support": 325.0}, "HI": {"precision": 0.8235294117647058, "recall": 0.5833333333333334, "f1-score": 0.6829268292682927, "support": 72.0}, "IN": {"precision": 0.7980132450331126, "recall": 0.753125, "f1-score": 0.7749196141479099, "support": 320.0}, "OP": {"precision": 0.7372881355932204, "recall": 0.58, "f1-score": 0.6492537313432836, "support": 150.0}, "IP": {"precision": 0.8426966292134831, "recall": 0.7712082262210797, "f1-score": 0.8053691275167785, "support": 389.0}, "it": {"precision": 0.7142857142857143, "recall": 0.625, "f1-score": 0.6666666666666666, "support": 8.0}, "ne": {"precision": 0.7285714285714285, "recall": 0.8225806451612904, "f1-score": 0.7727272727272727, "support": 124.0}, "sr": {"precision": 0.875, "recall": 0.9130434782608695, "f1-score": 0.8936170212765957, "support": 23.0}, "nb": {"precision": 0.75, "recall": 0.7265625, "f1-score": 0.7380952380952381, "support": 128.0}, "re": {"precision": 1.0, "recall": 0.7142857142857143, "f1-score": 0.8333333333333333, "support": 21.0}, "en": {"precision": 0.8611111111111112, "recall": 0.9117647058823529, "f1-score": 0.8857142857142858, "support": 34.0}, "ra": {"precision": 0.0, "recall": 0.0, "f1-score": 0.0, "support": 10.0}, "dtp": {"precision": 0.680327868852459, "recall": 0.5570469798657718, "f1-score": 0.6125461254612546, "support": 149.0}, "fi": {"precision": 1.0, "recall": 0.6666666666666666, "f1-score": 0.8, "support": 6.0}, "lt": {"precision": 0.8333333333333334, "recall": 0.6578947368421053, "f1-score": 0.7352941176470588, "support": 38.0}, "rv": {"precision": 0.85, "recall": 0.6710526315789473, "f1-score": 0.7499999999999999, "support": 76.0}, "ob": {"precision": 0.7333333333333333, "recall": 0.4074074074074074, "f1-score": 0.5238095238095238, "support": 27.0}, "rs": {"precision": 0.7777777777777778, "recall": 1.0, "f1-score": 0.8750000000000001, "support": 7.0}, "av": {"precision": 0.42857142857142855, "recall": 0.10714285714285714, "f1-score": 0.17142857142857143, "support": 28.0}, "ds": {"precision": 0.7649402390438247, "recall": 0.7804878048780488, "f1-score": 0.772635814889336, "support": 246.0}, "ed": {"precision": 0.0, "recall": 0.0, "f1-score": 0.0, "support": 10.0}}}