{"f1": 0.7975270479134468, "precision": 0.8295819935691319, "recall": 0.7678571428571429, "accuracy": 0.675, "pr_auc": 0.8808531305092159, "threshold": 0.39999999999999997, "label_scores": {"MT": {"precision": 0.16666666666666666, "recall": 1.0, "f1-score": 0.2857142857142857, "support": 1.0}, "LY": {"precision": 1.0, "recall": 0.6666666666666666, "f1-score": 0.8, "support": 3.0}, "SP": {"precision": 0.0, "recall": 0.0, "f1-score": 0.0, "support": 0.0}, "ID": {"precision": 0.16666666666666666, "recall": 1.0, "f1-score": 0.2857142857142857, "support": 1.0}, "NA": {"precision": 0.9306930693069307, "recall": 0.94, "f1-score": 0.9353233830845772, "support": 100.0}, "HI": {"precision": 0.0, "recall": 0.0, "f1-score": 0.0, "support": 2.0}, "IN": {"precision": 0.7333333333333333, "recall": 0.4583333333333333, "f1-score": 0.5641025641025641, "support": 24.0}, "OP": {"precision": 0.7894736842105263, "recall": 0.8571428571428571, "f1-score": 0.8219178082191781, "support": 35.0}, "IP": {"precision": 0.16666666666666666, "recall": 0.08333333333333333, "f1-score": 0.1111111111111111, "support": 12.0}, "it": {"precision": 0.0, "recall": 0.0, "f1-score": 0.0, "support": 0.0}, "ne": {"precision": 0.9647058823529412, "recall": 0.9879518072289156, "f1-score": 0.9761904761904762, "support": 83.0}, "sr": {"precision": 0.625, "recall": 1.0, "f1-score": 0.7692307692307693, "support": 5.0}, "nb": {"precision": 0.5, "recall": 0.25, "f1-score": 0.3333333333333333, "support": 4.0}, "re": {"precision": 0.0, "recall": 0.0, "f1-score": 0.0, "support": 0.0}, "en": {"precision": 0.75, "recall": 1.0, "f1-score": 0.8571428571428571, "support": 6.0}, "ra": {"precision": 0.0, "recall": 0.0, "f1-score": 0.0, "support": 0.0}, "dtp": {"precision": 0.0, "recall": 0.0, "f1-score": 0.0, "support": 8.0}, "fi": {"precision": 0.0, "recall": 0.0, "f1-score": 0.0, "support": 5.0}, "lt": {"precision": 0.0, "recall": 0.0, "f1-score": 0.0, "support": 1.0}, "rv": {"precision": 1.0, "recall": 0.5, "f1-score": 0.6666666666666666, "support": 2.0}, "ob": {"precision": 0.5, "recall": 1.0, "f1-score": 0.6666666666666666, "support": 5.0}, "rs": {"precision": 0.8235294117647058, "recall": 0.7, "f1-score": 0.7567567567567567, "support": 20.0}, "av": {"precision": 1.0, "recall": 0.375, "f1-score": 0.5454545454545454, "support": 8.0}, "ds": {"precision": 1.0, "recall": 0.16666666666666666, "f1-score": 0.2857142857142857, "support": 6.0}, "ed": {"precision": 0.0, "recall": 0.0, "f1-score": 0.0, "support": 5.0}}}