{"f1": 0.6005618905965955, "precision": 0.6660557184750733, "recall": 0.5467950647005718, "accuracy": 0.2900505902192243, "pr_auc": 0.6401288129518614, "threshold": 0.3, "label_scores": {"MT": {"precision": 0.20353982300884957, "recall": 0.7931034482758621, "f1-score": 0.323943661971831, "support": 29.0}, "LY": {"precision": 1.0, "recall": 0.5, "f1-score": 0.6666666666666666, "support": 12.0}, "SP": {"precision": 1.0, "recall": 0.019230769230769232, "f1-score": 0.03773584905660378, "support": 104.0}, "ID": {"precision": 0.375, "recall": 0.20454545454545456, "f1-score": 0.2647058823529412, "support": 44.0}, "NA": {"precision": 0.8631790744466801, "recall": 0.7409326424870466, "f1-score": 0.7973977695167286, "support": 579.0}, "HI": {"precision": 0.5460992907801419, "recall": 0.6062992125984252, "f1-score": 0.5746268656716418, "support": 127.0}, "IN": {"precision": 0.7946428571428571, "recall": 0.3284132841328413, "f1-score": 0.4647519582245431, "support": 542.0}, "OP": {"precision": 0.5903614457831325, "recall": 0.5017064846416383, "f1-score": 0.5424354243542436, "support": 293.0}, "IP": {"precision": 0.6785714285714286, "recall": 0.7261146496815286, "f1-score": 0.7015384615384614, "support": 314.0}, "it": {"precision": 0.0, "recall": 0.0, "f1-score": 0.0, "support": 13.0}, "ne": {"precision": 0.8258258258258259, "recall": 0.9290540540540541, "f1-score": 0.8744038155802861, "support": 296.0}, "sr": {"precision": 0.8113207547169812, "recall": 0.9347826086956522, "f1-score": 0.8686868686868686, "support": 46.0}, "nb": {"precision": 0.6144578313253012, "recall": 0.33774834437086093, "f1-score": 0.43589743589743585, "support": 151.0}, "re": {"precision": 0.6470588235294118, "recall": 0.6875, "f1-score": 0.6666666666666667, "support": 16.0}, "en": {"precision": 0.4166666666666667, "recall": 0.2631578947368421, "f1-score": 0.3225806451612903, "support": 19.0}, "ra": {"precision": 0.6, "recall": 0.42857142857142855, "f1-score": 0.5, "support": 14.0}, "dtp": {"precision": 0.3181818181818182, "recall": 0.18229166666666666, "f1-score": 0.23178807947019867, "support": 192.0}, "fi": {"precision": 1.0, "recall": 0.5, "f1-score": 0.6666666666666666, "support": 2.0}, "lt": {"precision": 0.29411764705882354, "recall": 0.38461538461538464, "f1-score": 0.33333333333333337, "support": 13.0}, "rv": {"precision": 0.6458333333333334, "recall": 0.47692307692307695, "f1-score": 0.5486725663716815, "support": 65.0}, "ob": {"precision": 0.5384615384615384, "recall": 0.12612612612612611, "f1-score": 0.2043795620437956, "support": 111.0}, "rs": {"precision": 0.7575757575757576, "recall": 0.7142857142857143, "f1-score": 0.7352941176470589, "support": 35.0}, "av": {"precision": 0.3626373626373626, "recall": 0.515625, "f1-score": 0.4258064516129032, "support": 64.0}, "ds": {"precision": 0.6275862068965518, "recall": 0.7913043478260869, "f1-score": 0.7000000000000001, "support": 230.0}, "ed": {"precision": 0.08333333333333333, "recall": 0.08333333333333333, "f1-score": 0.08333333333333333, "support": 12.0}}}