{"f1": 0.543010752688172, "precision": 0.4719626168224299, "recall": 0.6392405063291139, "accuracy": 0.24, "pr_auc": 0.5579756016092858, "threshold": 0.35, "label_scores": {"MT": {"precision": 1.0, "recall": 0.25, "f1-score": 0.4, "support": 4.0}, "LY": {"precision": 0.0, "recall": 0.0, "f1-score": 0.0, "support": 0.0}, "SP": {"precision": 0.5, "recall": 1.0, "f1-score": 0.6666666666666666, "support": 1.0}, "ID": {"precision": 0.5714285714285714, "recall": 1.0, "f1-score": 0.7272727272727273, "support": 4.0}, "NA": {"precision": 0.875, "recall": 0.5833333333333334, "f1-score": 0.7000000000000001, "support": 36.0}, "HI": {"precision": 0.5714285714285714, "recall": 0.4, "f1-score": 0.47058823529411764, "support": 10.0}, "IN": {"precision": 0.3939393939393939, "recall": 0.8666666666666667, "f1-score": 0.5416666666666666, "support": 15.0}, "OP": {"precision": 0.23076923076923078, "recall": 0.75, "f1-score": 0.3529411764705882, "support": 4.0}, "IP": {"precision": 0.7, "recall": 0.8484848484848485, "f1-score": 0.7671232876712328, "support": 33.0}, "it": {"precision": 1.0, "recall": 1.0, "f1-score": 1.0, "support": 1.0}, "ne": {"precision": 0.5, "recall": 0.3333333333333333, "f1-score": 0.4, "support": 3.0}, "sr": {"precision": 0.0, "recall": 0.0, "f1-score": 0.0, "support": 0.0}, "nb": {"precision": 0.9333333333333333, "recall": 0.42424242424242425, "f1-score": 0.5833333333333333, "support": 33.0}, "re": {"precision": 0.0, "recall": 0.0, "f1-score": 0.0, "support": 0.0}, "en": {"precision": 0.0, "recall": 0.0, "f1-score": 0.0, "support": 0.0}, "ra": {"precision": 0.0, "recall": 0.0, "f1-score": 0.0, "support": 0.0}, "dtp": {"precision": 0.375, "recall": 0.75, "f1-score": 0.5, "support": 8.0}, "fi": {"precision": 0.0, "recall": 0.0, "f1-score": 0.0, "support": 0.0}, "lt": {"precision": 0.4, "recall": 1.0, "f1-score": 0.5714285714285715, "support": 2.0}, "rv": {"precision": 0.25, "recall": 1.0, "f1-score": 0.4, "support": 1.0}, "ob": {"precision": 0.0, "recall": 0.0, "f1-score": 0.0, "support": 0.0}, "rs": {"precision": 0.0, "recall": 0.0, "f1-score": 0.0, "support": 0.0}, "av": {"precision": 0.2, "recall": 0.3333333333333333, "f1-score": 0.25, "support": 3.0}, "ds": {"precision": 0.0, "recall": 0.0, "f1-score": 0.0, "support": 0.0}, "ed": {"precision": 0.0, "recall": 0.0, "f1-score": 0.0, "support": 0.0}}}