{"f1": 0.7944383860414395, "precision": 0.7979189485213581, "recall": 0.7909880564603692, "accuracy": 0.6634123663412367, "pr_auc": 0.8608155901367947, "threshold": 0.44999999999999996, "label_scores": {"MT": {"precision": 0.9853479853479854, "recall": 0.9746376811594203, "f1-score": 0.9799635701275045, "support": 276.0}, "LY": {"precision": 0.0, "recall": 0.0, "f1-score": 0.0, "support": 5.0}, "SP": {"precision": 0.8333333333333334, "recall": 0.5555555555555556, "f1-score": 0.6666666666666667, "support": 18.0}, "ID": {"precision": 0.8625592417061612, "recall": 0.7878787878787878, "f1-score": 0.823529411764706, "support": 231.0}, "NA": {"precision": 0.808634772462077, "recall": 0.9190981432360743, "f1-score": 0.8603351955307263, "support": 754.0}, "HI": {"precision": 0.6923076923076923, "recall": 0.6153846153846154, "f1-score": 0.6515837104072398, "support": 117.0}, "IN": {"precision": 0.7288135593220338, "recall": 0.712707182320442, "f1-score": 0.7206703910614526, "support": 362.0}, "OP": {"precision": 0.7978723404255319, "recall": 0.7922535211267606, "f1-score": 0.7950530035335689, "support": 284.0}, "IP": {"precision": 0.7654320987654321, "recall": 0.7380952380952381, "f1-score": 0.7515151515151515, "support": 252.0}, "it": {"precision": 1.0, "recall": 0.5384615384615384, "f1-score": 0.7000000000000001, "support": 13.0}, "ne": {"precision": 0.6472491909385113, "recall": 0.8888888888888888, "f1-score": 0.749063670411985, "support": 225.0}, "sr": {"precision": 0.9315068493150684, "recall": 0.9577464788732394, "f1-score": 0.9444444444444444, "support": 71.0}, "nb": {"precision": 0.8639455782312925, "recall": 0.7627627627627628, "f1-score": 0.810207336523126, "support": 333.0}, "re": {"precision": 1.0, "recall": 0.75, "f1-score": 0.8571428571428571, "support": 8.0}, "en": {"precision": 0.6304347826086957, "recall": 0.6444444444444445, "f1-score": 0.6373626373626373, "support": 45.0}, "ra": {"precision": 0.0, "recall": 0.0, "f1-score": 0.0, "support": 14.0}, "dtp": {"precision": 0.6015625, "recall": 0.5661764705882353, "f1-score": 0.5833333333333334, "support": 136.0}, "fi": {"precision": 0.0, "recall": 0.0, "f1-score": 0.0, "support": 4.0}, "lt": {"precision": 0.7619047619047619, "recall": 0.6153846153846154, "f1-score": 0.6808510638297872, "support": 26.0}, "rv": {"precision": 0.8691588785046729, "recall": 0.8532110091743119, "f1-score": 0.861111111111111, "support": 109.0}, "ob": {"precision": 0.5625, "recall": 0.5294117647058824, "f1-score": 0.5454545454545455, "support": 68.0}, "rs": {"precision": 0.9078947368421053, "recall": 0.7840909090909091, "f1-score": 0.8414634146341463, "support": 88.0}, "av": {"precision": 0.0, "recall": 0.0, "f1-score": 0.0, "support": 12.0}, "ds": {"precision": 0.8864864864864865, "recall": 0.7735849056603774, "f1-score": 0.8261964735516373, "support": 212.0}, "ed": {"precision": 0.0, "recall": 0.0, "f1-score": 0.0, "support": 21.0}}}