{"f1": 0.7165402856300741, "precision": 0.7020740351798372, "recall": 0.7316152330925805, "accuracy": 0.46828299717838856, "pr_auc": 0.788598040362863, "threshold": 0.39999999999999997, "label_scores": {"MT": {"precision": 0.0, "recall": 0.0, "f1-score": 0.0, "support": 0.0}, "LY": {"precision": 0.9565217391304348, "recall": 0.6518518518518519, "f1-score": 0.775330396475771, "support": 135.0}, "SP": {"precision": 0.6940298507462687, "recall": 0.636986301369863, "f1-score": 0.6642857142857143, "support": 146.0}, "ID": {"precision": 0.8418674698795181, "recall": 0.814868804664723, "f1-score": 0.8281481481481482, "support": 686.0}, "NA": {"precision": 0.7301792644612826, "recall": 0.926594746716698, "f1-score": 0.8167441860465116, "support": 4264.0}, "HI": {"precision": 0.7269736842105263, "recall": 0.537712895377129, "f1-score": 0.6181818181818182, "support": 411.0}, "IN": {"precision": 0.6901975128017557, "recall": 0.7268875192604006, "f1-score": 0.7080675422138837, "support": 2596.0}, "OP": {"precision": 0.6471095772217429, "recall": 0.7045561296383278, "f1-score": 0.674612098043625, "support": 2129.0}, "IP": {"precision": 0.6376306620209059, "recall": 0.4552238805970149, "f1-score": 0.5312046444121916, "support": 402.0}, "it": {"precision": 0.8125, "recall": 0.5, "f1-score": 0.6190476190476191, "support": 104.0}, "ne": {"precision": 0.7350705754614549, "recall": 0.860958033064858, "f1-score": 0.7930495900039047, "support": 2359.0}, "sr": {"precision": 0.8340248962655602, "recall": 0.9496062992125984, "f1-score": 0.8880706921944035, "support": 635.0}, "nb": {"precision": 0.6961240310077519, "recall": 0.6218836565096952, "f1-score": 0.6569129480614483, "support": 722.0}, "re": {"precision": 1.0, "recall": 0.4864864864864865, "f1-score": 0.6545454545454547, "support": 37.0}, "en": {"precision": 0.8279569892473119, "recall": 0.7129629629629629, "f1-score": 0.7661691542288557, "support": 108.0}, "ra": {"precision": 0.0, "recall": 0.0, "f1-score": 0.0, "support": 189.0}, "dtp": {"precision": 0.5444915254237288, "recall": 0.47155963302752296, "f1-score": 0.5054080629301869, "support": 1090.0}, "fi": {"precision": 0.0, "recall": 0.0, "f1-score": 0.0, "support": 69.0}, "lt": {"precision": 0.6216216216216216, "recall": 0.575, "f1-score": 0.5974025974025973, "support": 40.0}, "rv": {"precision": 0.7472527472527473, "recall": 0.6618004866180048, "f1-score": 0.7019354838709677, "support": 411.0}, "ob": {"precision": 0.5646036916395223, "recall": 0.49476688867745006, "f1-score": 0.5273833671399595, "support": 1051.0}, "rs": {"precision": 0.6729559748427673, "recall": 0.6815286624203821, "f1-score": 0.6772151898734177, "support": 157.0}, "av": {"precision": 0.4785276073619632, "recall": 0.3305084745762712, "f1-score": 0.39097744360902253, "support": 236.0}, "ds": {"precision": 0.7213930348258707, "recall": 0.5178571428571429, "f1-score": 0.6029106029106029, "support": 280.0}, "ed": {"precision": 0.0, "recall": 0.0, "f1-score": 0.0, "support": 19.0}}}