{"f1": 0.6527117031398668, "precision": 0.694331983805668, "recall": 0.6157989228007181, "accuracy": 0.4605678233438486, "pr_auc": 0.7190179338066831, "threshold": 0.44999999999999996, "label_scores": {"MT": {"precision": 0.16666666666666666, "recall": 0.2, "f1-score": 0.1818181818181818, "support": 5.0}, "LY": {"precision": 0.0, "recall": 0.0, "f1-score": 0.0, "support": 3.0}, "SP": {"precision": 0.0, "recall": 0.0, "f1-score": 0.0, "support": 1.0}, "ID": {"precision": 0.6, "recall": 0.75, "f1-score": 0.6666666666666665, "support": 8.0}, "NA": {"precision": 0.8351648351648352, "recall": 0.7835051546391752, "f1-score": 0.8085106382978723, "support": 97.0}, "HI": {"precision": 0.3076923076923077, "recall": 0.3333333333333333, "f1-score": 0.32, "support": 12.0}, "IN": {"precision": 0.6385542168674698, "recall": 0.7794117647058824, "f1-score": 0.7019867549668874, "support": 68.0}, "OP": {"precision": 0.4090909090909091, "recall": 0.24324324324324326, "f1-score": 0.3050847457627119, "support": 37.0}, "IP": {"precision": 0.8888888888888888, "recall": 0.6956521739130435, "f1-score": 0.7804878048780488, "support": 115.0}, "it": {"precision": 0.0, "recall": 0.0, "f1-score": 0.0, "support": 0.0}, "ne": {"precision": 0.5454545454545454, "recall": 0.75, "f1-score": 0.631578947368421, "support": 24.0}, "sr": {"precision": 1.0, "recall": 1.0, "f1-score": 1.0, "support": 7.0}, "nb": {"precision": 0.13333333333333333, "recall": 0.2, "f1-score": 0.16, "support": 10.0}, "re": {"precision": 0.0, "recall": 0.0, "f1-score": 0.0, "support": 0.0}, "en": {"precision": 0.5, "recall": 1.0, "f1-score": 0.6666666666666666, "support": 1.0}, "ra": {"precision": 0.0, "recall": 0.0, "f1-score": 0.0, "support": 6.0}, "dtp": {"precision": 0.42857142857142855, "recall": 0.21428571428571427, "f1-score": 0.2857142857142857, "support": 14.0}, "fi": {"precision": 0.0, "recall": 0.0, "f1-score": 0.0, "support": 5.0}, "lt": {"precision": 0.75, "recall": 0.7058823529411765, "f1-score": 0.7272727272727272, "support": 17.0}, "rv": {"precision": 0.3333333333333333, "recall": 0.3333333333333333, "f1-score": 0.3333333333333333, "support": 15.0}, "ob": {"precision": 0.0, "recall": 0.0, "f1-score": 0.0, "support": 5.0}, "rs": {"precision": 0.0, "recall": 0.0, "f1-score": 0.0, "support": 0.0}, "av": {"precision": 0.5, "recall": 0.2222222222222222, "f1-score": 0.30769230769230765, "support": 9.0}, "ds": {"precision": 0.8311688311688312, "recall": 0.6666666666666666, "f1-score": 0.7398843930635838, "support": 96.0}, "ed": {"precision": 0.0, "recall": 0.0, "f1-score": 0.0, "support": 2.0}}}