{"f1": 0.7965451055662188, "precision": 0.8047091412742382, "recall": 0.7885450597176982, "accuracy": 0.6680613668061367, "pr_auc": 0.8606612628081686, "threshold": 0.44999999999999996, "label_scores": {"MT": {"precision": 0.9818181818181818, "recall": 0.9782608695652174, "f1-score": 0.9800362976406534, "support": 276.0}, "LY": {"precision": 0.0, "recall": 0.0, "f1-score": 0.0, "support": 5.0}, "SP": {"precision": 1.0, "recall": 0.3888888888888889, "f1-score": 0.56, "support": 18.0}, "ID": {"precision": 0.8430493273542601, "recall": 0.8138528138528138, "f1-score": 0.8281938325991188, "support": 231.0}, "NA": {"precision": 0.8032220943613348, "recall": 0.9257294429708223, "f1-score": 0.8601355514479359, "support": 754.0}, "HI": {"precision": 0.7272727272727273, "recall": 0.6153846153846154, "f1-score": 0.6666666666666667, "support": 117.0}, "IN": {"precision": 0.7522388059701492, "recall": 0.6961325966850829, "f1-score": 0.7230989956958394, "support": 362.0}, "OP": {"precision": 0.8515625, "recall": 0.7676056338028169, "f1-score": 0.8074074074074074, "support": 284.0}, "IP": {"precision": 0.7786885245901639, "recall": 0.753968253968254, "f1-score": 0.7661290322580644, "support": 252.0}, "it": {"precision": 1.0, "recall": 0.3076923076923077, "f1-score": 0.47058823529411764, "support": 13.0}, "ne": {"precision": 0.653968253968254, "recall": 0.9155555555555556, "f1-score": 0.762962962962963, "support": 225.0}, "sr": {"precision": 0.8961038961038961, "recall": 0.971830985915493, "f1-score": 0.9324324324324325, "support": 71.0}, "nb": {"precision": 0.8417508417508418, "recall": 0.7507507507507507, "f1-score": 0.7936507936507935, "support": 333.0}, "re": {"precision": 1.0, "recall": 0.875, "f1-score": 0.9333333333333333, "support": 8.0}, "en": {"precision": 0.6, "recall": 0.6666666666666666, "f1-score": 0.631578947368421, "support": 45.0}, "ra": {"precision": 0.0, "recall": 0.0, "f1-score": 0.0, "support": 14.0}, "dtp": {"precision": 0.6166666666666667, "recall": 0.5441176470588235, "f1-score": 0.578125, "support": 136.0}, "fi": {"precision": 0.0, "recall": 0.0, "f1-score": 0.0, "support": 4.0}, "lt": {"precision": 0.7, "recall": 0.5384615384615384, "f1-score": 0.608695652173913, "support": 26.0}, "rv": {"precision": 0.8878504672897196, "recall": 0.8715596330275229, "f1-score": 0.8796296296296298, "support": 109.0}, "ob": {"precision": 0.6491228070175439, "recall": 0.5441176470588235, "f1-score": 0.592, "support": 68.0}, "rs": {"precision": 0.9402985074626866, "recall": 0.7159090909090909, "f1-score": 0.8129032258064516, "support": 88.0}, "av": {"precision": 0.0, "recall": 0.0, "f1-score": 0.0, "support": 12.0}, "ds": {"precision": 0.8895027624309392, "recall": 0.7594339622641509, "f1-score": 0.8193384223918575, "support": 212.0}, "ed": {"precision": 0.0, "recall": 0.0, "f1-score": 0.0, "support": 21.0}}}