{"f1": 0.8130466472303207, "precision": 0.8136396790663749, "recall": 0.8124544792425346, "accuracy": 0.6249033255993813, "pr_auc": 0.8763506122871034, "threshold": 0.39999999999999997, "label_scores": {"MT": {"precision": 0.8909090909090909, "recall": 0.8448275862068966, "f1-score": 0.8672566371681416, "support": 116.0}, "LY": {"precision": 1.0, "recall": 0.5333333333333333, "f1-score": 0.6956521739130436, "support": 15.0}, "SP": {"precision": 0.6666666666666666, "recall": 0.5714285714285714, "f1-score": 0.6153846153846153, "support": 7.0}, "ID": {"precision": 0.7959183673469388, "recall": 0.7647058823529411, "f1-score": 0.7799999999999999, "support": 51.0}, "NA": {"precision": 0.849009900990099, "recall": 0.8727735368956743, "f1-score": 0.8607277289836889, "support": 393.0}, "HI": {"precision": 0.7014925373134329, "recall": 0.6025641025641025, "f1-score": 0.6482758620689655, "support": 78.0}, "IN": {"precision": 0.7807486631016043, "recall": 0.863905325443787, "f1-score": 0.8202247191011235, "support": 338.0}, "OP": {"precision": 0.7272727272727273, "recall": 0.7804878048780488, "f1-score": 0.7529411764705882, "support": 164.0}, "IP": {"precision": 0.8830845771144279, "recall": 0.8333333333333334, "f1-score": 0.8574879227053139, "support": 426.0}, "it": {"precision": 0.8, "recall": 0.6666666666666666, "f1-score": 0.7272727272727272, "support": 6.0}, "ne": {"precision": 0.776595744680851, "recall": 0.7684210526315789, "f1-score": 0.7724867724867724, "support": 95.0}, "sr": {"precision": 0.5789473684210527, "recall": 0.7857142857142857, "f1-score": 0.6666666666666667, "support": 14.0}, "nb": {"precision": 0.8619246861924686, "recall": 0.8373983739837398, "f1-score": 0.8494845360824741, "support": 246.0}, "re": {"precision": 0.8095238095238095, "recall": 0.9444444444444444, "f1-score": 0.8717948717948718, "support": 18.0}, "en": {"precision": 0.9411764705882353, "recall": 0.9624060150375939, "f1-score": 0.9516728624535316, "support": 133.0}, "ra": {"precision": 0.0, "recall": 0.0, "f1-score": 0.0, "support": 1.0}, "dtp": {"precision": 0.5730337078651685, "recall": 0.5483870967741935, "f1-score": 0.5604395604395604, "support": 93.0}, "fi": {"precision": 1.0, "recall": 0.6, "f1-score": 0.7499999999999999, "support": 30.0}, "lt": {"precision": 0.6808510638297872, "recall": 0.8421052631578947, "f1-score": 0.7529411764705882, "support": 38.0}, "rv": {"precision": 0.7794117647058824, "recall": 0.7794117647058824, "f1-score": 0.7794117647058824, "support": 68.0}, "ob": {"precision": 0.7192982456140351, "recall": 0.7592592592592593, "f1-score": 0.7387387387387387, "support": 54.0}, "rs": {"precision": 0.7777777777777778, "recall": 0.7777777777777778, "f1-score": 0.7777777777777778, "support": 9.0}, "av": {"precision": 0.6842105263157895, "recall": 0.48148148148148145, "f1-score": 0.5652173913043478, "support": 27.0}, "ds": {"precision": 0.8092307692307692, "recall": 0.8296529968454258, "f1-score": 0.8193146417445483, "support": 317.0}, "ed": {"precision": 0.0, "recall": 0.0, "f1-score": 0.0, "support": 9.0}}}