{"f1": 0.6728395061728395, "precision": 0.6666666666666666, "recall": 0.6791277258566978, "accuracy": 0.48493975903614456, "pr_auc": 0.7224140430860237, "threshold": 0.39999999999999997, "label_scores": {"MT": {"precision": 0.0, "recall": 0.0, "f1-score": 0.0, "support": 0.0}, "LY": {"precision": 0.0, "recall": 0.0, "f1-score": 0.0, "support": 4.0}, "SP": {"precision": 0.0, "recall": 0.0, "f1-score": 0.0, "support": 0.0}, "ID": {"precision": 0.5714285714285714, "recall": 0.23529411764705882, "f1-score": 0.3333333333333333, "support": 17.0}, "NA": {"precision": 0.7709923664122137, "recall": 0.8938053097345132, "f1-score": 0.8278688524590163, "support": 113.0}, "HI": {"precision": 0.75, "recall": 0.46875, "f1-score": 0.5769230769230769, "support": 32.0}, "IN": {"precision": 0.5142857142857142, "recall": 0.6545454545454545, "f1-score": 0.576, "support": 55.0}, "OP": {"precision": 0.43902439024390244, "recall": 0.6, "f1-score": 0.5070422535211268, "support": 30.0}, "IP": {"precision": 0.8252427184466019, "recall": 0.7522123893805309, "f1-score": 0.787037037037037, "support": 113.0}, "it": {"precision": 0.0, "recall": 0.0, "f1-score": 0.0, "support": 0.0}, "ne": {"precision": 0.6568627450980392, "recall": 0.8933333333333333, "f1-score": 0.7570621468926553, "support": 75.0}, "sr": {"precision": 0.6, "recall": 0.5, "f1-score": 0.5454545454545454, "support": 6.0}, "nb": {"precision": 0.38461538461538464, "recall": 0.2631578947368421, "f1-score": 0.3125, "support": 19.0}, "re": {"precision": 1.0, "recall": 0.8333333333333334, "f1-score": 0.9090909090909091, "support": 6.0}, "en": {"precision": 0.0, "recall": 0.0, "f1-score": 0.0, "support": 3.0}, "ra": {"precision": 0.0, "recall": 0.0, "f1-score": 0.0, "support": 2.0}, "dtp": {"precision": 0.24, "recall": 0.3157894736842105, "f1-score": 0.2727272727272727, "support": 19.0}, "fi": {"precision": 0.0, "recall": 0.0, "f1-score": 0.0, "support": 1.0}, "lt": {"precision": 0.5, "recall": 0.75, "f1-score": 0.6, "support": 8.0}, "rv": {"precision": 1.0, "recall": 0.3333333333333333, "f1-score": 0.5, "support": 9.0}, "ob": {"precision": 0.3333333333333333, "recall": 0.4, "f1-score": 0.3636363636363636, "support": 5.0}, "rs": {"precision": 0.7777777777777778, "recall": 0.7777777777777778, "f1-score": 0.7777777777777778, "support": 9.0}, "av": {"precision": 0.2, "recall": 0.3333333333333333, "f1-score": 0.25, "support": 6.0}, "ds": {"precision": 0.8765432098765432, "recall": 0.6698113207547169, "f1-score": 0.7593582887700534, "support": 106.0}, "ed": {"precision": 0.0, "recall": 0.0, "f1-score": 0.0, "support": 4.0}}}