{"f1": 0.7240984544934174, "f1_macro": 0.5930495675450096, "precision": 0.7043429844097996, "recall": 0.7449941107184923, "accuracy": 0.5545851528384279, "threshold": 0.35, "label_scores": {"MT": {"precision": 0.7049180327868853, "recall": 0.7818181818181819, "f1-score": 0.7413793103448276, "support": 110.0}, "LY": {"precision": 0.0, "recall": 0.0, "f1-score": 0.0, "support": 7.0}, "SP": {"precision": 0.0, "recall": 0.0, "f1-score": 0.0, "support": 13.0}, "ID": {"precision": 0.0, "recall": 0.0, "f1-score": 0.0, "support": 23.0}, "NA": {"precision": 0.8054474708171206, "recall": 0.9039301310043668, "f1-score": 0.8518518518518519, "support": 229.0}, "HI": {"precision": 0.7575757575757576, "recall": 0.7575757575757576, "f1-score": 0.7575757575757576, "support": 33.0}, "IN": {"precision": 0.5949367088607594, "recall": 0.7621621621621621, "f1-score": 0.6682464454976303, "support": 185.0}, "OP": {"precision": 0.5909090909090909, "recall": 0.5652173913043478, "f1-score": 0.5777777777777778, "support": 92.0}, "IP": {"precision": 0.6967930029154519, "recall": 0.8415492957746479, "f1-score": 0.7623604465709729, "support": 284.0}, "it": {"precision": 0.0, "recall": 0.0, "f1-score": 0.0, "support": 7.0}, "ne": {"precision": 0.7990867579908676, "recall": 0.9162303664921466, "f1-score": 0.8536585365853657, "support": 191.0}, "sr": {"precision": 1.0, "recall": 0.07142857142857142, "f1-score": 0.13333333333333333, "support": 14.0}, "nb": {"precision": 0.6296296296296297, "recall": 0.7391304347826086, "f1-score": 0.68, "support": 23.0}, "re": {"precision": 0.8636363636363636, "recall": 0.9047619047619048, "f1-score": 0.8837209302325582, "support": 21.0}, "en": {"precision": 0.0, "recall": 0.0, "f1-score": 0.0, "support": 4.0}, "ra": {"precision": 0.0, "recall": 0.0, "f1-score": 0.0, "support": 0.0}, "dtp": {"precision": 0.5882352941176471, "recall": 0.6521739130434783, "f1-score": 0.6185567010309279, "support": 46.0}, "fi": {"precision": 0.0, "recall": 0.0, "f1-score": 0.0, "support": 3.0}, "lt": {"precision": 0.6938775510204082, "recall": 0.6415094339622641, "f1-score": 0.6666666666666666, "support": 53.0}, "rv": {"precision": 0.6666666666666666, "recall": 0.06451612903225806, "f1-score": 0.1176470588235294, "support": 31.0}, "ob": {"precision": 0.3333333333333333, "recall": 0.22727272727272727, "f1-score": 0.27027027027027023, "support": 22.0}, "rs": {"precision": 0.75, "recall": 0.3, "f1-score": 0.4285714285714285, "support": 10.0}, "av": {"precision": 0.6666666666666666, "recall": 0.2, "f1-score": 0.30769230769230765, "support": 20.0}, "ds": {"precision": 0.7575757575757576, "recall": 0.819672131147541, "f1-score": 0.7874015748031497, "support": 244.0}, "ed": {"precision": 0.45454545454545453, "recall": 0.7575757575757576, "f1-score": 0.5681818181818181, "support": 33.0}}}