{"f1": 0.7082566761442828, "f1_macro": 0.6459772559567887, "precision": 0.7172538392050587, "recall": 0.6994824358550821, "accuracy": 0.4802354920100925, "threshold": 0.44999999999999996, "label_scores": {"MT": {"precision": 0.0, "recall": 0.0, "f1-score": 0.0, "support": 0.0}, "LY": {"precision": 1.0, "recall": 0.7794117647058824, "f1-score": 0.8760330578512397, "support": 68.0}, "SP": {"precision": 0.6470588235294118, "recall": 0.7534246575342466, "f1-score": 0.6962025316455697, "support": 73.0}, "ID": {"precision": 0.846875, "recall": 0.7855072463768116, "f1-score": 0.8150375939849624, "support": 345.0}, "NA": {"precision": 0.7899740708729472, "recall": 0.8578132332238386, "f1-score": 0.8224971878515186, "support": 2131.0}, "HI": {"precision": 0.6464088397790055, "recall": 0.5707317073170731, "f1-score": 0.6062176165803108, "support": 205.0}, "IN": {"precision": 0.7008130081300813, "recall": 0.6640986132511556, "f1-score": 0.6819620253164557, "support": 1298.0}, "OP": {"precision": 0.6222403924775143, "recall": 0.715898400752587, "f1-score": 0.6657917760279964, "support": 1063.0}, "IP": {"precision": 0.610738255033557, "recall": 0.4504950495049505, "f1-score": 0.5185185185185185, "support": 202.0}, "it": {"precision": 0.6410256410256411, "recall": 0.8771929824561403, "f1-score": 0.7407407407407407, "support": 57.0}, "ne": {"precision": 0.8103130755064457, "recall": 0.7419898819561551, "f1-score": 0.7746478873239436, "support": 1186.0}, "sr": {"precision": 0.8181818181818182, "recall": 0.9442622950819672, "f1-score": 0.8767123287671234, "support": 305.0}, "nb": {"precision": 0.6928104575163399, "recall": 0.6091954022988506, "f1-score": 0.6483180428134556, "support": 348.0}, "re": {"precision": 0.7692307692307693, "recall": 0.7142857142857143, "f1-score": 0.7407407407407408, "support": 14.0}, "en": {"precision": 0.76, "recall": 0.7169811320754716, "f1-score": 0.7378640776699028, "support": 53.0}, "ra": {"precision": 0.825, "recall": 0.4230769230769231, "f1-score": 0.559322033898305, "support": 78.0}, "dtp": {"precision": 0.5615212527964206, "recall": 0.46741154562383613, "f1-score": 0.5101626016260162, "support": 537.0}, "fi": {"precision": 0.7777777777777778, "recall": 0.2413793103448276, "f1-score": 0.368421052631579, "support": 29.0}, "lt": {"precision": 0.5, "recall": 0.5384615384615384, "f1-score": 0.5185185185185186, "support": 13.0}, "rv": {"precision": 0.7125748502994012, "recall": 0.5748792270531401, "f1-score": 0.6363636363636364, "support": 207.0}, "ob": {"precision": 0.533203125, "recall": 0.5180265654648957, "f1-score": 0.5255052935514919, "support": 527.0}, "rs": {"precision": 0.6746987951807228, "recall": 0.691358024691358, "f1-score": 0.6829268292682926, "support": 81.0}, "av": {"precision": 0.5, "recall": 0.20952380952380953, "f1-score": 0.2953020134228188, "support": 105.0}, "ds": {"precision": 0.7083333333333334, "recall": 0.46258503401360546, "f1-score": 0.5596707818930042, "support": 147.0}, "ed": {"precision": 0.0, "recall": 0.0, "f1-score": 0.0, "support": 9.0}}}