{"f1": 0.7578444747612552, "f1_macro": 0.7468493993669083, "precision": 0.7588797814207651, "recall": 0.7568119891008175, "accuracy": 0.6325543916196615, "threshold": 0.39999999999999997, "label_scores": {"MT": {"precision": 0.9318181818181818, "recall": 0.640625, "f1-score": 0.7592592592592593, "support": 64.0}, "LY": {"precision": 1.0, "recall": 0.9230769230769231, "f1-score": 0.9600000000000001, "support": 13.0}, "SP": {"precision": 0.8571428571428571, "recall": 0.4, "f1-score": 0.5454545454545455, "support": 15.0}, "ID": {"precision": 0.9134615384615384, "recall": 0.7916666666666666, "f1-score": 0.8482142857142857, "support": 120.0}, "NA": {"precision": 0.802675585284281, "recall": 0.7384615384615385, "f1-score": 0.7692307692307693, "support": 325.0}, "HI": {"precision": 0.625, "recall": 0.625, "f1-score": 0.625, "support": 72.0}, "IN": {"precision": 0.6544622425629291, "recall": 0.89375, "f1-score": 0.7556142668428004, "support": 320.0}, "OP": {"precision": 0.6369047619047619, "recall": 0.7133333333333334, "f1-score": 0.6729559748427673, "support": 150.0}, "IP": {"precision": 0.8691588785046729, "recall": 0.7172236503856041, "f1-score": 0.7859154929577465, "support": 389.0}}}