{"f1": 0.8007246376811594, "precision": 0.8308270676691729, "recall": 0.7727272727272727, "accuracy": 0.61875, "pr_auc": 0.854980105120468, "threshold": 0.44999999999999996, "label_scores": {"MT": {"precision": 0.2857142857142857, "recall": 0.8, "f1-score": 0.4210526315789473, "support": 5.0}, "LY": {"precision": 1.0, "recall": 0.6666666666666666, "f1-score": 0.8, "support": 12.0}, "SP": {"precision": 0.0, "recall": 0.0, "f1-score": 0.0, "support": 2.0}, "ID": {"precision": 0.0, "recall": 0.0, "f1-score": 0.0, "support": 1.0}, "NA": {"precision": 0.9186046511627907, "recall": 0.9294117647058824, "f1-score": 0.9239766081871345, "support": 85.0}, "HI": {"precision": 1.0, "recall": 0.3333333333333333, "f1-score": 0.5, "support": 9.0}, "IN": {"precision": 0.8378378378378378, "recall": 0.9117647058823529, "f1-score": 0.8732394366197184, "support": 34.0}, "OP": {"precision": 0.4166666666666667, "recall": 0.45454545454545453, "f1-score": 0.43478260869565216, "support": 11.0}, "IP": {"precision": 0.75, "recall": 0.21428571428571427, "f1-score": 0.3333333333333333, "support": 14.0}, "it": {"precision": 0.0, "recall": 0.0, "f1-score": 0.0, "support": 0.0}, "ne": {"precision": 0.9333333333333333, "recall": 0.9859154929577465, "f1-score": 0.9589041095890412, "support": 71.0}, "sr": {"precision": 0.3333333333333333, "recall": 1.0, "f1-score": 0.5, "support": 1.0}, "nb": {"precision": 1.0, "recall": 0.75, "f1-score": 0.8571428571428571, "support": 4.0}, "re": {"precision": 1.0, "recall": 1.0, "f1-score": 1.0, "support": 1.0}, "en": {"precision": 0.75, "recall": 0.5, "f1-score": 0.6, "support": 6.0}, "ra": {"precision": 0.0, "recall": 0.0, "f1-score": 0.0, "support": 0.0}, "dtp": {"precision": 0.42857142857142855, "recall": 0.21428571428571427, "f1-score": 0.2857142857142857, "support": 14.0}, "fi": {"precision": 0.0, "recall": 0.0, "f1-score": 0.0, "support": 0.0}, "lt": {"precision": 1.0, "recall": 1.0, "f1-score": 1.0, "support": 1.0}, "rv": {"precision": 0.0, "recall": 0.0, "f1-score": 0.0, "support": 0.0}, "ob": {"precision": 0.0, "recall": 0.0, "f1-score": 0.0, "support": 1.0}, "rs": {"precision": 0.0, "recall": 0.0, "f1-score": 0.0, "support": 1.0}, "av": {"precision": 0.8, "recall": 0.5, "f1-score": 0.6153846153846154, "support": 8.0}, "ds": {"precision": 1.0, "recall": 0.3333333333333333, "f1-score": 0.5, "support": 3.0}, "ed": {"precision": 1.0, "recall": 0.5, "f1-score": 0.6666666666666666, "support": 2.0}}}