{"f1": 0.6638103665067759, "f1_macro": 0.6285384180839775, "precision": 0.6658258594917787, "recall": 0.6618070387222583, "accuracy": 0.5503187375901348, "threshold": 0.44999999999999996, "label_scores": {"MT": {"precision": 0.0, "recall": 0.0, "f1-score": 0.0, "support": 0.0}, "LY": {"precision": 0.9873417721518988, "recall": 0.5777777777777777, "f1-score": 0.7289719626168224, "support": 135.0}, "SP": {"precision": 0.6711409395973155, "recall": 0.684931506849315, "f1-score": 0.6779661016949152, "support": 146.0}, "ID": {"precision": 0.8328025477707006, "recall": 0.7623906705539358, "f1-score": 0.7960426179604261, "support": 686.0}, "NA": {"precision": 0.7517089305402426, "recall": 0.7994840525328331, "f1-score": 0.7748607796340493, "support": 4264.0}, "HI": {"precision": 0.6101083032490975, "recall": 0.41119221411192214, "f1-score": 0.49127906976744184, "support": 411.0}, "IN": {"precision": 0.8273062730627306, "recall": 0.4318181818181818, "f1-score": 0.5674512781574286, "support": 2596.0}, "OP": {"precision": 0.5666144200626959, "recall": 0.6791921089713481, "f1-score": 0.6178167058320871, "support": 2129.0}, "IP": {"precision": 0.25522252497729336, "recall": 0.6990049751243781, "f1-score": 0.37391882900864937, "support": 402.0}}}