{"f1": 0.6015089163237312, "precision": 0.6990833001195695, "recall": 0.527836292506771, "accuracy": 0.3111298482293423, "pr_auc": 0.6453646819023159, "threshold": 0.35, "label_scores": {"MT": {"precision": 0.21875, "recall": 0.7241379310344828, "f1-score": 0.33599999999999997, "support": 29.0}, "LY": {"precision": 1.0, "recall": 0.4166666666666667, "f1-score": 0.5882352941176471, "support": 12.0}, "SP": {"precision": 1.0, "recall": 0.009615384615384616, "f1-score": 0.01904761904761905, "support": 104.0}, "ID": {"precision": 0.38461538461538464, "recall": 0.11363636363636363, "f1-score": 0.17543859649122806, "support": 44.0}, "NA": {"precision": 0.8773006134969326, "recall": 0.7409326424870466, "f1-score": 0.8033707865168539, "support": 579.0}, "HI": {"precision": 0.6666666666666666, "recall": 0.5511811023622047, "f1-score": 0.603448275862069, "support": 127.0}, "IN": {"precision": 0.8009049773755657, "recall": 0.32656826568265684, "f1-score": 0.46395806028833547, "support": 542.0}, "OP": {"precision": 0.643979057591623, "recall": 0.4197952218430034, "f1-score": 0.5082644628099173, "support": 293.0}, "IP": {"precision": 0.695906432748538, "recall": 0.7579617834394905, "f1-score": 0.7256097560975611, "support": 314.0}, "it": {"precision": 0.0, "recall": 0.0, "f1-score": 0.0, "support": 13.0}, "ne": {"precision": 0.7982456140350878, "recall": 0.9222972972972973, "f1-score": 0.8557993730407524, "support": 296.0}, "sr": {"precision": 0.84, "recall": 0.9130434782608695, "f1-score": 0.8749999999999999, "support": 46.0}, "nb": {"precision": 0.5903614457831325, "recall": 0.32450331125827814, "f1-score": 0.4188034188034188, "support": 151.0}, "re": {"precision": 0.9090909090909091, "recall": 0.625, "f1-score": 0.7407407407407406, "support": 16.0}, "en": {"precision": 0.5454545454545454, "recall": 0.3157894736842105, "f1-score": 0.39999999999999997, "support": 19.0}, "ra": {"precision": 0.0, "recall": 0.0, "f1-score": 0.0, "support": 14.0}, "dtp": {"precision": 0.32967032967032966, "recall": 0.15625, "f1-score": 0.21201413427561835, "support": 192.0}, "fi": {"precision": 1.0, "recall": 0.5, "f1-score": 0.6666666666666666, "support": 2.0}, "lt": {"precision": 0.35714285714285715, "recall": 0.38461538461538464, "f1-score": 0.3703703703703704, "support": 13.0}, "rv": {"precision": 0.6666666666666666, "recall": 0.3076923076923077, "f1-score": 0.42105263157894735, "support": 65.0}, "ob": {"precision": 0.5217391304347826, "recall": 0.10810810810810811, "f1-score": 0.17910447761194032, "support": 111.0}, "rs": {"precision": 0.88, "recall": 0.6285714285714286, "f1-score": 0.7333333333333334, "support": 35.0}, "av": {"precision": 0.4027777777777778, "recall": 0.453125, "f1-score": 0.4264705882352941, "support": 64.0}, "ds": {"precision": 0.6458333333333334, "recall": 0.808695652173913, "f1-score": 0.7181467181467183, "support": 230.0}, "ed": {"precision": 0.0, "recall": 0.0, "f1-score": 0.0, "support": 12.0}}}