{"f1": 0.7660083782166368, "precision": 0.7785888077858881, "recall": 0.7538280329799765, "accuracy": 0.6222707423580786, "pr_auc": 0.8258549873824506, "threshold": 0.44999999999999996, "label_scores": {"MT": {"precision": 0.891566265060241, "recall": 0.6727272727272727, "f1-score": 0.7668393782383419, "support": 110.0}, "LY": {"precision": 1.0, "recall": 0.2857142857142857, "f1-score": 0.4444444444444445, "support": 7.0}, "SP": {"precision": 0.6666666666666666, "recall": 0.46153846153846156, "f1-score": 0.5454545454545455, "support": 13.0}, "ID": {"precision": 0.5714285714285714, "recall": 0.17391304347826086, "f1-score": 0.26666666666666666, "support": 23.0}, "NA": {"precision": 0.8160919540229885, "recall": 0.9301310043668122, "f1-score": 0.8693877551020408, "support": 229.0}, "HI": {"precision": 0.7941176470588235, "recall": 0.8181818181818182, "f1-score": 0.8059701492537314, "support": 33.0}, "IN": {"precision": 0.7368421052631579, "recall": 0.6810810810810811, "f1-score": 0.7078651685393258, "support": 185.0}, "OP": {"precision": 0.6527777777777778, "recall": 0.5108695652173914, "f1-score": 0.5731707317073171, "support": 92.0}, "IP": {"precision": 0.7838709677419354, "recall": 0.8556338028169014, "f1-score": 0.8181818181818181, "support": 284.0}, "it": {"precision": 0.8333333333333334, "recall": 0.7142857142857143, "f1-score": 0.7692307692307692, "support": 7.0}, "ne": {"precision": 0.8198198198198198, "recall": 0.9528795811518325, "f1-score": 0.8813559322033898, "support": 191.0}, "sr": {"precision": 0.6666666666666666, "recall": 0.7142857142857143, "f1-score": 0.689655172413793, "support": 14.0}, "nb": {"precision": 0.631578947368421, "recall": 0.5217391304347826, "f1-score": 0.5714285714285715, "support": 23.0}, "re": {"precision": 1.0, "recall": 0.9523809523809523, "f1-score": 0.975609756097561, "support": 21.0}, "en": {"precision": 0.25, "recall": 0.5, "f1-score": 0.3333333333333333, "support": 4.0}, "ra": {"precision": 0.0, "recall": 0.0, "f1-score": 0.0, "support": 0.0}, "dtp": {"precision": 0.5555555555555556, "recall": 0.43478260869565216, "f1-score": 0.4878048780487805, "support": 46.0}, "fi": {"precision": 0.0, "recall": 0.0, "f1-score": 0.0, "support": 3.0}, "lt": {"precision": 0.7857142857142857, "recall": 0.6226415094339622, "f1-score": 0.6947368421052631, "support": 53.0}, "rv": {"precision": 0.5, "recall": 0.3548387096774194, "f1-score": 0.41509433962264153, "support": 31.0}, "ob": {"precision": 1.0, "recall": 0.045454545454545456, "f1-score": 0.08695652173913045, "support": 22.0}, "rs": {"precision": 0.9, "recall": 0.9, "f1-score": 0.9, "support": 10.0}, "av": {"precision": 0.6428571428571429, "recall": 0.45, "f1-score": 0.5294117647058824, "support": 20.0}, "ds": {"precision": 0.8007518796992481, "recall": 0.8729508196721312, "f1-score": 0.8352941176470589, "support": 244.0}, "ed": {"precision": 0.7857142857142857, "recall": 0.3333333333333333, "f1-score": 0.4680851063829786, "support": 33.0}}}