{"f1": 0.6720142602495544, "precision": 0.6672566371681415, "recall": 0.6768402154398564, "accuracy": 0.45425867507886436, "pr_auc": 0.7306482829157178, "threshold": 0.39999999999999997, "label_scores": {"MT": {"precision": 0.3333333333333333, "recall": 0.4, "f1-score": 0.3636363636363636, "support": 5.0}, "LY": {"precision": 0.5, "recall": 0.3333333333333333, "f1-score": 0.4, "support": 3.0}, "SP": {"precision": 0.0, "recall": 0.0, "f1-score": 0.0, "support": 1.0}, "ID": {"precision": 0.5555555555555556, "recall": 0.625, "f1-score": 0.5882352941176471, "support": 8.0}, "NA": {"precision": 0.8709677419354839, "recall": 0.8350515463917526, "f1-score": 0.8526315789473684, "support": 97.0}, "HI": {"precision": 0.6, "recall": 0.25, "f1-score": 0.35294117647058826, "support": 12.0}, "IN": {"precision": 0.6236559139784946, "recall": 0.8529411764705882, "f1-score": 0.7204968944099378, "support": 68.0}, "OP": {"precision": 0.375, "recall": 0.32432432432432434, "f1-score": 0.34782608695652173, "support": 37.0}, "IP": {"precision": 0.8317757009345794, "recall": 0.7739130434782608, "f1-score": 0.8018018018018018, "support": 115.0}, "it": {"precision": 0.0, "recall": 0.0, "f1-score": 0.0, "support": 0.0}, "ne": {"precision": 0.6428571428571429, "recall": 0.75, "f1-score": 0.6923076923076924, "support": 24.0}, "sr": {"precision": 1.0, "recall": 0.8571428571428571, "f1-score": 0.923076923076923, "support": 7.0}, "nb": {"precision": 0.12903225806451613, "recall": 0.4, "f1-score": 0.1951219512195122, "support": 10.0}, "re": {"precision": 0.0, "recall": 0.0, "f1-score": 0.0, "support": 0.0}, "en": {"precision": 0.5, "recall": 1.0, "f1-score": 0.6666666666666666, "support": 1.0}, "ra": {"precision": 0.0, "recall": 0.0, "f1-score": 0.0, "support": 6.0}, "dtp": {"precision": 0.18181818181818182, "recall": 0.14285714285714285, "f1-score": 0.16, "support": 14.0}, "fi": {"precision": 0.0, "recall": 0.0, "f1-score": 0.0, "support": 5.0}, "lt": {"precision": 0.75, "recall": 0.8823529411764706, "f1-score": 0.8108108108108107, "support": 17.0}, "rv": {"precision": 0.35714285714285715, "recall": 0.3333333333333333, "f1-score": 0.3448275862068965, "support": 15.0}, "ob": {"precision": 0.5, "recall": 0.4, "f1-score": 0.4444444444444445, "support": 5.0}, "rs": {"precision": 0.0, "recall": 0.0, "f1-score": 0.0, "support": 0.0}, "av": {"precision": 0.42857142857142855, "recall": 0.3333333333333333, "f1-score": 0.375, "support": 9.0}, "ds": {"precision": 0.8045977011494253, "recall": 0.7291666666666666, "f1-score": 0.7650273224043717, "support": 96.0}, "ed": {"precision": 0.0, "recall": 0.0, "f1-score": 0.0, "support": 2.0}}}