{"f1": 0.8026816452255844, "precision": 0.7987738910926794, "recall": 0.8066278222869628, "accuracy": 0.6078886310904872, "pr_auc": 0.8735824151923699, "threshold": 0.39999999999999997, "label_scores": {"MT": {"precision": 0.9142857142857143, "recall": 0.8275862068965517, "f1-score": 0.8687782805429863, "support": 116.0}, "LY": {"precision": 1.0, "recall": 0.4666666666666667, "f1-score": 0.6363636363636364, "support": 15.0}, "SP": {"precision": 0.5555555555555556, "recall": 0.7142857142857143, "f1-score": 0.6250000000000001, "support": 7.0}, "ID": {"precision": 0.8108108108108109, "recall": 0.5882352941176471, "f1-score": 0.6818181818181819, "support": 51.0}, "NA": {"precision": 0.8321167883211679, "recall": 0.8702290076335878, "f1-score": 0.8507462686567164, "support": 393.0}, "HI": {"precision": 0.746031746031746, "recall": 0.6025641025641025, "f1-score": 0.6666666666666666, "support": 78.0}, "IN": {"precision": 0.7935656836461126, "recall": 0.8757396449704142, "f1-score": 0.8326300984528833, "support": 338.0}, "OP": {"precision": 0.7272727272727273, "recall": 0.7804878048780488, "f1-score": 0.7529411764705882, "support": 164.0}, "IP": {"precision": 0.8215102974828375, "recall": 0.8427230046948356, "f1-score": 0.831981460023175, "support": 426.0}, "it": {"precision": 0.5, "recall": 0.6666666666666666, "f1-score": 0.5714285714285715, "support": 6.0}, "ne": {"precision": 0.8020833333333334, "recall": 0.8105263157894737, "f1-score": 0.806282722513089, "support": 95.0}, "sr": {"precision": 0.75, "recall": 0.6428571428571429, "f1-score": 0.6923076923076924, "support": 14.0}, "nb": {"precision": 0.806949806949807, "recall": 0.8495934959349594, "f1-score": 0.8277227722772278, "support": 246.0}, "re": {"precision": 0.8421052631578947, "recall": 0.8888888888888888, "f1-score": 0.8648648648648649, "support": 18.0}, "en": {"precision": 0.9407407407407408, "recall": 0.9548872180451128, "f1-score": 0.9477611940298507, "support": 133.0}, "ra": {"precision": 0.0, "recall": 0.0, "f1-score": 0.0, "support": 1.0}, "dtp": {"precision": 0.5540540540540541, "recall": 0.44086021505376344, "f1-score": 0.4910179640718563, "support": 93.0}, "fi": {"precision": 1.0, "recall": 0.5666666666666667, "f1-score": 0.7234042553191489, "support": 30.0}, "lt": {"precision": 0.8048780487804879, "recall": 0.868421052631579, "f1-score": 0.8354430379746836, "support": 38.0}, "rv": {"precision": 0.8307692307692308, "recall": 0.7941176470588235, "f1-score": 0.8120300751879699, "support": 68.0}, "ob": {"precision": 0.6491228070175439, "recall": 0.6851851851851852, "f1-score": 0.6666666666666666, "support": 54.0}, "rs": {"precision": 1.0, "recall": 0.4444444444444444, "f1-score": 0.6153846153846153, "support": 9.0}, "av": {"precision": 0.625, "recall": 0.5555555555555556, "f1-score": 0.5882352941176471, "support": 27.0}, "ds": {"precision": 0.7616279069767442, "recall": 0.8264984227129337, "f1-score": 0.7927382753403933, "support": 317.0}, "ed": {"precision": 0.0, "recall": 0.0, "f1-score": 0.0, "support": 9.0}}}