{"f1": 0.7588203848895224, "precision": 0.7292576419213974, "recall": 0.7908812331692822, "accuracy": 0.6134392308496186, "threshold": 0.39999999999999997, "label_scores": {"MT": {"precision": 0.0, "recall": 0.0, "f1-score": 0.0, "support": 0.0}, "LY": {"precision": 0.943089430894309, "recall": 0.8592592592592593, "f1-score": 0.8992248062015503, "support": 135.0}, "SP": {"precision": 0.650887573964497, "recall": 0.7534246575342466, "f1-score": 0.6984126984126984, "support": 146.0}, "ID": {"precision": 0.8531157270029673, "recall": 0.8381924198250729, "f1-score": 0.8455882352941175, "support": 686.0}, "NA": {"precision": 0.8044320137693631, "recall": 0.87687617260788, "f1-score": 0.8390933572710952, "support": 4264.0}, "HI": {"precision": 0.625, "recall": 0.6934306569343066, "f1-score": 0.657439446366782, "support": 411.0}, "IN": {"precision": 0.7018587360594796, "recall": 0.7272727272727273, "f1-score": 0.7143397654180856, "support": 2596.0}, "OP": {"precision": 0.6243594797004336, "recall": 0.7440112728980742, "f1-score": 0.6789541363051864, "support": 2129.0}, "IP": {"precision": 0.5759162303664922, "recall": 0.5472636815920398, "f1-score": 0.5612244897959183, "support": 402.0}}}