{"f1": 0.731447976395925, "f1_macro": 0.6916387251953846, "precision": 0.7444192634560907, "recall": 0.7189209892755526, "accuracy": 0.542794440380395, "threshold": 0.44999999999999996, "label_scores": {"MT": {"precision": 0.0, "recall": 0.0, "f1-score": 0.0, "support": 0.0}, "LY": {"precision": 0.9421487603305785, "recall": 0.8444444444444444, "f1-score": 0.8906249999999999, "support": 135.0}, "SP": {"precision": 0.6604938271604939, "recall": 0.7328767123287672, "f1-score": 0.6948051948051949, "support": 146.0}, "ID": {"precision": 0.8721109399075501, "recall": 0.8250728862973761, "f1-score": 0.847940074906367, "support": 686.0}, "NA": {"precision": 0.8303016348146443, "recall": 0.8456848030018762, "f1-score": 0.8379226211223423, "support": 4264.0}, "HI": {"precision": 0.6787564766839378, "recall": 0.6374695863746959, "f1-score": 0.657465495608532, "support": 411.0}, "IN": {"precision": 0.7354675652906487, "recall": 0.672573189522342, "f1-score": 0.7026156941649899, "support": 2596.0}, "OP": {"precision": 0.6607929515418502, "recall": 0.7045561296383278, "f1-score": 0.681973175721755, "support": 2129.0}, "IP": {"precision": 0.6151515151515151, "recall": 0.5049751243781094, "f1-score": 0.5546448087431693, "support": 402.0}, "it": {"precision": 0.6614173228346457, "recall": 0.8076923076923077, "f1-score": 0.7272727272727273, "support": 104.0}, "ne": {"precision": 0.811965811965812, "recall": 0.8054260279779568, "f1-score": 0.8086826984464779, "support": 2359.0}, "sr": {"precision": 0.8696296296296296, "recall": 0.9244094488188976, "f1-score": 0.8961832061068702, "support": 635.0}, "nb": {"precision": 0.7088414634146342, "recall": 0.6440443213296398, "f1-score": 0.6748911465892597, "support": 722.0}, "re": {"precision": 0.9375, "recall": 0.8108108108108109, "f1-score": 0.8695652173913043, "support": 37.0}, "en": {"precision": 0.8876404494382022, "recall": 0.7314814814814815, "f1-score": 0.8020304568527918, "support": 108.0}, "ra": {"precision": 0.7862595419847328, "recall": 0.544973544973545, "f1-score": 0.6437499999999999, "support": 189.0}, "dtp": {"precision": 0.5838287752675386, "recall": 0.4504587155963303, "f1-score": 0.5085447954427759, "support": 1090.0}, "fi": {"precision": 0.6363636363636364, "recall": 0.30434782608695654, "f1-score": 0.411764705882353, "support": 69.0}, "lt": {"precision": 0.85, "recall": 0.425, "f1-score": 0.5666666666666667, "support": 40.0}, "rv": {"precision": 0.7039800995024875, "recall": 0.6885644768856448, "f1-score": 0.6961869618696187, "support": 411.0}, "ob": {"precision": 0.5655314757481941, "recall": 0.5214081826831589, "f1-score": 0.5425742574257426, "support": 1051.0}, "rs": {"precision": 0.7, "recall": 0.7579617834394905, "f1-score": 0.72782874617737, "support": 157.0}, "av": {"precision": 0.502092050209205, "recall": 0.5084745762711864, "f1-score": 0.5052631578947369, "support": 236.0}, "ds": {"precision": 0.6460481099656358, "recall": 0.6714285714285714, "f1-score": 0.6584938704028022, "support": 280.0}, "ed": {"precision": 0.0, "recall": 0.0, "f1-score": 0.0, "support": 19.0}}}