{"f1": 0.7315347608716158, "f1_macro": 0.6785249521330544, "precision": 0.7360478359908884, "recall": 0.7270766922932683, "accuracy": 0.6401922875953601, "threshold": 0.44999999999999996, "label_scores": {"Forum": {"precision": 0.8721109399075501, "recall": 0.8250728862973761, "f1-score": 0.847940074906367, "support": 686.0}, "Information/Explanation": {"precision": 0.7058570198105082, "recall": 0.6577046548956661, "f1-score": 0.6809306190278355, "support": 2492.0}, "Instruction": {"precision": 0.6961722488038278, "recall": 0.6231263383297645, "f1-score": 0.6576271186440678, "support": 467.0}, "Legal": {"precision": 0.85, "recall": 0.425, "f1-score": 0.5666666666666667, "support": 40.0}, "News": {"precision": 0.8403333333333334, "recall": 0.8525532634426783, "f1-score": 0.8463991942252812, "support": 2957.0}, "Opinion/Argumentation": {"precision": 0.7296992481203007, "recall": 0.7416889568207872, "f1-score": 0.7356452529846504, "support": 2617.0}, "Other": {"precision": 0.6604938271604939, "recall": 0.7328767123287672, "f1-score": 0.6948051948051949, "support": 146.0}, "Promotion": {"precision": 0.6151515151515151, "recall": 0.5300261096605744, "f1-score": 0.5694249649368864, "support": 383.0}, "Prose/Lyrical": {"precision": 0.48205128205128206, "recall": 0.5353075170842825, "f1-score": 0.5072854830005397, "support": 878.0}}}