{"f1": 0.7828687967369137, "precision": 0.7842549713974394, "recall": 0.7814875135722041, "accuracy": 0.6513249651324965, "pr_auc": 0.8548625387534537, "threshold": 0.44999999999999996, "label_scores": {"MT": {"precision": 0.9850746268656716, "recall": 0.9565217391304348, "f1-score": 0.9705882352941176, "support": 276.0}, "LY": {"precision": 0.0, "recall": 0.0, "f1-score": 0.0, "support": 5.0}, "SP": {"precision": 1.0, "recall": 0.3888888888888889, "f1-score": 0.56, "support": 18.0}, "ID": {"precision": 0.898936170212766, "recall": 0.7316017316017316, "f1-score": 0.8066825775656324, "support": 231.0}, "NA": {"precision": 0.8047337278106509, "recall": 0.9018567639257294, "f1-score": 0.8505315822388994, "support": 754.0}, "HI": {"precision": 0.7804878048780488, "recall": 0.5470085470085471, "f1-score": 0.6432160804020101, "support": 117.0}, "IN": {"precision": 0.7317073170731707, "recall": 0.6629834254143646, "f1-score": 0.6956521739130436, "support": 362.0}, "OP": {"precision": 0.7841726618705036, "recall": 0.7676056338028169, "f1-score": 0.7758007117437722, "support": 284.0}, "IP": {"precision": 0.6862745098039216, "recall": 0.8333333333333334, "f1-score": 0.7526881720430109, "support": 252.0}, "it": {"precision": 1.0, "recall": 0.46153846153846156, "f1-score": 0.631578947368421, "support": 13.0}, "ne": {"precision": 0.6689419795221843, "recall": 0.8711111111111111, "f1-score": 0.7567567567567566, "support": 225.0}, "sr": {"precision": 0.918918918918919, "recall": 0.9577464788732394, "f1-score": 0.9379310344827587, "support": 71.0}, "nb": {"precision": 0.8054711246200608, "recall": 0.7957957957957958, "f1-score": 0.8006042296072508, "support": 333.0}, "re": {"precision": 1.0, "recall": 0.75, "f1-score": 0.8571428571428571, "support": 8.0}, "en": {"precision": 0.673469387755102, "recall": 0.7333333333333333, "f1-score": 0.702127659574468, "support": 45.0}, "ra": {"precision": 0.7272727272727273, "recall": 0.5714285714285714, "f1-score": 0.64, "support": 14.0}, "dtp": {"precision": 0.5546875, "recall": 0.5220588235294118, "f1-score": 0.537878787878788, "support": 136.0}, "fi": {"precision": 0.0, "recall": 0.0, "f1-score": 0.0, "support": 4.0}, "lt": {"precision": 0.7, "recall": 0.5384615384615384, "f1-score": 0.608695652173913, "support": 26.0}, "rv": {"precision": 0.8823529411764706, "recall": 0.8256880733944955, "f1-score": 0.8530805687203792, "support": 109.0}, "ob": {"precision": 0.6078431372549019, "recall": 0.45588235294117646, "f1-score": 0.5210084033613445, "support": 68.0}, "rs": {"precision": 0.9354838709677419, "recall": 0.6590909090909091, "f1-score": 0.7733333333333332, "support": 88.0}, "av": {"precision": 0.0, "recall": 0.0, "f1-score": 0.0, "support": 12.0}, "ds": {"precision": 0.7637130801687764, "recall": 0.8537735849056604, "f1-score": 0.8062360801781736, "support": 212.0}, "ed": {"precision": 0.0, "recall": 0.0, "f1-score": 0.0, "support": 21.0}}}