{"f1": 0.6115970197602851, "precision": 0.6622237811294283, "recall": 0.5681613000300932, "accuracy": 0.2799325463743676, "pr_auc": 0.6748390497983134, "threshold": 0.3, "label_scores": {"MT": {"precision": 0.23170731707317074, "recall": 0.6551724137931034, "f1-score": 0.3423423423423424, "support": 29.0}, "LY": {"precision": 0.8571428571428571, "recall": 0.5, "f1-score": 0.631578947368421, "support": 12.0}, "SP": {"precision": 0.0, "recall": 0.0, "f1-score": 0.0, "support": 104.0}, "ID": {"precision": 0.6363636363636364, "recall": 0.1590909090909091, "f1-score": 0.2545454545454546, "support": 44.0}, "NA": {"precision": 0.8499025341130604, "recall": 0.7530224525043178, "f1-score": 0.7985347985347985, "support": 579.0}, "HI": {"precision": 0.44324324324324327, "recall": 0.6456692913385826, "f1-score": 0.5256410256410255, "support": 127.0}, "IN": {"precision": 0.6528735632183909, "recall": 0.5239852398523985, "f1-score": 0.5813715455475946, "support": 542.0}, "OP": {"precision": 0.5546875, "recall": 0.48464163822525597, "f1-score": 0.5173041894353368, "support": 293.0}, "IP": {"precision": 0.7431506849315068, "recall": 0.6910828025477707, "f1-score": 0.7161716171617161, "support": 314.0}, "it": {"precision": 0.0, "recall": 0.0, "f1-score": 0.0, "support": 13.0}, "ne": {"precision": 0.8028985507246377, "recall": 0.9358108108108109, "f1-score": 0.8642745709828393, "support": 296.0}, "sr": {"precision": 0.8, "recall": 0.9565217391304348, "f1-score": 0.8712871287128713, "support": 46.0}, "nb": {"precision": 0.6, "recall": 0.2980132450331126, "f1-score": 0.3982300884955752, "support": 151.0}, "re": {"precision": 0.8461538461538461, "recall": 0.6875, "f1-score": 0.7586206896551724, "support": 16.0}, "en": {"precision": 0.5, "recall": 0.3684210526315789, "f1-score": 0.4242424242424242, "support": 19.0}, "ra": {"precision": 0.6363636363636364, "recall": 0.5, "f1-score": 0.56, "support": 14.0}, "dtp": {"precision": 0.3221476510067114, "recall": 0.25, "f1-score": 0.281524926686217, "support": 192.0}, "fi": {"precision": 1.0, "recall": 0.5, "f1-score": 0.6666666666666666, "support": 2.0}, "lt": {"precision": 0.3076923076923077, "recall": 0.3076923076923077, "f1-score": 0.3076923076923077, "support": 13.0}, "rv": {"precision": 0.7333333333333333, "recall": 0.3384615384615385, "f1-score": 0.4631578947368421, "support": 65.0}, "ob": {"precision": 0.48148148148148145, "recall": 0.11711711711711711, "f1-score": 0.18840579710144928, "support": 111.0}, "rs": {"precision": 0.8636363636363636, "recall": 0.5428571428571428, "f1-score": 0.6666666666666666, "support": 35.0}, "av": {"precision": 0.391304347826087, "recall": 0.421875, "f1-score": 0.406015037593985, "support": 64.0}, "ds": {"precision": 0.6910569105691057, "recall": 0.7391304347826086, "f1-score": 0.7142857142857142, "support": 230.0}, "ed": {"precision": 0.0, "recall": 0.0, "f1-score": 0.0, "support": 12.0}}}