{"f1": 0.7794117647058824, "precision": 0.8217054263565892, "recall": 0.7412587412587412, "accuracy": 0.63125, "pr_auc": 0.8546305819684141, "threshold": 0.44999999999999996, "label_scores": {"MT": {"precision": 0.42857142857142855, "recall": 0.6, "f1-score": 0.5, "support": 5.0}, "LY": {"precision": 1.0, "recall": 0.8333333333333334, "f1-score": 0.9090909090909091, "support": 12.0}, "SP": {"precision": 0.0, "recall": 0.0, "f1-score": 0.0, "support": 2.0}, "ID": {"precision": 0.0, "recall": 0.0, "f1-score": 0.0, "support": 1.0}, "NA": {"precision": 0.8777777777777778, "recall": 0.9294117647058824, "f1-score": 0.9028571428571429, "support": 85.0}, "HI": {"precision": 0.5555555555555556, "recall": 0.5555555555555556, "f1-score": 0.5555555555555556, "support": 9.0}, "IN": {"precision": 0.8611111111111112, "recall": 0.9117647058823529, "f1-score": 0.8857142857142858, "support": 34.0}, "OP": {"precision": 0.0, "recall": 0.0, "f1-score": 0.0, "support": 11.0}, "IP": {"precision": 1.0, "recall": 0.07142857142857142, "f1-score": 0.13333333333333333, "support": 14.0}, "it": {"precision": 0.0, "recall": 0.0, "f1-score": 0.0, "support": 0.0}, "ne": {"precision": 0.8589743589743589, "recall": 0.9436619718309859, "f1-score": 0.8993288590604026, "support": 71.0}, "sr": {"precision": 0.3333333333333333, "recall": 1.0, "f1-score": 0.5, "support": 1.0}, "nb": {"precision": 1.0, "recall": 0.5, "f1-score": 0.6666666666666666, "support": 4.0}, "re": {"precision": 1.0, "recall": 1.0, "f1-score": 1.0, "support": 1.0}, "en": {"precision": 1.0, "recall": 0.6666666666666666, "f1-score": 0.8, "support": 6.0}, "ra": {"precision": 0.0, "recall": 0.0, "f1-score": 0.0, "support": 0.0}, "dtp": {"precision": 0.7, "recall": 0.5, "f1-score": 0.5833333333333334, "support": 14.0}, "fi": {"precision": 0.0, "recall": 0.0, "f1-score": 0.0, "support": 0.0}, "lt": {"precision": 1.0, "recall": 1.0, "f1-score": 1.0, "support": 1.0}, "rv": {"precision": 0.0, "recall": 0.0, "f1-score": 0.0, "support": 0.0}, "ob": {"precision": 0.0, "recall": 0.0, "f1-score": 0.0, "support": 1.0}, "rs": {"precision": 0.0, "recall": 0.0, "f1-score": 0.0, "support": 1.0}, "av": {"precision": 0.0, "recall": 0.0, "f1-score": 0.0, "support": 8.0}, "ds": {"precision": 0.0, "recall": 0.0, "f1-score": 0.0, "support": 3.0}, "ed": {"precision": 0.0, "recall": 0.0, "f1-score": 0.0, "support": 2.0}}}