{"f1": 0.6376021798365122, "precision": 0.6724137931034483, "recall": 0.6062176165803109, "accuracy": 0.42391304347826086, "pr_auc": 0.7028547567524777, "threshold": 0.35, "label_scores": {"MT": {"precision": 0.25, "recall": 0.6666666666666666, "f1-score": 0.36363636363636365, "support": 3.0}, "LY": {"precision": 0.0, "recall": 0.0, "f1-score": 0.0, "support": 0.0}, "SP": {"precision": 0.0, "recall": 0.0, "f1-score": 0.0, "support": 0.0}, "ID": {"precision": 1.0, "recall": 0.375, "f1-score": 0.5454545454545454, "support": 8.0}, "NA": {"precision": 0.918918918918919, "recall": 0.8717948717948718, "f1-score": 0.8947368421052632, "support": 39.0}, "HI": {"precision": 0.4, "recall": 0.25, "f1-score": 0.3076923076923077, "support": 8.0}, "IN": {"precision": 0.7619047619047619, "recall": 0.5333333333333333, "f1-score": 0.6274509803921569, "support": 30.0}, "OP": {"precision": 0.8888888888888888, "recall": 0.47058823529411764, "f1-score": 0.6153846153846153, "support": 17.0}, "IP": {"precision": 0.5263157894736842, "recall": 0.625, "f1-score": 0.5714285714285714, "support": 16.0}, "it": {"precision": 0.0, "recall": 0.0, "f1-score": 0.0, "support": 0.0}, "ne": {"precision": 0.9230769230769231, "recall": 0.8888888888888888, "f1-score": 0.9056603773584906, "support": 27.0}, "sr": {"precision": 0.625, "recall": 1.0, "f1-score": 0.7692307692307693, "support": 5.0}, "nb": {"precision": 0.0, "recall": 0.0, "f1-score": 0.0, "support": 3.0}, "re": {"precision": 1.0, "recall": 1.0, "f1-score": 1.0, "support": 2.0}, "en": {"precision": 1.0, "recall": 1.0, "f1-score": 1.0, "support": 1.0}, "ra": {"precision": 1.0, "recall": 0.5, "f1-score": 0.6666666666666666, "support": 2.0}, "dtp": {"precision": 0.3333333333333333, "recall": 0.3333333333333333, "f1-score": 0.3333333333333333, "support": 6.0}, "fi": {"precision": 0.0, "recall": 0.0, "f1-score": 0.0, "support": 2.0}, "lt": {"precision": 0.4, "recall": 1.0, "f1-score": 0.5714285714285715, "support": 2.0}, "rv": {"precision": 0.5, "recall": 0.16666666666666666, "f1-score": 0.25, "support": 6.0}, "ob": {"precision": 0.0, "recall": 0.0, "f1-score": 0.0, "support": 6.0}, "rs": {"precision": 1.0, "recall": 0.5, "f1-score": 0.6666666666666666, "support": 6.0}, "av": {"precision": 1.0, "recall": 1.0, "f1-score": 1.0, "support": 1.0}, "ds": {"precision": 0.0, "recall": 0.0, "f1-score": 0.0, "support": 0.0}, "ed": {"precision": 0.0, "recall": 0.0, "f1-score": 0.0, "support": 3.0}}}