{"f1": 0.7557912363940831, "f1_macro": 0.7152031845175835, "precision": 0.7777139574956922, "recall": 0.7350705754614549, "accuracy": 0.6308693630869363, "threshold": 0.44999999999999996, "label_scores": {"MT": {"precision": 0.9888475836431226, "recall": 0.9637681159420289, "f1-score": 0.9761467889908256, "support": 276.0}, "LY": {"precision": 0.0, "recall": 0.0, "f1-score": 0.0, "support": 5.0}, "SP": {"precision": 0.0, "recall": 0.0, "f1-score": 0.0, "support": 18.0}, "ID": {"precision": 0.8243243243243243, "recall": 0.7922077922077922, "f1-score": 0.8079470198675496, "support": 231.0}, "NA": {"precision": 0.8046971569839307, "recall": 0.863395225464191, "f1-score": 0.8330134357005758, "support": 754.0}, "HI": {"precision": 0.7407407407407407, "recall": 0.5128205128205128, "f1-score": 0.6060606060606061, "support": 117.0}, "IN": {"precision": 0.6813186813186813, "recall": 0.6850828729281768, "f1-score": 0.6831955922865014, "support": 362.0}, "OP": {"precision": 0.7843137254901961, "recall": 0.704225352112676, "f1-score": 0.7421150278293135, "support": 284.0}, "IP": {"precision": 0.7666666666666667, "recall": 0.7301587301587301, "f1-score": 0.7479674796747968, "support": 252.0}, "it": {"precision": 0.0, "recall": 0.0, "f1-score": 0.0, "support": 13.0}, "ne": {"precision": 0.6234177215189873, "recall": 0.8755555555555555, "f1-score": 0.7282809611829946, "support": 225.0}, "sr": {"precision": 0.9365079365079365, "recall": 0.8309859154929577, "f1-score": 0.8805970149253731, "support": 71.0}, "nb": {"precision": 0.8487972508591065, "recall": 0.7417417417417418, "f1-score": 0.7916666666666669, "support": 333.0}, "re": {"precision": 0.0, "recall": 0.0, "f1-score": 0.0, "support": 8.0}, "en": {"precision": 1.0, "recall": 0.17777777777777778, "f1-score": 0.3018867924528302, "support": 45.0}, "ra": {"precision": 0.0, "recall": 0.0, "f1-score": 0.0, "support": 14.0}, "dtp": {"precision": 0.4727272727272727, "recall": 0.38235294117647056, "f1-score": 0.4227642276422764, "support": 136.0}, "fi": {"precision": 0.0, "recall": 0.0, "f1-score": 0.0, "support": 4.0}, "lt": {"precision": 0.0, "recall": 0.0, "f1-score": 0.0, "support": 26.0}, "rv": {"precision": 0.8301886792452831, "recall": 0.8073394495412844, "f1-score": 0.8186046511627908, "support": 109.0}, "ob": {"precision": 0.6, "recall": 0.4852941176470588, "f1-score": 0.5365853658536585, "support": 68.0}, "rs": {"precision": 0.8857142857142857, "recall": 0.7045454545454546, "f1-score": 0.7848101265822784, "support": 88.0}, "av": {"precision": 0.0, "recall": 0.0, "f1-score": 0.0, "support": 12.0}, "ds": {"precision": 0.7623318385650224, "recall": 0.8018867924528302, "f1-score": 0.781609195402299, "support": 212.0}, "ed": {"precision": 0.0, "recall": 0.0, "f1-score": 0.0, "support": 21.0}}}