{"f1": 0.7096774193548387, "precision": 0.6804123711340206, "recall": 0.7415730337078652, "accuracy": 0.4411764705882353, "pr_auc": 0.7785096446382098, "threshold": 0.3, "label_scores": {"": {"precision": 0.0, "recall": 0.0, "f1-score": 0.0, "support": 0.0}, "Forum": {"precision": 0.0, "recall": 0.0, "f1-score": 0.0, "support": 0.0}, "Information/Explanation": {"precision": 0.6875, "recall": 0.7333333333333333, "f1-score": 0.7096774193548386, "support": 15.0}, "Instruction": {"precision": 0.6666666666666666, "recall": 0.6666666666666666, "f1-score": 0.6666666666666666, "support": 6.0}, "Legal": {"precision": 1.0, "recall": 1.0, "f1-score": 1.0, "support": 1.0}, "News": {"precision": 0.8260869565217391, "recall": 0.95, "f1-score": 0.8837209302325583, "support": 20.0}, "Opinion/Argumentation": {"precision": 0.6875, "recall": 0.5238095238095238, "f1-score": 0.5945945945945946, "support": 21.0}, "Other": {"precision": 0.5, "recall": 0.3333333333333333, "f1-score": 0.4, "support": 3.0}, "Promotion": {"precision": 0.6296296296296297, "recall": 0.85, "f1-score": 0.723404255319149, "support": 20.0}, "Prose/Lyrical": {"precision": 0.5, "recall": 0.6666666666666666, "f1-score": 0.5714285714285715, "support": 3.0}}}