{"f1": 0.6436781609195402, "precision": 0.6, "recall": 0.6942148760330579, "accuracy": 0.5090361445783133, "pr_auc": 0.6787487414977696, "threshold": 0.35, "label_scores": {"": {"precision": 0.0, "recall": 0.0, "f1-score": 0.0, "support": 0.0}, "Forum": {"precision": 0.4444444444444444, "recall": 0.23529411764705882, "f1-score": 0.30769230769230765, "support": 17.0}, "Information/Explanation": {"precision": 0.42028985507246375, "recall": 0.6170212765957447, "f1-score": 0.5, "support": 47.0}, "Instruction": {"precision": 0.7272727272727273, "recall": 0.5, "f1-score": 0.5925925925925926, "support": 32.0}, "Legal": {"precision": 0.5, "recall": 0.875, "f1-score": 0.6363636363636364, "support": 8.0}, "News": {"precision": 0.6818181818181818, "recall": 0.9375, "f1-score": 0.7894736842105263, "support": 80.0}, "Opinion/Argumentation": {"precision": 0.375, "recall": 0.4883720930232558, "f1-score": 0.42424242424242425, "support": 43.0}, "Other": {"precision": 0.0, "recall": 0.0, "f1-score": 0.0, "support": 0.0}, "Promotion": {"precision": 0.7870370370370371, "recall": 0.7798165137614679, "f1-score": 0.7834101382488479, "support": 109.0}, "Prose/Lyrical": {"precision": 0.6, "recall": 0.5555555555555556, "f1-score": 0.576923076923077, "support": 27.0}}}