{"f1": 0.7654234925060996, "precision": 0.7748764996471419, "recall": 0.756198347107438, "accuracy": 0.6543110394842868, "pr_auc": 0.8480154374722777, "threshold": 0.44999999999999996, "label_scores": {"": {"precision": 0.0, "recall": 0.0, "f1-score": 0.0, "support": 0.0}, "Forum": {"precision": 0.872, "recall": 0.9083333333333333, "f1-score": 0.889795918367347, "support": 120.0}, "Information/Explanation": {"precision": 0.7192982456140351, "recall": 0.737410071942446, "f1-score": 0.7282415630550622, "support": 278.0}, "Instruction": {"precision": 0.8135593220338984, "recall": 0.6153846153846154, "f1-score": 0.7007299270072993, "support": 78.0}, "Legal": {"precision": 0.8333333333333334, "recall": 0.7894736842105263, "f1-score": 0.8108108108108109, "support": 38.0}, "News": {"precision": 0.759493670886076, "recall": 0.8163265306122449, "f1-score": 0.7868852459016394, "support": 147.0}, "Opinion/Argumentation": {"precision": 0.7194244604316546, "recall": 0.7633587786259542, "f1-score": 0.7407407407407407, "support": 262.0}, "Other": {"precision": 0.9361702127659575, "recall": 0.5569620253164557, "f1-score": 0.6984126984126984, "support": 79.0}, "Promotion": {"precision": 0.8264462809917356, "recall": 0.7915567282321899, "f1-score": 0.8086253369272237, "support": 379.0}, "Prose/Lyrical": {"precision": 0.6363636363636364, "recall": 0.5915492957746479, "f1-score": 0.6131386861313868, "support": 71.0}}}