{"f1": 0.6987951807228915, "precision": 0.75, "recall": 0.6541353383458647, "accuracy": 0.55, "pr_auc": 0.7852890765705716, "threshold": 0.5999999999999999, "label_scores": {}}