{"f1": 0.6888888888888889, "precision": 0.8017241379310345, "recall": 0.6038961038961039, "accuracy": 0.5639097744360902, "pr_auc": 0.7647132377123345, "threshold": 0.6499999999999999, "label_scores": {"": {"precision": 0.0, "recall": 0.0, "f1-score": 0.0, "support": 0.0}, "Forum": {"precision": 1.0, "recall": 0.5, "f1-score": 0.6666666666666666, "support": 4.0}, "Information/Explanation": {"precision": 0.8181818181818182, "recall": 0.45, "f1-score": 0.5806451612903226, "support": 40.0}, "Instruction": {"precision": 1.0, "recall": 0.4375, "f1-score": 0.6086956521739131, "support": 16.0}, "Legal": {"precision": 1.0, "recall": 1.0, "f1-score": 1.0, "support": 1.0}, "News": {"precision": 1.0, "recall": 0.6875, "f1-score": 0.8148148148148148, "support": 16.0}, "Opinion/Argumentation": {"precision": 0.6470588235294118, "recall": 0.5238095238095238, "f1-score": 0.5789473684210527, "support": 21.0}, "Other": {"precision": 0.8666666666666667, "recall": 0.7647058823529411, "f1-score": 0.8125, "support": 17.0}, "Promotion": {"precision": 0.7317073170731707, "recall": 0.8823529411764706, "f1-score": 0.8, "support": 34.0}, "Prose/Lyrical": {"precision": 0.0, "recall": 0.0, "f1-score": 0.0, "support": 5.0}}}