{"f1": 0.8705882352941176, "precision": 0.875, "recall": 0.8662207357859532, "accuracy": 0.75, "pr_auc": 0.9393027950011628, "threshold": 0.35, "label_scores": {}}