{"f1": 0.6298701298701299, "precision": 0.5843373493975904, "recall": 0.6830985915492958, "accuracy": 0.45, "pr_auc": 0.6695397065315126, "threshold": 0.3, "label_scores": {}}