{"f1": 0.7867036011080333, "precision": 0.7553191489361702, "recall": 0.8208092485549133, "accuracy": 0.7125, "pr_auc": 0.8447977887927096, "threshold": 0.39999999999999997, "label_scores": {"": {"precision": 0.0, "recall": 0.0, "f1-score": 0.0, "support": 0.0}, "Forum": {"precision": 0.0, "recall": 0.0, "f1-score": 0.0, "support": 1.0}, "Information/Explanation": {"precision": 0.7, "recall": 0.8484848484848485, "f1-score": 0.7671232876712328, "support": 33.0}, "Instruction": {"precision": 0.7142857142857143, "recall": 0.5555555555555556, "f1-score": 0.6250000000000001, "support": 9.0}, "Legal": {"precision": 0.5, "recall": 1.0, "f1-score": 0.6666666666666666, "support": 1.0}, "News": {"precision": 0.9333333333333333, "recall": 0.9722222222222222, "f1-score": 0.9523809523809524, "support": 72.0}, "Opinion/Argumentation": {"precision": 0.5, "recall": 0.8125, "f1-score": 0.6190476190476191, "support": 16.0}, "Other": {"precision": 0.3333333333333333, "recall": 0.5714285714285714, "f1-score": 0.4210526315789474, "support": 7.0}, "Promotion": {"precision": 0.8333333333333334, "recall": 0.4166666666666667, "f1-score": 0.5555555555555556, "support": 12.0}, "Prose/Lyrical": {"precision": 0.8888888888888888, "recall": 0.7272727272727273, "f1-score": 0.7999999999999999, "support": 22.0}}}