{"f1": 0.6570048309178744, "precision": 0.6538461538461539, "recall": 0.6601941747572816, "accuracy": 0.58, "pr_auc": 0.6934578820808985, "threshold": 0.49999999999999994, "label_scores": {"": {"precision": 0.0, "recall": 0.0, "f1-score": 0.0, "support": 0.0}, "Forum": {"precision": 0.5, "recall": 0.25, "f1-score": 0.3333333333333333, "support": 4.0}, "Information/Explanation": {"precision": 0.5217391304347826, "recall": 0.5454545454545454, "f1-score": 0.5333333333333332, "support": 22.0}, "Instruction": {"precision": 1.0, "recall": 0.2857142857142857, "f1-score": 0.4444444444444445, "support": 7.0}, "Legal": {"precision": 0.6666666666666666, "recall": 0.6666666666666666, "f1-score": 0.6666666666666666, "support": 3.0}, "News": {"precision": 0.75, "recall": 0.9473684210526315, "f1-score": 0.8372093023255814, "support": 19.0}, "Opinion/Argumentation": {"precision": 0.45454545454545453, "recall": 0.45454545454545453, "f1-score": 0.45454545454545453, "support": 11.0}, "Other": {"precision": 0.2, "recall": 1.0, "f1-score": 0.33333333333333337, "support": 1.0}, "Promotion": {"precision": 0.8275862068965517, "recall": 0.8275862068965517, "f1-score": 0.8275862068965517, "support": 29.0}, "Prose/Lyrical": {"precision": 0.6, "recall": 0.42857142857142855, "f1-score": 0.5, "support": 7.0}}}