{"f1": 0.783882783882784, "precision": 0.7993596584845251, "recall": 0.768993839835729, "accuracy": 0.7248908296943232, "pr_auc": 0.8410805165368243, "threshold": 0.49999999999999994, "label_scores": {"": {"precision": 0.0, "recall": 0.0, "f1-score": 0.0, "support": 0.0}, "Forum": {"precision": 0.6875, "recall": 0.4782608695652174, "f1-score": 0.5641025641025642, "support": 23.0}, "Information/Explanation": {"precision": 0.6722689075630253, "recall": 0.6201550387596899, "f1-score": 0.6451612903225806, "support": 129.0}, "Instruction": {"precision": 0.7428571428571429, "recall": 0.7222222222222222, "f1-score": 0.732394366197183, "support": 36.0}, "Legal": {"precision": 0.8604651162790697, "recall": 0.6981132075471698, "f1-score": 0.7708333333333334, "support": 53.0}, "News": {"precision": 0.8967136150234741, "recall": 0.9362745098039216, "f1-score": 0.9160671462829735, "support": 204.0}, "Opinion/Argumentation": {"precision": 0.7205882352941176, "recall": 0.7205882352941176, "f1-score": 0.7205882352941176, "support": 136.0}, "Other": {"precision": 0.9583333333333334, "recall": 0.5609756097560976, "f1-score": 0.7076923076923077, "support": 123.0}, "Promotion": {"precision": 0.7770034843205574, "recall": 0.8884462151394422, "f1-score": 0.8289962825278809, "support": 251.0}, "Prose/Lyrical": {"precision": 0.875, "recall": 0.7368421052631579, "f1-score": 0.7999999999999999, "support": 19.0}}}