{"f1": 0.793657595886008, "precision": 0.7804466919511167, "recall": 0.8073234524847428, "accuracy": 0.7322175732217573, "pr_auc": 0.8716273836615558, "threshold": 0.44999999999999996, "label_scores": {"": {"precision": 0.0, "recall": 0.0, "f1-score": 0.0, "support": 0.0}, "Forum": {"precision": 0.8240343347639485, "recall": 0.8311688311688312, "f1-score": 0.8275862068965518, "support": 231.0}, "Information/Explanation": {"precision": 0.7048192771084337, "recall": 0.7027027027027027, "f1-score": 0.7037593984962406, "support": 333.0}, "Instruction": {"precision": 0.8111111111111111, "recall": 0.6033057851239669, "f1-score": 0.6919431279620853, "support": 121.0}, "Legal": {"precision": 0.6666666666666666, "recall": 0.5384615384615384, "f1-score": 0.5957446808510638, "support": 26.0}, "News": {"precision": 0.6765432098765433, "recall": 0.9256756756756757, "f1-score": 0.7817403708987163, "support": 296.0}, "Opinion/Argumentation": {"precision": 0.785234899328859, "recall": 0.8602941176470589, "f1-score": 0.8210526315789475, "support": 544.0}, "Other": {"precision": 0.9891304347826086, "recall": 0.9285714285714286, "f1-score": 0.9578947368421052, "support": 294.0}, "Promotion": {"precision": 0.7578125, "recall": 0.8398268398268398, "f1-score": 0.7967145790554414, "support": 231.0}, "Prose/Lyrical": {"precision": 0.7926829268292683, "recall": 0.5963302752293578, "f1-score": 0.6806282722513088, "support": 218.0}}}