{"f1": 0.6976744186046511, "precision": 0.7835820895522388, "recall": 0.6287425149700598, "accuracy": 0.5108695652173914, "pr_auc": 0.7804659243512664, "threshold": 0.44999999999999996, "label_scores": {}}