{"f1": 0.6883936080740118, "f1_macro": 0.6597345209084456, "precision": 0.6957076073098173, "recall": 0.6812317935913441, "accuracy": 0.4238517324738114, "threshold": 0.39999999999999997, "label_scores": {"MT": {"precision": 0.8695652173913043, "recall": 0.625, "f1-score": 0.7272727272727273, "support": 64.0}, "LY": {"precision": 0.0, "recall": 0.0, "f1-score": 0.0, "support": 13.0}, "SP": {"precision": 0.0, "recall": 0.0, "f1-score": 0.0, "support": 15.0}, "ID": {"precision": 0.8849557522123894, "recall": 0.8333333333333334, "f1-score": 0.8583690987124464, "support": 120.0}, "NA": {"precision": 0.6861702127659575, "recall": 0.7938461538461539, "f1-score": 0.7360912981455064, "support": 325.0}, "HI": {"precision": 0.6923076923076923, "recall": 0.5, "f1-score": 0.5806451612903226, "support": 72.0}, "IN": {"precision": 0.7303030303030303, "recall": 0.753125, "f1-score": 0.7415384615384616, "support": 320.0}, "OP": {"precision": 0.6, "recall": 0.6, "f1-score": 0.6, "support": 150.0}, "IP": {"precision": 0.7529691211401425, "recall": 0.8149100257069408, "f1-score": 0.7827160493827159, "support": 389.0}, "it": {"precision": 0.0, "recall": 0.0, "f1-score": 0.0, "support": 8.0}, "ne": {"precision": 0.64, "recall": 0.7741935483870968, "f1-score": 0.7007299270072993, "support": 124.0}, "sr": {"precision": 0.9473684210526315, "recall": 0.782608695652174, "f1-score": 0.8571428571428571, "support": 23.0}, "nb": {"precision": 0.6666666666666666, "recall": 0.65625, "f1-score": 0.6614173228346457, "support": 128.0}, "re": {"precision": 1.0, "recall": 0.6190476190476191, "f1-score": 0.7647058823529412, "support": 21.0}, "en": {"precision": 0.696969696969697, "recall": 0.6764705882352942, "f1-score": 0.6865671641791046, "support": 34.0}, "ra": {"precision": 0.0, "recall": 0.0, "f1-score": 0.0, "support": 10.0}, "dtp": {"precision": 0.49375, "recall": 0.5302013422818792, "f1-score": 0.511326860841424, "support": 149.0}, "fi": {"precision": 0.0, "recall": 0.0, "f1-score": 0.0, "support": 6.0}, "lt": {"precision": 0.0, "recall": 0.0, "f1-score": 0.0, "support": 38.0}, "rv": {"precision": 0.7538461538461538, "recall": 0.6447368421052632, "f1-score": 0.6950354609929077, "support": 76.0}, "ob": {"precision": 0.47058823529411764, "recall": 0.2962962962962963, "f1-score": 0.3636363636363636, "support": 27.0}, "rs": {"precision": 1.0, "recall": 0.14285714285714285, "f1-score": 0.25, "support": 7.0}, "av": {"precision": 0.0, "recall": 0.0, "f1-score": 0.0, "support": 28.0}, "ds": {"precision": 0.6548042704626335, "recall": 0.7479674796747967, "f1-score": 0.6982922201138521, "support": 246.0}, "ed": {"precision": 0.0, "recall": 0.0, "f1-score": 0.0, "support": 10.0}}}