{"f1": 0.8085188027628548, "precision": 0.8544201135442011, "recall": 0.7672978878368536, "accuracy": 0.6279969064191802, "pr_auc": 0.8724784281498639, "threshold": 0.49999999999999994, "label_scores": {"MT": {"precision": 0.9270833333333334, "recall": 0.7672413793103449, "f1-score": 0.839622641509434, "support": 116.0}, "LY": {"precision": 1.0, "recall": 0.4, "f1-score": 0.5714285714285715, "support": 15.0}, "SP": {"precision": 0.625, "recall": 0.7142857142857143, "f1-score": 0.6666666666666666, "support": 7.0}, "ID": {"precision": 0.825, "recall": 0.6470588235294118, "f1-score": 0.7252747252747253, "support": 51.0}, "NA": {"precision": 0.9065155807365439, "recall": 0.8142493638676844, "f1-score": 0.8579088471849866, "support": 393.0}, "HI": {"precision": 0.7894736842105263, "recall": 0.5769230769230769, "f1-score": 0.6666666666666666, "support": 78.0}, "IN": {"precision": 0.8664495114006515, "recall": 0.7869822485207101, "f1-score": 0.8248062015503876, "support": 338.0}, "OP": {"precision": 0.7701863354037267, "recall": 0.7560975609756098, "f1-score": 0.7630769230769231, "support": 164.0}, "IP": {"precision": 0.8655256723716381, "recall": 0.8309859154929577, "f1-score": 0.8479041916167664, "support": 426.0}, "it": {"precision": 0.625, "recall": 0.8333333333333334, "f1-score": 0.7142857142857143, "support": 6.0}, "ne": {"precision": 0.8433734939759037, "recall": 0.7368421052631579, "f1-score": 0.7865168539325843, "support": 95.0}, "sr": {"precision": 0.8888888888888888, "recall": 0.5714285714285714, "f1-score": 0.6956521739130435, "support": 14.0}, "nb": {"precision": 0.9022222222222223, "recall": 0.8252032520325203, "f1-score": 0.8619957537154989, "support": 246.0}, "re": {"precision": 0.8823529411764706, "recall": 0.8333333333333334, "f1-score": 0.8571428571428571, "support": 18.0}, "en": {"precision": 0.9538461538461539, "recall": 0.9323308270676691, "f1-score": 0.9429657794676807, "support": 133.0}, "ra": {"precision": 0.0, "recall": 0.0, "f1-score": 0.0, "support": 1.0}, "dtp": {"precision": 0.673469387755102, "recall": 0.3548387096774194, "f1-score": 0.4647887323943662, "support": 93.0}, "fi": {"precision": 1.0, "recall": 0.5666666666666667, "f1-score": 0.7234042553191489, "support": 30.0}, "lt": {"precision": 0.8, "recall": 0.7368421052631579, "f1-score": 0.7671232876712328, "support": 38.0}, "rv": {"precision": 0.8235294117647058, "recall": 0.8235294117647058, "f1-score": 0.8235294117647058, "support": 68.0}, "ob": {"precision": 0.8461538461538461, "recall": 0.6111111111111112, "f1-score": 0.7096774193548387, "support": 54.0}, "rs": {"precision": 1.0, "recall": 0.4444444444444444, "f1-score": 0.6153846153846153, "support": 9.0}, "av": {"precision": 0.7, "recall": 0.5185185185185185, "f1-score": 0.5957446808510639, "support": 27.0}, "ds": {"precision": 0.7846153846153846, "recall": 0.804416403785489, "f1-score": 0.794392523364486, "support": 317.0}, "ed": {"precision": 0.0, "recall": 0.0, "f1-score": 0.0, "support": 9.0}}}