{"f1": 0.5975589910496337, "precision": 0.6506024096385542, "recall": 0.5525127896479085, "accuracy": 0.2925801011804384, "pr_auc": 0.6381066992684535, "threshold": 0.3, "label_scores": {"MT": {"precision": 0.22115384615384615, "recall": 0.7931034482758621, "f1-score": 0.34586466165413526, "support": 29.0}, "LY": {"precision": 0.8888888888888888, "recall": 0.6666666666666666, "f1-score": 0.761904761904762, "support": 12.0}, "SP": {"precision": 1.0, "recall": 0.009615384615384616, "f1-score": 0.01904761904761905, "support": 104.0}, "ID": {"precision": 0.4375, "recall": 0.1590909090909091, "f1-score": 0.23333333333333334, "support": 44.0}, "NA": {"precision": 0.8674698795180723, "recall": 0.7461139896373057, "f1-score": 0.8022284122562673, "support": 579.0}, "HI": {"precision": 0.5827338129496403, "recall": 0.6377952755905512, "f1-score": 0.6090225563909774, "support": 127.0}, "IN": {"precision": 0.771551724137931, "recall": 0.33025830258302585, "f1-score": 0.46253229974160204, "support": 542.0}, "OP": {"precision": 0.6272727272727273, "recall": 0.4709897610921502, "f1-score": 0.5380116959064327, "support": 293.0}, "IP": {"precision": 0.6078431372549019, "recall": 0.7898089171974523, "f1-score": 0.6869806094182825, "support": 314.0}, "it": {"precision": 0.0, "recall": 0.0, "f1-score": 0.0, "support": 13.0}, "ne": {"precision": 0.7885714285714286, "recall": 0.9324324324324325, "f1-score": 0.8544891640866872, "support": 296.0}, "sr": {"precision": 0.84, "recall": 0.9130434782608695, "f1-score": 0.8749999999999999, "support": 46.0}, "nb": {"precision": 0.5154639175257731, "recall": 0.33112582781456956, "f1-score": 0.40322580645161293, "support": 151.0}, "re": {"precision": 0.9230769230769231, "recall": 0.75, "f1-score": 0.8275862068965517, "support": 16.0}, "en": {"precision": 0.5555555555555556, "recall": 0.2631578947368421, "f1-score": 0.35714285714285715, "support": 19.0}, "ra": {"precision": 0.0, "recall": 0.0, "f1-score": 0.0, "support": 14.0}, "dtp": {"precision": 0.3153153153153153, "recall": 0.18229166666666666, "f1-score": 0.23102310231023102, "support": 192.0}, "fi": {"precision": 1.0, "recall": 0.5, "f1-score": 0.6666666666666666, "support": 2.0}, "lt": {"precision": 0.35714285714285715, "recall": 0.38461538461538464, "f1-score": 0.3703703703703704, "support": 13.0}, "rv": {"precision": 0.5686274509803921, "recall": 0.4461538461538462, "f1-score": 0.5, "support": 65.0}, "ob": {"precision": 0.5416666666666666, "recall": 0.11711711711711711, "f1-score": 0.1925925925925926, "support": 111.0}, "rs": {"precision": 0.8275862068965517, "recall": 0.6857142857142857, "f1-score": 0.75, "support": 35.0}, "av": {"precision": 0.358695652173913, "recall": 0.515625, "f1-score": 0.423076923076923, "support": 64.0}, "ds": {"precision": 0.5739644970414202, "recall": 0.8434782608695652, "f1-score": 0.6830985915492959, "support": 230.0}, "ed": {"precision": 0.0, "recall": 0.0, "f1-score": 0.0, "support": 12.0}}}