{"f1": 0.6245794392523365, "f1_macro": 0.5892977577257541, "precision": 0.6226010806782187, "recall": 0.6265704106506657, "accuracy": 0.536837705089351, "threshold": 0.44999999999999996, "label_scores": {"Forum": {"precision": 0.8246153846153846, "recall": 0.7813411078717201, "f1-score": 0.8023952095808382, "support": 686.0}, "Information/Explanation": {"precision": 0.8048582995951417, "recall": 0.398876404494382, "f1-score": 0.5334048832841427, "support": 2492.0}, "Instruction": {"precision": 0.5725806451612904, "recall": 0.45610278372591007, "f1-score": 0.5077473182359953, "support": 467.0}, "Legal": {"precision": 0.6190476190476191, "recall": 0.65, "f1-score": 0.6341463414634146, "support": 40.0}, "News": {"precision": 0.8996229971724788, "recall": 0.6455867433209334, "f1-score": 0.7517227800748179, "support": 2957.0}, "Opinion/Argumentation": {"precision": 0.5832016850974197, "recall": 0.8463889950324799, "f1-score": 0.6905689789555728, "support": 2617.0}, "Other": {"precision": 0.5520833333333334, "recall": 0.726027397260274, "f1-score": 0.6272189349112427, "support": 146.0}, "Promotion": {"precision": 0.2316764953664701, "recall": 0.7180156657963447, "f1-score": 0.35031847133757965, "support": 383.0}, "Prose/Lyrical": {"precision": 0.3600352112676056, "recall": 0.46583143507972663, "f1-score": 0.40615690168818264, "support": 878.0}}}