{"f1": 0.6606110652353427, "precision": 0.6528243721098921, "recall": 0.6685857554090445, "accuracy": 0.5398683247988295, "threshold": 0.44999999999999996, "label_scores": {"MT": {"precision": 0.0, "recall": 0.0, "f1-score": 0.0, "support": 0.0}, "LY": {"precision": 0.978494623655914, "recall": 0.674074074074074, "f1-score": 0.7982456140350878, "support": 135.0}, "SP": {"precision": 0.6463414634146342, "recall": 0.726027397260274, "f1-score": 0.6838709677419356, "support": 146.0}, "ID": {"precision": 0.8246153846153846, "recall": 0.7813411078717201, "f1-score": 0.8023952095808382, "support": 686.0}, "NA": {"precision": 0.7559550561797753, "recall": 0.7889305816135085, "f1-score": 0.7720908882258435, "support": 4264.0}, "HI": {"precision": 0.5506849315068493, "recall": 0.48905109489051096, "f1-score": 0.518041237113402, "support": 411.0}, "IN": {"precision": 0.8551401869158879, "recall": 0.42295839753466874, "f1-score": 0.565979381443299, "support": 2596.0}, "OP": {"precision": 0.5427350427350427, "recall": 0.7158290277125411, "f1-score": 0.6173789750860846, "support": 2129.0}, "IP": {"precision": 0.2358887952822241, "recall": 0.6965174129353234, "f1-score": 0.3524229074889868, "support": 402.0}}}