{"f1": 0.8161350844277674, "precision": 0.8050586057988895, "recall": 0.8275206087507927, "accuracy": 0.6921887084300077, "pr_auc": 0.8922796146820917, "threshold": 0.39999999999999997, "label_scores": {"": {"precision": 0.0, "recall": 0.0, "f1-score": 0.0, "support": 0.0}, "Forum": {"precision": 0.8536585365853658, "recall": 0.6862745098039216, "f1-score": 0.7608695652173912, "support": 51.0}, "Information/Explanation": {"precision": 0.754325259515571, "recall": 0.8044280442804428, "f1-score": 0.7785714285714287, "support": 271.0}, "Instruction": {"precision": 0.7068965517241379, "recall": 0.7663551401869159, "f1-score": 0.7354260089686098, "support": 107.0}, "Legal": {"precision": 0.75, "recall": 0.7894736842105263, "f1-score": 0.7692307692307692, "support": 38.0}, "News": {"precision": 0.7522935779816514, "recall": 0.7522935779816514, "f1-score": 0.7522935779816514, "support": 109.0}, "Opinion/Argumentation": {"precision": 0.8337349397590361, "recall": 0.8781725888324873, "f1-score": 0.8553770086526575, "support": 394.0}, "Other": {"precision": 0.9130434782608695, "recall": 0.8536585365853658, "f1-score": 0.8823529411764706, "support": 123.0}, "Promotion": {"precision": 0.8480725623582767, "recall": 0.8968824940047961, "f1-score": 0.8717948717948717, "support": 417.0}, "Prose/Lyrical": {"precision": 0.6, "recall": 0.4925373134328358, "f1-score": 0.5409836065573771, "support": 67.0}}}