{"f1": 0.7934027777777778, "precision": 0.7899740708729472, "recall": 0.7968613775065388, "accuracy": 0.7391910739191074, "pr_auc": 0.873918242055358, "threshold": 0.44999999999999996, "label_scores": {"": {"precision": 0.0, "recall": 0.0, "f1-score": 0.0, "support": 0.0}, "Forum": {"precision": 0.8928571428571429, "recall": 0.7575757575757576, "f1-score": 0.819672131147541, "support": 231.0}, "Information/Explanation": {"precision": 0.7481481481481481, "recall": 0.6066066066066066, "f1-score": 0.669983416252073, "support": 333.0}, "Instruction": {"precision": 0.7521367521367521, "recall": 0.7272727272727273, "f1-score": 0.7394957983193278, "support": 121.0}, "Legal": {"precision": 0.6818181818181818, "recall": 0.5769230769230769, "f1-score": 0.6249999999999999, "support": 26.0}, "News": {"precision": 0.6764705882352942, "recall": 0.9324324324324325, "f1-score": 0.7840909090909092, "support": 296.0}, "Opinion/Argumentation": {"precision": 0.7933450087565674, "recall": 0.8327205882352942, "f1-score": 0.8125560538116592, "support": 544.0}, "Other": {"precision": 0.9787234042553191, "recall": 0.9387755102040817, "f1-score": 0.9583333333333333, "support": 294.0}, "Promotion": {"precision": 0.7916666666666666, "recall": 0.8225108225108225, "f1-score": 0.8067940552016986, "support": 231.0}, "Prose/Lyrical": {"precision": 0.7355769230769231, "recall": 0.7018348623853211, "f1-score": 0.7183098591549297, "support": 218.0}}}