{"f1": 0.7714907508161045, "precision": 0.8206018518518519, "recall": 0.7279260780287474, "accuracy": 0.7063318777292577, "pr_auc": 0.8420596182619153, "threshold": 0.5499999999999999, "label_scores": {"Forum": {"precision": 0.6, "recall": 0.2608695652173913, "f1-score": 0.36363636363636365, "support": 23.0}, "Information/Explanation": {"precision": 0.6581196581196581, "recall": 0.5968992248062015, "f1-score": 0.6260162601626015, "support": 129.0}, "Instruction": {"precision": 0.7428571428571429, "recall": 0.7222222222222222, "f1-score": 0.732394366197183, "support": 36.0}, "Legal": {"precision": 0.8636363636363636, "recall": 0.7169811320754716, "f1-score": 0.7835051546391751, "support": 53.0}, "News": {"precision": 0.8842592592592593, "recall": 0.9362745098039216, "f1-score": 0.9095238095238095, "support": 204.0}, "Opinion/Argumentation": {"precision": 0.8037383177570093, "recall": 0.6323529411764706, "f1-score": 0.7078189300411524, "support": 136.0}, "Other": {"precision": 0.9493670886075949, "recall": 0.6097560975609756, "f1-score": 0.7425742574257426, "support": 123.0}, "Promotion": {"precision": 0.8166666666666667, "recall": 0.7808764940239044, "f1-score": 0.7983706720977596, "support": 251.0}, "Prose/Lyrical": {"precision": 0.875, "recall": 0.7368421052631579, "f1-score": 0.7999999999999999, "support": 19.0}}}