{"f1": 0.632768361581921, "precision": 0.6153846153846154, "recall": 0.6511627906976745, "accuracy": 0.526813880126183, "pr_auc": 0.6308386973397636, "threshold": 0.39999999999999997, "label_scores": {"": {"precision": 0.0, "recall": 0.0, "f1-score": 0.0, "support": 0.0}, "Forum": {"precision": 0.6363636363636364, "recall": 0.875, "f1-score": 0.7368421052631579, "support": 8.0}, "Information/Explanation": {"precision": 0.4725274725274725, "recall": 0.9148936170212766, "f1-score": 0.6231884057971014, "support": 47.0}, "Instruction": {"precision": 0.42105263157894735, "recall": 0.5, "f1-score": 0.45714285714285713, "support": 16.0}, "Legal": {"precision": 0.8333333333333334, "recall": 0.5882352941176471, "f1-score": 0.6896551724137931, "support": 17.0}, "News": {"precision": 0.6857142857142857, "recall": 0.7741935483870968, "f1-score": 0.7272727272727272, "support": 31.0}, "Opinion/Argumentation": {"precision": 0.32727272727272727, "recall": 0.3673469387755102, "f1-score": 0.34615384615384615, "support": 49.0}, "Other": {"precision": 0.0, "recall": 0.0, "f1-score": 0.0, "support": 6.0}, "Promotion": {"precision": 0.8586956521739131, "recall": 0.6991150442477876, "f1-score": 0.7707317073170731, "support": 113.0}, "Prose/Lyrical": {"precision": 0.8536585365853658, "recall": 0.6140350877192983, "f1-score": 0.7142857142857142, "support": 57.0}}}