{"f1": 0.7005649717514125, "precision": 0.7045454545454546, "recall": 0.6966292134831461, "accuracy": 0.4852941176470588, "pr_auc": 0.7816923930338406, "threshold": 0.3, "label_scores": {"": {"precision": 0.0, "recall": 0.0, "f1-score": 0.0, "support": 0.0}, "Forum": {"precision": 0.0, "recall": 0.0, "f1-score": 0.0, "support": 0.0}, "Information/Explanation": {"precision": 0.75, "recall": 0.6, "f1-score": 0.6666666666666665, "support": 15.0}, "Instruction": {"precision": 0.5714285714285714, "recall": 0.6666666666666666, "f1-score": 0.6153846153846153, "support": 6.0}, "Legal": {"precision": 1.0, "recall": 1.0, "f1-score": 1.0, "support": 1.0}, "News": {"precision": 0.8333333333333334, "recall": 1.0, "f1-score": 0.9090909090909091, "support": 20.0}, "Opinion/Argumentation": {"precision": 0.7272727272727273, "recall": 0.38095238095238093, "f1-score": 0.5, "support": 21.0}, "Other": {"precision": 0.5, "recall": 0.3333333333333333, "f1-score": 0.4, "support": 3.0}, "Promotion": {"precision": 0.6666666666666666, "recall": 0.9, "f1-score": 0.7659574468085106, "support": 20.0}, "Prose/Lyrical": {"precision": 0.3333333333333333, "recall": 0.3333333333333333, "f1-score": 0.3333333333333333, "support": 3.0}}}