{"f1": 0.6697674418604651, "precision": 0.6486486486486487, "recall": 0.6923076923076923, "accuracy": 0.59, "pr_auc": 0.6923634835511163, "threshold": 0.44999999999999996, "label_scores": {"Forum": {"precision": 0.5, "recall": 1.0, "f1-score": 0.6666666666666666, "support": 4.0}, "Information/Explanation": {"precision": 0.48148148148148145, "recall": 1.0, "f1-score": 0.65, "support": 13.0}, "Instruction": {"precision": 0.75, "recall": 0.3, "f1-score": 0.4285714285714285, "support": 10.0}, "Legal": {"precision": 0.6666666666666666, "recall": 1.0, "f1-score": 0.8, "support": 2.0}, "News": {"precision": 0.0, "recall": 0.0, "f1-score": 0.0, "support": 3.0}, "Opinion/Argumentation": {"precision": 0.8695652173913043, "recall": 0.5882352941176471, "f1-score": 0.7017543859649124, "support": 34.0}, "Other": {"precision": 0.5, "recall": 0.2, "f1-score": 0.28571428571428575, "support": 5.0}, "Promotion": {"precision": 0.7435897435897436, "recall": 0.8787878787878788, "f1-score": 0.8055555555555556, "support": 33.0}, "Prose/Lyrical": {"precision": 0.0, "recall": 0.0, "f1-score": 0.0, "support": 0.0}}}