{"f1": 0.8131622978248745, "f1_macro": 0.7705679845222029, "precision": 0.8191011235955056, "recall": 0.8073089700996677, "accuracy": 0.6372315035799523, "threshold": 0.44999999999999996, "label_scores": {"MT": {"precision": 0.9459459459459459, "recall": 0.9210526315789473, "f1-score": 0.9333333333333332, "support": 38.0}, "LY": {"precision": 1.0, "recall": 0.5, "f1-score": 0.6666666666666666, "support": 2.0}, "SP": {"precision": 0.0, "recall": 0.0, "f1-score": 0.0, "support": 1.0}, "ID": {"precision": 0.6875, "recall": 0.8461538461538461, "f1-score": 0.7586206896551724, "support": 13.0}, "NA": {"precision": 0.8442622950819673, "recall": 0.8046875, "f1-score": 0.824, "support": 128.0}, "HI": {"precision": 0.7777777777777778, "recall": 0.5384615384615384, "f1-score": 0.6363636363636364, "support": 26.0}, "IN": {"precision": 0.8442622950819673, "recall": 0.865546218487395, "f1-score": 0.8547717842323651, "support": 119.0}, "OP": {"precision": 0.7450980392156863, "recall": 0.7169811320754716, "f1-score": 0.7307692307692308, "support": 53.0}, "IP": {"precision": 0.8226950354609929, "recall": 0.8529411764705882, "f1-score": 0.8375451263537906, "support": 136.0}, "it": {"precision": 0.0, "recall": 0.0, "f1-score": 0.0, "support": 1.0}, "ne": {"precision": 0.7142857142857143, "recall": 0.5769230769230769, "f1-score": 0.6382978723404256, "support": 26.0}, "sr": {"precision": 0.7142857142857143, "recall": 0.8333333333333334, "f1-score": 0.7692307692307692, "support": 6.0}, "nb": {"precision": 0.8275862068965517, "recall": 0.8275862068965517, "f1-score": 0.8275862068965517, "support": 87.0}, "re": {"precision": 1.0, "recall": 1.0, "f1-score": 1.0, "support": 5.0}, "en": {"precision": 0.9830508474576272, "recall": 1.0, "f1-score": 0.9914529914529915, "support": 58.0}, "ra": {"precision": 0.0, "recall": 0.0, "f1-score": 0.0, "support": 0.0}, "dtp": {"precision": 0.6, "recall": 0.5172413793103449, "f1-score": 0.5555555555555556, "support": 29.0}, "fi": {"precision": 1.0, "recall": 0.6666666666666666, "f1-score": 0.8, "support": 12.0}, "lt": {"precision": 0.8181818181818182, "recall": 0.8181818181818182, "f1-score": 0.8181818181818182, "support": 11.0}, "rv": {"precision": 0.8421052631578947, "recall": 0.7272727272727273, "f1-score": 0.7804878048780488, "support": 22.0}, "ob": {"precision": 0.5789473684210527, "recall": 0.7333333333333333, "f1-score": 0.6470588235294117, "support": 15.0}, "rs": {"precision": 0.75, "recall": 1.0, "f1-score": 0.8571428571428571, "support": 3.0}, "av": {"precision": 0.5, "recall": 0.375, "f1-score": 0.42857142857142855, "support": 8.0}, "ds": {"precision": 0.7927927927927928, "recall": 0.8627450980392157, "f1-score": 0.8262910798122066, "support": 102.0}, "ed": {"precision": 0.0, "recall": 0.0, "f1-score": 0.0, "support": 2.0}}}