{"f1": 0.8046833422032996, "f1_macro": 0.7713007742953697, "precision": 0.8068303094983992, "recall": 0.802547770700637, "accuracy": 0.6811862835959221, "threshold": 0.44999999999999996, "label_scores": {"MT": {"precision": 0.9855072463768116, "recall": 0.9784172661870504, "f1-score": 0.9819494584837546, "support": 139.0}, "LY": {"precision": 1.0, "recall": 0.6666666666666666, "f1-score": 0.8, "support": 3.0}, "SP": {"precision": 0.625, "recall": 0.7142857142857143, "f1-score": 0.6666666666666666, "support": 7.0}, "ID": {"precision": 0.8205128205128205, "recall": 0.8888888888888888, "f1-score": 0.8533333333333333, "support": 108.0}, "NA": {"precision": 0.8604651162790697, "recall": 0.8409090909090909, "f1-score": 0.8505747126436781, "support": 396.0}, "HI": {"precision": 0.7241379310344828, "recall": 0.7636363636363637, "f1-score": 0.7433628318584072, "support": 55.0}, "IN": {"precision": 0.7005347593582888, "recall": 0.7616279069767442, "f1-score": 0.7298050139275766, "support": 172.0}, "OP": {"precision": 0.8615384615384616, "recall": 0.8, "f1-score": 0.8296296296296297, "support": 140.0}, "IP": {"precision": 0.7533333333333333, "recall": 0.8432835820895522, "f1-score": 0.7957746478873239, "support": 134.0}, "it": {"precision": 0.625, "recall": 0.7142857142857143, "f1-score": 0.6666666666666666, "support": 7.0}, "ne": {"precision": 0.7605633802816901, "recall": 0.7769784172661871, "f1-score": 0.7686832740213524, "support": 139.0}, "sr": {"precision": 0.9117647058823529, "recall": 0.9393939393939394, "f1-score": 0.9253731343283583, "support": 33.0}, "nb": {"precision": 0.8301886792452831, "recall": 0.7630057803468208, "f1-score": 0.7951807228915662, "support": 173.0}, "re": {"precision": 0.8181818181818182, "recall": 0.9, "f1-score": 0.8571428571428572, "support": 10.0}, "en": {"precision": 0.7058823529411765, "recall": 0.5, "f1-score": 0.5853658536585366, "support": 24.0}, "ra": {"precision": 1.0, "recall": 0.625, "f1-score": 0.7692307692307693, "support": 8.0}, "dtp": {"precision": 0.5441176470588235, "recall": 0.5441176470588235, "f1-score": 0.5441176470588235, "support": 68.0}, "fi": {"precision": 0.0, "recall": 0.0, "f1-score": 0.0, "support": 1.0}, "lt": {"precision": 0.6666666666666666, "recall": 0.6666666666666666, "f1-score": 0.6666666666666666, "support": 12.0}, "rv": {"precision": 0.8913043478260869, "recall": 0.7884615384615384, "f1-score": 0.836734693877551, "support": 52.0}, "ob": {"precision": 0.6666666666666666, "recall": 0.5789473684210527, "f1-score": 0.619718309859155, "support": 38.0}, "rs": {"precision": 0.8604651162790697, "recall": 0.9024390243902439, "f1-score": 0.8809523809523809, "support": 41.0}, "av": {"precision": 0.0, "recall": 0.0, "f1-score": 0.0, "support": 2.0}, "ds": {"precision": 0.7983193277310925, "recall": 0.8050847457627118, "f1-score": 0.8016877637130803, "support": 118.0}, "ed": {"precision": 0.0, "recall": 0.0, "f1-score": 0.0, "support": 4.0}}}