{"f1": 0.7548543689320388, "f1_macro": 0.7374770439342919, "precision": 0.7395957193816884, "recall": 0.7707558859975217, "accuracy": 0.5171568627450981, "threshold": 0.39999999999999997, "label_scores": {"MT": {"precision": 0.9285714285714286, "recall": 0.5909090909090909, "f1-score": 0.7222222222222223, "support": 22.0}, "LY": {"precision": 1.0, "recall": 1.0, "f1-score": 1.0, "support": 4.0}, "SP": {"precision": 0.75, "recall": 0.5, "f1-score": 0.6, "support": 6.0}, "ID": {"precision": 0.9166666666666666, "recall": 0.868421052631579, "f1-score": 0.8918918918918918, "support": 38.0}, "NA": {"precision": 0.7767857142857143, "recall": 0.8130841121495327, "f1-score": 0.7945205479452055, "support": 107.0}, "HI": {"precision": 0.6666666666666666, "recall": 0.7692307692307693, "f1-score": 0.7142857142857142, "support": 26.0}, "IN": {"precision": 0.6608695652173913, "recall": 0.7524752475247525, "f1-score": 0.7037037037037037, "support": 101.0}, "OP": {"precision": 0.671875, "recall": 0.7962962962962963, "f1-score": 0.728813559322034, "support": 54.0}, "IP": {"precision": 0.8308823529411765, "recall": 0.8560606060606061, "f1-score": 0.8432835820895522, "support": 132.0}, "it": {"precision": 1.0, "recall": 0.5, "f1-score": 0.6666666666666666, "support": 6.0}, "ne": {"precision": 0.7441860465116279, "recall": 0.8, "f1-score": 0.7710843373493975, "support": 40.0}, "sr": {"precision": 1.0, "recall": 0.8571428571428571, "f1-score": 0.923076923076923, "support": 7.0}, "nb": {"precision": 0.875, "recall": 0.7291666666666666, "f1-score": 0.7954545454545454, "support": 48.0}, "re": {"precision": 0.8333333333333334, "recall": 1.0, "f1-score": 0.9090909090909091, "support": 5.0}, "en": {"precision": 0.9230769230769231, "recall": 1.0, "f1-score": 0.9600000000000001, "support": 12.0}, "ra": {"precision": 0.25, "recall": 0.2, "f1-score": 0.22222222222222224, "support": 5.0}, "dtp": {"precision": 0.5283018867924528, "recall": 0.5384615384615384, "f1-score": 0.5333333333333333, "support": 52.0}, "fi": {"precision": 1.0, "recall": 1.0, "f1-score": 1.0, "support": 1.0}, "lt": {"precision": 0.875, "recall": 1.0, "f1-score": 0.9333333333333333, "support": 7.0}, "rv": {"precision": 0.78125, "recall": 0.8620689655172413, "f1-score": 0.8196721311475409, "support": 29.0}, "ob": {"precision": 0.6153846153846154, "recall": 0.6666666666666666, "f1-score": 0.64, "support": 12.0}, "rs": {"precision": 0.5, "recall": 0.5, "f1-score": 0.5, "support": 2.0}, "av": {"precision": 0.3333333333333333, "recall": 0.2857142857142857, "f1-score": 0.30769230769230765, "support": 7.0}, "ds": {"precision": 0.6736842105263158, "recall": 0.7710843373493976, "f1-score": 0.7191011235955056, "support": 83.0}, "ed": {"precision": 0.0, "recall": 0.0, "f1-score": 0.0, "support": 1.0}}}