{"f1": 0.8781725888324873, "f1_macro": 0.8273934833314754, "precision": 0.8644597126795752, "recall": 0.8923275306254029, "accuracy": 0.7166042446941323, "threshold": 0.39999999999999997, "label_scores": {"MT": {"precision": 0.8421052631578947, "recall": 0.9230769230769231, "f1-score": 0.8807339449541285, "support": 52.0}, "LY": {"precision": 1.0, "recall": 0.75, "f1-score": 0.8571428571428571, "support": 8.0}, "SP": {"precision": 0.8333333333333334, "recall": 0.8333333333333334, "f1-score": 0.8333333333333334, "support": 6.0}, "ID": {"precision": 0.9146341463414634, "recall": 0.9615384615384616, "f1-score": 0.9375000000000001, "support": 78.0}, "NA": {"precision": 0.8333333333333334, "recall": 0.9490740740740741, "f1-score": 0.8874458874458875, "support": 216.0}, "HI": {"precision": 0.7555555555555555, "recall": 0.723404255319149, "f1-score": 0.7391304347826088, "support": 47.0}, "IN": {"precision": 0.8403755868544601, "recall": 0.9572192513368984, "f1-score": 0.8949999999999999, "support": 187.0}, "OP": {"precision": 0.7558139534883721, "recall": 0.8666666666666667, "f1-score": 0.8074534161490684, "support": 75.0}, "IP": {"precision": 0.9361702127659575, "recall": 0.8906882591093117, "f1-score": 0.9128630705394191, "support": 247.0}, "it": {"precision": 0.8333333333333334, "recall": 0.8333333333333334, "f1-score": 0.8333333333333334, "support": 6.0}, "ne": {"precision": 0.86, "recall": 0.9148936170212766, "f1-score": 0.8865979381443299, "support": 94.0}, "sr": {"precision": 1.0, "recall": 0.9444444444444444, "f1-score": 0.9714285714285714, "support": 18.0}, "nb": {"precision": 0.8705882352941177, "recall": 0.891566265060241, "f1-score": 0.880952380952381, "support": 83.0}, "re": {"precision": 0.9090909090909091, "recall": 0.8333333333333334, "f1-score": 0.8695652173913043, "support": 12.0}, "en": {"precision": 0.9487179487179487, "recall": 0.9736842105263158, "f1-score": 0.9610389610389611, "support": 38.0}, "ra": {"precision": 1.0, "recall": 0.25, "f1-score": 0.4, "support": 4.0}, "dtp": {"precision": 0.7254901960784313, "recall": 0.8705882352941177, "f1-score": 0.7914438502673795, "support": 85.0}, "fi": {"precision": 1.0, "recall": 0.7777777777777778, "f1-score": 0.8750000000000001, "support": 9.0}, "lt": {"precision": 0.8571428571428571, "recall": 0.631578947368421, "f1-score": 0.7272727272727273, "support": 19.0}, "rv": {"precision": 0.8947368421052632, "recall": 0.9444444444444444, "f1-score": 0.918918918918919, "support": 36.0}, "ob": {"precision": 0.6428571428571429, "recall": 0.6428571428571429, "f1-score": 0.6428571428571429, "support": 14.0}, "rs": {"precision": 1.0, "recall": 0.8, "f1-score": 0.888888888888889, "support": 5.0}, "av": {"precision": 0.8181818181818182, "recall": 0.6428571428571429, "f1-score": 0.7200000000000001, "support": 14.0}, "ds": {"precision": 0.9597701149425287, "recall": 0.8477157360406091, "f1-score": 0.9002695417789758, "support": 197.0}, "ed": {"precision": 0.5, "recall": 1.0, "f1-score": 0.6666666666666666, "support": 1.0}}}