{"f1": 0.9070373588184187, "f1_macro": 0.8518594308699107, "precision": 0.9194765978862607, "recall": 0.8949301983835415, "accuracy": 0.8216587881392351, "threshold": 0.44999999999999996, "label_scores": {"MT": {"precision": 0.991304347826087, "recall": 0.9799426934097422, "f1-score": 0.9855907780979828, "support": 349.0}, "LY": {"precision": 1.0, "recall": 0.8333333333333334, "f1-score": 0.9090909090909091, "support": 6.0}, "SP": {"precision": 0.9, "recall": 0.8181818181818182, "f1-score": 0.8571428571428572, "support": 11.0}, "ID": {"precision": 0.9649122807017544, "recall": 0.8906882591093117, "f1-score": 0.9263157894736842, "support": 247.0}, "NA": {"precision": 0.9020021074815595, "recall": 0.9782857142857143, "f1-score": 0.9385964912280702, "support": 875.0}, "HI": {"precision": 0.8378378378378378, "recall": 0.8691588785046729, "f1-score": 0.8532110091743118, "support": 107.0}, "IN": {"precision": 0.8851351351351351, "recall": 0.8791946308724832, "f1-score": 0.8821548821548821, "support": 298.0}, "OP": {"precision": 0.935374149659864, "recall": 0.9385665529010239, "f1-score": 0.9369676320272572, "support": 293.0}, "IP": {"precision": 0.9620253164556962, "recall": 0.7835051546391752, "f1-score": 0.8636363636363636, "support": 291.0}, "it": {"precision": 0.75, "recall": 0.5, "f1-score": 0.6, "support": 6.0}, "ne": {"precision": 0.8735632183908046, "recall": 0.9440993788819876, "f1-score": 0.9074626865671642, "support": 322.0}, "sr": {"precision": 0.9387755102040817, "recall": 0.968421052631579, "f1-score": 0.9533678756476685, "support": 95.0}, "nb": {"precision": 0.9109947643979057, "recall": 0.925531914893617, "f1-score": 0.9182058047493403, "support": 376.0}, "re": {"precision": 0.875, "recall": 0.7, "f1-score": 0.7777777777777777, "support": 10.0}, "en": {"precision": 0.8823529411764706, "recall": 0.7317073170731707, "f1-score": 0.8, "support": 41.0}, "ra": {"precision": 0.6842105263157895, "recall": 0.7647058823529411, "f1-score": 0.7222222222222222, "support": 17.0}, "dtp": {"precision": 0.7924528301886793, "recall": 0.6222222222222222, "f1-score": 0.6970954356846474, "support": 135.0}, "fi": {"precision": 0.8, "recall": 0.6666666666666666, "f1-score": 0.7272727272727272, "support": 6.0}, "lt": {"precision": 0.95, "recall": 0.6333333333333333, "f1-score": 0.7599999999999999, "support": 30.0}, "rv": {"precision": 0.9448818897637795, "recall": 0.9448818897637795, "f1-score": 0.9448818897637795, "support": 127.0}, "ob": {"precision": 0.9245283018867925, "recall": 0.7777777777777778, "f1-score": 0.8448275862068966, "support": 63.0}, "rs": {"precision": 0.989010989010989, "recall": 0.9, "f1-score": 0.9424083769633509, "support": 100.0}, "av": {"precision": 0.0, "recall": 0.0, "f1-score": 0.0, "support": 2.0}, "ds": {"precision": 0.9852941176470589, "recall": 0.7389705882352942, "f1-score": 0.8445378151260504, "support": 272.0}, "ed": {"precision": 0.0, "recall": 0.0, "f1-score": 0.0, "support": 4.0}}}