{"f1": 0.8329598531277843, "f1_macro": 0.7894721794027791, "precision": 0.8131787032156036, "recall": 0.8537273783828657, "accuracy": 0.6319983002230957, "threshold": 0.39999999999999997, "label_scores": {"MT": {"precision": 0.0, "recall": 0.0, "f1-score": 0.0, "support": 0.0}, "LY": {"precision": 0.9795918367346939, "recall": 0.9, "f1-score": 0.9381107491856677, "support": 160.0}, "SP": {"precision": 0.9327731092436975, "recall": 0.7115384615384616, "f1-score": 0.8072727272727274, "support": 156.0}, "ID": {"precision": 0.936986301369863, "recall": 0.8976377952755905, "f1-score": 0.9168900804289544, "support": 762.0}, "NA": {"precision": 0.8346361996392062, "recall": 0.9594470046082949, "f1-score": 0.8927001822274627, "support": 4340.0}, "HI": {"precision": 0.6702586206896551, "recall": 0.8337801608579088, "f1-score": 0.7431302270011947, "support": 373.0}, "IN": {"precision": 0.7602179836512262, "recall": 0.8580843585237259, "f1-score": 0.8061919504643964, "support": 2276.0}, "OP": {"precision": 0.7241515390686661, "recall": 0.9066205533596838, "f1-score": 0.8051777095217201, "support": 2024.0}, "IP": {"precision": 0.950920245398773, "recall": 0.60546875, "f1-score": 0.7398568019093079, "support": 256.0}, "it": {"precision": 0.9456521739130435, "recall": 0.7016129032258065, "f1-score": 0.8055555555555556, "support": 124.0}, "ne": {"precision": 0.8552583363869549, "recall": 0.9131455399061033, "f1-score": 0.8832544938505204, "support": 2556.0}, "sr": {"precision": 0.9496774193548387, "recall": 0.9435897435897436, "f1-score": 0.9466237942122186, "support": 780.0}, "nb": {"precision": 0.8173228346456692, "recall": 0.7899543378995434, "f1-score": 0.803405572755418, "support": 657.0}, "re": {"precision": 0.7954545454545454, "recall": 0.875, "f1-score": 0.8333333333333334, "support": 40.0}, "en": {"precision": 0.9611650485436893, "recall": 0.7857142857142857, "f1-score": 0.8646288209606987, "support": 126.0}, "ra": {"precision": 0.8760330578512396, "recall": 0.5608465608465608, "f1-score": 0.6838709677419355, "support": 189.0}, "dtp": {"precision": 0.7785467128027682, "recall": 0.6422454804947669, "f1-score": 0.7038581856100106, "support": 1051.0}, "fi": {"precision": 0.9428571428571428, "recall": 0.532258064516129, "f1-score": 0.6804123711340205, "support": 62.0}, "lt": {"precision": 0.8611111111111112, "recall": 0.62, "f1-score": 0.7209302325581396, "support": 50.0}, "rv": {"precision": 0.8932584269662921, "recall": 0.6989010989010989, "f1-score": 0.784217016029593, "support": 455.0}, "ob": {"precision": 0.7051526717557252, "recall": 0.733862959285005, "f1-score": 0.7192214111922142, "support": 1007.0}, "rs": {"precision": 0.9182389937106918, "recall": 0.8248587570621468, "f1-score": 0.8690476190476191, "support": 177.0}, "av": {"precision": 0.696969696969697, "recall": 0.4125560538116592, "f1-score": 0.5183098591549297, "support": 223.0}, "ds": {"precision": 0.9754098360655737, "recall": 0.536036036036036, "f1-score": 0.6918604651162791, "support": 222.0}, "ed": {"precision": 0.0, "recall": 0.0, "f1-score": 0.0, "support": 3.0}}}