{"f1": 0.7463783783783783, "f1_macro": 0.6850914913098929, "precision": 0.7767776777677767, "recall": 0.7182688306283812, "accuracy": 0.5358581788879936, "threshold": 0.44999999999999996, "label_scores": {"MT": {"precision": 0.975609756097561, "recall": 0.625, "f1-score": 0.7619047619047619, "support": 64.0}, "LY": {"precision": 1.0, "recall": 0.6153846153846154, "f1-score": 0.761904761904762, "support": 13.0}, "SP": {"precision": 1.0, "recall": 0.2, "f1-score": 0.33333333333333337, "support": 15.0}, "ID": {"precision": 0.9339622641509434, "recall": 0.825, "f1-score": 0.8761061946902655, "support": 120.0}, "NA": {"precision": 0.7968253968253968, "recall": 0.7723076923076924, "f1-score": 0.7843749999999999, "support": 325.0}, "HI": {"precision": 0.7843137254901961, "recall": 0.5555555555555556, "f1-score": 0.6504065040650406, "support": 72.0}, "IN": {"precision": 0.8297101449275363, "recall": 0.715625, "f1-score": 0.7684563758389261, "support": 320.0}, "OP": {"precision": 0.6708860759493671, "recall": 0.7066666666666667, "f1-score": 0.6883116883116883, "support": 150.0}, "IP": {"precision": 0.7764423076923077, "recall": 0.8303341902313625, "f1-score": 0.8024844720496893, "support": 389.0}, "it": {"precision": 1.0, "recall": 0.125, "f1-score": 0.2222222222222222, "support": 8.0}, "ne": {"precision": 0.8067226890756303, "recall": 0.7741935483870968, "f1-score": 0.7901234567901235, "support": 124.0}, "sr": {"precision": 0.9090909090909091, "recall": 0.8695652173913043, "f1-score": 0.888888888888889, "support": 23.0}, "nb": {"precision": 0.7610619469026548, "recall": 0.671875, "f1-score": 0.7136929460580914, "support": 128.0}, "re": {"precision": 1.0, "recall": 0.7619047619047619, "f1-score": 0.8648648648648648, "support": 21.0}, "en": {"precision": 0.9310344827586207, "recall": 0.7941176470588235, "f1-score": 0.8571428571428571, "support": 34.0}, "ra": {"precision": 0.0, "recall": 0.0, "f1-score": 0.0, "support": 10.0}, "dtp": {"precision": 0.6355140186915887, "recall": 0.4563758389261745, "f1-score": 0.5312500000000001, "support": 149.0}, "fi": {"precision": 1.0, "recall": 0.8333333333333334, "f1-score": 0.9090909090909091, "support": 6.0}, "lt": {"precision": 0.9583333333333334, "recall": 0.6052631578947368, "f1-score": 0.7419354838709677, "support": 38.0}, "rv": {"precision": 0.835820895522388, "recall": 0.7368421052631579, "f1-score": 0.7832167832167832, "support": 76.0}, "ob": {"precision": 0.5384615384615384, "recall": 0.5185185185185185, "f1-score": 0.5283018867924528, "support": 27.0}, "rs": {"precision": 0.6666666666666666, "recall": 0.2857142857142857, "f1-score": 0.4, "support": 7.0}, "av": {"precision": 0.5833333333333334, "recall": 0.25, "f1-score": 0.35000000000000003, "support": 28.0}, "ds": {"precision": 0.6776315789473685, "recall": 0.8373983739837398, "f1-score": 0.749090909090909, "support": 246.0}, "ed": {"precision": 0.0, "recall": 0.0, "f1-score": 0.0, "support": 10.0}}}