{"f1": 0.7733990147783252, "precision": 0.7998544395924309, "recall": 0.7486376021798365, "accuracy": 0.6535052377115229, "threshold": 0.44999999999999996, "label_scores": {"MT": {"precision": 0.975609756097561, "recall": 0.625, "f1-score": 0.7619047619047619, "support": 64.0}, "LY": {"precision": 1.0, "recall": 0.6153846153846154, "f1-score": 0.761904761904762, "support": 13.0}, "SP": {"precision": 1.0, "recall": 0.2, "f1-score": 0.33333333333333337, "support": 15.0}, "ID": {"precision": 0.9339622641509434, "recall": 0.825, "f1-score": 0.8761061946902655, "support": 120.0}, "NA": {"precision": 0.7968253968253968, "recall": 0.7723076923076924, "f1-score": 0.7843749999999999, "support": 325.0}, "HI": {"precision": 0.7843137254901961, "recall": 0.5555555555555556, "f1-score": 0.6504065040650406, "support": 72.0}, "IN": {"precision": 0.8297101449275363, "recall": 0.715625, "f1-score": 0.7684563758389261, "support": 320.0}, "OP": {"precision": 0.6708860759493671, "recall": 0.7066666666666667, "f1-score": 0.6883116883116883, "support": 150.0}, "IP": {"precision": 0.7764423076923077, "recall": 0.8303341902313625, "f1-score": 0.8024844720496893, "support": 389.0}}}