{"f1": 0.7281858129315756, "f1_macro": 0.6619011683564389, "precision": 0.7016129032258065, "recall": 0.7568508046976946, "accuracy": 0.6336587633658763, "threshold": 0.44999999999999996, "label_scores": {"MT": {"precision": 0.9567307692307693, "recall": 0.7210144927536232, "f1-score": 0.8223140495867769, "support": 276.0}, "LY": {"precision": 0.6666666666666666, "recall": 0.4, "f1-score": 0.5, "support": 5.0}, "SP": {"precision": 0.8888888888888888, "recall": 0.4444444444444444, "f1-score": 0.5925925925925926, "support": 18.0}, "ID": {"precision": 0.910958904109589, "recall": 0.5757575757575758, "f1-score": 0.7055702917771883, "support": 231.0}, "NA": {"precision": 0.7851851851851852, "recall": 0.843501326259947, "f1-score": 0.8132992327365729, "support": 754.0}, "HI": {"precision": 0.676056338028169, "recall": 0.41025641025641024, "f1-score": 0.5106382978723405, "support": 117.0}, "IN": {"precision": 0.6327077747989276, "recall": 0.6519337016574586, "f1-score": 0.6421768707482993, "support": 362.0}, "OP": {"precision": 0.5444915254237288, "recall": 0.9049295774647887, "f1-score": 0.6798941798941799, "support": 284.0}, "IP": {"precision": 0.5695876288659794, "recall": 0.876984126984127, "f1-score": 0.6906249999999999, "support": 252.0}}}