{"f1": 0.7181684295086357, "precision": 0.7085865257595773, "recall": 0.7280130293159609, "accuracy": 0.5606694560669456, "pr_auc": 0.7610121370650446, "threshold": 0.49999999999999994, "label_scores": {"MT": {"precision": 0.9581151832460733, "recall": 0.6630434782608695, "f1-score": 0.7837259100642398, "support": 276.0}, "LY": {"precision": 0.5, "recall": 0.2, "f1-score": 0.28571428571428575, "support": 5.0}, "SP": {"precision": 0.8571428571428571, "recall": 0.3333333333333333, "f1-score": 0.48, "support": 18.0}, "ID": {"precision": 0.9225352112676056, "recall": 0.5670995670995671, "f1-score": 0.7024128686327078, "support": 231.0}, "NA": {"precision": 0.7936305732484077, "recall": 0.8262599469496021, "f1-score": 0.8096166341780378, "support": 754.0}, "HI": {"precision": 0.711864406779661, "recall": 0.358974358974359, "f1-score": 0.47727272727272735, "support": 117.0}, "IN": {"precision": 0.6507042253521127, "recall": 0.638121546961326, "f1-score": 0.6443514644351465, "support": 362.0}, "OP": {"precision": 0.581986143187067, "recall": 0.8873239436619719, "f1-score": 0.7029288702928871, "support": 284.0}, "IP": {"precision": 0.5955678670360111, "recall": 0.8531746031746031, "f1-score": 0.7014681892332789, "support": 252.0}, "it": {"precision": 1.0, "recall": 0.38461538461538464, "f1-score": 0.5555555555555556, "support": 13.0}, "ne": {"precision": 0.7149321266968326, "recall": 0.7022222222222222, "f1-score": 0.7085201793721972, "support": 225.0}, "sr": {"precision": 0.9523809523809523, "recall": 0.8450704225352113, "f1-score": 0.8955223880597014, "support": 71.0}, "nb": {"precision": 0.6835748792270532, "recall": 0.8498498498498499, "f1-score": 0.7576974564926374, "support": 333.0}, "re": {"precision": 0.7777777777777778, "recall": 0.875, "f1-score": 0.823529411764706, "support": 8.0}, "en": {"precision": 0.6341463414634146, "recall": 0.5777777777777777, "f1-score": 0.6046511627906976, "support": 45.0}, "ra": {"precision": 1.0, "recall": 0.5, "f1-score": 0.6666666666666666, "support": 14.0}, "dtp": {"precision": 0.4393939393939394, "recall": 0.4264705882352941, "f1-score": 0.43283582089552236, "support": 136.0}, "fi": {"precision": 0.75, "recall": 0.75, "f1-score": 0.75, "support": 4.0}, "lt": {"precision": 0.6153846153846154, "recall": 0.6153846153846154, "f1-score": 0.6153846153846154, "support": 26.0}, "rv": {"precision": 0.7333333333333333, "recall": 0.908256880733945, "f1-score": 0.8114754098360656, "support": 109.0}, "ob": {"precision": 0.5, "recall": 0.6470588235294118, "f1-score": 0.5641025641025642, "support": 68.0}, "rs": {"precision": 0.8625, "recall": 0.7840909090909091, "f1-score": 0.8214285714285715, "support": 88.0}, "av": {"precision": 0.06666666666666667, "recall": 0.08333333333333333, "f1-score": 0.07407407407407407, "support": 12.0}, "ds": {"precision": 0.7714285714285715, "recall": 0.7641509433962265, "f1-score": 0.7677725118483413, "support": 212.0}, "ed": {"precision": 0.0, "recall": 0.0, "f1-score": 0.0, "support": 21.0}}}