{"f1": 0.5244215938303342, "precision": 0.44155844155844154, "recall": 0.6455696202531646, "accuracy": 0.17, "pr_auc": 0.5196411200099492, "threshold": 0.3, "label_scores": {"MT": {"precision": 0.5, "recall": 0.25, "f1-score": 0.3333333333333333, "support": 4.0}, "LY": {"precision": 0.0, "recall": 0.0, "f1-score": 0.0, "support": 0.0}, "SP": {"precision": 1.0, "recall": 1.0, "f1-score": 1.0, "support": 1.0}, "ID": {"precision": 0.5714285714285714, "recall": 1.0, "f1-score": 0.7272727272727273, "support": 4.0}, "NA": {"precision": 0.84, "recall": 0.5833333333333334, "f1-score": 0.6885245901639344, "support": 36.0}, "HI": {"precision": 0.75, "recall": 0.6, "f1-score": 0.6666666666666665, "support": 10.0}, "IN": {"precision": 0.4375, "recall": 0.9333333333333333, "f1-score": 0.5957446808510638, "support": 15.0}, "OP": {"precision": 0.058823529411764705, "recall": 0.25, "f1-score": 0.09523809523809523, "support": 4.0}, "IP": {"precision": 0.6458333333333334, "recall": 0.9393939393939394, "f1-score": 0.7654320987654321, "support": 33.0}, "it": {"precision": 1.0, "recall": 1.0, "f1-score": 1.0, "support": 1.0}, "ne": {"precision": 0.0, "recall": 0.0, "f1-score": 0.0, "support": 3.0}, "sr": {"precision": 0.0, "recall": 0.0, "f1-score": 0.0, "support": 0.0}, "nb": {"precision": 0.9375, "recall": 0.45454545454545453, "f1-score": 0.6122448979591837, "support": 33.0}, "re": {"precision": 0.0, "recall": 0.0, "f1-score": 0.0, "support": 0.0}, "en": {"precision": 0.0, "recall": 0.0, "f1-score": 0.0, "support": 0.0}, "ra": {"precision": 0.0, "recall": 0.0, "f1-score": 0.0, "support": 0.0}, "dtp": {"precision": 0.35714285714285715, "recall": 0.625, "f1-score": 0.45454545454545453, "support": 8.0}, "fi": {"precision": 0.0, "recall": 0.0, "f1-score": 0.0, "support": 0.0}, "lt": {"precision": 0.5, "recall": 1.0, "f1-score": 0.6666666666666666, "support": 2.0}, "rv": {"precision": 0.0, "recall": 0.0, "f1-score": 0.0, "support": 1.0}, "ob": {"precision": 0.0, "recall": 0.0, "f1-score": 0.0, "support": 0.0}, "rs": {"precision": 0.0, "recall": 0.0, "f1-score": 0.0, "support": 0.0}, "av": {"precision": 0.0, "recall": 0.0, "f1-score": 0.0, "support": 3.0}, "ds": {"precision": 0.0, "recall": 0.0, "f1-score": 0.0, "support": 0.0}, "ed": {"precision": 0.0, "recall": 0.0, "f1-score": 0.0, "support": 0.0}}}