{"f1": 0.7749010051781907, "precision": 0.8025236593059937, "recall": 0.7491166077738516, "accuracy": 0.6517467248908297, "pr_auc": 0.809964985861217, "threshold": 0.49999999999999994, "label_scores": {"MT": {"precision": 0.9375, "recall": 0.6818181818181818, "f1-score": 0.7894736842105263, "support": 110.0}, "LY": {"precision": 0.75, "recall": 0.42857142857142855, "f1-score": 0.5454545454545454, "support": 7.0}, "SP": {"precision": 1.0, "recall": 0.46153846153846156, "f1-score": 0.631578947368421, "support": 13.0}, "ID": {"precision": 0.625, "recall": 0.21739130434782608, "f1-score": 0.3225806451612903, "support": 23.0}, "NA": {"precision": 0.8776371308016878, "recall": 0.9082969432314411, "f1-score": 0.8927038626609443, "support": 229.0}, "HI": {"precision": 0.78125, "recall": 0.7575757575757576, "f1-score": 0.7692307692307692, "support": 33.0}, "IN": {"precision": 0.7361963190184049, "recall": 0.6486486486486487, "f1-score": 0.6896551724137931, "support": 185.0}, "OP": {"precision": 0.6753246753246753, "recall": 0.5652173913043478, "f1-score": 0.6153846153846153, "support": 92.0}, "IP": {"precision": 0.7841269841269841, "recall": 0.8697183098591549, "f1-score": 0.8247078464106845, "support": 284.0}, "it": {"precision": 1.0, "recall": 0.5714285714285714, "f1-score": 0.7272727272727273, "support": 7.0}, "ne": {"precision": 0.8712871287128713, "recall": 0.9214659685863874, "f1-score": 0.8956743002544529, "support": 191.0}, "sr": {"precision": 0.8, "recall": 0.5714285714285714, "f1-score": 0.6666666666666666, "support": 14.0}, "nb": {"precision": 0.6818181818181818, "recall": 0.6521739130434783, "f1-score": 0.6666666666666666, "support": 23.0}, "re": {"precision": 0.9523809523809523, "recall": 0.9523809523809523, "f1-score": 0.9523809523809523, "support": 21.0}, "en": {"precision": 0.4, "recall": 0.5, "f1-score": 0.4444444444444445, "support": 4.0}, "ra": {"precision": 0.0, "recall": 0.0, "f1-score": 0.0, "support": 0.0}, "dtp": {"precision": 0.6285714285714286, "recall": 0.4782608695652174, "f1-score": 0.54320987654321, "support": 46.0}, "fi": {"precision": 1.0, "recall": 0.3333333333333333, "f1-score": 0.5, "support": 3.0}, "lt": {"precision": 0.8823529411764706, "recall": 0.5660377358490566, "f1-score": 0.6896551724137931, "support": 53.0}, "rv": {"precision": 0.5, "recall": 0.3548387096774194, "f1-score": 0.41509433962264153, "support": 31.0}, "ob": {"precision": 0.6666666666666666, "recall": 0.2727272727272727, "f1-score": 0.3870967741935484, "support": 22.0}, "rs": {"precision": 0.8, "recall": 0.8, "f1-score": 0.8000000000000002, "support": 10.0}, "av": {"precision": 0.8888888888888888, "recall": 0.4, "f1-score": 0.5517241379310346, "support": 20.0}, "ds": {"precision": 0.7898832684824902, "recall": 0.8319672131147541, "f1-score": 0.810379241516966, "support": 244.0}, "ed": {"precision": 0.7727272727272727, "recall": 0.5151515151515151, "f1-score": 0.6181818181818182, "support": 33.0}}}