{"f1": 0.6517412935323383, "precision": 0.6055469953775039, "recall": 0.7055655296229802, "accuracy": 0.4069400630914827, "pr_auc": 0.6792002916723913, "threshold": 0.35, "label_scores": {"MT": {"precision": 0.3, "recall": 0.6, "f1-score": 0.4, "support": 5.0}, "LY": {"precision": 0.3333333333333333, "recall": 0.3333333333333333, "f1-score": 0.3333333333333333, "support": 3.0}, "SP": {"precision": 0.0, "recall": 0.0, "f1-score": 0.0, "support": 1.0}, "ID": {"precision": 0.4375, "recall": 0.875, "f1-score": 0.5833333333333334, "support": 8.0}, "NA": {"precision": 0.8241758241758241, "recall": 0.7731958762886598, "f1-score": 0.7978723404255318, "support": 97.0}, "HI": {"precision": 0.3333333333333333, "recall": 0.4166666666666667, "f1-score": 0.3703703703703704, "support": 12.0}, "IN": {"precision": 0.5289256198347108, "recall": 0.9411764705882353, "f1-score": 0.6772486772486772, "support": 68.0}, "OP": {"precision": 0.40476190476190477, "recall": 0.4594594594594595, "f1-score": 0.430379746835443, "support": 37.0}, "IP": {"precision": 0.8269230769230769, "recall": 0.7478260869565218, "f1-score": 0.7853881278538813, "support": 115.0}, "it": {"precision": 0.0, "recall": 0.0, "f1-score": 0.0, "support": 0.0}, "ne": {"precision": 0.5, "recall": 0.75, "f1-score": 0.6, "support": 24.0}, "sr": {"precision": 1.0, "recall": 1.0, "f1-score": 1.0, "support": 7.0}, "nb": {"precision": 0.21739130434782608, "recall": 0.5, "f1-score": 0.30303030303030304, "support": 10.0}, "re": {"precision": 0.0, "recall": 0.0, "f1-score": 0.0, "support": 0.0}, "en": {"precision": 0.5, "recall": 1.0, "f1-score": 0.6666666666666666, "support": 1.0}, "ra": {"precision": 0.5555555555555556, "recall": 0.8333333333333334, "f1-score": 0.6666666666666667, "support": 6.0}, "dtp": {"precision": 0.23333333333333334, "recall": 0.5, "f1-score": 0.3181818181818182, "support": 14.0}, "fi": {"precision": 1.0, "recall": 0.2, "f1-score": 0.33333333333333337, "support": 5.0}, "lt": {"precision": 0.6111111111111112, "recall": 0.6470588235294118, "f1-score": 0.6285714285714287, "support": 17.0}, "rv": {"precision": 0.4, "recall": 0.4, "f1-score": 0.4000000000000001, "support": 15.0}, "ob": {"precision": 0.2222222222222222, "recall": 0.4, "f1-score": 0.2857142857142857, "support": 5.0}, "rs": {"precision": 0.0, "recall": 0.0, "f1-score": 0.0, "support": 0.0}, "av": {"precision": 0.5, "recall": 0.3333333333333333, "f1-score": 0.4, "support": 9.0}, "ds": {"precision": 0.7931034482758621, "recall": 0.71875, "f1-score": 0.7540983606557378, "support": 96.0}, "ed": {"precision": 0.0, "recall": 0.0, "f1-score": 0.0, "support": 2.0}}}