{"f1": 0.8027160946962746, "precision": 0.8091009988901221, "recall": 0.7964311726147123, "accuracy": 0.6218097447795824, "pr_auc": 0.8774512395387372, "threshold": 0.44999999999999996, "label_scores": {"MT": {"precision": 0.8981481481481481, "recall": 0.8362068965517241, "f1-score": 0.8660714285714286, "support": 116.0}, "LY": {"precision": 0.9090909090909091, "recall": 0.6666666666666666, "f1-score": 0.7692307692307693, "support": 15.0}, "SP": {"precision": 0.8, "recall": 0.5714285714285714, "f1-score": 0.6666666666666666, "support": 7.0}, "ID": {"precision": 0.7551020408163265, "recall": 0.7254901960784313, "f1-score": 0.74, "support": 51.0}, "NA": {"precision": 0.8611825192802056, "recall": 0.8524173027989822, "f1-score": 0.8567774936061381, "support": 393.0}, "HI": {"precision": 0.8245614035087719, "recall": 0.6025641025641025, "f1-score": 0.6962962962962963, "support": 78.0}, "IN": {"precision": 0.7692307692307693, "recall": 0.8579881656804734, "f1-score": 0.8111888111888111, "support": 338.0}, "OP": {"precision": 0.7361963190184049, "recall": 0.7317073170731707, "f1-score": 0.7339449541284404, "support": 164.0}, "IP": {"precision": 0.8743718592964824, "recall": 0.8169014084507042, "f1-score": 0.8446601941747572, "support": 426.0}, "it": {"precision": 1.0, "recall": 0.3333333333333333, "f1-score": 0.5, "support": 6.0}, "ne": {"precision": 0.8414634146341463, "recall": 0.7263157894736842, "f1-score": 0.7796610169491526, "support": 95.0}, "sr": {"precision": 0.75, "recall": 0.6428571428571429, "f1-score": 0.6923076923076923, "support": 14.0}, "nb": {"precision": 0.8120300751879699, "recall": 0.8780487804878049, "f1-score": 0.84375, "support": 246.0}, "re": {"precision": 1.0, "recall": 0.8888888888888888, "f1-score": 0.9411764705882353, "support": 18.0}, "en": {"precision": 0.9402985074626866, "recall": 0.9473684210526315, "f1-score": 0.9438202247191011, "support": 133.0}, "ra": {"precision": 0.0, "recall": 0.0, "f1-score": 0.0, "support": 1.0}, "dtp": {"precision": 0.4672897196261682, "recall": 0.5376344086021505, "f1-score": 0.5, "support": 93.0}, "fi": {"precision": 1.0, "recall": 0.7333333333333333, "f1-score": 0.8461538461538461, "support": 30.0}, "lt": {"precision": 0.7142857142857143, "recall": 0.7894736842105263, "f1-score": 0.75, "support": 38.0}, "rv": {"precision": 0.78125, "recall": 0.7352941176470589, "f1-score": 0.7575757575757576, "support": 68.0}, "ob": {"precision": 0.6428571428571429, "recall": 0.6666666666666666, "f1-score": 0.6545454545454545, "support": 54.0}, "rs": {"precision": 0.75, "recall": 0.6666666666666666, "f1-score": 0.7058823529411765, "support": 9.0}, "av": {"precision": 0.7058823529411765, "recall": 0.4444444444444444, "f1-score": 0.5454545454545454, "support": 27.0}, "ds": {"precision": 0.804416403785489, "recall": 0.804416403785489, "f1-score": 0.804416403785489, "support": 317.0}, "ed": {"precision": 0.0, "recall": 0.0, "f1-score": 0.0, "support": 9.0}}}