{"f1": 0.6876971608832808, "precision": 0.6449704142011834, "recall": 0.7364864864864865, "accuracy": 0.5045871559633027, "pr_auc": 0.7028768538048514, "threshold": 0.39999999999999997, "label_scores": {"Forum": {"precision": 1.0, "recall": 0.5, "f1-score": 0.6666666666666666, "support": 2.0}, "Information/Explanation": {"precision": 0.8, "recall": 0.5581395348837209, "f1-score": 0.6575342465753425, "support": 43.0}, "Instruction": {"precision": 0.5, "recall": 1.0, "f1-score": 0.6666666666666666, "support": 2.0}, "Legal": {"precision": 1.0, "recall": 1.0, "f1-score": 1.0, "support": 3.0}, "News": {"precision": 0.7727272727272727, "recall": 0.85, "f1-score": 0.8095238095238095, "support": 20.0}, "Opinion/Argumentation": {"precision": 0.53125, "recall": 0.68, "f1-score": 0.5964912280701754, "support": 25.0}, "Other": {"precision": 1.0, "recall": 0.4, "f1-score": 0.5714285714285715, "support": 5.0}, "Promotion": {"precision": 0.4, "recall": 1.0, "f1-score": 0.5714285714285715, "support": 12.0}, "Prose/Lyrical": {"precision": 0.6888888888888889, "recall": 0.8611111111111112, "f1-score": 0.7654320987654321, "support": 36.0}}}