{"f1": 0.8152410425027802, "f1_macro": 0.7387212568028829, "precision": 0.8050806990736319, "recall": 0.8256611165523996, "accuracy": 0.7247768233114368, "threshold": 0.39999999999999997, "label_scores": {"MT": {"precision": 0.0, "recall": 0.0, "f1-score": 0.0, "support": 0.0}, "LY": {"precision": 0.9292035398230089, "recall": 0.8823529411764706, "f1-score": 0.9051724137931035, "support": 119.0}, "SP": {"precision": 0.6947368421052632, "recall": 0.7951807228915663, "f1-score": 0.7415730337078653, "support": 83.0}, "ID": {"precision": 0.88, "recall": 0.8669950738916257, "f1-score": 0.8734491315136477, "support": 609.0}, "NA": {"precision": 0.9087732919254659, "recall": 0.9063104916763454, "f1-score": 0.9075402209730569, "support": 2583.0}, "HI": {"precision": 0.8791208791208791, "recall": 0.43478260869565216, "f1-score": 0.5818181818181818, "support": 184.0}, "IN": {"precision": 0.8236641221374046, "recall": 0.8230358504958047, "f1-score": 0.8233498664631819, "support": 1311.0}, "OP": {"precision": 0.6920152091254753, "recall": 0.8088888888888889, "f1-score": 0.7459016393442623, "support": 900.0}, "IP": {"precision": 0.8275862068965517, "recall": 0.4864864864864865, "f1-score": 0.6127659574468085, "support": 148.0}, "it": {"precision": 0.6823529411764706, "recall": 0.9354838709677419, "f1-score": 0.7891156462585035, "support": 62.0}, "ne": {"precision": 0.8858839050131926, "recall": 0.9001340482573726, "f1-score": 0.8929521276595744, "support": 1492.0}, "sr": {"precision": 0.9213051823416507, "recall": 0.9561752988047809, "f1-score": 0.9384164222873901, "support": 502.0}, "nb": {"precision": 0.7400468384074942, "recall": 0.8061224489795918, "f1-score": 0.7716727716727717, "support": 392.0}, "re": {"precision": 0.95, "recall": 0.76, "f1-score": 0.8444444444444444, "support": 25.0}, "en": {"precision": 0.8333333333333334, "recall": 0.8163265306122449, "f1-score": 0.8247422680412372, "support": 98.0}, "ra": {"precision": 0.7950819672131147, "recall": 0.6466666666666666, "f1-score": 0.7132352941176471, "support": 150.0}, "dtp": {"precision": 0.5257879656160458, "recall": 0.6924528301886792, "f1-score": 0.5977198697068403, "support": 530.0}, "fi": {"precision": 0.6666666666666666, "recall": 0.37209302325581395, "f1-score": 0.4776119402985074, "support": 43.0}, "lt": {"precision": 0.7142857142857143, "recall": 0.6756756756756757, "f1-score": 0.6944444444444444, "support": 37.0}, "rv": {"precision": 0.7414965986394558, "recall": 0.8482490272373541, "f1-score": 0.7912885662431942, "support": 257.0}, "ob": {"precision": 0.5566037735849056, "recall": 0.553125, "f1-score": 0.554858934169279, "support": 320.0}, "rs": {"precision": 0.6582278481012658, "recall": 0.8524590163934426, "f1-score": 0.7428571428571428, "support": 122.0}, "av": {"precision": 0.45925925925925926, "recall": 0.5081967213114754, "f1-score": 0.48249027237354086, "support": 122.0}, "ds": {"precision": 0.8117647058823529, "recall": 0.5897435897435898, "f1-score": 0.6831683168316832, "support": 117.0}, "ed": {"precision": 0.0, "recall": 0.0, "f1-score": 0.0, "support": 4.0}}}