{"f1": 0.6695595573877198, "precision": 0.7379244380679101, "recall": 0.6127879269261318, "accuracy": 0.3524451939291737, "pr_auc": 0.7330720972635878, "threshold": 0.3, "label_scores": {"Forum": {"precision": 0.4375, "recall": 0.1590909090909091, "f1-score": 0.23333333333333334, "support": 44.0}, "Information/Explanation": {"precision": 0.6933333333333334, "recall": 0.3837638376383764, "f1-score": 0.49406175771971494, "support": 542.0}, "Instruction": {"precision": 0.5714285714285714, "recall": 0.59375, "f1-score": 0.582375478927203, "support": 128.0}, "Legal": {"precision": 0.2857142857142857, "recall": 0.3076923076923077, "f1-score": 0.29629629629629634, "support": 13.0}, "News": {"precision": 0.8983050847457628, "recall": 0.9298245614035088, "f1-score": 0.9137931034482759, "support": 342.0}, "Opinion/Argumentation": {"precision": 0.6699029126213593, "recall": 0.5390625, "f1-score": 0.5974025974025974, "support": 384.0}, "Other": {"precision": 0.20192307692307693, "recall": 0.15789473684210525, "f1-score": 0.1772151898734177, "support": 133.0}, "Promotion": {"precision": 0.6957831325301205, "recall": 0.7356687898089171, "f1-score": 0.7151702786377708, "support": 314.0}, "Prose/Lyrical": {"precision": 0.8903591682419659, "recall": 0.7621359223300971, "f1-score": 0.8212728857890148, "support": 618.0}}}