{"f1": 0.8224582701062215, "precision": 0.8390092879256966, "recall": 0.8065476190476191, "accuracy": 0.6875, "threshold": 0.39999999999999997, "label_scores": {"MT": {"precision": 0.14285714285714285, "recall": 1.0, "f1-score": 0.25, "support": 1.0}, "LY": {"precision": 1.0, "recall": 1.0, "f1-score": 1.0, "support": 3.0}, "SP": {"precision": 0.0, "recall": 0.0, "f1-score": 0.0, "support": 0.0}, "ID": {"precision": 0.14285714285714285, "recall": 1.0, "f1-score": 0.25, "support": 1.0}, "NA": {"precision": 0.9595959595959596, "recall": 0.95, "f1-score": 0.9547738693467336, "support": 100.0}, "HI": {"precision": 1.0, "recall": 0.5, "f1-score": 0.6666666666666666, "support": 2.0}, "IN": {"precision": 0.7222222222222222, "recall": 0.5416666666666666, "f1-score": 0.619047619047619, "support": 24.0}, "OP": {"precision": 0.7894736842105263, "recall": 0.8571428571428571, "f1-score": 0.8219178082191781, "support": 35.0}, "IP": {"precision": 0.6666666666666666, "recall": 0.3333333333333333, "f1-score": 0.4444444444444444, "support": 12.0}, "it": {"precision": 0.0, "recall": 0.0, "f1-score": 0.0, "support": 0.0}, "ne": {"precision": 0.9651162790697675, "recall": 1.0, "f1-score": 0.9822485207100593, "support": 83.0}, "sr": {"precision": 0.7142857142857143, "recall": 1.0, "f1-score": 0.8333333333333333, "support": 5.0}, "nb": {"precision": 0.5, "recall": 0.5, "f1-score": 0.5, "support": 4.0}, "re": {"precision": 0.0, "recall": 0.0, "f1-score": 0.0, "support": 0.0}, "en": {"precision": 0.75, "recall": 1.0, "f1-score": 0.8571428571428571, "support": 6.0}, "ra": {"precision": 0.0, "recall": 0.0, "f1-score": 0.0, "support": 0.0}, "dtp": {"precision": 0.4, "recall": 0.25, "f1-score": 0.3076923076923077, "support": 8.0}, "fi": {"precision": 0.0, "recall": 0.0, "f1-score": 0.0, "support": 5.0}, "lt": {"precision": 0.0, "recall": 0.0, "f1-score": 0.0, "support": 1.0}, "rv": {"precision": 1.0, "recall": 0.5, "f1-score": 0.6666666666666666, "support": 2.0}, "ob": {"precision": 0.36363636363636365, "recall": 0.8, "f1-score": 0.5000000000000001, "support": 5.0}, "rs": {"precision": 0.8823529411764706, "recall": 0.75, "f1-score": 0.8108108108108107, "support": 20.0}, "av": {"precision": 1.0, "recall": 0.25, "f1-score": 0.4, "support": 8.0}, "ds": {"precision": 1.0, "recall": 0.16666666666666666, "f1-score": 0.2857142857142857, "support": 6.0}, "ed": {"precision": 1.0, "recall": 0.4, "f1-score": 0.5714285714285715, "support": 5.0}}}