{"f1": 0.6160544217687074, "f1_macro": 0.5720955191649507, "precision": 0.6940527283874923, "recall": 0.5538160469667319, "accuracy": 0.3650927487352445, "threshold": 0.3, "label_scores": {"MT": {"precision": 0.20192307692307693, "recall": 0.7241379310344828, "f1-score": 0.3157894736842105, "support": 29.0}, "LY": {"precision": 0.8461538461538461, "recall": 0.9166666666666666, "f1-score": 0.8799999999999999, "support": 12.0}, "SP": {"precision": 0.0, "recall": 0.0, "f1-score": 0.0, "support": 104.0}, "ID": {"precision": 0.4375, "recall": 0.1590909090909091, "f1-score": 0.23333333333333334, "support": 44.0}, "NA": {"precision": 0.8744939271255061, "recall": 0.7461139896373057, "f1-score": 0.8052190121155639, "support": 579.0}, "HI": {"precision": 0.5769230769230769, "recall": 0.5905511811023622, "f1-score": 0.583657587548638, "support": 127.0}, "IN": {"precision": 0.6933333333333334, "recall": 0.3837638376383764, "f1-score": 0.49406175771971494, "support": 542.0}, "OP": {"precision": 0.6074380165289256, "recall": 0.5017064846416383, "f1-score": 0.5495327102803739, "support": 293.0}, "IP": {"precision": 0.6957831325301205, "recall": 0.7356687898089171, "f1-score": 0.7151702786377708, "support": 314.0}}}