{"f1": 0.8256676557863503, "f1_macro": 0.7321576806720345, "precision": 0.8171806167400881, "recall": 0.8343328335832084, "accuracy": 0.7705345501955672, "threshold": 0.44999999999999996, "label_scores": {"MT": {"precision": 0.9473684210526315, "recall": 0.7058823529411765, "f1-score": 0.8089887640449439, "support": 102.0}, "LY": {"precision": 0.75, "recall": 0.75, "f1-score": 0.75, "support": 4.0}, "SP": {"precision": 1.0, "recall": 0.5454545454545454, "f1-score": 0.7058823529411764, "support": 11.0}, "ID": {"precision": 0.875, "recall": 0.7, "f1-score": 0.7777777777777777, "support": 10.0}, "NA": {"precision": 0.8867924528301887, "recall": 0.9494949494949495, "f1-score": 0.9170731707317074, "support": 198.0}, "HI": {"precision": 0.8421052631578947, "recall": 0.8421052631578947, "f1-score": 0.8421052631578947, "support": 19.0}, "IN": {"precision": 0.7571428571428571, "recall": 0.7910447761194029, "f1-score": 0.7737226277372262, "support": 134.0}, "OP": {"precision": 0.75, "recall": 0.6, "f1-score": 0.6666666666666665, "support": 60.0}, "IP": {"precision": 0.8031496062992126, "recall": 0.8908296943231441, "f1-score": 0.8447204968944099, "support": 229.0}, "it": {"precision": 1.0, "recall": 0.6666666666666666, "f1-score": 0.8, "support": 6.0}, "ne": {"precision": 0.8817204301075269, "recall": 0.9265536723163842, "f1-score": 0.9035812672176308, "support": 177.0}, "sr": {"precision": 0.7272727272727273, "recall": 0.8, "f1-score": 0.761904761904762, "support": 10.0}, "nb": {"precision": 0.75, "recall": 0.8181818181818182, "f1-score": 0.7826086956521738, "support": 11.0}, "re": {"precision": 1.0, "recall": 1.0, "f1-score": 1.0, "support": 12.0}, "en": {"precision": 0.25, "recall": 0.3333333333333333, "f1-score": 0.28571428571428575, "support": 3.0}, "ra": {"precision": 0.0, "recall": 0.0, "f1-score": 0.0, "support": 0.0}, "dtp": {"precision": 0.5306122448979592, "recall": 0.7027027027027027, "f1-score": 0.6046511627906977, "support": 37.0}, "fi": {"precision": 0.0, "recall": 0.0, "f1-score": 0.0, "support": 1.0}, "lt": {"precision": 0.7368421052631579, "recall": 0.9032258064516129, "f1-score": 0.8115942028985507, "support": 31.0}, "rv": {"precision": 0.75, "recall": 0.375, "f1-score": 0.5, "support": 16.0}, "ob": {"precision": 0.5, "recall": 0.13333333333333333, "f1-score": 0.2105263157894737, "support": 15.0}, "rs": {"precision": 0.8181818181818182, "recall": 0.9, "f1-score": 0.8571428571428572, "support": 10.0}, "av": {"precision": 0.9, "recall": 0.6, "f1-score": 0.7200000000000001, "support": 15.0}, "ds": {"precision": 0.8116591928251121, "recall": 0.9187817258883249, "f1-score": 0.8619047619047618, "support": 197.0}, "ed": {"precision": 0.6956521739130435, "recall": 0.6153846153846154, "f1-score": 0.6530612244897959, "support": 26.0}}}