{"f1": 0.7631378522467631, "f1_macro": 0.6803649685017303, "precision": 0.790470179867466, "recall": 0.7376325088339223, "accuracy": 0.6596931659693166, "threshold": 0.49999999999999994, "label_scores": {"MT": {"precision": 0.9908675799086758, "recall": 0.9559471365638766, "f1-score": 0.9730941704035875, "support": 227.0}, "LY": {"precision": 0.5, "recall": 0.25, "f1-score": 0.3333333333333333, "support": 4.0}, "SP": {"precision": 0.8181818181818182, "recall": 0.5294117647058824, "f1-score": 0.6428571428571428, "support": 17.0}, "ID": {"precision": 0.9, "recall": 0.7570093457943925, "f1-score": 0.8223350253807106, "support": 214.0}, "NA": {"precision": 0.8163538873994638, "recall": 0.8737446197991392, "f1-score": 0.844074844074844, "support": 697.0}, "HI": {"precision": 0.7058823529411765, "recall": 0.4186046511627907, "f1-score": 0.5255474452554746, "support": 86.0}, "IN": {"precision": 0.7048611111111112, "recall": 0.6403785488958991, "f1-score": 0.6710743801652892, "support": 317.0}, "OP": {"precision": 0.7575757575757576, "recall": 0.6976744186046512, "f1-score": 0.7263922518159805, "support": 215.0}, "IP": {"precision": 0.7629310344827587, "recall": 0.7866666666666666, "f1-score": 0.7746170678336981, "support": 225.0}, "it": {"precision": 1.0, "recall": 0.16666666666666666, "f1-score": 0.2857142857142857, "support": 12.0}, "ne": {"precision": 0.7124463519313304, "recall": 0.7757009345794392, "f1-score": 0.7427293064876958, "support": 214.0}, "sr": {"precision": 0.9, "recall": 0.9264705882352942, "f1-score": 0.9130434782608695, "support": 68.0}, "nb": {"precision": 0.794392523364486, "recall": 0.8069620253164557, "f1-score": 0.8006279434850863, "support": 316.0}, "re": {"precision": 1.0, "recall": 0.6666666666666666, "f1-score": 0.8, "support": 6.0}, "en": {"precision": 0.6176470588235294, "recall": 0.525, "f1-score": 0.5675675675675677, "support": 40.0}, "ra": {"precision": 0.8888888888888888, "recall": 0.5714285714285714, "f1-score": 0.6956521739130435, "support": 14.0}, "dtp": {"precision": 0.512396694214876, "recall": 0.5299145299145299, "f1-score": 0.5210084033613446, "support": 117.0}, "fi": {"precision": 0.0, "recall": 0.0, "f1-score": 0.0, "support": 4.0}, "lt": {"precision": 0.6, "recall": 0.6818181818181818, "f1-score": 0.6382978723404256, "support": 22.0}, "rv": {"precision": 0.7111111111111111, "recall": 0.5925925925925926, "f1-score": 0.6464646464646464, "support": 54.0}, "ob": {"precision": 0.625, "recall": 0.5147058823529411, "f1-score": 0.564516129032258, "support": 68.0}, "rs": {"precision": 0.9066666666666666, "recall": 0.8192771084337349, "f1-score": 0.8607594936708859, "support": 83.0}, "av": {"precision": 0.0, "recall": 0.0, "f1-score": 0.0, "support": 8.0}, "ds": {"precision": 0.815, "recall": 0.8232323232323232, "f1-score": 0.8190954773869347, "support": 198.0}, "ed": {"precision": 0.0, "recall": 0.0, "f1-score": 0.0, "support": 21.0}, "MIX": {"precision": 1.0, "recall": 0.31543624161073824, "f1-score": 0.4795918367346939, "support": 149.0}}}