{"f1": 0.8556998556998557, "f1_macro": 0.8305713375507452, "precision": 0.8334504567814477, "recall": 0.8791697553743514, "accuracy": 0.778998778998779, "threshold": 0.39999999999999997, "label_scores": {"MT": {"precision": 1.0, "recall": 0.967741935483871, "f1-score": 0.9836065573770492, "support": 31.0}, "LY": {"precision": 0.8, "recall": 1.0, "f1-score": 0.888888888888889, "support": 8.0}, "SP": {"precision": 1.0, "recall": 0.6666666666666666, "f1-score": 0.8, "support": 6.0}, "ID": {"precision": 0.9583333333333334, "recall": 0.9387755102040817, "f1-score": 0.9484536082474228, "support": 98.0}, "NA": {"precision": 0.8737373737373737, "recall": 0.9153439153439153, "f1-score": 0.8940568475452196, "support": 189.0}, "HI": {"precision": 1.0, "recall": 0.8, "f1-score": 0.888888888888889, "support": 20.0}, "IN": {"precision": 0.8595505617977528, "recall": 0.8406593406593407, "f1-score": 0.8499999999999999, "support": 182.0}, "OP": {"precision": 0.7547169811320755, "recall": 0.8, "f1-score": 0.7766990291262137, "support": 50.0}, "IP": {"precision": 0.9102564102564102, "recall": 0.9063829787234042, "f1-score": 0.908315565031983, "support": 235.0}, "it": {"precision": 1.0, "recall": 0.5, "f1-score": 0.6666666666666666, "support": 2.0}, "ne": {"precision": 0.8316831683168316, "recall": 0.875, "f1-score": 0.8527918781725888, "support": 96.0}, "sr": {"precision": 0.9444444444444444, "recall": 0.9444444444444444, "f1-score": 0.9444444444444444, "support": 18.0}, "nb": {"precision": 0.7846153846153846, "recall": 0.9107142857142857, "f1-score": 0.8429752066115703, "support": 56.0}, "re": {"precision": 1.0, "recall": 1.0, "f1-score": 1.0, "support": 6.0}, "en": {"precision": 0.9166666666666666, "recall": 0.88, "f1-score": 0.8979591836734694, "support": 25.0}, "ra": {"precision": 0.6666666666666666, "recall": 0.4444444444444444, "f1-score": 0.5333333333333333, "support": 9.0}, "dtp": {"precision": 0.6021505376344086, "recall": 0.7272727272727273, "f1-score": 0.6588235294117646, "support": 77.0}, "fi": {"precision": 0.0, "recall": 0.0, "f1-score": 0.0, "support": 0.0}, "lt": {"precision": 0.8333333333333334, "recall": 0.9090909090909091, "f1-score": 0.8695652173913043, "support": 22.0}, "rv": {"precision": 0.95, "recall": 0.8260869565217391, "f1-score": 0.8837209302325583, "support": 23.0}, "ob": {"precision": 0.5555555555555556, "recall": 0.625, "f1-score": 0.5882352941176471, "support": 16.0}, "rs": {"precision": 0.6, "recall": 1.0, "f1-score": 0.7499999999999999, "support": 6.0}, "av": {"precision": 0.0, "recall": 0.0, "f1-score": 0.0, "support": 1.0}, "ds": {"precision": 0.7488372093023256, "recall": 0.9698795180722891, "f1-score": 0.8451443569553805, "support": 166.0}, "ed": {"precision": 0.0, "recall": 0.0, "f1-score": 0.0, "support": 7.0}}}