{"f1": 0.8894552405224595, "f1_macro": 0.8401862236833825, "precision": 0.8807570977917981, "recall": 0.8983268983268984, "accuracy": 0.826945412311266, "threshold": 0.44999999999999996, "label_scores": {"MT": {"precision": 0.9722222222222222, "recall": 0.9459459459459459, "f1-score": 0.9589041095890412, "support": 37.0}, "LY": {"precision": 0.8571428571428571, "recall": 0.75, "f1-score": 0.7999999999999999, "support": 8.0}, "SP": {"precision": 1.0, "recall": 0.5, "f1-score": 0.6666666666666666, "support": 2.0}, "ID": {"precision": 0.918918918918919, "recall": 0.8292682926829268, "f1-score": 0.8717948717948718, "support": 41.0}, "NA": {"precision": 0.9380165289256198, "recall": 0.926530612244898, "f1-score": 0.9322381930184804, "support": 245.0}, "HI": {"precision": 0.8823529411764706, "recall": 0.6818181818181818, "f1-score": 0.7692307692307693, "support": 22.0}, "IN": {"precision": 0.8766519823788547, "recall": 0.9567307692307693, "f1-score": 0.9149425287356322, "support": 208.0}, "OP": {"precision": 0.7866666666666666, "recall": 0.8428571428571429, "f1-score": 0.8137931034482757, "support": 70.0}, "IP": {"precision": 0.9406392694063926, "recall": 0.9035087719298246, "f1-score": 0.9217002237136466, "support": 228.0}, "it": {"precision": 0.0, "recall": 0.0, "f1-score": 0.0, "support": 1.0}, "ne": {"precision": 0.8955223880597015, "recall": 0.8695652173913043, "f1-score": 0.8823529411764706, "support": 69.0}, "sr": {"precision": 0.8571428571428571, "recall": 0.75, "f1-score": 0.7999999999999999, "support": 8.0}, "nb": {"precision": 0.9113924050632911, "recall": 0.9411764705882353, "f1-score": 0.9260450160771704, "support": 153.0}, "re": {"precision": 1.0, "recall": 1.0, "f1-score": 1.0, "support": 8.0}, "en": {"precision": 0.9583333333333334, "recall": 0.9663865546218487, "f1-score": 0.9623430962343097, "support": 119.0}, "ra": {"precision": 0.0, "recall": 0.0, "f1-score": 0.0, "support": 1.0}, "dtp": {"precision": 0.5, "recall": 0.6153846153846154, "f1-score": 0.5517241379310345, "support": 39.0}, "fi": {"precision": 1.0, "recall": 0.6666666666666666, "f1-score": 0.8, "support": 3.0}, "lt": {"precision": 0.8709677419354839, "recall": 0.9, "f1-score": 0.8852459016393444, "support": 30.0}, "rv": {"precision": 0.7857142857142857, "recall": 0.7857142857142857, "f1-score": 0.7857142857142857, "support": 14.0}, "ob": {"precision": 0.7021276595744681, "recall": 0.75, "f1-score": 0.7252747252747254, "support": 44.0}, "rs": {"precision": 0.7142857142857143, "recall": 1.0, "f1-score": 0.8333333333333333, "support": 5.0}, "av": {"precision": 0.6666666666666666, "recall": 1.0, "f1-score": 0.8, "support": 2.0}, "ds": {"precision": 0.8388625592417062, "recall": 0.9315789473684211, "f1-score": 0.8827930174563592, "support": 190.0}, "ed": {"precision": 0.0, "recall": 0.0, "f1-score": 0.0, "support": 7.0}}}