{"f1": 0.8111999999999999, "f1_macro": 0.7400577712367553, "precision": 0.815112540192926, "recall": 0.8073248407643312, "accuracy": 0.7337938363443146, "threshold": 0.44999999999999996, "label_scores": {"MT": {"precision": 0.9866666666666667, "recall": 0.9694323144104804, "f1-score": 0.9779735682819384, "support": 229.0}, "LY": {"precision": 0.5, "recall": 0.2, "f1-score": 0.28571428571428575, "support": 5.0}, "SP": {"precision": 1.0, "recall": 0.5625, "f1-score": 0.72, "support": 16.0}, "ID": {"precision": 0.9193548387096774, "recall": 0.8142857142857143, "f1-score": 0.8636363636363636, "support": 210.0}, "NA": {"precision": 0.8611500701262272, "recall": 0.9002932551319648, "f1-score": 0.8802867383512545, "support": 682.0}, "HI": {"precision": 0.75, "recall": 0.5, "f1-score": 0.6, "support": 72.0}, "IN": {"precision": 0.8029197080291971, "recall": 0.7213114754098361, "f1-score": 0.75993091537133, "support": 305.0}, "OP": {"precision": 0.7488372093023256, "recall": 0.7853658536585366, "f1-score": 0.7666666666666667, "support": 205.0}, "IP": {"precision": 0.8285714285714286, "recall": 0.7873303167420814, "f1-score": 0.8074245939675174, "support": 221.0}, "it": {"precision": 1.0, "recall": 0.5454545454545454, "f1-score": 0.7058823529411764, "support": 11.0}, "ne": {"precision": 0.6980392156862745, "recall": 0.8599033816425121, "f1-score": 0.7705627705627706, "support": 207.0}, "sr": {"precision": 0.9402985074626866, "recall": 0.9, "f1-score": 0.9197080291970803, "support": 70.0}, "nb": {"precision": 0.8083067092651757, "recall": 0.8433333333333334, "f1-score": 0.8254486133768352, "support": 300.0}, "re": {"precision": 1.0, "recall": 0.6, "f1-score": 0.7499999999999999, "support": 5.0}, "en": {"precision": 0.6888888888888889, "recall": 0.7380952380952381, "f1-score": 0.7126436781609196, "support": 42.0}, "ra": {"precision": 0.7142857142857143, "recall": 0.7692307692307693, "f1-score": 0.7407407407407408, "support": 13.0}, "dtp": {"precision": 0.5391304347826087, "recall": 0.5688073394495413, "f1-score": 0.5535714285714285, "support": 109.0}, "fi": {"precision": 0.6666666666666666, "recall": 0.6666666666666666, "f1-score": 0.6666666666666666, "support": 3.0}, "lt": {"precision": 0.7272727272727273, "recall": 0.64, "f1-score": 0.6808510638297872, "support": 25.0}, "rv": {"precision": 0.7272727272727273, "recall": 0.6808510638297872, "f1-score": 0.7032967032967034, "support": 47.0}, "ob": {"precision": 0.6056338028169014, "recall": 0.6615384615384615, "f1-score": 0.6323529411764706, "support": 65.0}, "rs": {"precision": 0.8536585365853658, "recall": 0.875, "f1-score": 0.8641975308641976, "support": 80.0}, "av": {"precision": 0.0, "recall": 0.0, "f1-score": 0.0, "support": 8.0}, "ds": {"precision": 0.8449197860962567, "recall": 0.8229166666666666, "f1-score": 0.8337730870712401, "support": 192.0}, "ed": {"precision": 0.0, "recall": 0.0, "f1-score": 0.0, "support": 18.0}}}