{"f1": 0.8190779014308427, "f1_macro": 0.7760929570959232, "precision": 0.8272318561335903, "recall": 0.8110831234256927, "accuracy": 0.703016241299304, "threshold": 0.44999999999999996, "label_scores": {"MT": {"precision": 0.8981481481481481, "recall": 0.8362068965517241, "f1-score": 0.8660714285714286, "support": 116.0}, "LY": {"precision": 0.9090909090909091, "recall": 0.6666666666666666, "f1-score": 0.7692307692307692, "support": 15.0}, "SP": {"precision": 0.8, "recall": 0.5714285714285714, "f1-score": 0.6666666666666666, "support": 7.0}, "ID": {"precision": 0.7551020408163265, "recall": 0.7254901960784313, "f1-score": 0.74, "support": 51.0}, "NA": {"precision": 0.8611825192802056, "recall": 0.8524173027989822, "f1-score": 0.8567774936061382, "support": 393.0}, "HI": {"precision": 0.8245614035087719, "recall": 0.6025641025641025, "f1-score": 0.6962962962962963, "support": 78.0}, "IN": {"precision": 0.7692307692307693, "recall": 0.8579881656804734, "f1-score": 0.8111888111888113, "support": 338.0}, "OP": {"precision": 0.7361963190184049, "recall": 0.7317073170731707, "f1-score": 0.7339449541284403, "support": 164.0}, "IP": {"precision": 0.8743718592964824, "recall": 0.8169014084507042, "f1-score": 0.8446601941747572, "support": 426.0}}}