{"f1": 0.7553665451599838, "precision": 0.7357001972386588, "recall": 0.7761131918435289, "accuracy": 0.5535858178887993, "pr_auc": 0.8314378698174909, "threshold": 0.39999999999999997, "label_scores": {"MT": {"precision": 0.875, "recall": 0.765625, "f1-score": 0.8166666666666667, "support": 64.0}, "LY": {"precision": 0.8, "recall": 0.9230769230769231, "f1-score": 0.8571428571428571, "support": 13.0}, "SP": {"precision": 0.8888888888888888, "recall": 0.5333333333333333, "f1-score": 0.6666666666666666, "support": 15.0}, "ID": {"precision": 0.8934426229508197, "recall": 0.9083333333333333, "f1-score": 0.9008264462809917, "support": 120.0}, "NA": {"precision": 0.7670454545454546, "recall": 0.8307692307692308, "f1-score": 0.7976366322008862, "support": 325.0}, "HI": {"precision": 0.7619047619047619, "recall": 0.6666666666666666, "f1-score": 0.7111111111111111, "support": 72.0}, "IN": {"precision": 0.75, "recall": 0.815625, "f1-score": 0.781437125748503, "support": 320.0}, "OP": {"precision": 0.6451612903225806, "recall": 0.6666666666666666, "f1-score": 0.6557377049180327, "support": 150.0}, "IP": {"precision": 0.7871287128712872, "recall": 0.8174807197943444, "f1-score": 0.8020176544766708, "support": 389.0}, "it": {"precision": 0.8333333333333334, "recall": 0.625, "f1-score": 0.7142857142857143, "support": 8.0}, "ne": {"precision": 0.7796610169491526, "recall": 0.7419354838709677, "f1-score": 0.7603305785123967, "support": 124.0}, "sr": {"precision": 0.9523809523809523, "recall": 0.8695652173913043, "f1-score": 0.9090909090909091, "support": 23.0}, "nb": {"precision": 0.6513157894736842, "recall": 0.7734375, "f1-score": 0.7071428571428572, "support": 128.0}, "re": {"precision": 0.8421052631578947, "recall": 0.7619047619047619, "f1-score": 0.8, "support": 21.0}, "en": {"precision": 0.75, "recall": 0.8823529411764706, "f1-score": 0.8108108108108109, "support": 34.0}, "ra": {"precision": 0.5, "recall": 0.4, "f1-score": 0.4444444444444444, "support": 10.0}, "dtp": {"precision": 0.5489130434782609, "recall": 0.6778523489932886, "f1-score": 0.6066066066066066, "support": 149.0}, "fi": {"precision": 0.625, "recall": 0.8333333333333334, "f1-score": 0.7142857142857143, "support": 6.0}, "lt": {"precision": 0.8235294117647058, "recall": 0.7368421052631579, "f1-score": 0.7777777777777778, "support": 38.0}, "rv": {"precision": 0.7808219178082192, "recall": 0.75, "f1-score": 0.7651006711409396, "support": 76.0}, "ob": {"precision": 0.4838709677419355, "recall": 0.5555555555555556, "f1-score": 0.5172413793103449, "support": 27.0}, "rs": {"precision": 0.4666666666666667, "recall": 1.0, "f1-score": 0.6363636363636364, "support": 7.0}, "av": {"precision": 0.5, "recall": 0.35714285714285715, "f1-score": 0.4166666666666667, "support": 28.0}, "ds": {"precision": 0.7127659574468085, "recall": 0.8170731707317073, "f1-score": 0.7613636363636364, "support": 246.0}, "ed": {"precision": 0.0, "recall": 0.0, "f1-score": 0.0, "support": 10.0}}}