{"f1": 0.7344632768361581, "precision": 0.7471264367816092, "recall": 0.7222222222222222, "accuracy": 0.5735294117647058, "pr_auc": 0.7805228077262812, "threshold": 0.35, "label_scores": {"MT": {"precision": 1.0, "recall": 0.5, "f1-score": 0.6666666666666666, "support": 2.0}, "LY": {"precision": 1.0, "recall": 0.6666666666666666, "f1-score": 0.8, "support": 3.0}, "SP": {"precision": 0.0, "recall": 0.0, "f1-score": 0.0, "support": 1.0}, "ID": {"precision": 0.0, "recall": 0.0, "f1-score": 0.0, "support": 0.0}, "NA": {"precision": 0.782608695652174, "recall": 0.9, "f1-score": 0.8372093023255814, "support": 20.0}, "HI": {"precision": 0.8, "recall": 0.6666666666666666, "f1-score": 0.7272727272727272, "support": 6.0}, "IN": {"precision": 0.7647058823529411, "recall": 0.8125, "f1-score": 0.787878787878788, "support": 16.0}, "OP": {"precision": 0.75, "recall": 0.47368421052631576, "f1-score": 0.5806451612903226, "support": 19.0}, "IP": {"precision": 0.6923076923076923, "recall": 0.782608695652174, "f1-score": 0.7346938775510203, "support": 23.0}}}