{"f1": 0.7842991885992009, "f1_macro": 0.7187499722487773, "precision": 0.8070695939645672, "recall": 0.7627784008972921, "accuracy": 0.6457082833133253, "threshold": 0.39999999999999997, "label_scores": {"MT": {"precision": 0.0, "recall": 0.0, "f1-score": 0.0, "support": 0.0}, "LY": {"precision": 0.9292035398230089, "recall": 0.8536585365853658, "f1-score": 0.8898305084745762, "support": 123.0}, "SP": {"precision": 0.7181818181818181, "recall": 0.7745098039215687, "f1-score": 0.7452830188679246, "support": 102.0}, "ID": {"precision": 0.8733766233766234, "recall": 0.8445839874411303, "f1-score": 0.8587390263367917, "support": 637.0}, "NA": {"precision": 0.9173928197978389, "recall": 0.871523178807947, "f1-score": 0.8938699269825099, "support": 3020.0}, "HI": {"precision": 0.8775510204081632, "recall": 0.3282442748091603, "f1-score": 0.4777777777777777, "support": 262.0}, "IN": {"precision": 0.8359322033898305, "recall": 0.7082136703044227, "f1-score": 0.7667910447761194, "support": 1741.0}, "OP": {"precision": 0.7181745396317054, "recall": 0.7400990099009901, "f1-score": 0.7289719626168224, "support": 1212.0}, "IP": {"precision": 0.865546218487395, "recall": 0.45374449339207046, "f1-score": 0.5953757225433526, "support": 227.0}, "it": {"precision": 0.673469387755102, "recall": 0.9295774647887324, "f1-score": 0.7810650887573964, "support": 71.0}, "ne": {"precision": 0.8828828828828829, "recall": 0.8601521357519017, "f1-score": 0.8713692946058091, "support": 1709.0}, "sr": {"precision": 0.9005145797598628, "recall": 0.9358288770053476, "f1-score": 0.9178321678321678, "support": 561.0}, "nb": {"precision": 0.7233606557377049, "recall": 0.7542735042735043, "f1-score": 0.7384937238493723, "support": 468.0}, "re": {"precision": 0.95, "recall": 0.76, "f1-score": 0.8444444444444444, "support": 25.0}, "en": {"precision": 0.8247422680412371, "recall": 0.8, "f1-score": 0.8121827411167513, "support": 100.0}, "ra": {"precision": 0.7936507936507936, "recall": 0.6060606060606061, "f1-score": 0.6872852233676976, "support": 165.0}, "dtp": {"precision": 0.5232120451693852, "recall": 0.5906515580736544, "f1-score": 0.5548902195608781, "support": 706.0}, "fi": {"precision": 0.7096774193548387, "recall": 0.3548387096774194, "f1-score": 0.4731182795698926, "support": 62.0}, "lt": {"precision": 0.7027027027027027, "recall": 0.6666666666666666, "f1-score": 0.6842105263157895, "support": 39.0}, "rv": {"precision": 0.7469879518072289, "recall": 0.8184818481848185, "f1-score": 0.7811023622047243, "support": 303.0}, "ob": {"precision": 0.5721649484536082, "recall": 0.4753747323340471, "f1-score": 0.519298245614035, "support": 467.0}, "rs": {"precision": 0.6382978723404256, "recall": 0.8275862068965517, "f1-score": 0.7207207207207206, "support": 145.0}, "av": {"precision": 0.4819277108433735, "recall": 0.4968944099378882, "f1-score": 0.4892966360856269, "support": 161.0}, "ds": {"precision": 0.8547008547008547, "recall": 0.591715976331361, "f1-score": 0.6993006993006993, "support": 169.0}, "ed": {"precision": 0.0, "recall": 0.0, "f1-score": 0.0, "support": 7.0}}}