{"f1": 0.7822491730981257, "f1_macro": 0.7555085084127049, "precision": 0.7188449848024316, "recall": 0.8579201934703748, "accuracy": 0.6329365079365079, "threshold": 0.39999999999999997, "label_scores": {"MT": {"precision": 0.8611111111111112, "recall": 0.9393939393939394, "f1-score": 0.8985507246376813, "support": 33.0}, "LY": {"precision": 0.8181818181818182, "recall": 1.0, "f1-score": 0.9, "support": 9.0}, "SP": {"precision": 1.0, "recall": 0.7142857142857143, "f1-score": 0.8333333333333333, "support": 7.0}, "ID": {"precision": 0.9181818181818182, "recall": 0.926605504587156, "f1-score": 0.9223744292237444, "support": 109.0}, "NA": {"precision": 0.7269372693726938, "recall": 0.8873873873873874, "f1-score": 0.7991886409736308, "support": 222.0}, "HI": {"precision": 0.6756756756756757, "recall": 0.8333333333333334, "f1-score": 0.746268656716418, "support": 30.0}, "IN": {"precision": 0.7285714285714285, "recall": 0.85, "f1-score": 0.7846153846153846, "support": 240.0}, "OP": {"precision": 0.5700934579439252, "recall": 0.8133333333333334, "f1-score": 0.6703296703296704, "support": 75.0}, "IP": {"precision": 0.7859327217125383, "recall": 0.9081272084805654, "f1-score": 0.8426229508196721, "support": 283.0}, "it": {"precision": 1.0, "recall": 0.6666666666666666, "f1-score": 0.8, "support": 3.0}, "ne": {"precision": 0.794392523364486, "recall": 0.8173076923076923, "f1-score": 0.8056872037914692, "support": 104.0}, "sr": {"precision": 0.9473684210526315, "recall": 0.9473684210526315, "f1-score": 0.9473684210526315, "support": 19.0}, "nb": {"precision": 0.5980392156862745, "recall": 0.8591549295774648, "f1-score": 0.7052023121387284, "support": 71.0}, "re": {"precision": 0.875, "recall": 0.7777777777777778, "f1-score": 0.823529411764706, "support": 9.0}, "en": {"precision": 0.7714285714285715, "recall": 0.9, "f1-score": 0.8307692307692307, "support": 30.0}, "ra": {"precision": 0.5714285714285714, "recall": 0.4444444444444444, "f1-score": 0.5, "support": 9.0}, "dtp": {"precision": 0.54, "recall": 0.7363636363636363, "f1-score": 0.6230769230769231, "support": 110.0}, "fi": {"precision": 0.0, "recall": 0.0, "f1-score": 0.0, "support": 0.0}, "lt": {"precision": 0.7857142857142857, "recall": 0.8461538461538461, "f1-score": 0.8148148148148148, "support": 26.0}, "rv": {"precision": 0.7, "recall": 0.8, "f1-score": 0.7466666666666666, "support": 35.0}, "ob": {"precision": 0.4827586206896552, "recall": 0.6363636363636364, "f1-score": 0.5490196078431373, "support": 22.0}, "rs": {"precision": 0.42857142857142855, "recall": 1.0, "f1-score": 0.6, "support": 6.0}, "av": {"precision": 0.3, "recall": 0.75, "f1-score": 0.4285714285714285, "support": 4.0}, "ds": {"precision": 0.7245762711864406, "recall": 0.9047619047619048, "f1-score": 0.8047058823529412, "support": 189.0}, "ed": {"precision": 0.0, "recall": 0.0, "f1-score": 0.0, "support": 9.0}}}