{"f1": 0.6774193548387097, "precision": 0.7590361445783133, "recall": 0.6116504854368932, "accuracy": 0.6, "pr_auc": 0.736088306306733, "threshold": 0.5999999999999999, "label_scores": {"MT": {"precision": 0.2, "recall": 1.0, "f1-score": 0.33333333333333337, "support": 1.0}, "LY": {"precision": 0.0, "recall": 0.0, "f1-score": 0.0, "support": 0.0}, "SP": {"precision": 0.0, "recall": 0.0, "f1-score": 0.0, "support": 0.0}, "ID": {"precision": 0.5, "recall": 0.25, "f1-score": 0.3333333333333333, "support": 4.0}, "NA": {"precision": 0.9333333333333333, "recall": 0.875, "f1-score": 0.9032258064516129, "support": 32.0}, "HI": {"precision": 1.0, "recall": 0.2857142857142857, "f1-score": 0.4444444444444445, "support": 7.0}, "IN": {"precision": 0.625, "recall": 0.4, "f1-score": 0.48780487804878053, "support": 25.0}, "OP": {"precision": 0.3333333333333333, "recall": 0.2, "f1-score": 0.25, "support": 5.0}, "IP": {"precision": 0.8, "recall": 0.6896551724137931, "f1-score": 0.7407407407407408, "support": 29.0}}}