{"f1": 0.8391082460381413, "f1_macro": 0.7922498419784294, "precision": 0.7993858751279427, "recall": 0.8829847371396269, "accuracy": 0.7199191102123357, "threshold": 0.44999999999999996, "label_scores": {"MT": {"precision": 0.8536585365853658, "recall": 0.9210526315789473, "f1-score": 0.8860759493670887, "support": 38.0}, "LY": {"precision": 0.875, "recall": 0.7777777777777778, "f1-score": 0.823529411764706, "support": 9.0}, "SP": {"precision": 0.5, "recall": 0.5, "f1-score": 0.5, "support": 2.0}, "ID": {"precision": 0.7727272727272727, "recall": 0.7555555555555555, "f1-score": 0.7640449438202247, "support": 45.0}, "NA": {"precision": 0.8498293515358362, "recall": 0.9222222222222223, "f1-score": 0.8845470692717585, "support": 270.0}, "HI": {"precision": 0.7666666666666667, "recall": 0.7419354838709677, "f1-score": 0.7540983606557377, "support": 31.0}, "IN": {"precision": 0.7736486486486487, "recall": 0.9462809917355371, "f1-score": 0.8513011152416358, "support": 242.0}, "OP": {"precision": 0.6767676767676768, "recall": 0.8481012658227848, "f1-score": 0.752808988764045, "support": 79.0}, "IP": {"precision": 0.8661971830985915, "recall": 0.9010989010989011, "f1-score": 0.8833034111310594, "support": 273.0}, "it": {"precision": 0.0, "recall": 0.0, "f1-score": 0.0, "support": 1.0}, "ne": {"precision": 0.8356164383561644, "recall": 0.8243243243243243, "f1-score": 0.8299319727891157, "support": 74.0}, "sr": {"precision": 0.875, "recall": 0.7777777777777778, "f1-score": 0.823529411764706, "support": 9.0}, "nb": {"precision": 0.8051282051282052, "recall": 0.9289940828402367, "f1-score": 0.8626373626373627, "support": 169.0}, "re": {"precision": 1.0, "recall": 1.0, "f1-score": 1.0, "support": 9.0}, "en": {"precision": 0.9448818897637795, "recall": 0.967741935483871, "f1-score": 0.9561752988047808, "support": 124.0}, "ra": {"precision": 0.0, "recall": 0.0, "f1-score": 0.0, "support": 1.0}, "dtp": {"precision": 0.41975308641975306, "recall": 0.6296296296296297, "f1-score": 0.5037037037037038, "support": 54.0}, "fi": {"precision": 1.0, "recall": 0.6, "f1-score": 0.7499999999999999, "support": 5.0}, "lt": {"precision": 0.7941176470588235, "recall": 0.8709677419354839, "f1-score": 0.8307692307692308, "support": 31.0}, "rv": {"precision": 0.6, "recall": 0.75, "f1-score": 0.6666666666666665, "support": 16.0}, "ob": {"precision": 0.6538461538461539, "recall": 0.7083333333333334, "f1-score": 0.68, "support": 48.0}, "rs": {"precision": 0.7142857142857143, "recall": 0.8333333333333334, "f1-score": 0.7692307692307692, "support": 6.0}, "av": {"precision": 0.6666666666666666, "recall": 1.0, "f1-score": 0.8, "support": 4.0}, "ds": {"precision": 0.8215767634854771, "recall": 0.8959276018099548, "f1-score": 0.8571428571428571, "support": 221.0}, "ed": {"precision": 0.0, "recall": 0.0, "f1-score": 0.0, "support": 8.0}}}