{"f1": 0.8080326752893124, "f1_macro": 0.6942355200615035, "precision": 0.8208852005532503, "recall": 0.7955764075067024, "accuracy": 0.7287299630086314, "threshold": 0.44999999999999996, "label_scores": {"MT": {"precision": 0.9473684210526315, "recall": 0.7058823529411765, "f1-score": 0.8089887640449439, "support": 102.0}, "LY": {"precision": 0.75, "recall": 0.5, "f1-score": 0.6, "support": 6.0}, "SP": {"precision": 1.0, "recall": 0.5, "f1-score": 0.6666666666666666, "support": 12.0}, "ID": {"precision": 0.7777777777777778, "recall": 0.4117647058823529, "f1-score": 0.5384615384615384, "support": 17.0}, "NA": {"precision": 0.8863636363636364, "recall": 0.9285714285714286, "f1-score": 0.9069767441860465, "support": 210.0}, "HI": {"precision": 0.88, "recall": 0.7857142857142857, "f1-score": 0.830188679245283, "support": 28.0}, "IN": {"precision": 0.7483443708609272, "recall": 0.7533333333333333, "f1-score": 0.7508305647840532, "support": 150.0}, "OP": {"precision": 0.7551020408163265, "recall": 0.5068493150684932, "f1-score": 0.6065573770491803, "support": 73.0}, "IP": {"precision": 0.8154981549815498, "recall": 0.86328125, "f1-score": 0.8387096774193549, "support": 256.0}, "it": {"precision": 1.0, "recall": 0.5714285714285714, "f1-score": 0.7272727272727273, "support": 7.0}, "ne": {"precision": 0.8789473684210526, "recall": 0.9226519337016574, "f1-score": 0.9002695417789758, "support": 181.0}, "sr": {"precision": 0.7272727272727273, "recall": 0.7272727272727273, "f1-score": 0.7272727272727273, "support": 11.0}, "nb": {"precision": 0.75, "recall": 0.7058823529411765, "f1-score": 0.7272727272727272, "support": 17.0}, "re": {"precision": 1.0, "recall": 1.0, "f1-score": 1.0, "support": 18.0}, "en": {"precision": 0.25, "recall": 0.3333333333333333, "f1-score": 0.28571428571428575, "support": 3.0}, "ra": {"precision": 0.0, "recall": 0.0, "f1-score": 0.0, "support": 0.0}, "dtp": {"precision": 0.5370370370370371, "recall": 0.7073170731707317, "f1-score": 0.6105263157894738, "support": 41.0}, "fi": {"precision": 0.0, "recall": 0.0, "f1-score": 0.0, "support": 1.0}, "lt": {"precision": 0.7560975609756098, "recall": 0.7380952380952381, "f1-score": 0.746987951807229, "support": 42.0}, "rv": {"precision": 0.7777777777777778, "recall": 0.3181818181818182, "f1-score": 0.45161290322580644, "support": 22.0}, "ob": {"precision": 0.5, "recall": 0.11764705882352941, "f1-score": 0.19047619047619047, "support": 17.0}, "rs": {"precision": 0.8181818181818182, "recall": 0.9, "f1-score": 0.8571428571428572, "support": 10.0}, "av": {"precision": 0.9, "recall": 0.5, "f1-score": 0.6428571428571429, "support": 18.0}, "ds": {"precision": 0.8220338983050848, "recall": 0.8818181818181818, "f1-score": 0.8508771929824562, "support": 220.0}, "ed": {"precision": 0.7407407407407407, "recall": 0.6666666666666666, "f1-score": 0.7017543859649122, "support": 30.0}}}