{"f1": 0.7840416305290546, "f1_macro": 0.7602837340500316, "precision": 0.7799827437446074, "recall": 0.7881429816913688, "accuracy": 0.7308228730822873, "threshold": 0.44999999999999996, "label_scores": {"Forum": {"precision": 0.8714285714285714, "recall": 0.7922077922077922, "f1-score": 0.8299319727891157, "support": 231.0}, "Information/Explanation": {"precision": 0.7014925373134329, "recall": 0.7057057057057057, "f1-score": 0.7035928143712575, "support": 333.0}, "Instruction": {"precision": 0.7692307692307693, "recall": 0.6611570247933884, "f1-score": 0.7111111111111111, "support": 121.0}, "Legal": {"precision": 0.6956521739130435, "recall": 0.6153846153846154, "f1-score": 0.6530612244897959, "support": 26.0}, "News": {"precision": 0.7574850299401198, "recall": 0.8547297297297297, "f1-score": 0.8031746031746032, "support": 296.0}, "Opinion/Argumentation": {"precision": 0.802536231884058, "recall": 0.8143382352941176, "f1-score": 0.8083941605839415, "support": 544.0}, "Other": {"precision": 0.9755244755244755, "recall": 0.9489795918367347, "f1-score": 0.9620689655172414, "support": 294.0}, "Promotion": {"precision": 0.7598425196850394, "recall": 0.8354978354978355, "f1-score": 0.7958762886597939, "support": 231.0}, "Prose/Lyrical": {"precision": 0.5727272727272728, "recall": 0.5779816513761468, "f1-score": 0.5753424657534247, "support": 218.0}}}