{"f1": 0.6153846153846154, "precision": 0.6033519553072626, "recall": 0.627906976744186, "accuracy": 0.5141955835962145, "threshold": 0.39999999999999997, "label_scores": {"Forum": {"precision": 0.6, "recall": 0.75, "f1-score": 0.6666666666666665, "support": 8.0}, "Information/Explanation": {"precision": 0.40404040404040403, "recall": 0.851063829787234, "f1-score": 0.547945205479452, "support": 47.0}, "Instruction": {"precision": 0.3333333333333333, "recall": 0.1875, "f1-score": 0.24000000000000005, "support": 16.0}, "Legal": {"precision": 0.7222222222222222, "recall": 0.7647058823529411, "f1-score": 0.7428571428571428, "support": 17.0}, "News": {"precision": 0.96, "recall": 0.7741935483870968, "f1-score": 0.8571428571428571, "support": 31.0}, "Opinion/Argumentation": {"precision": 0.3508771929824561, "recall": 0.40816326530612246, "f1-score": 0.3773584905660377, "support": 49.0}, "Other": {"precision": 0.16666666666666666, "recall": 0.3333333333333333, "f1-score": 0.2222222222222222, "support": 6.0}, "Promotion": {"precision": 0.9069767441860465, "recall": 0.6902654867256637, "f1-score": 0.7839195979899497, "support": 113.0}, "Prose/Lyrical": {"precision": 0.7142857142857143, "recall": 0.5263157894736842, "f1-score": 0.6060606060606061, "support": 57.0}}}