{"f1": 0.6336206896551724, "f1_macro": 0.611744861114609, "precision": 0.5697674418604651, "recall": 0.7135922330097088, "accuracy": 0.09523809523809523, "threshold": 0.44999999999999996, "label_scores": {"MT": {"precision": 0.42857142857142855, "recall": 0.75, "f1-score": 0.5454545454545454, "support": 8.0}, "LY": {"precision": 0.0, "recall": 0.0, "f1-score": 0.0, "support": 1.0}, "SP": {"precision": 0.0, "recall": 0.0, "f1-score": 0.0, "support": 1.0}, "ID": {"precision": 0.6666666666666666, "recall": 0.3333333333333333, "f1-score": 0.4444444444444444, "support": 6.0}, "NA": {"precision": 0.8, "recall": 0.8421052631578947, "f1-score": 0.8205128205128205, "support": 19.0}, "HI": {"precision": 0.5, "recall": 1.0, "f1-score": 0.6666666666666666, "support": 5.0}, "IN": {"precision": 0.5510204081632653, "recall": 0.7714285714285715, "f1-score": 0.6428571428571429, "support": 35.0}, "OP": {"precision": 0.5172413793103449, "recall": 0.7894736842105263, "f1-score": 0.625, "support": 19.0}, "IP": {"precision": 0.5681818181818182, "recall": 0.8928571428571429, "f1-score": 0.6944444444444445, "support": 28.0}, "it": {"precision": 0.0, "recall": 0.0, "f1-score": 0.0, "support": 0.0}, "ne": {"precision": 0.7272727272727273, "recall": 0.8, "f1-score": 0.761904761904762, "support": 10.0}, "sr": {"precision": 0.5, "recall": 1.0, "f1-score": 0.6666666666666666, "support": 3.0}, "nb": {"precision": 0.5714285714285714, "recall": 0.6666666666666666, "f1-score": 0.6153846153846153, "support": 6.0}, "re": {"precision": 1.0, "recall": 1.0, "f1-score": 1.0, "support": 3.0}, "en": {"precision": 0.0, "recall": 0.0, "f1-score": 0.0, "support": 1.0}, "ra": {"precision": 0.0, "recall": 0.0, "f1-score": 0.0, "support": 0.0}, "dtp": {"precision": 0.2, "recall": 0.2, "f1-score": 0.20000000000000004, "support": 5.0}, "fi": {"precision": 0.0, "recall": 0.0, "f1-score": 0.0, "support": 2.0}, "lt": {"precision": 0.7142857142857143, "recall": 0.9090909090909091, "f1-score": 0.8, "support": 11.0}, "rv": {"precision": 0.5454545454545454, "recall": 0.6666666666666666, "f1-score": 0.6, "support": 9.0}, "ob": {"precision": 0.5, "recall": 0.2, "f1-score": 0.28571428571428575, "support": 5.0}, "rs": {"precision": 0.0, "recall": 0.0, "f1-score": 0.0, "support": 0.0}, "av": {"precision": 0.0, "recall": 0.0, "f1-score": 0.0, "support": 2.0}, "ds": {"precision": 0.52, "recall": 0.5416666666666666, "f1-score": 0.5306122448979592, "support": 24.0}, "ed": {"precision": 0.4, "recall": 0.6666666666666666, "f1-score": 0.5, "support": 3.0}}}