{"f1": 0.8296632124352331, "precision": 0.821944177093359, "recall": 0.8375286041189931, "accuracy": 0.7201301720130172, "pr_auc": 0.9052754576259332, "threshold": 0.44999999999999996, "label_scores": {"Forum": {"precision": 0.8714285714285714, "recall": 0.7922077922077922, "f1-score": 0.8299319727891157, "support": 231.0}, "Information/Explanation": {"precision": 0.7229916897506925, "recall": 0.7209944751381215, "f1-score": 0.7219917012448133, "support": 362.0}, "Instruction": {"precision": 0.7692307692307693, "recall": 0.6611570247933884, "f1-score": 0.7111111111111111, "support": 121.0}, "Legal": {"precision": 0.6956521739130435, "recall": 0.6153846153846154, "f1-score": 0.6530612244897959, "support": 26.0}, "News": {"precision": 0.7574850299401198, "recall": 0.8547297297297297, "f1-score": 0.8031746031746032, "support": 296.0}, "Opinion/Argumentation": {"precision": 0.8325508607198748, "recall": 0.8417721518987342, "f1-score": 0.8371361132966169, "support": 632.0}, "Other": {"precision": 0.9755244755244755, "recall": 0.9489795918367347, "f1-score": 0.9620689655172414, "support": 294.0}, "Promotion": {"precision": 0.7677165354330708, "recall": 0.7738095238095238, "f1-score": 0.7707509881422926, "support": 252.0}, "Prose/Lyrical": {"precision": 0.8421633554083885, "recall": 0.9029585798816568, "f1-score": 0.8715019988577956, "support": 845.0}}}