{"f1": 0.7125506072874493, "precision": 0.7719298245614035, "recall": 0.6616541353383458, "accuracy": 0.54, "pr_auc": 0.7637093365287306, "threshold": 0.5999999999999999, "label_scores": {"Forum": {"precision": 0.5, "recall": 0.25, "f1-score": 0.3333333333333333, "support": 4.0}, "Information/Explanation": {"precision": 0.625, "recall": 0.4, "f1-score": 0.48780487804878053, "support": 25.0}, "Instruction": {"precision": 1.0, "recall": 0.2857142857142857, "f1-score": 0.4444444444444445, "support": 7.0}, "Legal": {"precision": 0.6666666666666666, "recall": 0.6666666666666666, "f1-score": 0.6666666666666666, "support": 3.0}, "News": {"precision": 0.782608695652174, "recall": 0.9473684210526315, "f1-score": 0.8571428571428571, "support": 19.0}, "Opinion/Argumentation": {"precision": 0.7142857142857143, "recall": 0.4166666666666667, "f1-score": 0.5263157894736842, "support": 12.0}, "Other": {"precision": 0.2, "recall": 1.0, "f1-score": 0.33333333333333337, "support": 1.0}, "Promotion": {"precision": 0.8, "recall": 0.6896551724137931, "f1-score": 0.7407407407407408, "support": 29.0}, "Prose/Lyrical": {"precision": 0.9354838709677419, "recall": 0.8787878787878788, "f1-score": 0.90625, "support": 33.0}}}