{"f1": 0.7012987012987013, "precision": 0.6763005780346821, "recall": 0.7282157676348547, "accuracy": 0.5391566265060241, "pr_auc": 0.7447292658521866, "threshold": 0.39999999999999997, "label_scores": {"Forum": {"precision": 0.5714285714285714, "recall": 0.23529411764705882, "f1-score": 0.3333333333333333, "support": 17.0}, "Information/Explanation": {"precision": 0.4520547945205479, "recall": 0.6, "f1-score": 0.515625, "support": 55.0}, "Instruction": {"precision": 0.7777777777777778, "recall": 0.4375, "f1-score": 0.56, "support": 32.0}, "Legal": {"precision": 0.5, "recall": 0.875, "f1-score": 0.6363636363636364, "support": 8.0}, "News": {"precision": 0.717391304347826, "recall": 0.825, "f1-score": 0.7674418604651162, "support": 80.0}, "Opinion/Argumentation": {"precision": 0.4838709677419355, "recall": 0.5769230769230769, "f1-score": 0.5263157894736842, "support": 52.0}, "Other": {"precision": 0.0, "recall": 0.0, "f1-score": 0.0, "support": 0.0}, "Promotion": {"precision": 0.8037383177570093, "recall": 0.7610619469026548, "f1-score": 0.7818181818181817, "support": 113.0}, "Prose/Lyrical": {"precision": 0.8222222222222222, "recall": 0.888, "f1-score": 0.8538461538461538, "support": 125.0}}}