{"f1": 0.6753395282344532, "f1_macro": 0.567177009031968, "precision": 0.7934161907961035, "recall": 0.5878546540567446, "accuracy": 0.13016367887763056, "threshold": 0.39999999999999997, "label_scores": {"MT": {"precision": 0.0, "recall": 0.0, "f1-score": 0.0, "support": 0.0}, "LY": {"precision": 1.0, "recall": 0.16666666666666666, "f1-score": 0.2857142857142857, "support": 6.0}, "SP": {"precision": 0.8333333333333334, "recall": 0.6451612903225806, "f1-score": 0.7272727272727272, "support": 31.0}, "ID": {"precision": 0.5555555555555556, "recall": 0.3125, "f1-score": 0.39999999999999997, "support": 32.0}, "NA": {"precision": 0.9103448275862069, "recall": 0.7923169267707083, "f1-score": 0.8472400513478819, "support": 833.0}, "HI": {"precision": 0.9393939393939394, "recall": 0.27927927927927926, "f1-score": 0.4305555555555555, "support": 111.0}, "IN": {"precision": 0.8872017353579176, "recall": 0.5475234270414994, "f1-score": 0.6771523178807948, "support": 747.0}, "OP": {"precision": 0.7933723196881092, "recall": 0.6957264957264957, "f1-score": 0.7413479052823314, "support": 585.0}, "IP": {"precision": 0.7887323943661971, "recall": 0.4057971014492754, "f1-score": 0.5358851674641149, "support": 138.0}, "it": {"precision": 0.631578947368421, "recall": 0.631578947368421, "f1-score": 0.631578947368421, "support": 19.0}, "ne": {"precision": 0.7841726618705036, "recall": 0.5767195767195767, "f1-score": 0.6646341463414634, "support": 378.0}, "sr": {"precision": 0.7333333333333333, "recall": 0.7236842105263158, "f1-score": 0.7284768211920529, "support": 76.0}, "nb": {"precision": 0.584, "recall": 0.5069444444444444, "f1-score": 0.5427509293680297, "support": 144.0}, "re": {"precision": 1.0, "recall": 0.5, "f1-score": 0.6666666666666666, "support": 2.0}, "en": {"precision": 0.0, "recall": 0.0, "f1-score": 0.0, "support": 4.0}, "ra": {"precision": 0.8333333333333334, "recall": 0.21739130434782608, "f1-score": 0.3448275862068966, "support": 23.0}, "dtp": {"precision": 0.6084656084656085, "recall": 0.36741214057507987, "f1-score": 0.4581673306772909, "support": 313.0}, "fi": {"precision": 0.8571428571428571, "recall": 0.3, "f1-score": 0.4444444444444444, "support": 20.0}, "lt": {"precision": 0.5, "recall": 0.5, "f1-score": 0.5, "support": 2.0}, "rv": {"precision": 0.6440677966101694, "recall": 0.5135135135135135, "f1-score": 0.5714285714285714, "support": 74.0}, "ob": {"precision": 0.6598360655737705, "recall": 0.5278688524590164, "f1-score": 0.5865209471766849, "support": 305.0}, "rs": {"precision": 0.53125, "recall": 0.6538461538461539, "f1-score": 0.5862068965517242, "support": 26.0}, "av": {"precision": 0.5526315789473685, "recall": 0.3387096774193548, "f1-score": 0.42, "support": 62.0}, "ds": {"precision": 0.8653846153846154, "recall": 0.569620253164557, "f1-score": 0.6870229007633588, "support": 79.0}, "ed": {"precision": 0.0, "recall": 0.0, "f1-score": 0.0, "support": 8.0}}}