{"f1": 0.6001118568232662, "f1_macro": 0.4907859757687606, "precision": 0.6744186046511628, "recall": 0.5405541561712847, "accuracy": 0.3642495784148398, "threshold": 0.3, "label_scores": {"Forum": {"precision": 0.4375, "recall": 0.1590909090909091, "f1-score": 0.23333333333333334, "support": 44.0}, "Information/Explanation": {"precision": 0.6736111111111112, "recall": 0.36466165413533835, "f1-score": 0.47317073170731716, "support": 532.0}, "Instruction": {"precision": 0.5714285714285714, "recall": 0.59375, "f1-score": 0.582375478927203, "support": 128.0}, "Legal": {"precision": 0.2857142857142857, "recall": 0.3076923076923077, "f1-score": 0.29629629629629634, "support": 13.0}, "News": {"precision": 0.8983050847457628, "recall": 0.9298245614035088, "f1-score": 0.9137931034482759, "support": 342.0}, "Opinion/Argumentation": {"precision": 0.6254416961130742, "recall": 0.4957983193277311, "f1-score": 0.5531250000000001, "support": 357.0}, "Other": {"precision": 0.20192307692307693, "recall": 0.15789473684210525, "f1-score": 0.1772151898734177, "support": 133.0}, "Promotion": {"precision": 0.7080745341614907, "recall": 0.75, "f1-score": 0.7284345047923322, "support": 304.0}, "Prose/Lyrical": {"precision": 0.6233766233766234, "recall": 0.36363636363636365, "f1-score": 0.45933014354066987, "support": 132.0}}}