{"f1": 0.5690376569037656, "f1_macro": 0.6380427509333265, "precision": 0.5151515151515151, "recall": 0.6355140186915887, "accuracy": 0.463768115942029, "threshold": 0.39999999999999997, "label_scores": {"MT": {"precision": 1.0, "recall": 0.5, "f1-score": 0.6666666666666666, "support": 2.0}, "LY": {"precision": 1.0, "recall": 0.5, "f1-score": 0.6666666666666666, "support": 2.0}, "SP": {"precision": 0.0, "recall": 0.0, "f1-score": 0.0, "support": 0.0}, "ID": {"precision": 0.0, "recall": 0.0, "f1-score": 0.0, "support": 0.0}, "NA": {"precision": 0.625, "recall": 0.9375, "f1-score": 0.75, "support": 16.0}, "HI": {"precision": 1.0, "recall": 1.0, "f1-score": 1.0, "support": 3.0}, "IN": {"precision": 0.45454545454545453, "recall": 0.7142857142857143, "f1-score": 0.5555555555555556, "support": 7.0}, "OP": {"precision": 0.5, "recall": 0.6, "f1-score": 0.5454545454545454, "support": 5.0}, "IP": {"precision": 0.391304347826087, "recall": 0.8181818181818182, "f1-score": 0.5294117647058824, "support": 11.0}, "it": {"precision": 0.0, "recall": 0.0, "f1-score": 0.0, "support": 0.0}, "ne": {"precision": 0.7058823529411765, "recall": 0.9230769230769231, "f1-score": 0.8000000000000002, "support": 13.0}, "sr": {"precision": 0.6, "recall": 1.0, "f1-score": 0.7499999999999999, "support": 3.0}, "nb": {"precision": 0.0, "recall": 0.0, "f1-score": 0.0, "support": 0.0}, "re": {"precision": 0.0, "recall": 0.0, "f1-score": 0.0, "support": 0.0}, "en": {"precision": 0.0, "recall": 0.0, "f1-score": 0.0, "support": 1.0}, "ra": {"precision": 0.0, "recall": 0.0, "f1-score": 0.0, "support": 0.0}, "dtp": {"precision": 0.3333333333333333, "recall": 0.4, "f1-score": 0.3636363636363636, "support": 5.0}, "fi": {"precision": 0.0, "recall": 0.0, "f1-score": 0.0, "support": 0.0}, "lt": {"precision": 1.0, "recall": 1.0, "f1-score": 1.0, "support": 1.0}, "rv": {"precision": 0.0, "recall": 0.0, "f1-score": 0.0, "support": 1.0}, "ob": {"precision": 0.3333333333333333, "recall": 1.0, "f1-score": 0.5, "support": 1.0}, "rs": {"precision": 0.0, "recall": 0.0, "f1-score": 0.0, "support": 0.0}, "av": {"precision": 1.0, "recall": 0.5, "f1-score": 0.6666666666666666, "support": 2.0}, "ds": {"precision": 0.3888888888888889, "recall": 0.7777777777777778, "f1-score": 0.5185185185185185, "support": 9.0}, "ed": {"precision": 0.0, "recall": 0.0, "f1-score": 0.0, "support": 2.0}, "MIX": {"precision": 0.5, "recall": 0.17391304347826086, "f1-score": 0.25806451612903225, "support": 23.0}}}