{"f1": 0.6413502109704642, "precision": 0.5714285714285714, "recall": 0.7307692307692307, "accuracy": 0.5, "threshold": 0.35, "label_scores": {"Forum": {"precision": 0.5, "recall": 1.0, "f1-score": 0.6666666666666666, "support": 4.0}, "Information/Explanation": {"precision": 0.3225806451612903, "recall": 0.7692307692307693, "f1-score": 0.45454545454545453, "support": 13.0}, "Instruction": {"precision": 0.8333333333333334, "recall": 0.5, "f1-score": 0.625, "support": 10.0}, "Legal": {"precision": 0.3333333333333333, "recall": 1.0, "f1-score": 0.5, "support": 2.0}, "News": {"precision": 0.0, "recall": 0.0, "f1-score": 0.0, "support": 3.0}, "Opinion/Argumentation": {"precision": 0.7666666666666667, "recall": 0.6764705882352942, "f1-score": 0.71875, "support": 34.0}, "Other": {"precision": 0.4, "recall": 0.4, "f1-score": 0.4000000000000001, "support": 5.0}, "Promotion": {"precision": 0.6976744186046512, "recall": 0.9090909090909091, "f1-score": 0.7894736842105263, "support": 33.0}, "Prose/Lyrical": {"precision": 0.0, "recall": 0.0, "f1-score": 0.0, "support": 0.0}}}