{"f1": 0.7441755258991178, "f1_macro": 0.7045767446119569, "precision": 0.7005962521294719, "recall": 0.7935359382537386, "accuracy": 0.6117556071152359, "threshold": 0.39999999999999997, "label_scores": {"MT": {"precision": 0.9705882352941176, "recall": 0.868421052631579, "f1-score": 0.9166666666666667, "support": 38.0}, "LY": {"precision": 0.7777777777777778, "recall": 0.7777777777777778, "f1-score": 0.7777777777777778, "support": 9.0}, "SP": {"precision": 0.16666666666666666, "recall": 0.5, "f1-score": 0.25, "support": 2.0}, "ID": {"precision": 0.8333333333333334, "recall": 0.6666666666666666, "f1-score": 0.7407407407407408, "support": 45.0}, "NA": {"precision": 0.7424242424242424, "recall": 0.9074074074074074, "f1-score": 0.8166666666666667, "support": 270.0}, "HI": {"precision": 0.7037037037037037, "recall": 0.6129032258064516, "f1-score": 0.6551724137931035, "support": 31.0}, "IN": {"precision": 0.738831615120275, "recall": 0.8884297520661157, "f1-score": 0.8067542213883678, "support": 242.0}, "OP": {"precision": 0.6933333333333334, "recall": 0.6582278481012658, "f1-score": 0.6753246753246753, "support": 79.0}, "IP": {"precision": 0.703125, "recall": 0.8241758241758241, "f1-score": 0.7588532883642496, "support": 273.0}, "it": {"precision": 0.0, "recall": 0.0, "f1-score": 0.0, "support": 1.0}, "ne": {"precision": 0.8026315789473685, "recall": 0.8243243243243243, "f1-score": 0.8133333333333335, "support": 74.0}, "sr": {"precision": 0.6, "recall": 0.6666666666666666, "f1-score": 0.631578947368421, "support": 9.0}, "nb": {"precision": 0.7268518518518519, "recall": 0.9289940828402367, "f1-score": 0.8155844155844156, "support": 169.0}, "re": {"precision": 0.6923076923076923, "recall": 1.0, "f1-score": 0.8181818181818181, "support": 9.0}, "en": {"precision": 0.8897058823529411, "recall": 0.9758064516129032, "f1-score": 0.9307692307692308, "support": 124.0}, "ra": {"precision": 0.0, "recall": 0.0, "f1-score": 0.0, "support": 1.0}, "dtp": {"precision": 0.36486486486486486, "recall": 0.5, "f1-score": 0.42187499999999994, "support": 54.0}, "fi": {"precision": 0.0, "recall": 0.0, "f1-score": 0.0, "support": 5.0}, "lt": {"precision": 0.7297297297297297, "recall": 0.8709677419354839, "f1-score": 0.7941176470588235, "support": 31.0}, "rv": {"precision": 0.5263157894736842, "recall": 0.625, "f1-score": 0.5714285714285714, "support": 16.0}, "ob": {"precision": 0.6818181818181818, "recall": 0.625, "f1-score": 0.6521739130434783, "support": 48.0}, "rs": {"precision": 0.5714285714285714, "recall": 0.6666666666666666, "f1-score": 0.6153846153846153, "support": 6.0}, "av": {"precision": 0.0, "recall": 0.0, "f1-score": 0.0, "support": 4.0}, "ds": {"precision": 0.6691449814126395, "recall": 0.8144796380090498, "f1-score": 0.7346938775510204, "support": 221.0}, "ed": {"precision": 0.0, "recall": 0.0, "f1-score": 0.0, "support": 8.0}, "MIX": {"precision": 0.5867507886435331, "recall": 0.6118421052631579, "f1-score": 0.5990338164251208, "support": 304.0}}}