{"f1": 0.6442948798591018, "f1_macro": 0.6062922646517594, "precision": 0.6347130995166688, "recall": 0.6541703921318176, "accuracy": 0.49308279991740656, "threshold": 0.39999999999999997, "label_scores": {"MT": {"precision": 0.0, "recall": 0.0, "f1-score": 0.0, "support": 0.0}, "LY": {"precision": 0.9523809523809523, "recall": 0.7751937984496124, "f1-score": 0.8547008547008547, "support": 129.0}, "SP": {"precision": 0.5460526315789473, "recall": 0.7217391304347827, "f1-score": 0.6217228464419476, "support": 115.0}, "ID": {"precision": 0.8573770491803279, "recall": 0.7996941896024465, "f1-score": 0.8275316455696202, "support": 654.0}, "NA": {"precision": 0.7103365384615384, "recall": 0.8612649373360536, "f1-score": 0.7785535502568831, "support": 3431.0}, "HI": {"precision": 0.6575342465753424, "recall": 0.48, "f1-score": 0.5549132947976879, "support": 300.0}, "IN": {"precision": 0.6218929254302104, "recall": 0.7036235803136831, "f1-score": 0.6602385181426035, "support": 1849.0}, "OP": {"precision": 0.5210688591983555, "recall": 0.6567357512953368, "f1-score": 0.5810888252148997, "support": 1544.0}, "IP": {"precision": 0.4434782608695652, "recall": 0.38636363636363635, "f1-score": 0.4129554655870445, "support": 264.0}, "it": {"precision": 0.594059405940594, "recall": 0.7058823529411765, "f1-score": 0.6451612903225806, "support": 85.0}, "ne": {"precision": 0.7307867212369259, "recall": 0.8112064613831398, "f1-score": 0.7688995215311005, "support": 1981.0}, "sr": {"precision": 0.7844036697247706, "recall": 0.9177101967799642, "f1-score": 0.8458367683429513, "support": 559.0}, "nb": {"precision": 0.6346153846153846, "recall": 0.6280276816608996, "f1-score": 0.6313043478260869, "support": 578.0}, "re": {"precision": 0.8636363636363636, "recall": 0.5428571428571428, "f1-score": 0.6666666666666666, "support": 35.0}, "en": {"precision": 0.7821782178217822, "recall": 0.7596153846153846, "f1-score": 0.7707317073170732, "support": 104.0}, "ra": {"precision": 0.8317757009345794, "recall": 0.536144578313253, "f1-score": 0.652014652014652, "support": 166.0}, "dtp": {"precision": 0.4240317775571003, "recall": 0.5495495495495496, "f1-score": 0.4786995515695067, "support": 777.0}, "fi": {"precision": 0.0, "recall": 0.0, "f1-score": 0.0, "support": 49.0}, "lt": {"precision": 0.6410256410256411, "recall": 0.6578947368421053, "f1-score": 0.6493506493506495, "support": 38.0}, "rv": {"precision": 0.6021505376344086, "recall": 0.6646884272997032, "f1-score": 0.6318758815232722, "support": 337.0}, "ob": {"precision": 0.46565934065934067, "recall": 0.4544235924932976, "f1-score": 0.4599728629579376, "support": 746.0}, "rs": {"precision": 0.591715976331361, "recall": 0.7633587786259542, "f1-score": 0.6666666666666667, "support": 131.0}, "av": {"precision": 0.4666666666666667, "recall": 0.20114942528735633, "f1-score": 0.28112449799196787, "support": 174.0}, "ds": {"precision": 0.4659090909090909, "recall": 0.4079601990049751, "f1-score": 0.43501326259946943, "support": 201.0}, "ed": {"precision": 0.0, "recall": 0.0, "f1-score": 0.0, "support": 11.0}, "MIX": {"precision": 0.20136518771331058, "recall": 0.04214285714285714, "f1-score": 0.06969875959834612, "support": 1400.0}}}