{"f1": 0.6546184738955824, "precision": 0.6936170212765957, "recall": 0.6197718631178707, "accuracy": 0.47368421052631576, "pr_auc": 0.6919523893525504, "threshold": 0.49999999999999994, "label_scores": {"MT": {"precision": 0.8125, "recall": 0.7647058823529411, "f1-score": 0.7878787878787878, "support": 17.0}, "LY": {"precision": 0.0, "recall": 0.0, "f1-score": 0.0, "support": 0.0}, "SP": {"precision": 0.0, "recall": 0.0, "f1-score": 0.0, "support": 0.0}, "ID": {"precision": 1.0, "recall": 0.5, "f1-score": 0.6666666666666666, "support": 4.0}, "NA": {"precision": 0.6896551724137931, "recall": 0.7407407407407407, "f1-score": 0.7142857142857143, "support": 27.0}, "HI": {"precision": 0.7777777777777778, "recall": 0.7, "f1-score": 0.7368421052631579, "support": 10.0}, "IN": {"precision": 0.78125, "recall": 0.5555555555555556, "f1-score": 0.6493506493506493, "support": 45.0}, "OP": {"precision": 0.5, "recall": 0.3333333333333333, "f1-score": 0.4, "support": 9.0}, "IP": {"precision": 0.6530612244897959, "recall": 0.8421052631578947, "f1-score": 0.735632183908046, "support": 38.0}, "it": {"precision": 0.0, "recall": 0.0, "f1-score": 0.0, "support": 0.0}, "ne": {"precision": 0.875, "recall": 0.6363636363636364, "f1-score": 0.7368421052631579, "support": 11.0}, "sr": {"precision": 1.0, "recall": 0.4, "f1-score": 0.5714285714285714, "support": 5.0}, "nb": {"precision": 0.46153846153846156, "recall": 0.75, "f1-score": 0.5714285714285714, "support": 8.0}, "re": {"precision": 1.0, "recall": 0.3333333333333333, "f1-score": 0.5, "support": 6.0}, "en": {"precision": 0.75, "recall": 1.0, "f1-score": 0.8571428571428571, "support": 3.0}, "ra": {"precision": 0.0, "recall": 0.0, "f1-score": 0.0, "support": 0.0}, "dtp": {"precision": 0.5714285714285714, "recall": 0.32, "f1-score": 0.41025641025641024, "support": 25.0}, "fi": {"precision": 1.0, "recall": 0.16666666666666666, "f1-score": 0.2857142857142857, "support": 6.0}, "lt": {"precision": 0.3333333333333333, "recall": 1.0, "f1-score": 0.5, "support": 1.0}, "rv": {"precision": 0.3333333333333333, "recall": 0.3333333333333333, "f1-score": 0.3333333333333333, "support": 3.0}, "ob": {"precision": 0.0, "recall": 0.0, "f1-score": 0.0, "support": 2.0}, "rs": {"precision": 0.0, "recall": 0.0, "f1-score": 0.0, "support": 1.0}, "av": {"precision": 0.0, "recall": 0.0, "f1-score": 0.0, "support": 3.0}, "ds": {"precision": 0.7142857142857143, "recall": 0.8823529411764706, "f1-score": 0.7894736842105263, "support": 34.0}, "ed": {"precision": 0.0, "recall": 0.0, "f1-score": 0.0, "support": 5.0}}}