{"f1": 0.6447876447876447, "f1_macro": 0.6672540552306416, "precision": 0.5585284280936454, "recall": 0.7625570776255708, "accuracy": 0.1644295302013423, "threshold": 0.39999999999999997, "label_scores": {"MT": {"precision": 0.7272727272727273, "recall": 0.7272727272727273, "f1-score": 0.7272727272727273, "support": 22.0}, "LY": {"precision": 0.8, "recall": 1.0, "f1-score": 0.888888888888889, "support": 4.0}, "SP": {"precision": 0.75, "recall": 0.75, "f1-score": 0.75, "support": 4.0}, "ID": {"precision": 0.6111111111111112, "recall": 0.8461538461538461, "f1-score": 0.7096774193548387, "support": 13.0}, "NA": {"precision": 0.5609756097560976, "recall": 0.8117647058823529, "f1-score": 0.6634615384615385, "support": 85.0}, "HI": {"precision": 0.6341463414634146, "recall": 0.8387096774193549, "f1-score": 0.7222222222222222, "support": 31.0}, "IN": {"precision": 0.5845070422535211, "recall": 0.8645833333333334, "f1-score": 0.6974789915966387, "support": 96.0}, "OP": {"precision": 0.5348837209302325, "recall": 0.7301587301587301, "f1-score": 0.6174496644295302, "support": 63.0}, "IP": {"precision": 0.5428571428571428, "recall": 0.8735632183908046, "f1-score": 0.6696035242290749, "support": 87.0}, "it": {"precision": 0.75, "recall": 1.0, "f1-score": 0.8571428571428571, "support": 3.0}, "ne": {"precision": 0.4, "recall": 0.3076923076923077, "f1-score": 0.34782608695652173, "support": 13.0}, "sr": {"precision": 1.0, "recall": 1.0, "f1-score": 1.0, "support": 2.0}, "nb": {"precision": 0.5142857142857142, "recall": 0.75, "f1-score": 0.6101694915254237, "support": 48.0}, "re": {"precision": 0.8, "recall": 0.7272727272727273, "f1-score": 0.761904761904762, "support": 11.0}, "en": {"precision": 0.42857142857142855, "recall": 1.0, "f1-score": 0.6, "support": 6.0}, "ra": {"precision": 0.0, "recall": 0.0, "f1-score": 0.0, "support": 0.0}, "dtp": {"precision": 0.4675324675324675, "recall": 0.75, "f1-score": 0.5760000000000001, "support": 48.0}, "fi": {"precision": 0.7142857142857143, "recall": 1.0, "f1-score": 0.8333333333333333, "support": 5.0}, "lt": {"precision": 0.6666666666666666, "recall": 0.36363636363636365, "f1-score": 0.4705882352941177, "support": 11.0}, "rv": {"precision": 0.6818181818181818, "recall": 0.7894736842105263, "f1-score": 0.7317073170731707, "support": 38.0}, "ob": {"precision": 0.3333333333333333, "recall": 0.5714285714285714, "f1-score": 0.4210526315789474, "support": 7.0}, "rs": {"precision": 0.0, "recall": 0.0, "f1-score": 0.0, "support": 0.0}, "av": {"precision": 0.5, "recall": 0.5, "f1-score": 0.5, "support": 14.0}, "ds": {"precision": 0.5365853658536586, "recall": 0.5116279069767442, "f1-score": 0.5238095238095238, "support": 43.0}, "ed": {"precision": 0.0, "recall": 0.0, "f1-score": 0.0, "support": 3.0}}}