{"f1": 0.6666666666666666, "precision": 0.6810344827586207, "recall": 0.6528925619834711, "accuracy": 0.532608695652174, "pr_auc": 0.7290046916707995, "threshold": 0.3, "label_scores": {"MT": {"precision": 0.3333333333333333, "recall": 1.0, "f1-score": 0.5, "support": 3.0}, "LY": {"precision": 0.0, "recall": 0.0, "f1-score": 0.0, "support": 0.0}, "SP": {"precision": 0.0, "recall": 0.0, "f1-score": 0.0, "support": 0.0}, "ID": {"precision": 0.75, "recall": 0.375, "f1-score": 0.5, "support": 8.0}, "NA": {"precision": 0.8918918918918919, "recall": 0.8461538461538461, "f1-score": 0.868421052631579, "support": 39.0}, "HI": {"precision": 0.75, "recall": 0.375, "f1-score": 0.5, "support": 8.0}, "IN": {"precision": 0.7619047619047619, "recall": 0.5333333333333333, "f1-score": 0.6274509803921569, "support": 30.0}, "OP": {"precision": 0.6111111111111112, "recall": 0.6470588235294118, "f1-score": 0.6285714285714287, "support": 17.0}, "IP": {"precision": 0.43478260869565216, "recall": 0.625, "f1-score": 0.5128205128205128, "support": 16.0}}}