{"f1": 0.6324786324786325, "f1_macro": 0.5897179604416447, "precision": 0.5826771653543307, "recall": 0.6915887850467289, "accuracy": 0.52, "threshold": 0.39999999999999997, "label_scores": {"MT": {"precision": 0.3333333333333333, "recall": 0.25, "f1-score": 0.28571428571428575, "support": 4.0}, "LY": {"precision": 0.0, "recall": 0.0, "f1-score": 0.0, "support": 0.0}, "SP": {"precision": 1.0, "recall": 1.0, "f1-score": 1.0, "support": 1.0}, "ID": {"precision": 0.5, "recall": 1.0, "f1-score": 0.6666666666666666, "support": 4.0}, "NA": {"precision": 0.8571428571428571, "recall": 0.5, "f1-score": 0.631578947368421, "support": 36.0}, "HI": {"precision": 0.8333333333333334, "recall": 0.5, "f1-score": 0.625, "support": 10.0}, "IN": {"precision": 0.42857142857142855, "recall": 1.0, "f1-score": 0.6, "support": 15.0}, "OP": {"precision": 0.08333333333333333, "recall": 0.25, "f1-score": 0.125, "support": 4.0}, "IP": {"precision": 0.7073170731707317, "recall": 0.8787878787878788, "f1-score": 0.7837837837837839, "support": 33.0}}}