{"f1": 0.7847971237801746, "f1_macro": 0.7320344359031566, "precision": 0.7852004110996916, "recall": 0.784394250513347, "accuracy": 0.7183406113537117, "threshold": 0.44999999999999996, "label_scores": {"Forum": {"precision": 0.75, "recall": 0.391304347826087, "f1-score": 0.5142857142857143, "support": 23.0}, "Information/Explanation": {"precision": 0.6, "recall": 0.6744186046511628, "f1-score": 0.635036496350365, "support": 129.0}, "Instruction": {"precision": 0.7714285714285715, "recall": 0.75, "f1-score": 0.7605633802816902, "support": 36.0}, "Legal": {"precision": 0.7454545454545455, "recall": 0.7735849056603774, "f1-score": 0.7592592592592593, "support": 53.0}, "News": {"precision": 0.892018779342723, "recall": 0.9313725490196079, "f1-score": 0.9112709832134293, "support": 204.0}, "Opinion/Argumentation": {"precision": 0.7913043478260869, "recall": 0.6691176470588235, "f1-score": 0.7250996015936254, "support": 136.0}, "Other": {"precision": 0.875, "recall": 0.6829268292682927, "f1-score": 0.767123287671233, "support": 123.0}, "Promotion": {"precision": 0.784452296819788, "recall": 0.8844621513944223, "f1-score": 0.8314606741573035, "support": 251.0}, "Prose/Lyrical": {"precision": 0.6842105263157895, "recall": 0.6842105263157895, "f1-score": 0.6842105263157895, "support": 19.0}}}