{"f1": 0.6949152542372882, "precision": 0.7130434782608696, "recall": 0.6776859504132231, "accuracy": 0.5108695652173914, "pr_auc": 0.7241478565494154, "threshold": 0.3, "label_scores": {"MT": {"precision": 0.3333333333333333, "recall": 0.6666666666666666, "f1-score": 0.4444444444444444, "support": 3.0}, "LY": {"precision": 0.0, "recall": 0.0, "f1-score": 0.0, "support": 0.0}, "SP": {"precision": 0.0, "recall": 0.0, "f1-score": 0.0, "support": 0.0}, "ID": {"precision": 0.6, "recall": 0.375, "f1-score": 0.4615384615384615, "support": 8.0}, "NA": {"precision": 0.9166666666666666, "recall": 0.8461538461538461, "f1-score": 0.8799999999999999, "support": 39.0}, "HI": {"precision": 1.0, "recall": 0.375, "f1-score": 0.5454545454545454, "support": 8.0}, "IN": {"precision": 0.8076923076923077, "recall": 0.7, "f1-score": 0.75, "support": 30.0}, "OP": {"precision": 0.6111111111111112, "recall": 0.6470588235294118, "f1-score": 0.6285714285714287, "support": 17.0}, "IP": {"precision": 0.45, "recall": 0.5625, "f1-score": 0.5, "support": 16.0}}}