{"f1": 0.7387478693509008, "precision": 0.7330407752788444, "recall": 0.7445445259541276, "accuracy": 0.6073779914306615, "pr_auc": 0.823828824203085, "threshold": 0.44999999999999996, "label_scores": {"MT": {"precision": 0.0, "recall": 0.0, "f1-score": 0.0, "support": 0.0}, "LY": {"precision": 0.8914728682170543, "recall": 0.8518518518518519, "f1-score": 0.8712121212121213, "support": 135.0}, "SP": {"precision": 0.6353591160220995, "recall": 0.7876712328767124, "f1-score": 0.7033639143730888, "support": 146.0}, "ID": {"precision": 0.8538812785388128, "recall": 0.8177842565597667, "f1-score": 0.8354430379746836, "support": 686.0}, "NA": {"precision": 0.8430436966348569, "recall": 0.7872889305816135, "f1-score": 0.8142129517341742, "support": 4264.0}, "HI": {"precision": 0.695906432748538, "recall": 0.5790754257907542, "f1-score": 0.6321381142098274, "support": 411.0}, "IN": {"precision": 0.6688468158347677, "recall": 0.7484591679506933, "f1-score": 0.7064170150881659, "support": 2596.0}, "OP": {"precision": 0.6094861660079052, "recall": 0.7242837012682011, "f1-score": 0.6619446233097231, "support": 2129.0}, "IP": {"precision": 0.7101449275362319, "recall": 0.3656716417910448, "f1-score": 0.48275862068965514, "support": 402.0}}}