{"f1": 0.7052023121387284, "precision": 0.7349397590361446, "recall": 0.6777777777777778, "accuracy": 0.5294117647058824, "pr_auc": 0.7514462681645382, "threshold": 0.39999999999999997, "label_scores": {"MT": {"precision": 1.0, "recall": 0.5, "f1-score": 0.6666666666666666, "support": 2.0}, "LY": {"precision": 1.0, "recall": 0.6666666666666666, "f1-score": 0.8, "support": 3.0}, "SP": {"precision": 0.0, "recall": 0.0, "f1-score": 0.0, "support": 1.0}, "ID": {"precision": 0.0, "recall": 0.0, "f1-score": 0.0, "support": 0.0}, "NA": {"precision": 0.8181818181818182, "recall": 0.9, "f1-score": 0.8571428571428572, "support": 20.0}, "HI": {"precision": 0.6, "recall": 0.5, "f1-score": 0.5454545454545454, "support": 6.0}, "IN": {"precision": 0.6842105263157895, "recall": 0.8125, "f1-score": 0.742857142857143, "support": 16.0}, "OP": {"precision": 0.75, "recall": 0.3157894736842105, "f1-score": 0.44444444444444436, "support": 19.0}, "IP": {"precision": 0.72, "recall": 0.782608695652174, "f1-score": 0.7499999999999999, "support": 23.0}}}