{"f1": 0.6167471819645733, "precision": 0.683115338882283, "recall": 0.562133072407045, "accuracy": 0.3591905564924115, "pr_auc": 0.6915002970513253, "threshold": 0.3, "label_scores": {"MT": {"precision": 0.2159090909090909, "recall": 0.6551724137931034, "f1-score": 0.3247863247863248, "support": 29.0}, "LY": {"precision": 0.8571428571428571, "recall": 1.0, "f1-score": 0.923076923076923, "support": 12.0}, "SP": {"precision": 0.7142857142857143, "recall": 0.04807692307692308, "f1-score": 0.09009009009009009, "support": 104.0}, "ID": {"precision": 0.38095238095238093, "recall": 0.18181818181818182, "f1-score": 0.24615384615384614, "support": 44.0}, "NA": {"precision": 0.8724696356275303, "recall": 0.7443868739205527, "f1-score": 0.8033550792171482, "support": 579.0}, "HI": {"precision": 0.5474452554744526, "recall": 0.5905511811023622, "f1-score": 0.5681818181818181, "support": 127.0}, "IN": {"precision": 0.6774193548387096, "recall": 0.4261992619926199, "f1-score": 0.5232163080407701, "support": 542.0}, "OP": {"precision": 0.5894308943089431, "recall": 0.4948805460750853, "f1-score": 0.5380333951762524, "support": 293.0}, "IP": {"precision": 0.6676646706586826, "recall": 0.7101910828025477, "f1-score": 0.6882716049382717, "support": 314.0}}}