{"f1": 0.6564102564102563, "precision": 0.6956521739130435, "recall": 0.6213592233009708, "accuracy": 0.59, "pr_auc": 0.7008878912018859, "threshold": 0.5999999999999999, "label_scores": {"MT": {"precision": 0.16666666666666666, "recall": 1.0, "f1-score": 0.2857142857142857, "support": 1.0}, "LY": {"precision": 0.0, "recall": 0.0, "f1-score": 0.0, "support": 0.0}, "SP": {"precision": 0.0, "recall": 0.0, "f1-score": 0.0, "support": 0.0}, "ID": {"precision": 0.5, "recall": 0.25, "f1-score": 0.3333333333333333, "support": 4.0}, "NA": {"precision": 0.8, "recall": 0.875, "f1-score": 0.8358208955223881, "support": 32.0}, "HI": {"precision": 1.0, "recall": 0.14285714285714285, "f1-score": 0.25, "support": 7.0}, "IN": {"precision": 0.5789473684210527, "recall": 0.44, "f1-score": 0.5, "support": 25.0}, "OP": {"precision": 0.5, "recall": 0.2, "f1-score": 0.28571428571428575, "support": 5.0}, "IP": {"precision": 0.7777777777777778, "recall": 0.7241379310344828, "f1-score": 0.75, "support": 29.0}}}