{"f1": 0.6350710900473934, "precision": 0.6767676767676768, "recall": 0.5982142857142857, "accuracy": 0.5871559633027523, "pr_auc": 0.6989412870325284, "threshold": 0.6499999999999999, "label_scores": {"MT": {"precision": 0.0, "recall": 0.0, "f1-score": 0.0, "support": 3.0}, "LY": {"precision": 1.0, "recall": 1.0, "f1-score": 1.0, "support": 2.0}, "SP": {"precision": 1.0, "recall": 0.5, "f1-score": 0.6666666666666666, "support": 2.0}, "ID": {"precision": 1.0, "recall": 0.5, "f1-score": 0.6666666666666666, "support": 2.0}, "NA": {"precision": 0.7073170731707317, "recall": 0.8529411764705882, "f1-score": 0.7733333333333334, "support": 34.0}, "HI": {"precision": 0.5, "recall": 0.5, "f1-score": 0.5, "support": 2.0}, "IN": {"precision": 0.8571428571428571, "recall": 0.4186046511627907, "f1-score": 0.5625000000000001, "support": 43.0}, "OP": {"precision": 0.8, "recall": 0.3333333333333333, "f1-score": 0.47058823529411764, "support": 12.0}, "IP": {"precision": 0.4230769230769231, "recall": 0.9166666666666666, "f1-score": 0.5789473684210527, "support": 12.0}}}