{"f1": 0.7616099071207432, "precision": 0.82, "recall": 0.7109826589595376, "accuracy": 0.71875, "pr_auc": 0.8469230738525368, "threshold": 0.5499999999999999, "label_scores": {"Forum": {"precision": 0.0, "recall": 0.0, "f1-score": 0.0, "support": 1.0}, "Information/Explanation": {"precision": 0.84, "recall": 0.6363636363636364, "f1-score": 0.7241379310344828, "support": 33.0}, "Instruction": {"precision": 1.0, "recall": 0.2222222222222222, "f1-score": 0.3636363636363636, "support": 9.0}, "Legal": {"precision": 1.0, "recall": 1.0, "f1-score": 1.0, "support": 1.0}, "News": {"precision": 0.9210526315789473, "recall": 0.9722222222222222, "f1-score": 0.9459459459459458, "support": 72.0}, "Opinion/Argumentation": {"precision": 0.6923076923076923, "recall": 0.5625, "f1-score": 0.6206896551724138, "support": 16.0}, "Other": {"precision": 0.3125, "recall": 0.7142857142857143, "f1-score": 0.43478260869565216, "support": 7.0}, "Promotion": {"precision": 0.0, "recall": 0.0, "f1-score": 0.0, "support": 12.0}, "Prose/Lyrical": {"precision": 1.0, "recall": 0.6818181818181818, "f1-score": 0.8108108108108109, "support": 22.0}}}