{"f1": 0.7735849056603773, "precision": 0.7330456226880394, "recall": 0.818870523415978, "accuracy": 0.6269137792103142, "pr_auc": 0.8540211218046091, "threshold": 0.35, "label_scores": {"Forum": {"precision": 0.8604651162790697, "recall": 0.925, "f1-score": 0.891566265060241, "support": 120.0}, "Information/Explanation": {"precision": 0.6713881019830028, "recall": 0.8525179856115108, "f1-score": 0.7511885895404121, "support": 278.0}, "Instruction": {"precision": 0.6413043478260869, "recall": 0.7564102564102564, "f1-score": 0.6941176470588235, "support": 78.0}, "Legal": {"precision": 0.8157894736842105, "recall": 0.8157894736842105, "f1-score": 0.8157894736842104, "support": 38.0}, "News": {"precision": 0.6983240223463687, "recall": 0.8503401360544217, "f1-score": 0.7668711656441718, "support": 147.0}, "Opinion/Argumentation": {"precision": 0.706081081081081, "recall": 0.7977099236641222, "f1-score": 0.7491039426523297, "support": 262.0}, "Other": {"precision": 0.9, "recall": 0.7974683544303798, "f1-score": 0.8456375838926175, "support": 79.0}, "Promotion": {"precision": 0.8324175824175825, "recall": 0.7994722955145118, "f1-score": 0.8156123822341856, "support": 379.0}, "Prose/Lyrical": {"precision": 0.504950495049505, "recall": 0.7183098591549296, "f1-score": 0.5930232558139535, "support": 71.0}}}