{"f1": 0.6257142857142857, "precision": 0.6498516320474778, "recall": 0.6033057851239669, "accuracy": 0.5662650602409639, "pr_auc": 0.6534766213085453, "threshold": 0.49999999999999994, "label_scores": {"Forum": {"precision": 0.5, "recall": 0.23529411764705882, "f1-score": 0.31999999999999995, "support": 17.0}, "Information/Explanation": {"precision": 0.5, "recall": 0.425531914893617, "f1-score": 0.4597701149425288, "support": 47.0}, "Instruction": {"precision": 0.7647058823529411, "recall": 0.40625, "f1-score": 0.5306122448979592, "support": 32.0}, "Legal": {"precision": 0.5, "recall": 0.875, "f1-score": 0.6363636363636364, "support": 8.0}, "News": {"precision": 0.69, "recall": 0.8625, "f1-score": 0.7666666666666667, "support": 80.0}, "Opinion/Argumentation": {"precision": 0.4864864864864865, "recall": 0.4186046511627907, "f1-score": 0.45, "support": 43.0}, "Other": {"precision": 0.0, "recall": 0.0, "f1-score": 0.0, "support": 0.0}, "Promotion": {"precision": 0.8333333333333334, "recall": 0.6880733944954128, "f1-score": 0.7537688442211056, "support": 109.0}, "Prose/Lyrical": {"precision": 0.6190476190476191, "recall": 0.48148148148148145, "f1-score": 0.5416666666666666, "support": 27.0}}}