{"f1": 0.7505285412262156, "f1_macro": 0.6790168171045081, "precision": 0.7773722627737226, "recall": 0.7254768392370572, "accuracy": 0.6317485898468976, "threshold": 0.44999999999999996, "label_scores": {"MT": {"precision": 0.9130434782608695, "recall": 0.65625, "f1-score": 0.7636363636363634, "support": 64.0}, "LY": {"precision": 1.0, "recall": 0.3076923076923077, "f1-score": 0.47058823529411764, "support": 13.0}, "SP": {"precision": 1.0, "recall": 0.3333333333333333, "f1-score": 0.5, "support": 15.0}, "ID": {"precision": 0.9223300970873787, "recall": 0.7916666666666666, "f1-score": 0.8520179372197311, "support": 120.0}, "NA": {"precision": 0.7549857549857549, "recall": 0.8153846153846154, "f1-score": 0.7840236686390532, "support": 325.0}, "HI": {"precision": 0.6666666666666666, "recall": 0.5, "f1-score": 0.5714285714285715, "support": 72.0}, "IN": {"precision": 0.7852112676056338, "recall": 0.696875, "f1-score": 0.7384105960264901, "support": 320.0}, "OP": {"precision": 0.7258064516129032, "recall": 0.6, "f1-score": 0.6569343065693432, "support": 150.0}, "IP": {"precision": 0.7644110275689223, "recall": 0.7840616966580977, "f1-score": 0.7741116751269035, "support": 389.0}}}