{"f1": 0.5112781954887218, "precision": 0.42323651452282157, "recall": 0.6455696202531646, "accuracy": 0.16, "pr_auc": 0.5085826003824885, "threshold": 0.3, "label_scores": {"MT": {"precision": 0.3333333333333333, "recall": 0.5, "f1-score": 0.4, "support": 4.0}, "LY": {"precision": 0.0, "recall": 0.0, "f1-score": 0.0, "support": 0.0}, "SP": {"precision": 1.0, "recall": 1.0, "f1-score": 1.0, "support": 1.0}, "ID": {"precision": 0.5, "recall": 1.0, "f1-score": 0.6666666666666666, "support": 4.0}, "NA": {"precision": 0.8181818181818182, "recall": 0.5, "f1-score": 0.6206896551724137, "support": 36.0}, "HI": {"precision": 0.8333333333333334, "recall": 0.5, "f1-score": 0.625, "support": 10.0}, "IN": {"precision": 0.375, "recall": 1.0, "f1-score": 0.5454545454545454, "support": 15.0}, "OP": {"precision": 0.05555555555555555, "recall": 0.25, "f1-score": 0.0909090909090909, "support": 4.0}, "IP": {"precision": 0.7272727272727273, "recall": 0.9696969696969697, "f1-score": 0.8311688311688312, "support": 33.0}, "it": {"precision": 1.0, "recall": 1.0, "f1-score": 1.0, "support": 1.0}, "ne": {"precision": 0.5, "recall": 0.3333333333333333, "f1-score": 0.4, "support": 3.0}, "sr": {"precision": 0.0, "recall": 0.0, "f1-score": 0.0, "support": 0.0}, "nb": {"precision": 0.875, "recall": 0.42424242424242425, "f1-score": 0.5714285714285714, "support": 33.0}, "re": {"precision": 0.0, "recall": 0.0, "f1-score": 0.0, "support": 0.0}, "en": {"precision": 0.0, "recall": 0.0, "f1-score": 0.0, "support": 0.0}, "ra": {"precision": 0.0, "recall": 0.0, "f1-score": 0.0, "support": 0.0}, "dtp": {"precision": 0.38461538461538464, "recall": 0.625, "f1-score": 0.4761904761904762, "support": 8.0}, "fi": {"precision": 0.0, "recall": 0.0, "f1-score": 0.0, "support": 0.0}, "lt": {"precision": 0.3333333333333333, "recall": 1.0, "f1-score": 0.5, "support": 2.0}, "rv": {"precision": 0.0, "recall": 0.0, "f1-score": 0.0, "support": 1.0}, "ob": {"precision": 0.0, "recall": 0.0, "f1-score": 0.0, "support": 0.0}, "rs": {"precision": 0.0, "recall": 0.0, "f1-score": 0.0, "support": 0.0}, "av": {"precision": 0.25, "recall": 0.3333333333333333, "f1-score": 0.28571428571428575, "support": 3.0}, "ds": {"precision": 0.0, "recall": 0.0, "f1-score": 0.0, "support": 0.0}, "ed": {"precision": 0.0, "recall": 0.0, "f1-score": 0.0, "support": 0.0}}}