{"f1": 0.6216062274539587, "precision": 0.5715782122905028, "recall": 0.6812317935913441, "accuracy": 0.3158742949234488, "pr_auc": 0.6779774453022005, "threshold": 0.35, "label_scores": {"MT": {"precision": 0.875, "recall": 0.546875, "f1-score": 0.6730769230769231, "support": 64.0}, "LY": {"precision": 0.0, "recall": 0.0, "f1-score": 0.0, "support": 13.0}, "SP": {"precision": 0.0, "recall": 0.0, "f1-score": 0.0, "support": 15.0}, "ID": {"precision": 0.585635359116022, "recall": 0.8833333333333333, "f1-score": 0.7043189368770764, "support": 120.0}, "NA": {"precision": 0.7985347985347986, "recall": 0.6707692307692308, "f1-score": 0.7290969899665553, "support": 325.0}, "HI": {"precision": 0.8478260869565217, "recall": 0.5416666666666666, "f1-score": 0.6610169491525423, "support": 72.0}, "IN": {"precision": 0.7830882352941176, "recall": 0.665625, "f1-score": 0.7195945945945946, "support": 320.0}, "OP": {"precision": 0.27800829875518673, "recall": 0.8933333333333333, "f1-score": 0.4240506329113924, "support": 150.0}, "IP": {"precision": 0.5721311475409836, "recall": 0.897172236503856, "f1-score": 0.6986986986986988, "support": 389.0}, "it": {"precision": 0.0, "recall": 0.0, "f1-score": 0.0, "support": 8.0}, "ne": {"precision": 0.7209302325581395, "recall": 0.5, "f1-score": 0.5904761904761905, "support": 124.0}, "sr": {"precision": 0.9333333333333333, "recall": 0.6086956521739131, "f1-score": 0.7368421052631579, "support": 23.0}, "nb": {"precision": 0.7076923076923077, "recall": 0.71875, "f1-score": 0.7131782945736435, "support": 128.0}, "re": {"precision": 1.0, "recall": 0.7619047619047619, "f1-score": 0.8648648648648648, "support": 21.0}, "en": {"precision": 0.627906976744186, "recall": 0.7941176470588235, "f1-score": 0.7012987012987012, "support": 34.0}, "ra": {"precision": 0.0, "recall": 0.0, "f1-score": 0.0, "support": 10.0}, "dtp": {"precision": 0.5272727272727272, "recall": 0.19463087248322147, "f1-score": 0.28431372549019607, "support": 149.0}, "fi": {"precision": 1.0, "recall": 0.8333333333333334, "f1-score": 0.9090909090909091, "support": 6.0}, "lt": {"precision": 1.0, "recall": 0.34210526315789475, "f1-score": 0.5098039215686275, "support": 38.0}, "rv": {"precision": 0.6323529411764706, "recall": 0.5657894736842105, "f1-score": 0.5972222222222221, "support": 76.0}, "ob": {"precision": 0.16666666666666666, "recall": 0.7777777777777778, "f1-score": 0.2745098039215686, "support": 27.0}, "rs": {"precision": 1.0, "recall": 0.14285714285714285, "f1-score": 0.25, "support": 7.0}, "av": {"precision": 0.5454545454545454, "recall": 0.21428571428571427, "f1-score": 0.30769230769230765, "support": 28.0}, "ds": {"precision": 0.5473145780051151, "recall": 0.8699186991869918, "f1-score": 0.6718995290423861, "support": 246.0}, "ed": {"precision": 0.0, "recall": 0.0, "f1-score": 0.0, "support": 10.0}}}