{"f1": 0.6687747035573123, "precision": 0.6789727126805778, "recall": 0.6588785046728972, "accuracy": 0.5120481927710844, "pr_auc": 0.7202568266687996, "threshold": 0.44999999999999996, "label_scores": {"MT": {"precision": 0.0, "recall": 0.0, "f1-score": 0.0, "support": 0.0}, "LY": {"precision": 0.0, "recall": 0.0, "f1-score": 0.0, "support": 4.0}, "SP": {"precision": 0.0, "recall": 0.0, "f1-score": 0.0, "support": 0.0}, "ID": {"precision": 0.5714285714285714, "recall": 0.23529411764705882, "f1-score": 0.3333333333333333, "support": 17.0}, "NA": {"precision": 0.7829457364341085, "recall": 0.8938053097345132, "f1-score": 0.8347107438016528, "support": 113.0}, "HI": {"precision": 0.7333333333333333, "recall": 0.34375, "f1-score": 0.4680851063829787, "support": 32.0}, "IN": {"precision": 0.5081967213114754, "recall": 0.5636363636363636, "f1-score": 0.5344827586206896, "support": 55.0}, "OP": {"precision": 0.5, "recall": 0.6, "f1-score": 0.5454545454545454, "support": 30.0}, "IP": {"precision": 0.8181818181818182, "recall": 0.7168141592920354, "f1-score": 0.7641509433962264, "support": 113.0}, "it": {"precision": 0.0, "recall": 0.0, "f1-score": 0.0, "support": 0.0}, "ne": {"precision": 0.6666666666666666, "recall": 0.9066666666666666, "f1-score": 0.7683615819209039, "support": 75.0}, "sr": {"precision": 0.6, "recall": 0.5, "f1-score": 0.5454545454545454, "support": 6.0}, "nb": {"precision": 0.45454545454545453, "recall": 0.2631578947368421, "f1-score": 0.3333333333333333, "support": 19.0}, "re": {"precision": 1.0, "recall": 0.8333333333333334, "f1-score": 0.9090909090909091, "support": 6.0}, "en": {"precision": 0.0, "recall": 0.0, "f1-score": 0.0, "support": 3.0}, "ra": {"precision": 0.0, "recall": 0.0, "f1-score": 0.0, "support": 2.0}, "dtp": {"precision": 0.18518518518518517, "recall": 0.2631578947368421, "f1-score": 0.21739130434782608, "support": 19.0}, "fi": {"precision": 0.0, "recall": 0.0, "f1-score": 0.0, "support": 1.0}, "lt": {"precision": 0.5, "recall": 0.625, "f1-score": 0.5555555555555556, "support": 8.0}, "rv": {"precision": 1.0, "recall": 0.3333333333333333, "f1-score": 0.5, "support": 9.0}, "ob": {"precision": 0.5, "recall": 0.4, "f1-score": 0.4444444444444445, "support": 5.0}, "rs": {"precision": 0.8888888888888888, "recall": 0.8888888888888888, "f1-score": 0.8888888888888888, "support": 9.0}, "av": {"precision": 0.125, "recall": 0.16666666666666666, "f1-score": 0.14285714285714288, "support": 6.0}, "ds": {"precision": 0.8674698795180723, "recall": 0.6792452830188679, "f1-score": 0.7619047619047619, "support": 106.0}, "ed": {"precision": 0.0, "recall": 0.0, "f1-score": 0.0, "support": 4.0}}}