{"f1": 0.6666666666666666, "precision": 0.6503703703703704, "recall": 0.6838006230529595, "accuracy": 0.4819277108433735, "pr_auc": 0.7134967002634716, "threshold": 0.39999999999999997, "label_scores": {"MT": {"precision": 0.0, "recall": 0.0, "f1-score": 0.0, "support": 0.0}, "LY": {"precision": 0.0, "recall": 0.0, "f1-score": 0.0, "support": 4.0}, "SP": {"precision": 0.0, "recall": 0.0, "f1-score": 0.0, "support": 0.0}, "ID": {"precision": 0.5, "recall": 0.23529411764705882, "f1-score": 0.31999999999999995, "support": 17.0}, "NA": {"precision": 0.7518248175182481, "recall": 0.911504424778761, "f1-score": 0.824, "support": 113.0}, "HI": {"precision": 0.7222222222222222, "recall": 0.40625, "f1-score": 0.52, "support": 32.0}, "IN": {"precision": 0.475, "recall": 0.6909090909090909, "f1-score": 0.5629629629629629, "support": 55.0}, "OP": {"precision": 0.5142857142857142, "recall": 0.6, "f1-score": 0.5538461538461538, "support": 30.0}, "IP": {"precision": 0.8247422680412371, "recall": 0.7079646017699115, "f1-score": 0.7619047619047619, "support": 113.0}, "it": {"precision": 0.0, "recall": 0.0, "f1-score": 0.0, "support": 0.0}, "ne": {"precision": 0.6601941747572816, "recall": 0.9066666666666666, "f1-score": 0.7640449438202248, "support": 75.0}, "sr": {"precision": 0.6, "recall": 0.5, "f1-score": 0.5454545454545454, "support": 6.0}, "nb": {"precision": 0.35714285714285715, "recall": 0.2631578947368421, "f1-score": 0.30303030303030304, "support": 19.0}, "re": {"precision": 1.0, "recall": 0.8333333333333334, "f1-score": 0.9090909090909091, "support": 6.0}, "en": {"precision": 0.0, "recall": 0.0, "f1-score": 0.0, "support": 3.0}, "ra": {"precision": 0.0, "recall": 0.0, "f1-score": 0.0, "support": 2.0}, "dtp": {"precision": 0.2, "recall": 0.3684210526315789, "f1-score": 0.25925925925925924, "support": 19.0}, "fi": {"precision": 0.0, "recall": 0.0, "f1-score": 0.0, "support": 1.0}, "lt": {"precision": 0.46153846153846156, "recall": 0.75, "f1-score": 0.5714285714285714, "support": 8.0}, "rv": {"precision": 0.75, "recall": 0.3333333333333333, "f1-score": 0.46153846153846156, "support": 9.0}, "ob": {"precision": 0.5, "recall": 0.6, "f1-score": 0.5454545454545454, "support": 5.0}, "rs": {"precision": 0.8888888888888888, "recall": 0.8888888888888888, "f1-score": 0.8888888888888888, "support": 9.0}, "av": {"precision": 0.18181818181818182, "recall": 0.3333333333333333, "f1-score": 0.23529411764705885, "support": 6.0}, "ds": {"precision": 0.8690476190476191, "recall": 0.6886792452830188, "f1-score": 0.7684210526315789, "support": 106.0}, "ed": {"precision": 0.0, "recall": 0.0, "f1-score": 0.0, "support": 4.0}}}