{"f1": 0.707226156877363, "precision": 0.6887770978114304, "recall": 0.7266907419566645, "accuracy": 0.46974605496917127, "pr_auc": 0.7772741937529968, "threshold": 0.39999999999999997, "label_scores": {"MT": {"precision": 0.0, "recall": 0.0, "f1-score": 0.0, "support": 0.0}, "LY": {"precision": 0.8923076923076924, "recall": 0.8592592592592593, "f1-score": 0.8754716981132076, "support": 135.0}, "SP": {"precision": 0.6762589928057554, "recall": 0.6438356164383562, "f1-score": 0.6596491228070176, "support": 146.0}, "ID": {"precision": 0.8087591240875912, "recall": 0.8075801749271136, "f1-score": 0.8081692195477752, "support": 686.0}, "NA": {"precision": 0.8043527036122953, "recall": 0.8407598499061913, "f1-score": 0.8221534227726177, "support": 4264.0}, "HI": {"precision": 0.5863453815261044, "recall": 0.7104622871046229, "f1-score": 0.6424642464246425, "support": 411.0}, "IN": {"precision": 0.6458819606535512, "recall": 0.7461479198767335, "f1-score": 0.6924039320822163, "support": 2596.0}, "OP": {"precision": 0.6002269288956127, "recall": 0.7454203851573509, "f1-score": 0.664990571967316, "support": 2129.0}, "IP": {"precision": 0.6855670103092784, "recall": 0.3308457711442786, "f1-score": 0.44630872483221484, "support": 402.0}, "it": {"precision": 0.68, "recall": 0.6538461538461539, "f1-score": 0.6666666666666666, "support": 104.0}, "ne": {"precision": 0.8139946855624446, "recall": 0.7791437049597287, "f1-score": 0.7961880008663633, "support": 2359.0}, "sr": {"precision": 0.8644578313253012, "recall": 0.9039370078740158, "f1-score": 0.8837567359507313, "support": 635.0}, "nb": {"precision": 0.6886326194398682, "recall": 0.5789473684210527, "f1-score": 0.6290443942814146, "support": 722.0}, "re": {"precision": 0.8285714285714286, "recall": 0.7837837837837838, "f1-score": 0.8055555555555555, "support": 37.0}, "en": {"precision": 0.5972222222222222, "recall": 0.7962962962962963, "f1-score": 0.6825396825396824, "support": 108.0}, "ra": {"precision": 0.7638888888888888, "recall": 0.582010582010582, "f1-score": 0.6606606606606608, "support": 189.0}, "dtp": {"precision": 0.4402351404310908, "recall": 0.618348623853211, "f1-score": 0.5143075162151851, "support": 1090.0}, "fi": {"precision": 0.6923076923076923, "recall": 0.13043478260869565, "f1-score": 0.21951219512195122, "support": 69.0}, "lt": {"precision": 0.6944444444444444, "recall": 0.625, "f1-score": 0.6578947368421053, "support": 40.0}, "rv": {"precision": 0.7492354740061162, "recall": 0.5961070559610706, "f1-score": 0.6639566395663957, "support": 411.0}, "ob": {"precision": 0.5095119933829612, "recall": 0.5861084681255947, "f1-score": 0.5451327433628319, "support": 1051.0}, "rs": {"precision": 0.6514285714285715, "recall": 0.7261146496815286, "f1-score": 0.6867469879518071, "support": 157.0}, "av": {"precision": 0.4909090909090909, "recall": 0.2288135593220339, "f1-score": 0.31213872832369943, "support": 236.0}, "ds": {"precision": 0.7454545454545455, "recall": 0.4392857142857143, "f1-score": 0.5528089887640449, "support": 280.0}, "ed": {"precision": 0.0, "recall": 0.0, "f1-score": 0.0, "support": 19.0}}}