{"f1": 0.6563621308308032, "precision": 0.6176623376623377, "recall": 0.7002355712603062, "accuracy": 0.43995633187772926, "pr_auc": 0.6978622107625729, "threshold": 0.35, "label_scores": {"MT": {"precision": 0.7472527472527473, "recall": 0.6181818181818182, "f1-score": 0.6766169154228855, "support": 110.0}, "LY": {"precision": 0.0, "recall": 0.0, "f1-score": 0.0, "support": 7.0}, "SP": {"precision": 0.0, "recall": 0.0, "f1-score": 0.0, "support": 13.0}, "ID": {"precision": 0.27586206896551724, "recall": 0.34782608695652173, "f1-score": 0.3076923076923077, "support": 23.0}, "NA": {"precision": 0.8537735849056604, "recall": 0.7903930131004366, "f1-score": 0.8208616780045351, "support": 229.0}, "HI": {"precision": 0.8518518518518519, "recall": 0.696969696969697, "f1-score": 0.7666666666666667, "support": 33.0}, "IN": {"precision": 0.6857142857142857, "recall": 0.6486486486486487, "f1-score": 0.6666666666666667, "support": 185.0}, "OP": {"precision": 0.31048387096774194, "recall": 0.8369565217391305, "f1-score": 0.4529411764705883, "support": 92.0}, "IP": {"precision": 0.5470459518599562, "recall": 0.8802816901408451, "f1-score": 0.6747638326585694, "support": 284.0}, "it": {"precision": 0.0, "recall": 0.0, "f1-score": 0.0, "support": 7.0}, "ne": {"precision": 0.8418367346938775, "recall": 0.8638743455497382, "f1-score": 0.8527131782945737, "support": 191.0}, "sr": {"precision": 0.875, "recall": 0.5, "f1-score": 0.6363636363636364, "support": 14.0}, "nb": {"precision": 0.5333333333333333, "recall": 0.34782608695652173, "f1-score": 0.4210526315789474, "support": 23.0}, "re": {"precision": 1.0, "recall": 0.7619047619047619, "f1-score": 0.8648648648648648, "support": 21.0}, "en": {"precision": 0.4, "recall": 0.5, "f1-score": 0.4444444444444445, "support": 4.0}, "ra": {"precision": 0.0, "recall": 0.0, "f1-score": 0.0, "support": 0.0}, "dtp": {"precision": 0.6153846153846154, "recall": 0.17391304347826086, "f1-score": 0.2711864406779661, "support": 46.0}, "fi": {"precision": 0.0, "recall": 0.0, "f1-score": 0.0, "support": 3.0}, "lt": {"precision": 0.92, "recall": 0.4339622641509434, "f1-score": 0.5897435897435898, "support": 53.0}, "rv": {"precision": 0.391304347826087, "recall": 0.2903225806451613, "f1-score": 0.33333333333333337, "support": 31.0}, "ob": {"precision": 0.16417910447761194, "recall": 0.5, "f1-score": 0.24719101123595505, "support": 22.0}, "rs": {"precision": 0.0, "recall": 0.0, "f1-score": 0.0, "support": 10.0}, "av": {"precision": 0.7777777777777778, "recall": 0.35, "f1-score": 0.48275862068965514, "support": 20.0}, "ds": {"precision": 0.6666666666666666, "recall": 0.8442622950819673, "f1-score": 0.7450271247739602, "support": 244.0}, "ed": {"precision": 0.0, "recall": 0.0, "f1-score": 0.0, "support": 33.0}}}