{"f1": 0.6273458445040214, "precision": 0.609375, "recall": 0.6464088397790055, "accuracy": 0.4954128440366973, "pr_auc": 0.6422323674222196, "threshold": 0.49999999999999994, "label_scores": {"MT": {"precision": 0.0, "recall": 0.0, "f1-score": 0.0, "support": 3.0}, "LY": {"precision": 0.0, "recall": 0.0, "f1-score": 0.0, "support": 2.0}, "SP": {"precision": 1.0, "recall": 0.5, "f1-score": 0.6666666666666666, "support": 2.0}, "ID": {"precision": 1.0, "recall": 0.5, "f1-score": 0.6666666666666666, "support": 2.0}, "NA": {"precision": 0.7142857142857143, "recall": 0.8823529411764706, "f1-score": 0.7894736842105262, "support": 34.0}, "HI": {"precision": 1.0, "recall": 0.5, "f1-score": 0.6666666666666666, "support": 2.0}, "IN": {"precision": 0.8214285714285714, "recall": 0.5348837209302325, "f1-score": 0.647887323943662, "support": 43.0}, "OP": {"precision": 0.3333333333333333, "recall": 0.4166666666666667, "f1-score": 0.3703703703703704, "support": 12.0}, "IP": {"precision": 0.48, "recall": 1.0, "f1-score": 0.6486486486486487, "support": 12.0}, "it": {"precision": 1.0, "recall": 1.0, "f1-score": 1.0, "support": 1.0}, "ne": {"precision": 0.7619047619047619, "recall": 0.8888888888888888, "f1-score": 0.8205128205128205, "support": 18.0}, "sr": {"precision": 1.0, "recall": 1.0, "f1-score": 1.0, "support": 2.0}, "nb": {"precision": 0.5, "recall": 0.5, "f1-score": 0.5, "support": 12.0}, "re": {"precision": 0.0, "recall": 0.0, "f1-score": 0.0, "support": 0.0}, "en": {"precision": 0.5, "recall": 1.0, "f1-score": 0.6666666666666666, "support": 2.0}, "ra": {"precision": 1.0, "recall": 0.5, "f1-score": 0.6666666666666666, "support": 2.0}, "dtp": {"precision": 0.8571428571428571, "recall": 0.5454545454545454, "f1-score": 0.6666666666666665, "support": 11.0}, "fi": {"precision": 0.0, "recall": 0.0, "f1-score": 0.0, "support": 0.0}, "lt": {"precision": 1.0, "recall": 1.0, "f1-score": 1.0, "support": 3.0}, "rv": {"precision": 0.6666666666666666, "recall": 0.18181818181818182, "f1-score": 0.28571428571428575, "support": 11.0}, "ob": {"precision": 0.2, "recall": 1.0, "f1-score": 0.33333333333333337, "support": 1.0}, "rs": {"precision": 0.0, "recall": 0.0, "f1-score": 0.0, "support": 0.0}, "av": {"precision": 0.0, "recall": 0.0, "f1-score": 0.0, "support": 0.0}, "ds": {"precision": 0.23529411764705882, "recall": 0.8, "f1-score": 0.3636363636363636, "support": 5.0}, "ed": {"precision": 0.0, "recall": 0.0, "f1-score": 0.0, "support": 1.0}}}