{"f1": 0.7715930902111323, "precision": 0.8553191489361702, "recall": 0.7027972027972028, "accuracy": 0.63125, "pr_auc": 0.8376124791300722, "threshold": 0.5499999999999999, "label_scores": {"MT": {"precision": 0.3076923076923077, "recall": 0.8, "f1-score": 0.4444444444444444, "support": 5.0}, "LY": {"precision": 0.9230769230769231, "recall": 1.0, "f1-score": 0.9600000000000001, "support": 12.0}, "SP": {"precision": 0.0, "recall": 0.0, "f1-score": 0.0, "support": 2.0}, "ID": {"precision": 0.0, "recall": 0.0, "f1-score": 0.0, "support": 1.0}, "NA": {"precision": 0.9733333333333334, "recall": 0.8588235294117647, "f1-score": 0.9125, "support": 85.0}, "HI": {"precision": 1.0, "recall": 0.3333333333333333, "f1-score": 0.5, "support": 9.0}, "IN": {"precision": 0.7222222222222222, "recall": 0.7647058823529411, "f1-score": 0.7428571428571428, "support": 34.0}, "OP": {"precision": 0.6, "recall": 0.2727272727272727, "f1-score": 0.37499999999999994, "support": 11.0}, "IP": {"precision": 0.0, "recall": 0.0, "f1-score": 0.0, "support": 14.0}, "it": {"precision": 0.0, "recall": 0.0, "f1-score": 0.0, "support": 0.0}, "ne": {"precision": 0.9696969696969697, "recall": 0.9014084507042254, "f1-score": 0.9343065693430657, "support": 71.0}, "sr": {"precision": 0.5, "recall": 1.0, "f1-score": 0.6666666666666666, "support": 1.0}, "nb": {"precision": 1.0, "recall": 0.25, "f1-score": 0.4, "support": 4.0}, "re": {"precision": 1.0, "recall": 1.0, "f1-score": 1.0, "support": 1.0}, "en": {"precision": 1.0, "recall": 0.5, "f1-score": 0.6666666666666666, "support": 6.0}, "ra": {"precision": 0.0, "recall": 0.0, "f1-score": 0.0, "support": 0.0}, "dtp": {"precision": 0.5, "recall": 0.42857142857142855, "f1-score": 0.4615384615384615, "support": 14.0}, "fi": {"precision": 0.0, "recall": 0.0, "f1-score": 0.0, "support": 0.0}, "lt": {"precision": 1.0, "recall": 1.0, "f1-score": 1.0, "support": 1.0}, "rv": {"precision": 0.0, "recall": 0.0, "f1-score": 0.0, "support": 0.0}, "ob": {"precision": 0.0, "recall": 0.0, "f1-score": 0.0, "support": 1.0}, "rs": {"precision": 0.0, "recall": 0.0, "f1-score": 0.0, "support": 1.0}, "av": {"precision": 1.0, "recall": 0.375, "f1-score": 0.5454545454545454, "support": 8.0}, "ds": {"precision": 0.0, "recall": 0.0, "f1-score": 0.0, "support": 3.0}, "ed": {"precision": 0.0, "recall": 0.0, "f1-score": 0.0, "support": 2.0}}}