{"f1": 0.6542056074766356, "precision": 0.625, "recall": 0.6862745098039216, "accuracy": 0.35, "pr_auc": 0.6765966164443268, "threshold": 0.49999999999999994, "label_scores": {"MT": {"precision": 0.2, "recall": 1.0, "f1-score": 0.33333333333333337, "support": 1.0}, "LY": {"precision": 0.0, "recall": 0.0, "f1-score": 0.0, "support": 0.0}, "SP": {"precision": 0.0, "recall": 0.0, "f1-score": 0.0, "support": 0.0}, "ID": {"precision": 0.5, "recall": 0.25, "f1-score": 0.3333333333333333, "support": 4.0}, "NA": {"precision": 0.8484848484848485, "recall": 0.875, "f1-score": 0.8615384615384615, "support": 32.0}, "HI": {"precision": 1.0, "recall": 0.2857142857142857, "f1-score": 0.4444444444444445, "support": 7.0}, "IN": {"precision": 0.5555555555555556, "recall": 0.6, "f1-score": 0.576923076923077, "support": 25.0}, "OP": {"precision": 0.4, "recall": 0.4, "f1-score": 0.4000000000000001, "support": 5.0}, "IP": {"precision": 0.84, "recall": 0.7241379310344828, "f1-score": 0.7777777777777777, "support": 29.0}, "it": {"precision": 0.0, "recall": 0.0, "f1-score": 0.0, "support": 0.0}, "ne": {"precision": 0.7368421052631579, "recall": 0.9333333333333333, "f1-score": 0.8235294117647058, "support": 15.0}, "sr": {"precision": 1.0, "recall": 0.5, "f1-score": 0.6666666666666666, "support": 4.0}, "nb": {"precision": 0.8333333333333334, "recall": 0.7142857142857143, "f1-score": 0.7692307692307692, "support": 7.0}, "re": {"precision": 1.0, "recall": 1.0, "f1-score": 1.0, "support": 1.0}, "en": {"precision": 0.0, "recall": 0.0, "f1-score": 0.0, "support": 0.0}, "ra": {"precision": 0.0, "recall": 0.0, "f1-score": 0.0, "support": 1.0}, "dtp": {"precision": 0.5555555555555556, "recall": 0.7142857142857143, "f1-score": 0.6250000000000001, "support": 14.0}, "fi": {"precision": 0.0, "recall": 0.0, "f1-score": 0.0, "support": 0.0}, "lt": {"precision": 0.6666666666666666, "recall": 0.6666666666666666, "f1-score": 0.6666666666666666, "support": 3.0}, "rv": {"precision": 0.0, "recall": 0.0, "f1-score": 0.0, "support": 3.0}, "ob": {"precision": 0.0, "recall": 0.0, "f1-score": 0.0, "support": 0.0}, "rs": {"precision": 1.0, "recall": 1.0, "f1-score": 1.0, "support": 1.0}, "av": {"precision": 0.0, "recall": 0.0, "f1-score": 0.0, "support": 1.0}, "ds": {"precision": 0.0, "recall": 0.0, "f1-score": 0.0, "support": 0.0}, "ed": {"precision": 0.0, "recall": 0.0, "f1-score": 0.0, "support": 0.0}}}