{"f1": 0.3737373737373737, "precision": 0.31092436974789917, "recall": 0.46835443037974683, "accuracy": 0.08, "pr_auc": 0.3195518551597109, "threshold": 0.3, "label_scores": {"MT": {"precision": 0.0, "recall": 0.0, "f1-score": 0.0, "support": 4.0}, "LY": {"precision": 0.0, "recall": 0.0, "f1-score": 0.0, "support": 0.0}, "SP": {"precision": 0.0, "recall": 0.0, "f1-score": 0.0, "support": 1.0}, "ID": {"precision": 0.23529411764705882, "recall": 1.0, "f1-score": 0.38095238095238093, "support": 4.0}, "NA": {"precision": 1.0, "recall": 0.25, "f1-score": 0.4, "support": 36.0}, "HI": {"precision": 1.0, "recall": 0.3, "f1-score": 0.4615384615384615, "support": 10.0}, "IN": {"precision": 0.43478260869565216, "recall": 0.6666666666666666, "f1-score": 0.5263157894736841, "support": 15.0}, "OP": {"precision": 0.10256410256410256, "recall": 1.0, "f1-score": 0.18604651162790695, "support": 4.0}, "IP": {"precision": 0.49230769230769234, "recall": 0.9696969696969697, "f1-score": 0.653061224489796, "support": 33.0}, "it": {"precision": 0.0, "recall": 0.0, "f1-score": 0.0, "support": 1.0}, "ne": {"precision": 0.0, "recall": 0.0, "f1-score": 0.0, "support": 3.0}, "sr": {"precision": 0.0, "recall": 0.0, "f1-score": 0.0, "support": 0.0}, "nb": {"precision": 1.0, "recall": 0.24242424242424243, "f1-score": 0.3902439024390244, "support": 33.0}, "re": {"precision": 0.0, "recall": 0.0, "f1-score": 0.0, "support": 0.0}, "en": {"precision": 0.0, "recall": 0.0, "f1-score": 0.0, "support": 0.0}, "ra": {"precision": 0.0, "recall": 0.0, "f1-score": 0.0, "support": 0.0}, "dtp": {"precision": 0.6666666666666666, "recall": 0.25, "f1-score": 0.36363636363636365, "support": 8.0}, "fi": {"precision": 0.0, "recall": 0.0, "f1-score": 0.0, "support": 0.0}, "lt": {"precision": 1.0, "recall": 1.0, "f1-score": 1.0, "support": 2.0}, "rv": {"precision": 0.0, "recall": 0.0, "f1-score": 0.0, "support": 1.0}, "ob": {"precision": 0.0, "recall": 0.0, "f1-score": 0.0, "support": 0.0}, "rs": {"precision": 0.0, "recall": 0.0, "f1-score": 0.0, "support": 0.0}, "av": {"precision": 0.0, "recall": 0.0, "f1-score": 0.0, "support": 3.0}, "ds": {"precision": 0.0, "recall": 0.0, "f1-score": 0.0, "support": 0.0}, "ed": {"precision": 0.0, "recall": 0.0, "f1-score": 0.0, "support": 0.0}}}