{"f1": 0.5175879396984924, "precision": 0.47465437788018433, "recall": 0.569060773480663, "accuracy": 0.3211009174311927, "pr_auc": 0.4784553040554467, "threshold": 0.39999999999999997, "label_scores": {"MT": {"precision": 0.0, "recall": 0.0, "f1-score": 0.0, "support": 3.0}, "LY": {"precision": 0.0, "recall": 0.0, "f1-score": 0.0, "support": 2.0}, "SP": {"precision": 0.0, "recall": 0.0, "f1-score": 0.0, "support": 2.0}, "ID": {"precision": 1.0, "recall": 0.5, "f1-score": 0.6666666666666666, "support": 2.0}, "NA": {"precision": 0.6875, "recall": 0.6470588235294118, "f1-score": 0.6666666666666667, "support": 34.0}, "HI": {"precision": 0.0, "recall": 0.0, "f1-score": 0.0, "support": 2.0}, "IN": {"precision": 0.8260869565217391, "recall": 0.4418604651162791, "f1-score": 0.5757575757575758, "support": 43.0}, "OP": {"precision": 0.2894736842105263, "recall": 0.9166666666666666, "f1-score": 0.43999999999999995, "support": 12.0}, "IP": {"precision": 0.3157894736842105, "recall": 1.0, "f1-score": 0.4799999999999999, "support": 12.0}, "it": {"precision": 0.0, "recall": 0.0, "f1-score": 0.0, "support": 1.0}, "ne": {"precision": 0.6875, "recall": 0.6111111111111112, "f1-score": 0.6470588235294118, "support": 18.0}, "sr": {"precision": 1.0, "recall": 0.5, "f1-score": 0.6666666666666666, "support": 2.0}, "nb": {"precision": 0.5, "recall": 0.5, "f1-score": 0.5, "support": 12.0}, "re": {"precision": 0.0, "recall": 0.0, "f1-score": 0.0, "support": 0.0}, "en": {"precision": 0.6666666666666666, "recall": 1.0, "f1-score": 0.8, "support": 2.0}, "ra": {"precision": 0.0, "recall": 0.0, "f1-score": 0.0, "support": 2.0}, "dtp": {"precision": 1.0, "recall": 0.18181818181818182, "f1-score": 0.3076923076923077, "support": 11.0}, "fi": {"precision": 0.0, "recall": 0.0, "f1-score": 0.0, "support": 0.0}, "lt": {"precision": 1.0, "recall": 1.0, "f1-score": 1.0, "support": 3.0}, "rv": {"precision": 1.0, "recall": 0.6363636363636364, "f1-score": 0.7777777777777778, "support": 11.0}, "ob": {"precision": 0.06666666666666667, "recall": 1.0, "f1-score": 0.125, "support": 1.0}, "rs": {"precision": 0.0, "recall": 0.0, "f1-score": 0.0, "support": 0.0}, "av": {"precision": 0.0, "recall": 0.0, "f1-score": 0.0, "support": 0.0}, "ds": {"precision": 0.20833333333333334, "recall": 1.0, "f1-score": 0.3448275862068966, "support": 5.0}, "ed": {"precision": 0.0, "recall": 0.0, "f1-score": 0.0, "support": 1.0}}}