{"f1": 0.7810858143607705, "precision": 0.7824561403508772, "recall": 0.7797202797202797, "accuracy": 0.6125, "pr_auc": 0.8669315181598298, "threshold": 0.39999999999999997, "label_scores": {"MT": {"precision": 0.26666666666666666, "recall": 0.8, "f1-score": 0.4, "support": 5.0}, "LY": {"precision": 0.9166666666666666, "recall": 0.9166666666666666, "f1-score": 0.9166666666666666, "support": 12.0}, "SP": {"precision": 0.0, "recall": 0.0, "f1-score": 0.0, "support": 2.0}, "ID": {"precision": 0.0, "recall": 0.0, "f1-score": 0.0, "support": 1.0}, "NA": {"precision": 0.9195402298850575, "recall": 0.9411764705882353, "f1-score": 0.9302325581395349, "support": 85.0}, "HI": {"precision": 0.6, "recall": 0.3333333333333333, "f1-score": 0.42857142857142855, "support": 9.0}, "IN": {"precision": 0.7894736842105263, "recall": 0.8823529411764706, "f1-score": 0.8333333333333333, "support": 34.0}, "OP": {"precision": 0.42857142857142855, "recall": 0.5454545454545454, "f1-score": 0.4799999999999999, "support": 11.0}, "IP": {"precision": 0.5, "recall": 0.07142857142857142, "f1-score": 0.125, "support": 14.0}, "it": {"precision": 0.0, "recall": 0.0, "f1-score": 0.0, "support": 0.0}, "ne": {"precision": 0.8607594936708861, "recall": 0.9577464788732394, "f1-score": 0.9066666666666667, "support": 71.0}, "sr": {"precision": 0.25, "recall": 1.0, "f1-score": 0.4, "support": 1.0}, "nb": {"precision": 1.0, "recall": 0.25, "f1-score": 0.4, "support": 4.0}, "re": {"precision": 1.0, "recall": 1.0, "f1-score": 1.0, "support": 1.0}, "en": {"precision": 1.0, "recall": 0.6666666666666666, "f1-score": 0.8, "support": 6.0}, "ra": {"precision": 0.0, "recall": 0.0, "f1-score": 0.0, "support": 0.0}, "dtp": {"precision": 0.6666666666666666, "recall": 0.5714285714285714, "f1-score": 0.6153846153846153, "support": 14.0}, "fi": {"precision": 0.0, "recall": 0.0, "f1-score": 0.0, "support": 0.0}, "lt": {"precision": 1.0, "recall": 1.0, "f1-score": 1.0, "support": 1.0}, "rv": {"precision": 0.0, "recall": 0.0, "f1-score": 0.0, "support": 0.0}, "ob": {"precision": 0.0, "recall": 0.0, "f1-score": 0.0, "support": 1.0}, "rs": {"precision": 0.0, "recall": 0.0, "f1-score": 0.0, "support": 1.0}, "av": {"precision": 1.0, "recall": 0.5, "f1-score": 0.6666666666666666, "support": 8.0}, "ds": {"precision": 0.0, "recall": 0.0, "f1-score": 0.0, "support": 3.0}, "ed": {"precision": 0.0, "recall": 0.0, "f1-score": 0.0, "support": 2.0}}}