{"f1": 0.7618755746245787, "precision": 0.7942492012779553, "recall": 0.732037691401649, "accuracy": 0.62882096069869, "pr_auc": 0.8222034177966111, "threshold": 0.49999999999999994, "label_scores": {"MT": {"precision": 0.9259259259259259, "recall": 0.6818181818181818, "f1-score": 0.7853403141361256, "support": 110.0}, "LY": {"precision": 1.0, "recall": 0.14285714285714285, "f1-score": 0.25, "support": 7.0}, "SP": {"precision": 0.5555555555555556, "recall": 0.38461538461538464, "f1-score": 0.4545454545454546, "support": 13.0}, "ID": {"precision": 0.5, "recall": 0.13043478260869565, "f1-score": 0.20689655172413793, "support": 23.0}, "NA": {"precision": 0.8702928870292888, "recall": 0.9082969432314411, "f1-score": 0.888888888888889, "support": 229.0}, "HI": {"precision": 0.7575757575757576, "recall": 0.7575757575757576, "f1-score": 0.7575757575757576, "support": 33.0}, "IN": {"precision": 0.7112299465240641, "recall": 0.7189189189189189, "f1-score": 0.7150537634408602, "support": 185.0}, "OP": {"precision": 0.6818181818181818, "recall": 0.4891304347826087, "f1-score": 0.5696202531645569, "support": 92.0}, "IP": {"precision": 0.7929824561403509, "recall": 0.795774647887324, "f1-score": 0.7943760984182777, "support": 284.0}, "it": {"precision": 0.8333333333333334, "recall": 0.7142857142857143, "f1-score": 0.7692307692307692, "support": 7.0}, "ne": {"precision": 0.8443396226415094, "recall": 0.93717277486911, "f1-score": 0.8883374689826303, "support": 191.0}, "sr": {"precision": 0.6666666666666666, "recall": 0.7142857142857143, "f1-score": 0.689655172413793, "support": 14.0}, "nb": {"precision": 0.6842105263157895, "recall": 0.5652173913043478, "f1-score": 0.6190476190476191, "support": 23.0}, "re": {"precision": 0.9523809523809523, "recall": 0.9523809523809523, "f1-score": 0.9523809523809523, "support": 21.0}, "en": {"precision": 0.25, "recall": 0.5, "f1-score": 0.3333333333333333, "support": 4.0}, "ra": {"precision": 0.0, "recall": 0.0, "f1-score": 0.0, "support": 0.0}, "dtp": {"precision": 0.6, "recall": 0.45652173913043476, "f1-score": 0.5185185185185185, "support": 46.0}, "fi": {"precision": 0.0, "recall": 0.0, "f1-score": 0.0, "support": 3.0}, "lt": {"precision": 0.782608695652174, "recall": 0.6792452830188679, "f1-score": 0.7272727272727273, "support": 53.0}, "rv": {"precision": 0.6428571428571429, "recall": 0.2903225806451613, "f1-score": 0.4, "support": 31.0}, "ob": {"precision": 0.6, "recall": 0.13636363636363635, "f1-score": 0.22222222222222218, "support": 22.0}, "rs": {"precision": 0.75, "recall": 0.9, "f1-score": 0.8181818181818182, "support": 10.0}, "av": {"precision": 0.8181818181818182, "recall": 0.45, "f1-score": 0.5806451612903226, "support": 20.0}, "ds": {"precision": 0.8091286307053942, "recall": 0.7991803278688525, "f1-score": 0.8041237113402061, "support": 244.0}, "ed": {"precision": 0.8461538461538461, "recall": 0.3333333333333333, "f1-score": 0.47826086956521735, "support": 33.0}}}