{"f1": 0.7844730941704036, "precision": 0.8108342989571263, "recall": 0.759771986970684, "accuracy": 0.6615527661552766, "pr_auc": 0.8513786817346958, "threshold": 0.49999999999999994, "label_scores": {"MT": {"precision": 0.9887640449438202, "recall": 0.9565217391304348, "f1-score": 0.9723756906077348, "support": 276.0}, "LY": {"precision": 0.0, "recall": 0.0, "f1-score": 0.0, "support": 5.0}, "SP": {"precision": 0.8181818181818182, "recall": 0.5, "f1-score": 0.6206896551724137, "support": 18.0}, "ID": {"precision": 0.898989898989899, "recall": 0.7705627705627706, "f1-score": 0.8298368298368298, "support": 231.0}, "NA": {"precision": 0.823238566131026, "recall": 0.883289124668435, "f1-score": 0.8522072936660268, "support": 754.0}, "HI": {"precision": 0.7654320987654321, "recall": 0.5299145299145299, "f1-score": 0.6262626262626262, "support": 117.0}, "IN": {"precision": 0.8014705882352942, "recall": 0.6022099447513812, "f1-score": 0.6876971608832808, "support": 362.0}, "OP": {"precision": 0.7836879432624113, "recall": 0.778169014084507, "f1-score": 0.7809187279151943, "support": 284.0}, "IP": {"precision": 0.7692307692307693, "recall": 0.753968253968254, "f1-score": 0.7615230460921845, "support": 252.0}, "it": {"precision": 1.0, "recall": 0.38461538461538464, "f1-score": 0.5555555555555556, "support": 13.0}, "ne": {"precision": 0.639871382636656, "recall": 0.8844444444444445, "f1-score": 0.7425373134328358, "support": 225.0}, "sr": {"precision": 0.9436619718309859, "recall": 0.9436619718309859, "f1-score": 0.9436619718309859, "support": 71.0}, "nb": {"precision": 0.8366666666666667, "recall": 0.7537537537537538, "f1-score": 0.7930489731437599, "support": 333.0}, "re": {"precision": 0.7777777777777778, "recall": 0.875, "f1-score": 0.823529411764706, "support": 8.0}, "en": {"precision": 0.7209302325581395, "recall": 0.6888888888888889, "f1-score": 0.7045454545454545, "support": 45.0}, "ra": {"precision": 0.7272727272727273, "recall": 0.5714285714285714, "f1-score": 0.64, "support": 14.0}, "dtp": {"precision": 0.5894736842105263, "recall": 0.4117647058823529, "f1-score": 0.4848484848484848, "support": 136.0}, "fi": {"precision": 0.0, "recall": 0.0, "f1-score": 0.0, "support": 4.0}, "lt": {"precision": 0.8125, "recall": 0.5, "f1-score": 0.6190476190476191, "support": 26.0}, "rv": {"precision": 0.875, "recall": 0.8348623853211009, "f1-score": 0.8544600938967136, "support": 109.0}, "ob": {"precision": 0.6415094339622641, "recall": 0.5, "f1-score": 0.5619834710743802, "support": 68.0}, "rs": {"precision": 0.9130434782608695, "recall": 0.7159090909090909, "f1-score": 0.8025477707006369, "support": 88.0}, "av": {"precision": 0.0, "recall": 0.0, "f1-score": 0.0, "support": 12.0}, "ds": {"precision": 0.8426395939086294, "recall": 0.7830188679245284, "f1-score": 0.8117359413202935, "support": 212.0}, "ed": {"precision": 0.0, "recall": 0.0, "f1-score": 0.0, "support": 21.0}}}