{"f1": 0.5461326944542758, "precision": 0.5434841506366839, "recall": 0.5488071788137449, "accuracy": 0.29731424391263456, "pr_auc": 0.5635590571804373, "threshold": 0.39999999999999997, "label_scores": {"MT": {"precision": 0.0, "recall": 0.0, "f1-score": 0.0, "support": 0.0}, "LY": {"precision": 0.0, "recall": 0.0, "f1-score": 0.0, "support": 135.0}, "SP": {"precision": 0.0, "recall": 0.0, "f1-score": 0.0, "support": 146.0}, "ID": {"precision": 0.5359605911330049, "recall": 0.793002915451895, "f1-score": 0.6396237507348618, "support": 686.0}, "NA": {"precision": 0.8404657016991819, "recall": 0.6264071294559099, "f1-score": 0.7178177909164204, "support": 4264.0}, "HI": {"precision": 0.8490566037735849, "recall": 0.21897810218978103, "f1-score": 0.34816247582205034, "support": 411.0}, "IN": {"precision": 0.8140043763676149, "recall": 0.42989214175654855, "f1-score": 0.5626417948071591, "support": 2596.0}, "OP": {"precision": 0.3641629297458894, "recall": 0.9154532644434007, "f1-score": 0.5210533351156262, "support": 2129.0}, "IP": {"precision": 0.2785714285714286, "recall": 0.582089552238806, "f1-score": 0.37681159420289856, "support": 402.0}, "it": {"precision": 0.0, "recall": 0.0, "f1-score": 0.0, "support": 104.0}, "ne": {"precision": 0.8149675898644667, "recall": 0.586265366680797, "f1-score": 0.6819526627218935, "support": 2359.0}, "sr": {"precision": 0.95703125, "recall": 0.3858267716535433, "f1-score": 0.5499438832772165, "support": 635.0}, "nb": {"precision": 0.6185567010309279, "recall": 0.4986149584487535, "f1-score": 0.5521472392638037, "support": 722.0}, "re": {"precision": 1.0, "recall": 0.43243243243243246, "f1-score": 0.6037735849056604, "support": 37.0}, "en": {"precision": 0.3567567567567568, "recall": 0.6111111111111112, "f1-score": 0.45051194539249145, "support": 108.0}, "ra": {"precision": 0.0, "recall": 0.0, "f1-score": 0.0, "support": 189.0}, "dtp": {"precision": 0.7333333333333333, "recall": 0.07064220183486239, "f1-score": 0.1288702928870293, "support": 1090.0}, "fi": {"precision": 0.0, "recall": 0.0, "f1-score": 0.0, "support": 69.0}, "lt": {"precision": 0.8461538461538461, "recall": 0.275, "f1-score": 0.41509433962264153, "support": 40.0}, "rv": {"precision": 0.6326530612244898, "recall": 0.45255474452554745, "f1-score": 0.5276595744680851, "support": 411.0}, "ob": {"precision": 0.2934860415175376, "recall": 0.780209324452902, "f1-score": 0.42652795838751634, "support": 1051.0}, "rs": {"precision": 0.8666666666666667, "recall": 0.16560509554140126, "f1-score": 0.27807486631016043, "support": 157.0}, "av": {"precision": 0.3937007874015748, "recall": 0.211864406779661, "f1-score": 0.2754820936639118, "support": 236.0}, "ds": {"precision": 0.3924050632911392, "recall": 0.6642857142857143, "f1-score": 0.493368700265252, "support": 280.0}, "ed": {"precision": 0.0, "recall": 0.0, "f1-score": 0.0, "support": 19.0}}}