{"f1": 0.7993079584775088, "precision": 0.791095890410959, "recall": 0.8076923076923077, "accuracy": 0.6375, "pr_auc": 0.8652157882966913, "threshold": 0.39999999999999997, "label_scores": {"MT": {"precision": 0.3076923076923077, "recall": 0.8, "f1-score": 0.4444444444444444, "support": 5.0}, "LY": {"precision": 0.9230769230769231, "recall": 1.0, "f1-score": 0.9600000000000001, "support": 12.0}, "SP": {"precision": 0.0, "recall": 0.0, "f1-score": 0.0, "support": 2.0}, "ID": {"precision": 0.0, "recall": 0.0, "f1-score": 0.0, "support": 1.0}, "NA": {"precision": 0.9302325581395349, "recall": 0.9411764705882353, "f1-score": 0.935672514619883, "support": 85.0}, "HI": {"precision": 0.5, "recall": 0.3333333333333333, "f1-score": 0.4, "support": 9.0}, "IN": {"precision": 0.7045454545454546, "recall": 0.9117647058823529, "f1-score": 0.794871794871795, "support": 34.0}, "OP": {"precision": 0.5454545454545454, "recall": 0.5454545454545454, "f1-score": 0.5454545454545454, "support": 11.0}, "IP": {"precision": 0.6666666666666666, "recall": 0.14285714285714285, "f1-score": 0.23529411764705882, "support": 14.0}, "it": {"precision": 0.0, "recall": 0.0, "f1-score": 0.0, "support": 0.0}, "ne": {"precision": 0.8846153846153846, "recall": 0.971830985915493, "f1-score": 0.9261744966442953, "support": 71.0}, "sr": {"precision": 0.25, "recall": 1.0, "f1-score": 0.4, "support": 1.0}, "nb": {"precision": 1.0, "recall": 0.25, "f1-score": 0.4, "support": 4.0}, "re": {"precision": 1.0, "recall": 1.0, "f1-score": 1.0, "support": 1.0}, "en": {"precision": 1.0, "recall": 0.6666666666666666, "f1-score": 0.8, "support": 6.0}, "ra": {"precision": 0.0, "recall": 0.0, "f1-score": 0.0, "support": 0.0}, "dtp": {"precision": 0.6470588235294118, "recall": 0.7857142857142857, "f1-score": 0.7096774193548386, "support": 14.0}, "fi": {"precision": 0.0, "recall": 0.0, "f1-score": 0.0, "support": 0.0}, "lt": {"precision": 1.0, "recall": 1.0, "f1-score": 1.0, "support": 1.0}, "rv": {"precision": 0.0, "recall": 0.0, "f1-score": 0.0, "support": 0.0}, "ob": {"precision": 0.0, "recall": 0.0, "f1-score": 0.0, "support": 1.0}, "rs": {"precision": 0.0, "recall": 0.0, "f1-score": 0.0, "support": 1.0}, "av": {"precision": 0.6666666666666666, "recall": 0.5, "f1-score": 0.5714285714285715, "support": 8.0}, "ds": {"precision": 0.5, "recall": 0.3333333333333333, "f1-score": 0.4, "support": 3.0}, "ed": {"precision": 0.0, "recall": 0.0, "f1-score": 0.0, "support": 2.0}}}