{"f1": 0.814977008977447, "f1_macro": 0.737670441746562, "precision": 0.8205467372134039, "recall": 0.8094823836450631, "accuracy": 0.7680148768014877, "threshold": 0.44999999999999996, "label_scores": {"MT": {"precision": 0.985239852398524, "recall": 0.967391304347826, "f1-score": 0.9762340036563072, "support": 276.0}, "LY": {"precision": 0.0, "recall": 0.0, "f1-score": 0.0, "support": 5.0}, "SP": {"precision": 1.0, "recall": 0.16666666666666666, "f1-score": 0.2857142857142857, "support": 18.0}, "ID": {"precision": 0.8840579710144928, "recall": 0.7922077922077922, "f1-score": 0.8356164383561644, "support": 231.0}, "NA": {"precision": 0.8021201413427562, "recall": 0.903183023872679, "f1-score": 0.8496568933250156, "support": 754.0}, "HI": {"precision": 0.7628865979381443, "recall": 0.6324786324786325, "f1-score": 0.6915887850467289, "support": 117.0}, "IN": {"precision": 0.7770491803278688, "recall": 0.6546961325966851, "f1-score": 0.7106446776611695, "support": 362.0}, "OP": {"precision": 0.7877697841726619, "recall": 0.7711267605633803, "f1-score": 0.7793594306049823, "support": 284.0}, "IP": {"precision": 0.7635658914728682, "recall": 0.7817460317460317, "f1-score": 0.7725490196078432, "support": 252.0}}}